╔══════════════════════════════════════════════════╗
║  MarketRadar 持续模拟运行                        ║
║  A股: 9:30-15:00 | 美股: 21:30-04:00              ║
║  价格更新: 每60秒 | 盘中扫描: 每30分 | 盘后: 每4h  ║
║  按 Ctrl+C 停止                                   ║
╚══════════════════════════════════════════════════╝
检测数据源...
2026-04-28 23:49:40,812 | 24936 | 27496 | [open_context_base.py:410] _init_connect_sync: New connect ready: conn=7454919778103341785(1) context=<futu.quote.open_quote_context.OpenQuoteContext object at 0x00000128A18F5D30>
++ Futu OpenD connected, using FutuFeed (realtime)

首次启动：执行盘后全量扫描...
2026-04-28 23:49:40,856 | 24936 | 5008 | [open_context_base.py:518] on_disconnect: Disconnected: conn=0(1) reason=CallClose

═══ 盘后全量扫描 @ 2026-04-28 23:49:40 ═══
2026-04-28 23:49:40,862 | 24936 | 27496 | [open_context_base.py:410] _init_connect_sync: New connect ready: conn=7454919778310469048(2) context=<futu.quote.open_quote_context.OpenQuoteContext object at 0x00000128A209D450>
  2026-04-28 23:49:40,864 | 24936 | 5008 | [open_context_base.py:518] on_disconnect: Disconnected: conn=0(2) reason=CallClose
扫描 US...
2026-04-28 23:49:41,695 | 24936 | 27496 | [open_context_base.py:410] _init_connect_sync: New connect ready: conn=7454919781752566662(3) context=<futu.quote.open_quote_context.OpenQuoteContext object at 0x00000128E3F75D10>
  US: 无异动

  盘后总计: 0 个补牢机会

  决策报告: 异动6 无因放弃0 M3否决1 趋势晚放弃3 开仓1
持续运行中2026-04-28 23:49:41,736 | 24936 | 5008 | [open_context_base.py:518] on_disconnect: Disconnected: conn=0(3) reason=CallClose
... (Ctrl+C 停止)
2026-04-28 23:49:51,740 | 24936 | 27496 | [open_context_base.py:410] _init_connect_sync: New connect ready: conn=7454919823939828896(4) context=<futu.quote.open_quote_context.OpenQuoteContext object at 0x00000128E3F728B0>
2026-04-28 23:49:51,741 | 24936 | 5008 | [open_context_base.py:518] on_disconnect: Disconnected: conn=0(4) reason=CallClose
2026-04-28 23:49:51,743 | 24936 | 27496 | [open_context_base.py:410] _init_connect_sync: New connect ready: conn=7454919823948202216(5) context=<futu.quote.open_quote_context.OpenQuoteContext object at 0x00000128E4138510>
  23:49:51 价格更新: 1个持仓
2026-04-28 23:49:51,774 | 24936 | 5008 | [open_context_base.py:518] on_disconnect: Disconnected: conn=0(5) reason=CallClose
2026-04-28 23:50:51,779 | 24936 | 27496 | [open_context_base.py:410] _init_connect_sync: New connect ready: conn=7454920075758235008(6) context=<futu.quote.open_quote_context.OpenQuoteContext object at 0x00000128E3F72C40>
2026-04-28 23:50:51,780 | 24936 | 5008 | [open_context_base.py:518] on_disconnect: Disconnected: conn=0(6) reason=CallClose
2026-04-28 23:50:51,782 | 24936 | 27496 | [open_context_base.py:410] _init_connect_sync: New connect ready: conn=7454920075768220599(7) context=<futu.quote.open_quote_context.OpenQuoteContext object at 0x00000128E3F73230>
  23:50:51 价格更新: 1个持仓
2026-04-28 23:50:51,822 | 24936 | 5008 | [open_context_base.py:518] on_disconnect: Disconnected: conn=0(7) reason=CallClose
2026-04-28 23:51:51,828 | 24936 | 27496 | [open_context_base.py:410] _init_connect_sync: New connect ready: conn=7454920327618712863(8) context=<futu.quote.open_quote_context.OpenQuoteContext object at 0x00000128E3F73E10>
2026-04-28 23:51:51,830 | 24936 | 5008 | [open_context_base.py:518] on_disconnect: Disconnected: conn=0(8) reason=CallClose
2026-04-28 23:51:51,832 | 24936 | 27496 | [open_context_base.py:410] _init_connect_sync: New connect ready: conn=7454920327640503898(9) context=<futu.quote.open_quote_context.OpenQuoteContext object at 0x00000128E3F728B0>
  23:51:51 价格更新: 1个持仓
2026-04-28 23:51:51,873 | 24936 | 5008 | [open_context_base.py:518] on_disconnect: Disconnected: conn=0(9) reason=CallClose
2026-04-28 23:52:51,877 | 24936 | 27496 | [open_context_base.py:410] _init_connect_sync: New connect ready: conn=7454920579485859636(10) context=<futu.quote.open_quote_context.OpenQuoteContext object at 0x00000128E3F73820>
2026-04-28 23:52:51,878 | 24936 | 5008 | [open_context_base.py:518] on_disconnect: Disconnected: conn=0(10) reason=CallClose
2026-04-28 23:52:51,893 | 24936 | 27496 | [open_context_base.py:410] _init_connect_sync: New connect ready: conn=7454920579501825140(11) context=<futu.quote.open_quote_context.OpenQuoteContext object at 0x00000128E3F73CE0>
  23:52:51 价格更新: 1个持仓
2026-04-28 23:52:51,941 | 24936 | 5008 | [open_context_base.py:518] on_disconnect: Disconnected: conn=0(11) reason=CallClose
2026-04-28 23:53:51,946 | 24936 | 27496 | [open_context_base.py:410] _init_connect_sync: New connect ready: conn=7454920831434219558(12) context=<futu.quote.open_quote_context.OpenQuoteContext object at 0x00000128E3F735C0>
2026-04-28 23:53:51,947 | 24936 | 5008 | [open_context_base.py:518] on_disconnect: Disconnected: conn=0(12) reason=CallClose
2026-04-28 23:53:51,949 | 24936 | 27496 | [open_context_base.py:410] _init_connect_sync: New connect ready: conn=7454920831447381282(13) context=<futu.quote.open_quote_context.OpenQuoteContext object at 0x00000128E3F73BB0>
  23:53:51 价格更新: 1个持仓
2026-04-28 23:53:51,982 | 24936 | 5008 | [open_context_base.py:518] on_disconnect: Disconnected: conn=0(13) reason=CallClose
2026-04-28 23:54:51,997 | 24936 | 27496 | [open_context_base.py:410] _init_connect_sync: New connect ready: conn=7454921083255285608(14) context=<futu.quote.open_quote_context.OpenQuoteContext object at 0x00000128E3F73950>
2026-04-28 23:54:51,998 | 24936 | 5008 | [open_context_base.py:518] on_disconnect: Disconnected: conn=0(14) reason=CallClose
2026-04-28 23:54:52,010 | 24936 | 27496 | [open_context_base.py:410] _init_connect_sync: New connect ready: conn=7454921083315123479(15) context=<futu.quote.open_quote_context.OpenQuoteContext object at 0x00000128E3F736F0>
  23:54:52 价格更新: 1个持仓
2026-04-28 23:54:52,053 | 24936 | 5008 | [open_context_base.py:518] on_disconnect: Disconnected: conn=0(15) reason=CallClose
2026-04-28 23:55:52,070 | 24936 | 27496 | [open_context_base.py:410] _init_connect_sync: New connect ready: conn=7454921335220592604(16) context=<futu.quote.open_quote_context.OpenQuoteContext object at 0x00000128E3F73A80>
2026-04-28 23:55:52,071 | 24936 | 5008 | [open_context_base.py:518] on_disconnect: Disconnected: conn=0(16) reason=CallClose
2026-04-28 23:55:52,073 | 24936 | 27496 | [open_context_base.py:410] _init_connect_sync: New connect ready: conn=7454921335284715292(17) context=<futu.quote.open_quote_context.OpenQuoteContext object at 0x00000128E3F73490>
  23:55:52 价格更新: 1个持仓
2026-04-28 23:55:52,139 | 24936 | 5008 | [open_context_base.py:518] on_disconnect: Disconnected: conn=0(17) reason=CallClose
2026-04-28 23:56:52,144 | 24936 | 27496 | [open_context_base.py:410] _init_connect_sync: New connect ready: conn=7454921587239388389(18) context=<futu.quote.open_quote_context.OpenQuoteContext object at 0x00000128E3F73360>
2026-04-28 23:56:52,145 | 24936 | 5008 | [open_context_base.py:518] on_disconnect: Disconnected: conn=0(18) reason=CallClose
2026-04-28 23:56:52,158 | 24936 | 27496 | [open_context_base.py:410] _init_connect_sync: New connect ready: conn=7454921587252445355(19) context=<futu.quote.open_quote_context.OpenQuoteContext object at 0x00000128E3F72EA0>
  23:56:52 价格更新: 1个持仓
2026-04-28 23:56:52,190 | 24936 | 5008 | [open_context_base.py:518] on_disconnect: Disconnected: conn=0(19) reason=CallClose
2026-04-28 23:57:52,195 | 24936 | 27496 | [open_context_base.py:410] _init_connect_sync: New connect ready: conn=7454921839110986054(20) context=<futu.quote.open_quote_context.OpenQuoteContext object at 0x00000128E3F73100>
2026-04-28 23:57:52,196 | 24936 | 5008 | [open_context_base.py:518] on_disconnect: Disconnected: conn=0(20) reason=CallClose
2026-04-28 23:57:52,209 | 24936 | 27496 | [open_context_base.py:410] _init_connect_sync: New connect ready: conn=7454921839124993481(21) context=<futu.quote.open_quote_context.OpenQuoteContext object at 0x00000128E3F72FD0>
  23:57:52 价格更新: 1个持仓
2026-04-28 23:57:52,249 | 24936 | 5008 | [open_context_base.py:518] on_disconnect: Disconnected: conn=0(21) reason=CallClose
2026-04-28 23:58:52,265 | 24936 | 27496 | [open_context_base.py:410] _init_connect_sync: New connect ready: conn=7454922091013050850(22) context=<futu.quote.open_quote_context.OpenQuoteContext object at 0x00000128E3F72D70>
2026-04-28 23:58:52,266 | 24936 | 5008 | [open_context_base.py:518] on_disconnect: Disconnected: conn=0(22) reason=CallClose
2026-04-28 23:58:52,280 | 24936 | 27496 | [open_context_base.py:410] _init_connect_sync: New connect ready: conn=7454922091075273455(23) context=<futu.quote.open_quote_context.OpenQuoteContext object at 0x00000128E3F71480>
  23:58:52 价格更新: 1个持仓
2026-04-28 23:58:52,360 | 24936 | 5008 | [open_context_base.py:518] on_disconnect: Disconnected: conn=0(23) reason=CallClose

--- 第 1 轮美股盘中扫描 (美股10min) ---
2026-04-28 23:59:42,371 | 24936 | 27496 | [open_context_base.py:410] _init_connect_sync: New connect ready: conn=7454922301220911529(24) context=<futu.quote.open_quote_context.OpenQuoteContext object at 0x00000128E3F71220>
  扫描 US...
2026-04-28 23:59:42,372 | 24936 | 5008 | [open_context_base.py:518] on_disconnect: Disconnected: conn=0(24) reason=CallClose
2026-04-28 23:59:42,402 | 24936 | 27496 | [open_context_base.py:410] _init_connect_sync: New connect ready: conn=7454922301303506575(25) context=<futu.quote.open_quote_context.OpenQuoteContext object at 0x00000128E41382B0>
  US: 无异动

  盘中总计: 0 个补牢机会
2026-04-28 23:59:42,403 | 24936 | 5008 | [open_context_base.py:518] on_disconnect: Disconnected: conn=0(25) reason=CallClose
2026-04-28 23:59:52,405 | 24936 | 27496 | [open_context_base.py:410] _init_connect_sync: New connect ready: conn=7454922343309702553(26) context=<futu.quote.open_quote_context.OpenQuoteContext object at 0x00000128E41383E0>
2026-04-28 23:59:52,406 | 24936 | 5008 | [open_context_base.py:518] on_disconnect: Disconnected: conn=0(26) reason=CallClose
2026-04-28 23:59:52,419 | 24936 | 27496 | [open_context_base.py:410] _init_connect_sync: New connect ready: conn=7454922343321275566(27) context=<futu.quote.open_quote_context.OpenQuoteContext object at 0x00000128E4138180>
  23:59:52 价格更新: 1个持仓
2026-04-28 23:59:52,468 | 24936 | 5008 | [open_context_base.py:518] on_disconnect: Disconnected: conn=0(27) reason=CallClose
2026-04-29 00:00:52,475 | 24936 | 27496 | [open_context_base.py:410] _init_connect_sync: New connect ready: conn=7454922595262876436(28) context=<futu.quote.open_quote_context.OpenQuoteContext object at 0x00000128E3F71220>
2026-04-29 00:00:52,476 | 24936 | 5008 | [open_context_base.py:518] on_disconnect: Disconnected: conn=0(28) reason=CallClose
2026-04-29 00:00:52,478 | 24936 | 27496 | [open_context_base.py:410] _init_connect_sync: New connect ready: conn=7454922595273539660(29) context=<futu.quote.open_quote_context.OpenQuoteContext object at 0x00000128E3F71480>
  00:00:52 价格更新: 1个持仓
2026-04-29 00:00:52,596 | 24936 | 5008 | [open_context_base.py:518] on_disconnect: Disconnected: conn=0(29) reason=CallClose
2026-04-29 00:01:52,602 | 24936 | 27496 | [open_context_base.py:410] _init_connect_sync: New connect ready: conn=7454922847452255880(30) context=<futu.quote.open_quote_context.OpenQuoteContext object at 0x00000128E3F72D70>
2026-04-29 00:01:52,602 | 24936 | 5008 | [open_context_base.py:518] on_disconnect: Disconnected: conn=0(30) reason=CallClose
2026-04-29 00:01:52,604 | 24936 | 27496 | [open_context_base.py:410] _init_connect_sync: New connect ready: conn=7454922847463228533(31) context=<futu.quote.open_quote_context.OpenQuoteContext object at 0x00000128E3F72FD0>
  00:01:52 价格更新: 1个持仓
2026-04-29 00:01:52,651 | 24936 | 5008 | [open_context_base.py:518] on_disconnect: Disconnected: conn=0(31) reason=CallClose
2026-04-29 00:02:52,654 | 24936 | 27496 | [open_context_base.py:410] _init_connect_sync: New connect ready: conn=7454923099329698038(32) context=<futu.quote.open_quote_context.OpenQuoteContext object at 0x00000128E3F73100>
2026-04-29 00:02:52,655 | 24936 | 5008 | [open_context_base.py:518] on_disconnect: Disconnected: conn=0(32) reason=CallClose
2026-04-29 00:02:52,656 | 24936 | 27496 | [open_context_base.py:410] _init_connect_sync: New connect ready: conn=7454923099338032114(33) context=<futu.quote.open_quote_context.OpenQuoteContext object at 0x00000128E3F72EA0>
  00:02:52 价格更新: 1个持仓
2026-04-29 00:02:52,687 | 24936 | 5008 | [open_context_base.py:518] on_disconnect: Disconnected: conn=0(33) reason=CallClose
2026-04-29 00:03:52,703 | 24936 | 27496 | [open_context_base.py:410] _init_connect_sync: New connect ready: conn=7454923351146075814(34) context=<futu.quote.open_quote_context.OpenQuoteContext object at 0x00000128E3F73360>
2026-04-29 00:03:52,704 | 24936 | 5008 | [open_context_base.py:518] on_disconnect: Disconnected: conn=0(34) reason=CallClose
2026-04-29 00:03:52,705 | 24936 | 27496 | [open_context_base.py:410] _init_connect_sync: New connect ready: conn=7454923351201109626(35) context=<futu.quote.open_quote_context.OpenQuoteContext object at 0x00000128E3F73490>
  00:03:52 价格更新: 1个持仓
2026-04-29 00:03:52,737 | 24936 | 5008 | [open_context_base.py:518] on_disconnect: Disconnected: conn=0(35) reason=CallClose
2026-04-29 00:04:52,742 | 24936 | 27496 | [open_context_base.py:410] _init_connect_sync: New connect ready: conn=7454923603013765934(36) context=<futu.quote.open_quote_context.OpenQuoteContext object at 0x00000128E3F73A80>
2026-04-29 00:04:52,743 | 24936 | 5008 | [open_context_base.py:518] on_disconnect: Disconnected: conn=0(36) reason=CallClose
2026-04-29 00:04:52,755 | 24936 | 27496 | [open_context_base.py:410] _init_connect_sync: New connect ready: conn=7454923603021604391(37) context=<futu.quote.open_quote_context.OpenQuoteContext object at 0x00000128E3F736F0>
  00:04:52 价格更新: 1个持仓
2026-04-29 00:04:52,787 | 24936 | 5008 | [open_context_base.py:518] on_disconnect: Disconnected: conn=0(37) reason=CallClose
2026-04-29 00:05:52,792 | 24936 | 27496 | [open_context_base.py:410] _init_connect_sync: New connect ready: conn=7454923854883907099(38) context=<futu.quote.open_quote_context.OpenQuoteContext object at 0x00000128E3F73950>
2026-04-29 00:05:52,792 | 24936 | 5008 | [open_context_base.py:518] on_disconnect: Disconnected: conn=0(38) reason=CallClose
2026-04-29 00:05:52,794 | 24936 | 27496 | [open_context_base.py:410] _init_connect_sync: New connect ready: conn=7454923854891601993(39) context=<futu.quote.open_quote_context.OpenQuoteContext object at 0x00000128E3F73BB0>
  00:05:52 价格更新: 1个持仓
2026-04-29 00:05:52,825 | 24936 | 5008 | [open_context_base.py:518] on_disconnect: Disconnected: conn=0(39) reason=CallClose
2026-04-29 00:06:52,839 | 24936 | 27496 | [open_context_base.py:410] _init_connect_sync: New connect ready: conn=7454924106697799211(40) context=<futu.quote.open_quote_context.OpenQuoteContext object at 0x00000128E3F735C0>
2026-04-29 00:06:52,840 | 24936 | 5008 | [open_context_base.py:518] on_disconnect: Disconnected: conn=0(40) reason=CallClose
2026-04-29 00:06:52,841 | 24936 | 27496 | [open_context_base.py:410] _init_connect_sync: New connect ready: conn=7454924106746212951(41) context=<futu.quote.open_quote_context.OpenQuoteContext object at 0x00000128E3F73CE0>
  00:06:52 价格更新: 1个持仓
2026-04-29 00:06:52,905 | 24936 | 5008 | [open_context_base.py:518] on_disconnect: Disconnected: conn=0(41) reason=CallClose
2026-04-29 00:07:52,920 | 24936 | 27496 | [open_context_base.py:410] _init_connect_sync: New connect ready: conn=7454924358689943870(42) context=<futu.quote.open_quote_context.OpenQuoteContext object at 0x00000128E3F73820>
2026-04-29 00:07:52,921 | 24936 | 5008 | [open_context_base.py:518] on_disconnect: Disconnected: conn=0(42) reason=CallClose
2026-04-29 00:07:52,934 | 24936 | 27496 | [open_context_base.py:410] _init_connect_sync: New connect ready: conn=7454924358746897193(43) context=<futu.quote.open_quote_context.OpenQuoteContext object at 0x00000128E3F728B0>
  00:07:52 价格更新: 1个持仓
2026-04-29 00:07:52,969 | 24936 | 5008 | [open_context_base.py:518] on_disconnect: Disconnected: conn=0(43) reason=CallClose
2026-04-29 00:08:52,985 | 24936 | 27496 | [open_context_base.py:410] _init_connect_sync: New connect ready: conn=7454924610622552710(44) context=<futu.quote.open_quote_context.OpenQuoteContext object at 0x00000128E3F73E10>
2026-04-29 00:08:52,986 | 24936 | 5008 | [open_context_base.py:518] on_disconnect: Disconnected: conn=0(44) reason=CallClose
2026-04-29 00:08:52,998 | 24936 | 27496 | [open_context_base.py:410] _init_connect_sync: New connect ready: conn=7454924610676865683(45) context=<futu.quote.open_quote_context.OpenQuoteContext object at 0x00000128E3F73230>
  00:08:53 价格更新: 1个持仓
2026-04-29 00:08:53,031 | 24936 | 5008 | [open_context_base.py:518] on_disconnect: Disconnected: conn=0(45) reason=CallClose

--- 第 2 轮美股盘中扫描 (美股10min) ---
2026-04-29 00:09:43,047 | 24936 | 27496 | [open_context_base.py:410] _init_connect_sync: New connect ready: conn=7454924820595701659(46) context=<futu.quote.open_quote_context.OpenQuoteContext object at 0x00000128E3F72C40>
  扫描 US...
2026-04-29 00:09:43,048 | 24936 | 5008 | [open_context_base.py:518] on_disconnect: Disconnected: conn=0(46) reason=CallClose
2026-04-29 00:09:43,058 | 24936 | 27496 | [open_context_base.py:410] _init_connect_sync: New connect ready: conn=7454924820689172073(47) context=<futu.quote.open_quote_context.OpenQuoteContext object at 0x00000128E41382B0>
  US: 无异动

  盘中总计: 0 个补牢机会
2026-04-29 00:09:43,059 | 24936 | 5008 | [open_context_base.py:518] on_disconnect: Disconnected: conn=0(47) reason=CallClose
2026-04-29 00:09:53,061 | 24936 | 27496 | [open_context_base.py:410] _init_connect_sync: New connect ready: conn=7454924862644405563(48) context=<futu.quote.open_quote_context.OpenQuoteContext object at 0x00000128E41383E0>
2026-04-29 00:09:53,062 | 24936 | 5008 | [open_context_base.py:518] on_disconnect: Disconnected: conn=0(48) reason=CallClose
2026-04-29 00:09:53,063 | 24936 | 27496 | [open_context_base.py:410] _init_connect_sync: New connect ready: conn=7454924862651784412(49) context=<futu.quote.open_quote_context.OpenQuoteContext object at 0x00000128E4138050>
  00:09:53 价格更新: 1个持仓
2026-04-29 00:09:53,099 | 24936 | 5008 | [open_context_base.py:518] on_disconnect: Disconnected: conn=0(49) reason=CallClose
2026-04-29 00:10:53,103 | 24936 | 27496 | [open_context_base.py:410] _init_connect_sync: New connect ready: conn=7454925114478924622(50) context=<futu.quote.open_quote_context.OpenQuoteContext object at 0x00000128E3F72C40>
2026-04-29 00:10:53,103 | 24936 | 5008 | [open_context_base.py:518] on_disconnect: Disconnected: conn=0(50) reason=CallClose
2026-04-29 00:10:53,117 | 24936 | 27496 | [open_context_base.py:410] _init_connect_sync: New connect ready: conn=7454925114484642380(51) context=<futu.quote.open_quote_context.OpenQuoteContext object at 0x00000128E3F73230>
  00:10:53 价格更新: 1个持仓
2026-04-29 00:10:53,147 | 24936 | 5008 | [open_context_base.py:518] on_disconnect: Disconnected: conn=0(51) reason=CallClose
2026-04-29 00:11:53,152 | 24936 | 27496 | [open_context_base.py:410] _init_connect_sync: New connect ready: conn=7454925366343400380(52) context=<futu.quote.open_quote_context.OpenQuoteContext object at 0x00000128E3F73E10>
2026-04-29 00:11:53,153 | 24936 | 5008 | [open_context_base.py:518] on_disconnect: Disconnected: conn=0(52) reason=CallClose
2026-04-29 00:11:53,166 | 24936 | 27496 | [open_context_base.py:410] _init_connect_sync: New connect ready: conn=7454925366356361989(53) context=<futu.quote.open_quote_context.OpenQuoteContext object at 0x00000128E3F728B0>
  00:11:53 价格更新: 1个持仓
2026-04-29 00:11:53,197 | 24936 | 5008 | [open_context_base.py:518] on_disconnect: Disconnected: conn=0(53) reason=CallClose
2026-04-29 00:12:53,201 | 24936 | 27496 | [open_context_base.py:410] _init_connect_sync: New connect ready: conn=7454925618207212073(54) context=<futu.quote.open_quote_context.OpenQuoteContext object at 0x00000128E3F73820>
2026-04-29 00:12:53,202 | 24936 | 5008 | [open_context_base.py:518] on_disconnect: Disconnected: conn=0(54) reason=CallClose
2026-04-29 00:12:53,204 | 24936 | 27496 | [open_context_base.py:410] _init_connect_sync: New connect ready: conn=7454925618220181538(55) context=<futu.quote.open_quote_context.OpenQuoteContext object at 0x00000128E3F73CE0>
  00:12:53 价格更新: 1个持仓
2026-04-29 00:12:53,238 | 24936 | 5008 | [open_context_base.py:518] on_disconnect: Disconnected: conn=0(55) reason=CallClose
2026-04-29 00:13:53,243 | 24936 | 27496 | [open_context_base.py:410] _init_connect_sync: New connect ready: conn=7454925870041108198(56) context=<futu.quote.open_quote_context.OpenQuoteContext object at 0x00000128E3F735C0>
2026-04-29 00:13:53,244 | 24936 | 5008 | [open_context_base.py:518] on_disconnect: Disconnected: conn=0(56) reason=CallClose
2026-04-29 00:13:53,247 | 24936 | 27496 | [open_context_base.py:410] _init_connect_sync: New connect ready: conn=7454925870055968494(57) context=<futu.quote.open_quote_context.OpenQuoteContext object at 0x00000128E3F73BB0>
  00:13:53 价格更新: 1个持仓
2026-04-29 00:13:53,282 | 24936 | 5008 | [open_context_base.py:518] on_disconnect: Disconnected: conn=0(57) reason=CallClose
2026-04-29 00:14:53,286 | 24936 | 27496 | [open_context_base.py:410] _init_connect_sync: New connect ready: conn=7454926121879697239(58) context=<futu.quote.open_quote_context.OpenQuoteContext object at 0x00000128E3F73950>
2026-04-29 00:14:53,288 | 24936 | 5008 | [open_context_base.py:518] on_disconnect: Disconnected: conn=0(58) reason=CallClose
2026-04-29 00:14:53,291 | 24936 | 27496 | [open_context_base.py:410] _init_connect_sync: New connect ready: conn=7454926121893119946(59) context=<futu.quote.open_quote_context.OpenQuoteContext object at 0x00000128E3F736F0>
  00:14:53 价格更新: 1个持仓
2026-04-29 00:14:53,323 | 24936 | 5008 | [open_context_base.py:518] on_disconnect: Disconnected: conn=0(59) reason=CallClose
2026-04-29 00:15:53,327 | 24936 | 27496 | [open_context_base.py:410] _init_connect_sync: New connect ready: conn=7454926373710054911(60) context=<futu.quote.open_quote_context.OpenQuoteContext object at 0x00000128E3F73A80>
2026-04-29 00:15:53,328 | 24936 | 5008 | [open_context_base.py:518] on_disconnect: Disconnected: conn=0(60) reason=CallClose
2026-04-29 00:15:53,330 | 24936 | 27496 | [open_context_base.py:410] _init_connect_sync: New connect ready: conn=7454926373722182633(61) context=<futu.quote.open_quote_context.OpenQuoteContext object at 0x00000128E3F73490>
  00:15:53 价格更新: 1个持仓
2026-04-29 00:15:53,367 | 24936 | 5008 | [open_context_base.py:518] on_disconnect: Disconnected: conn=0(61) reason=CallClose
2026-04-29 00:16:53,371 | 24936 | 27496 | [open_context_base.py:410] _init_connect_sync: New connect ready: conn=7454926625553822475(62) context=<futu.quote.open_quote_context.OpenQuoteContext object at 0x00000128E3F73360>
2026-04-29 00:16:53,372 | 24936 | 5008 | [open_context_base.py:518] on_disconnect: Disconnected: conn=0(62) reason=CallClose
2026-04-29 00:16:53,386 | 24936 | 27496 | [open_context_base.py:410] _init_connect_sync: New connect ready: conn=7454926625562341303(63) context=<futu.quote.open_quote_context.OpenQuoteContext object at 0x00000128E3F72EA0>
  00:16:53 价格更新: 1个持仓
2026-04-29 00:16:53,423 | 24936 | 5008 | [open_context_base.py:518] on_disconnect: Disconnected: conn=0(63) reason=CallClose
2026-04-29 00:17:53,428 | 24936 | 27496 | [open_context_base.py:410] _init_connect_sync: New connect ready: conn=7454926877447873530(64) context=<futu.quote.open_quote_context.OpenQuoteContext object at 0x00000128E3F73100>
2026-04-29 00:17:53,429 | 24936 | 5008 | [open_context_base.py:518] on_disconnect: Disconnected: conn=0(64) reason=CallClose
2026-04-29 00:17:53,431 | 24936 | 27496 | [open_context_base.py:410] _init_connect_sync: New connect ready: conn=7454926877460479659(65) context=<futu.quote.open_quote_context.OpenQuoteContext object at 0x00000128E3F72FD0>
  00:17:53 价格更新: 1个持仓
2026-04-29 00:17:53,473 | 24936 | 5008 | [open_context_base.py:518] on_disconnect: Disconnected: conn=0(65) reason=CallClose
2026-04-29 00:18:53,490 | 24936 | 27496 | [open_context_base.py:410] _init_connect_sync: New connect ready: conn=7454927129317613093(66) context=<futu.quote.open_quote_context.OpenQuoteContext object at 0x00000128E3F72D70>
2026-04-29 00:18:53,491 | 24936 | 5008 | [open_context_base.py:518] on_disconnect: Disconnected: conn=0(66) reason=CallClose
2026-04-29 00:18:53,504 | 24936 | 27496 | [open_context_base.py:410] _init_connect_sync: New connect ready: conn=7454927129379542792(67) context=<futu.quote.open_quote_context.OpenQuoteContext object at 0x00000128E3F71480>
  00:18:53 价格更新: 1个持仓
2026-04-29 00:18:53,535 | 24936 | 5008 | [open_context_base.py:518] on_disconnect: Disconnected: conn=0(67) reason=CallClose

--- 第 3 轮美股盘中扫描 (美股10min) ---
2026-04-29 00:19:43,552 | 24936 | 27496 | [open_context_base.py:410] _init_connect_sync: New connect ready: conn=7454927339290379503(68) context=<futu.quote.open_quote_context.OpenQuoteContext object at 0x00000128E3F71220>
  扫描 US2026-04-29 00:19:43,553 | 24936 | 5008 | [open_context_base.py:518] on_disconnect: Disconnected: conn=0(68) reason=CallClose
...
2026-04-29 00:19:43,573 | 24936 | 27496 | [open_context_base.py:410] _init_connect_sync: New connect ready: conn=7454927339382613813(69) context=<futu.quote.open_quote_context.OpenQuoteContext object at 0x00000128E4139F30>
  US: 无异动

  盘中总计: 0 个补牢机会
2026-04-29 00:19:43,574 | 24936 | 5008 | [open_context_base.py:518] on_disconnect: Disconnected: conn=0(69) reason=CallClose
2026-04-29 00:19:53,578 | 24936 | 27496 | [open_context_base.py:410] _init_connect_sync: New connect ready: conn=7454927381389398550(70) context=<futu.quote.open_quote_context.OpenQuoteContext object at 0x00000128E41383E0>
2026-04-29 00:19:53,579 | 24936 | 5008 | [open_context_base.py:518] on_disconnect: Disconnected: conn=0(70) reason=CallClose
2026-04-29 00:19:53,580 | 24936 | 27496 | [open_context_base.py:410] _init_connect_sync: New connect ready: conn=7454927381403034613(71) context=<futu.quote.open_quote_context.OpenQuoteContext object at 0x00000128E41382B0>
  00:19:53 价格更新: 1个持仓
2026-04-29 00:19:53,621 | 24936 | 5008 | [open_context_base.py:518] on_disconnect: Disconnected: conn=0(71) reason=CallClose
2026-04-29 00:20:53,626 | 24936 | 27496 | [open_context_base.py:410] _init_connect_sync: New connect ready: conn=7454927633249625563(72) context=<futu.quote.open_quote_context.OpenQuoteContext object at 0x00000128E3F71220>
2026-04-29 00:20:53,627 | 24936 | 5008 | [open_context_base.py:518] on_disconnect: Disconnected: conn=0(72) reason=CallClose
2026-04-29 00:20:53,629 | 24936 | 27496 | [open_context_base.py:410] _init_connect_sync: New connect ready: conn=7454927633268897179(73) context=<futu.quote.open_quote_context.OpenQuoteContext object at 0x00000128E3F71480>
  00:20:53 价格更新: 1个持仓
2026-04-29 00:20:53,659 | 24936 | 5008 | [open_context_base.py:518] on_disconnect: Disconnected: conn=0(73) reason=CallClose
2026-04-29 00:21:53,664 | 24936 | 27496 | [open_context_base.py:410] _init_connect_sync: New connect ready: conn=7454927885072212420(74) context=<futu.quote.open_quote_context.OpenQuoteContext object at 0x00000128E3F72D70>
2026-04-29 00:21:53,665 | 24936 | 5008 | [open_context_base.py:518] on_disconnect: Disconnected: conn=0(74) reason=CallClose
2026-04-29 00:21:53,666 | 24936 | 27496 | [open_context_base.py:410] _init_connect_sync: New connect ready: conn=7454927885085801207(75) context=<futu.quote.open_quote_context.OpenQuoteContext object at 0x00000128E3F72FD0>
  00:21:53 价格更新: 1个持仓
2026-04-29 00:21:53,695 | 24936 | 5008 | [open_context_base.py:518] on_disconnect: Disconnected: conn=0(75) reason=CallClose
2026-04-29 00:22:53,699 | 24936 | 27496 | [open_context_base.py:410] _init_connect_sync: New connect ready: conn=7454928136877641224(76) context=<futu.quote.open_quote_context.OpenQuoteContext object at 0x00000128E3F73100>
2026-04-29 00:22:53,699 | 24936 | 5008 | [open_context_base.py:518] on_disconnect: Disconnected: conn=0(76) reason=CallClose
2026-04-29 00:22:53,701 | 24936 | 27496 | [open_context_base.py:410] _init_connect_sync: New connect ready: conn=7454928136887532880(77) context=<futu.quote.open_quote_context.OpenQuoteContext object at 0x00000128E3F72EA0>
  00:22:53 价格更新: 1个持仓
2026-04-29 00:22:53,731 | 24936 | 5008 | [open_context_base.py:518] on_disconnect: Disconnected: conn=0(77) reason=CallClose
2026-04-29 00:23:53,735 | 24936 | 27496 | [open_context_base.py:410] _init_connect_sync: New connect ready: conn=7454928388688097304(78) context=<futu.quote.open_quote_context.OpenQuoteContext object at 0x00000128E3F73360>
2026-04-29 00:23:53,736 | 24936 | 5008 | [open_context_base.py:518] on_disconnect: Disconnected: conn=0(78) reason=CallClose
2026-04-29 00:23:53,749 | 24936 | 27496 | [open_context_base.py:410] _init_connect_sync: New connect ready: conn=7454928388692801171(79) context=<futu.quote.open_quote_context.OpenQuoteContext object at 0x00000128E3F73490>
  00:23:53 价格更新: 1个持仓
2026-04-29 00:23:53,780 | 24936 | 5008 | [open_context_base.py:518] on_disconnect: Disconnected: conn=0(79) reason=CallClose
2026-04-29 00:24:53,785 | 24936 | 27496 | [open_context_base.py:410] _init_connect_sync: New connect ready: conn=7454928640552739191(80) context=<futu.quote.open_quote_context.OpenQuoteContext object at 0x00000128E3F73A80>
2026-04-29 00:24:53,785 | 24936 | 5008 | [open_context_base.py:518] on_disconnect: Disconnected: conn=0(80) reason=CallClose
2026-04-29 00:24:53,798 | 24936 | 27496 | [open_context_base.py:410] _init_connect_sync: New connect ready: conn=7454928640564651754(81) context=<futu.quote.open_quote_context.OpenQuoteContext object at 0x00000128E3F736F0>
  00:24:53 价格更新: 1个持仓
2026-04-29 00:24:53,829 | 24936 | 5008 | [open_context_base.py:518] on_disconnect: Disconnected: conn=0(81) reason=CallClose
2026-04-29 00:25:53,835 | 24936 | 27496 | [open_context_base.py:410] _init_connect_sync: New connect ready: conn=7454928892421050188(82) context=<futu.quote.open_quote_context.OpenQuoteContext object at 0x00000128E3F73950>
2026-04-29 00:25:53,836 | 24936 | 5008 | [open_context_base.py:518] on_disconnect: Disconnected: conn=0(82) reason=CallClose
2026-04-29 00:25:53,838 | 24936 | 27496 | [open_context_base.py:410] _init_connect_sync: New connect ready: conn=7454928892435257436(83) context=<futu.quote.open_quote_context.OpenQuoteContext object at 0x00000128E3F73BB0>
  00:25:53 价格更新: 1个持仓
2026-04-29 00:25:53,867 | 24936 | 5008 | [open_context_base.py:518] on_disconnect: Disconnected: conn=0(83) reason=CallClose
2026-04-29 00:26:53,883 | 24936 | 27496 | [open_context_base.py:410] _init_connect_sync: New connect ready: conn=7454929144229857721(84) context=<futu.quote.open_quote_context.OpenQuoteContext object at 0x00000128E3F735C0>
2026-04-29 00:26:53,884 | 24936 | 5008 | [open_context_base.py:518] on_disconnect: Disconnected: conn=0(84) reason=CallClose
2026-04-29 00:26:53,885 | 24936 | 27496 | [open_context_base.py:410] _init_connect_sync: New connect ready: conn=7454929144289186716(85) context=<futu.quote.open_quote_context.OpenQuoteContext object at 0x00000128E3F73CE0>
  00:26:53 价格更新: 1个持仓
2026-04-29 00:26:53,916 | 24936 | 5008 | [open_context_base.py:518] on_disconnect: Disconnected: conn=0(85) reason=CallClose
2026-04-29 00:27:53,919 | 24936 | 27496 | [open_context_base.py:410] _init_connect_sync: New connect ready: conn=7454929396091882813(86) context=<futu.quote.open_quote_context.OpenQuoteContext object at 0x00000128E3F73820>
2026-04-29 00:27:53,920 | 24936 | 5008 | [open_context_base.py:518] on_disconnect: Disconnected: conn=0(86) reason=CallClose
2026-04-29 00:27:53,933 | 24936 | 27496 | [open_context_base.py:410] _init_connect_sync: New connect ready: conn=7454929396097576346(87) context=<futu.quote.open_quote_context.OpenQuoteContext object at 0x00000128E3F728B0>
  00:27:53 价格更新: 1个持仓
2026-04-29 00:27:53,966 | 24936 | 5008 | [open_context_base.py:518] on_disconnect: Disconnected: conn=0(87) reason=CallClose
2026-04-29 00:28:53,997 | 24936 | 27496 | [open_context_base.py:410] _init_connect_sync: New connect ready: conn=7454929648036529814(88) context=<futu.quote.open_quote_context.OpenQuoteContext object at 0x00000128E3F73E10>
2026-04-29 00:28:53,998 | 24936 | 5008 | [open_context_base.py:518] on_disconnect: Disconnected: conn=0(88) reason=CallClose
2026-04-29 00:28:54,000 | 24936 | 27496 | [open_context_base.py:410] _init_connect_sync: New connect ready: conn=7454929648087695061(89) context=<futu.quote.open_quote_context.OpenQuoteContext object at 0x00000128E3F73230>
  00:28:54 价格更新: 1个持仓
2026-04-29 00:28:54,035 | 24936 | 5008 | [open_context_base.py:518] on_disconnect: Disconnected: conn=0(89) reason=CallClose

--- 第 4 轮美股盘中扫描 (美股10min) ---
2026-04-29 00:29:44,052 | 24936 | 27496 | [open_context_base.py:410] _init_connect_sync: New connect ready: conn=7454929857978109758(90) context=<futu.quote.open_quote_context.OpenQuoteContext object at 0x00000128E3F72C40>
  扫描 US...2026-04-29 00:29:44,053 | 24936 | 5008 | [open_context_base.py:518] on_disconnect: Disconnected: conn=0(90) reason=CallClose

2026-04-29 00:29:44,062 | 24936 | 27496 | [open_context_base.py:410] _init_connect_sync: New connect ready: conn=7454929858064357077(91) context=<futu.quote.open_quote_context.OpenQuoteContext object at 0x00000128E4139BA0>
  US: 无异动

  盘中总计: 0 个补牢机会
2026-04-29 00:29:44,063 | 24936 | 5008 | [open_context_base.py:518] on_disconnect: Disconnected: conn=0(91) reason=CallClose
2026-04-29 00:29:54,066 | 24936 | 27496 | [open_context_base.py:410] _init_connect_sync: New connect ready: conn=7454929900024371473(92) context=<futu.quote.open_quote_context.OpenQuoteContext object at 0x00000128E41383E0>
2026-04-29 00:29:54,067 | 24936 | 5008 | [open_context_base.py:518] on_disconnect: Disconnected: conn=0(92) reason=CallClose
2026-04-29 00:29:54,080 | 24936 | 27496 | [open_context_base.py:410] _init_connect_sync: New connect ready: conn=7454929900038601860(93) context=<futu.quote.open_quote_context.OpenQuoteContext object at 0x00000128E4139F30>
  00:29:54 价格更新: 1个持仓
2026-04-29 00:29:54,157 | 24936 | 5008 | [open_context_base.py:518] on_disconnect: Disconnected: conn=0(93) reason=CallClose
2026-04-29 00:30:54,172 | 24936 | 27496 | [open_context_base.py:410] _init_connect_sync: New connect ready: conn=7454930152075445725(94) context=<futu.quote.open_quote_context.OpenQuoteContext object at 0x00000128E3F72C40>
2026-04-29 00:30:54,173 | 24936 | 5008 | [open_context_base.py:518] on_disconnect: Disconnected: conn=0(94) reason=CallClose
2026-04-29 00:30:54,175 | 24936 | 27496 | [open_context_base.py:410] _init_connect_sync: New connect ready: conn=7454930152139701821(95) context=<futu.quote.open_quote_context.OpenQuoteContext object at 0x00000128E3F73230>
  00:30:54 价格更新: 1个持仓
2026-04-29 00:30:54,204 | 24936 | 5008 | [open_context_base.py:518] on_disconnect: Disconnected: conn=0(95) reason=CallClose
2026-04-29 00:31:54,208 | 24936 | 27496 | [open_context_base.py:410] _init_connect_sync: New connect ready: conn=7454930403935852959(96) context=<futu.quote.open_quote_context.OpenQuoteContext object at 0x00000128E3F73E10>
2026-04-29 00:31:54,209 | 24936 | 5008 | [open_context_base.py:518] on_disconnect: Disconnected: conn=0(96) reason=CallClose
2026-04-29 00:31:54,211 | 24936 | 27496 | [open_context_base.py:410] _init_connect_sync: New connect ready: conn=7454930403948907871(97) context=<futu.quote.open_quote_context.OpenQuoteContext object at 0x00000128E3F728B0>
  00:31:54 价格更新: 1个持仓
2026-04-29 00:31:54,247 | 24936 | 5008 | [open_context_base.py:518] on_disconnect: Disconnected: conn=0(97) reason=CallClose
2026-04-29 00:32:54,263 | 24936 | 27496 | [open_context_base.py:410] _init_connect_sync: New connect ready: conn=7454930655778249968(98) context=<futu.quote.open_quote_context.OpenQuoteContext object at 0x00000128E3F73820>
2026-04-29 00:32:54,263 | 24936 | 5008 | [open_context_base.py:518] on_disconnect: Disconnected: conn=0(98) reason=CallClose
2026-04-29 00:32:54,265 | 24936 | 27496 | [open_context_base.py:410] _init_connect_sync: New connect ready: conn=7454930655833277833(99) context=<futu.quote.open_quote_context.OpenQuoteContext object at 0x00000128E3F73CE0>
  00:32:54 价格更新: 1个持仓
2026-04-29 00:32:54,298 | 24936 | 5008 | [open_context_base.py:518] on_disconnect: Disconnected: conn=0(99) reason=CallClose
2026-04-29 00:33:54,303 | 24936 | 27496 | [open_context_base.py:410] _init_connect_sync: New connect ready: conn=7454930907646714745(100) context=<futu.quote.open_quote_context.OpenQuoteContext object at 0x00000128E3F735C0>
2026-04-29 00:33:54,304 | 24936 | 5008 | [open_context_base.py:518] on_disconnect: Disconnected: conn=0(100) reason=CallClose
2026-04-29 00:33:54,317 | 24936 | 27496 | [open_context_base.py:410] _init_connect_sync: New connect ready: conn=7454930907665281514(101) context=<futu.quote.open_quote_context.OpenQuoteContext object at 0x00000128E3F73BB0>
  00:33:54 价格更新: 1个持仓
2026-04-29 00:33:54,347 | 24936 | 5008 | [open_context_base.py:518] on_disconnect: Disconnected: conn=0(101) reason=CallClose
2026-04-29 00:34:54,355 | 24936 | 27496 | [open_context_base.py:410] _init_connect_sync: New connect ready: conn=7454931159524836515(102) context=<futu.quote.open_quote_context.OpenQuoteContext object at 0x00000128E3F73950>
2026-04-29 00:34:54,356 | 24936 | 5008 | [open_context_base.py:518] on_disconnect: Disconnected: conn=0(102) reason=CallClose
2026-04-29 00:34:54,370 | 24936 | 27496 | [open_context_base.py:410] _init_connect_sync: New connect ready: conn=7454931159542109406(103) context=<futu.quote.open_quote_context.OpenQuoteContext object at 0x00000128E3F736F0>
  00:34:54 价格更新: 1个持仓
2026-04-29 00:34:54,400 | 24936 | 5008 | [open_context_base.py:518] on_disconnect: Disconnected: conn=0(103) reason=CallClose
2026-04-29 00:35:54,403 | 24936 | 27496 | [open_context_base.py:410] _init_connect_sync: New connect ready: conn=7454931411386330495(104) context=<futu.quote.open_quote_context.OpenQuoteContext object at 0x00000128E3F73A80>
2026-04-29 00:35:54,404 | 24936 | 5008 | [open_context_base.py:518] on_disconnect: Disconnected: conn=0(104) reason=CallClose
2026-04-29 00:35:54,406 | 24936 | 27496 | [open_context_base.py:410] _init_connect_sync: New connect ready: conn=7454931411393522769(105) context=<futu.quote.open_quote_context.OpenQuoteContext object at 0x00000128E3F73490>
  00:35:54 价格更新: 1个持仓
2026-04-29 00:35:54,438 | 24936 | 5008 | [open_context_base.py:518] on_disconnect: Disconnected: conn=0(105) reason=CallClose
2026-04-29 00:36:54,454 | 24936 | 27496 | [open_context_base.py:410] _init_connect_sync: New connect ready: conn=7454931663214227075(106) context=<futu.quote.open_quote_context.OpenQuoteContext object at 0x00000128E3F73360>
2026-04-29 00:36:54,455 | 24936 | 5008 | [open_context_base.py:518] on_disconnect: Disconnected: conn=0(106) reason=CallClose
2026-04-29 00:36:54,458 | 24936 | 27496 | [open_context_base.py:410] _init_connect_sync: New connect ready: conn=7454931663277617001(107) context=<futu.quote.open_quote_context.OpenQuoteContext object at 0x00000128E3F72EA0>
  00:36:54 价格更新: 1个持仓
2026-04-29 00:36:54,487 | 24936 | 5008 | [open_context_base.py:518] on_disconnect: Disconnected: conn=0(107) reason=CallClose
2026-04-29 00:37:54,502 | 24936 | 27496 | [open_context_base.py:410] _init_connect_sync: New connect ready: conn=7454931915073110501(108) context=<futu.quote.open_quote_context.OpenQuoteContext object at 0x00000128E3F73100>
2026-04-29 00:37:54,503 | 24936 | 5008 | [open_context_base.py:518] on_disconnect: Disconnected: conn=0(108) reason=CallClose
2026-04-29 00:37:54,504 | 24936 | 27496 | [open_context_base.py:410] _init_connect_sync: New connect ready: conn=7454931915128634280(109) context=<futu.quote.open_quote_context.OpenQuoteContext object at 0x00000128E3F72FD0>
  00:37:54 价格更新: 1个持仓
2026-04-29 00:37:54,533 | 24936 | 5008 | [open_context_base.py:518] on_disconnect: Disconnected: conn=0(109) reason=CallClose
2026-04-29 00:38:54,541 | 24936 | 27496 | [open_context_base.py:410] _init_connect_sync: New connect ready: conn=7454932166934895917(110) context=<futu.quote.open_quote_context.OpenQuoteContext object at 0x00000128E3F72D70>
2026-04-29 00:38:54,542 | 24936 | 5008 | [open_context_base.py:518] on_disconnect: Disconnected: conn=0(110) reason=CallClose
2026-04-29 00:38:54,544 | 24936 | 27496 | [open_context_base.py:410] _init_connect_sync: New connect ready: conn=7454932166951730684(111) context=<futu.quote.open_quote_context.OpenQuoteContext object at 0x00000128E3F71480>
  00:38:54 价格更新: 1个持仓
2026-04-29 00:38:54,583 | 24936 | 5008 | [open_context_base.py:518] on_disconnect: Disconnected: conn=0(111) reason=CallClose

--- 第 5 轮美股盘中扫描 (美股10min) ---
2026-04-29 00:39:44,601 | 24936 | 27496 | [open_context_base.py:410] _init_connect_sync: New connect ready: conn=7454932376855919668(112) context=<futu.quote.open_quote_context.OpenQuoteContext object at 0x00000128E3F71220>
  扫描 US...
2026-04-29 00:39:44,602 | 24936 | 5008 | [open_context_base.py:518] on_disconnect: Disconnected: conn=0(112) reason=CallClose
2026-04-29 00:39:44,613 | 24936 | 27496 | [open_context_base.py:410] _init_connect_sync: New connect ready: conn=7454932376952136559(113) context=<futu.quote.open_quote_context.OpenQuoteContext object at 0x00000128E41383E0>
  US: 无异动

  盘中总计: 0 个补牢机会
2026-04-29 00:39:44,614 | 24936 | 5008 | [open_context_base.py:518] on_disconnect: Disconnected: conn=0(113) reason=CallClose
2026-04-29 00:39:54,617 | 24936 | 27496 | [open_context_base.py:410] _init_connect_sync: New connect ready: conn=7454932418915873795(114) context=<futu.quote.open_quote_context.OpenQuoteContext object at 0x00000128E4139BA0>
2026-04-29 00:39:54,618 | 24936 | 5008 | [open_context_base.py:518] on_disconnect: Disconnected: conn=0(114) reason=CallClose
2026-04-29 00:39:54,620 | 24936 | 27496 | [open_context_base.py:410] _init_connect_sync: New connect ready: conn=7454932418932194824(115) context=<futu.quote.open_quote_context.OpenQuoteContext object at 0x00000128E4139E00>
  00:39:54 价格更新: 1个持仓
2026-04-29 00:39:54,653 | 24936 | 5008 | [open_context_base.py:518] on_disconnect: Disconnected: conn=0(115) reason=CallClose
2026-04-29 00:40:54,657 | 24936 | 27496 | [open_context_base.py:410] _init_connect_sync: New connect ready: conn=7454932670743782512(116) context=<futu.quote.open_quote_context.OpenQuoteContext object at 0x00000128E3F71220>
2026-04-29 00:40:54,658 | 24936 | 5008 | [open_context_base.py:518] on_disconnect: Disconnected: conn=0(116) reason=CallClose
2026-04-29 00:40:54,659 | 24936 | 27496 | [open_context_base.py:410] _init_connect_sync: New connect ready: conn=7454932670753804391(117) context=<futu.quote.open_quote_context.OpenQuoteContext object at 0x00000128E3F71480>
  00:40:54 价格更新: 1个持仓
2026-04-29 00:40:54,694 | 24936 | 5008 | [open_context_base.py:518] on_disconnect: Disconnected: conn=0(117) reason=CallClose
2026-04-29 00:41:54,699 | 24936 | 27496 | [open_context_base.py:410] _init_connect_sync: New connect ready: conn=7454932922581176893(118) context=<futu.quote.open_quote_context.OpenQuoteContext object at 0x00000128E3F72D70>
2026-04-29 00:41:54,700 | 24936 | 5008 | [open_context_base.py:518] on_disconnect: Disconnected: conn=0(118) reason=CallClose
2026-04-29 00:41:54,702 | 24936 | 27496 | [open_context_base.py:410] _init_connect_sync: New connect ready: conn=7454932922588878684(119) context=<futu.quote.open_quote_context.OpenQuoteContext object at 0x00000128E3F72FD0>
  00:41:54 价格更新: 1个持仓
2026-04-29 00:41:54,733 | 24936 | 5008 | [open_context_base.py:518] on_disconnect: Disconnected: conn=0(119) reason=CallClose
2026-04-29 00:42:54,750 | 24936 | 27496 | [open_context_base.py:410] _init_connect_sync: New connect ready: conn=7454933174397301853(120) context=<futu.quote.open_quote_context.OpenQuoteContext object at 0x00000128E3F73100>
2026-04-29 00:42:54,751 | 24936 | 5008 | [open_context_base.py:518] on_disconnect: Disconnected: conn=0(120) reason=CallClose
2026-04-29 00:42:54,754 | 24936 | 27496 | [open_context_base.py:410] _init_connect_sync: New connect ready: conn=7454933174467246455(121) context=<futu.quote.open_quote_context.OpenQuoteContext object at 0x00000128E3F72EA0>
  00:42:54 价格更新: 1个持仓
2026-04-29 00:42:54,807 | 24936 | 5008 | [open_context_base.py:518] on_disconnect: Disconnected: conn=0(121) reason=CallClose
2026-04-29 00:43:54,811 | 24936 | 27496 | [open_context_base.py:410] _init_connect_sync: New connect ready: conn=7454933426361837439(122) context=<futu.quote.open_quote_context.OpenQuoteContext object at 0x00000128E3F73360>
2026-04-29 00:43:54,812 | 24936 | 5008 | [open_context_base.py:518] on_disconnect: Disconnected: conn=0(122) reason=CallClose
2026-04-29 00:43:54,823 | 24936 | 27496 | [open_context_base.py:410] _init_connect_sync: New connect ready: conn=7454933426371166078(123) context=<futu.quote.open_quote_context.OpenQuoteContext object at 0x00000128E3F73490>
  00:43:54 价格更新: 1个持仓
2026-04-29 00:43:54,854 | 24936 | 5008 | [open_context_base.py:518] on_disconnect: Disconnected: conn=0(123) reason=CallClose
2026-04-29 00:44:54,859 | 24936 | 27496 | [open_context_base.py:410] _init_connect_sync: New connect ready: conn=7454933678225660954(124) context=<futu.quote.open_quote_context.OpenQuoteContext object at 0x00000128E3F73A80>
2026-04-29 00:44:54,861 | 24936 | 5008 | [open_context_base.py:518] on_disconnect: Disconnected: conn=0(124) reason=CallClose
2026-04-29 00:44:54,863 | 24936 | 27496 | [open_context_base.py:410] _init_connect_sync: New connect ready: conn=7454933678240319514(125) context=<futu.quote.open_quote_context.OpenQuoteContext object at 0x00000128E3F736F0>
  00:44:54 价格更新: 1个持仓
2026-04-29 00:44:54,894 | 24936 | 5008 | [open_context_base.py:518] on_disconnect: Disconnected: conn=0(125) reason=CallClose
2026-04-29 00:45:54,910 | 24936 | 27496 | [open_context_base.py:410] _init_connect_sync: New connect ready: conn=7454933930050309101(126) context=<futu.quote.open_quote_context.OpenQuoteContext object at 0x00000128E3F73950>
2026-04-29 00:45:54,910 | 24936 | 5008 | [open_context_base.py:518] on_disconnect: Disconnected: conn=0(126) reason=CallClose
2026-04-29 00:45:54,925 | 24936 | 27496 | [open_context_base.py:410] _init_connect_sync: New connect ready: conn=7454933930105123401(127) context=<futu.quote.open_quote_context.OpenQuoteContext object at 0x00000128E3F73BB0>
  00:45:54 价格更新: 1个持仓
2026-04-29 00:45:54,956 | 24936 | 5008 | [open_context_base.py:518] on_disconnect: Disconnected: conn=0(127) reason=CallClose
2026-04-29 00:46:54,972 | 24936 | 27496 | [open_context_base.py:410] _init_connect_sync: New connect ready: conn=7454934181965056255(128) context=<futu.quote.open_quote_context.OpenQuoteContext object at 0x00000128E3F735C0>
2026-04-29 00:46:54,973 | 24936 | 5008 | [open_context_base.py:518] on_disconnect: Disconnected: conn=0(128) reason=CallClose
2026-04-29 00:46:54,987 | 24936 | 27496 | [open_context_base.py:410] _init_connect_sync: New connect ready: conn=7454934182024940745(129) context=<futu.quote.open_quote_context.OpenQuoteContext object at 0x00000128E3F73CE0>
  00:46:55 价格更新: 1个持仓
2026-04-29 00:46:55,016 | 24936 | 5008 | [open_context_base.py:518] on_disconnect: Disconnected: conn=0(129) reason=CallClose
2026-04-29 00:47:55,033 | 24936 | 27496 | [open_context_base.py:410] _init_connect_sync: New connect ready: conn=7454934433885064253(130) context=<futu.quote.open_quote_context.OpenQuoteContext object at 0x00000128E3F73820>
2026-04-29 00:47:55,034 | 24936 | 5008 | [open_context_base.py:518] on_disconnect: Disconnected: conn=0(130) reason=CallClose
2026-04-29 00:47:55,036 | 24936 | 27496 | [open_context_base.py:410] _init_connect_sync: New connect ready: conn=7454934433942794028(131) context=<futu.quote.open_quote_context.OpenQuoteContext object at 0x00000128E3F728B0>
  00:47:55 价格更新: 1个持仓
2026-04-29 00:47:55,069 | 24936 | 5008 | [open_context_base.py:518] on_disconnect: Disconnected: conn=0(131) reason=CallClose
2026-04-29 00:48:55,085 | 24936 | 27496 | [open_context_base.py:410] _init_connect_sync: New connect ready: conn=7454934685752038909(132) context=<futu.quote.open_quote_context.OpenQuoteContext object at 0x00000128E3F73E10>
2026-04-29 00:48:55,086 | 24936 | 5008 | [open_context_base.py:518] on_disconnect: Disconnected: conn=0(132) reason=CallClose
2026-04-29 00:48:55,089 | 24936 | 27496 | [open_context_base.py:410] _init_connect_sync: New connect ready: conn=7454934685818576921(133) context=<futu.quote.open_quote_context.OpenQuoteContext object at 0x00000128E3F73230>
  00:48:55 价格更新: 1个持仓
2026-04-29 00:48:55,121 | 24936 | 5008 | [open_context_base.py:518] on_disconnect: Disconnected: conn=0(133) reason=CallClose

--- 第 6 轮美股盘中扫描 (美股10min) ---
2026-04-29 00:49:45,126 | 24936 | 27496 | [open_context_base.py:410] _init_connect_sync: New connect ready: conn=7454934895691727922(134) context=<futu.quote.open_quote_context.OpenQuoteContext object at 0x00000128E3F72C40>
  扫描 US...
2026-04-29 00:49:45,127 | 24936 | 5008 | [open_context_base.py:518] on_disconnect: Disconnected: conn=0(134) reason=CallClose
2026-04-29 00:49:45,135 | 24936 | 27496 | [open_context_base.py:410] _init_connect_sync: New connect ready: conn=7454934895735583338(135) context=<futu.quote.open_quote_context.OpenQuoteContext object at 0x00000128E4139BA0>
  US: 无异动

  盘中总计: 0 个补牢机会
2026-04-29 00:49:45,137 | 24936 | 5008 | [open_context_base.py:518] on_disconnect: Disconnected: conn=0(135) reason=CallClose
2026-04-29 00:49:55,140 | 24936 | 27496 | [open_context_base.py:410] _init_connect_sync: New connect ready: conn=7454934937690266449(136) context=<futu.quote.open_quote_context.OpenQuoteContext object at 0x00000128E41383E0>
2026-04-29 00:49:55,140 | 24936 | 5008 | [open_context_base.py:518] on_disconnect: Disconnected: conn=0(136) reason=CallClose
2026-04-29 00:49:55,153 | 24936 | 27496 | [open_context_base.py:410] _init_connect_sync: New connect ready: conn=7454934937701231062(137) context=<futu.quote.open_quote_context.OpenQuoteContext object at 0x00000128E4139CD0>
  00:49:55 价格更新: 1个持仓
2026-04-29 00:49:55,308 | 24936 | 5008 | [open_context_base.py:518] on_disconnect: Disconnected: conn=0(137) reason=CallClose
2026-04-29 00:50:55,312 | 24936 | 27496 | [open_context_base.py:410] _init_connect_sync: New connect ready: conn=7454935190073762246(138) context=<futu.quote.open_quote_context.OpenQuoteContext object at 0x00000128E4139A70>
2026-04-29 00:50:55,313 | 24936 | 5008 | [open_context_base.py:518] on_disconnect: Disconnected: conn=0(138) reason=CallClose
2026-04-29 00:50:55,315 | 24936 | 27496 | [open_context_base.py:410] _init_connect_sync: New connect ready: conn=7454935190087750902(139) context=<futu.quote.open_quote_context.OpenQuoteContext object at 0x00000128E4139810>
  00:50:55 价格更新: 1个持仓
2026-04-29 00:50:55,346 | 24936 | 5008 | [open_context_base.py:518] on_disconnect: Disconnected: conn=0(139) reason=CallClose
2026-04-29 00:51:55,351 | 24936 | 27496 | [open_context_base.py:410] _init_connect_sync: New connect ready: conn=7454935441894938177(140) context=<futu.quote.open_quote_context.OpenQuoteContext object at 0x00000128E4139940>
2026-04-29 00:51:55,351 | 24936 | 5008 | [open_context_base.py:518] on_disconnect: Disconnected: conn=0(140) reason=CallClose
2026-04-29 00:51:55,353 | 24936 | 27496 | [open_context_base.py:410] _init_connect_sync: New connect ready: conn=7454935441904399687(141) context=<futu.quote.open_quote_context.OpenQuoteContext object at 0x00000128E413A060>
  00:51:55 价格更新: 1个持仓
2026-04-29 00:51:55,382 | 24936 | 5008 | [open_context_base.py:518] on_disconnect: Disconnected: conn=0(141) reason=CallClose
2026-04-29 00:52:55,387 | 24936 | 27496 | [open_context_base.py:410] _init_connect_sync: New connect ready: conn=7454935693704427123(142) context=<futu.quote.open_quote_context.OpenQuoteContext object at 0x00000128E413A190>
2026-04-29 00:52:55,388 | 24936 | 5008 | [open_context_base.py:518] on_disconnect: Disconnected: conn=0(142) reason=CallClose
2026-04-29 00:52:55,401 | 24936 | 27496 | [open_context_base.py:410] _init_connect_sync: New connect ready: conn=7454935693713257734(143) context=<futu.quote.open_quote_context.OpenQuoteContext object at 0x00000128E413A2C0>
  00:52:55 价格更新: 1个持仓
2026-04-29 00:52:55,431 | 24936 | 5008 | [open_context_base.py:518] on_disconnect: Disconnected: conn=0(143) reason=CallClose
2026-04-29 00:53:55,436 | 24936 | 27496 | [open_context_base.py:410] _init_connect_sync: New connect ready: conn=7454935945567174703(144) context=<futu.quote.open_quote_context.OpenQuoteContext object at 0x00000128E413A3F0>
2026-04-29 00:53:55,437 | 24936 | 5008 | [open_context_base.py:518] on_disconnect: Disconnected: conn=0(144) reason=CallClose
2026-04-29 00:53:55,439 | 24936 | 27496 | [open_context_base.py:410] _init_connect_sync: New connect ready: conn=7454935945581411374(145) context=<futu.quote.open_quote_context.OpenQuoteContext object at 0x00000128E413A520>
  00:53:55 价格更新: 1个持仓
2026-04-29 00:53:55,469 | 24936 | 5008 | [open_context_base.py:518] on_disconnect: Disconnected: conn=0(145) reason=CallClose
2026-04-29 00:54:55,474 | 24936 | 27496 | [open_context_base.py:410] _init_connect_sync: New connect ready: conn=7454936197386510268(146) context=<futu.quote.open_quote_context.OpenQuoteContext object at 0x00000128E413A650>
2026-04-29 00:54:55,474 | 24936 | 5008 | [open_context_base.py:518] on_disconnect: Disconnected: conn=0(146) reason=CallClose
2026-04-29 00:54:55,488 | 24936 | 27496 | [open_context_base.py:410] _init_connect_sync: New connect ready: conn=7454936197394736333(147) context=<futu.quote.open_quote_context.OpenQuoteContext object at 0x00000128E413A780>
[M9] 无法获取价格: 000651.SZ
2026-04-29 00:54:55,489 | 24936 | 5008 | [open_context_base.py:518] on_disconnect: Disconnected: conn=0(147) reason=CallClose
2026-04-29 00:55:55,504 | 24936 | 27496 | [open_context_base.py:410] _init_connect_sync: New connect ready: conn=7454936449122408660(148) context=<futu.quote.open_quote_context.OpenQuoteContext object at 0x00000128E413A8B0>
2026-04-29 00:55:55,505 | 24936 | 5008 | [open_context_base.py:518] on_disconnect: Disconnected: conn=0(148) reason=CallClose
2026-04-29 00:55:55,508 | 24936 | 27496 | [open_context_base.py:410] _init_connect_sync: New connect ready: conn=7454936449183060702(149) context=<futu.quote.open_quote_context.OpenQuoteContext object at 0x00000128E413A9E0>
  00:55:55 价格更新: 1个持仓
2026-04-29 00:55:55,537 | 24936 | 5008 | [open_context_base.py:518] on_disconnect: Disconnected: conn=0(149) reason=CallClose
2026-04-29 00:56:55,554 | 24936 | 27496 | [open_context_base.py:410] _init_connect_sync: New connect ready: conn=7454936700993366434(150) context=<futu.quote.open_quote_context.OpenQuoteContext object at 0x00000128E413AB10>
2026-04-29 00:56:55,555 | 24936 | 5008 | [open_context_base.py:518] on_disconnect: Disconnected: conn=0(150) reason=CallClose
2026-04-29 00:56:55,568 | 24936 | 27496 | [open_context_base.py:410] _init_connect_sync: New connect ready: conn=7454936701050947190(151) context=<futu.quote.open_quote_context.OpenQuoteContext object at 0x00000128E413AC40>
  00:56:55 价格更新: 1个持仓
2026-04-29 00:56:55,598 | 24936 | 5008 | [open_context_base.py:518] on_disconnect: Disconnected: conn=0(151) reason=CallClose
2026-04-29 00:57:55,614 | 24936 | 27496 | [open_context_base.py:410] _init_connect_sync: New connect ready: conn=7454936952900698002(152) context=<futu.quote.open_quote_context.OpenQuoteContext object at 0x00000128E413AD70>
2026-04-29 00:57:55,615 | 24936 | 5008 | [open_context_base.py:518] on_disconnect: Disconnected: conn=0(152) reason=CallClose
2026-04-29 00:57:55,627 | 24936 | 27496 | [open_context_base.py:410] _init_connect_sync: New connect ready: conn=7454936952957352343(153) context=<futu.quote.open_quote_context.OpenQuoteContext object at 0x00000128E413AEA0>
  00:57:55 价格更新: 1个持仓
2026-04-29 00:57:55,656 | 24936 | 5008 | [open_context_base.py:518] on_disconnect: Disconnected: conn=0(153) reason=CallClose
2026-04-29 00:58:55,660 | 24936 | 27496 | [open_context_base.py:410] _init_connect_sync: New connect ready: conn=7454937204800754292(154) context=<futu.quote.open_quote_context.OpenQuoteContext object at 0x00000128E413AFD0>
2026-04-29 00:58:55,660 | 24936 | 5008 | [open_context_base.py:518] on_disconnect: Disconnected: conn=0(154) reason=CallClose
2026-04-29 00:58:55,674 | 24936 | 27496 | [open_context_base.py:410] _init_connect_sync: New connect ready: conn=7454937204806229592(155) context=<futu.quote.open_quote_context.OpenQuoteContext object at 0x00000128E413B100>
  00:58:55 价格更新: 1个持仓
2026-04-29 00:58:55,707 | 24936 | 5008 | [open_context_base.py:518] on_disconnect: Disconnected: conn=0(155) reason=CallClose

--- 第 7 轮美股盘中扫描 (美股10min) ---
2026-04-29 00:59:45,711 | 24936 | 27496 | [open_context_base.py:410] _init_connect_sync: New connect ready: conn=7454937414730525326(156) context=<futu.quote.open_quote_context.OpenQuoteContext object at 0x00000128E413B230>
  扫描 US2026-04-29 00:59:45,712 | 24936 | 5008 | [open_context_base.py:518] on_disconnect: Disconnected: conn=0(156) reason=CallClose
...
2026-04-29 00:59:45,731 | 24936 | 27496 | [open_context_base.py:410] _init_connect_sync: New connect ready: conn=7454937414768320420(157) context=<futu.quote.open_quote_context.OpenQuoteContext object at 0x00000128E413B360>
  US: 无异动

  盘中总计: 0 个补牢机会
2026-04-29 00:59:45,732 | 24936 | 5008 | [open_context_base.py:518] on_disconnect: Disconnected: conn=0(157) reason=CallClose
2026-04-29 00:59:55,735 | 24936 | 27496 | [open_context_base.py:410] _init_connect_sync: New connect ready: conn=7454937456765420883(158) context=<futu.quote.open_quote_context.OpenQuoteContext object at 0x00000128E413B490>
2026-04-29 00:59:55,736 | 24936 | 5008 | [open_context_base.py:518] on_disconnect: Disconnected: conn=0(158) reason=CallClose
2026-04-29 00:59:55,747 | 24936 | 27496 | [open_context_base.py:410] _init_connect_sync: New connect ready: conn=7454937456777923441(159) context=<futu.quote.open_quote_context.OpenQuoteContext object at 0x00000128E413B5C0>
  00:59:55 价格更新: 1个持仓
2026-04-29 00:59:55,777 | 24936 | 5008 | [open_context_base.py:518] on_disconnect: Disconnected: conn=0(159) reason=CallClose
2026-04-29 01:00:55,781 | 24936 | 27496 | [open_context_base.py:410] _init_connect_sync: New connect ready: conn=7454937708620712407(160) context=<futu.quote.open_quote_context.OpenQuoteContext object at 0x00000128E413B6F0>
2026-04-29 01:00:55,782 | 24936 | 5008 | [open_context_base.py:518] on_disconnect: Disconnected: conn=0(160) reason=CallClose
2026-04-29 01:00:55,783 | 24936 | 27496 | [open_context_base.py:410] _init_connect_sync: New connect ready: conn=7454937708637011664(161) context=<futu.quote.open_quote_context.OpenQuoteContext object at 0x00000128E413B820>
  01:00:55 价格更新: 1个持仓
2026-04-29 01:00:55,816 | 24936 | 5008 | [open_context_base.py:518] on_disconnect: Disconnected: conn=0(161) reason=CallClose
2026-04-29 01:01:55,831 | 24936 | 27496 | [open_context_base.py:410] _init_connect_sync: New connect ready: conn=7454937960438886716(162) context=<futu.quote.open_quote_context.OpenQuoteContext object at 0x00000128E413B950>
2026-04-29 01:01:55,832 | 24936 | 5008 | [open_context_base.py:518] on_disconnect: Disconnected: conn=0(162) reason=CallClose
2026-04-29 01:01:55,834 | 24936 | 27496 | [open_context_base.py:410] _init_connect_sync: New connect ready: conn=7454937960502090833(163) context=<futu.quote.open_quote_context.OpenQuoteContext object at 0x00000128E413BA80>
  01:01:55 价格更新: 1个持仓
2026-04-29 01:01:55,876 | 24936 | 5008 | [open_context_base.py:518] on_disconnect: Disconnected: conn=0(163) reason=CallClose
2026-04-29 01:02:55,894 | 24936 | 27496 | [open_context_base.py:410] _init_connect_sync: New connect ready: conn=7454938212369138436(164) context=<futu.quote.open_quote_context.OpenQuoteContext object at 0x00000128E413BBB0>
2026-04-29 01:02:55,895 | 24936 | 5008 | [open_context_base.py:518] on_disconnect: Disconnected: conn=0(164) reason=CallClose
2026-04-29 01:02:55,897 | 24936 | 27496 | [open_context_base.py:410] _init_connect_sync: New connect ready: conn=7454938212425868391(165) context=<futu.quote.open_quote_context.OpenQuoteContext object at 0x00000128E413BCE0>
  01:02:55 价格更新: 1个持仓
2026-04-29 01:02:55,929 | 24936 | 5008 | [open_context_base.py:518] on_disconnect: Disconnected: conn=0(165) reason=CallClose
2026-04-29 01:03:55,934 | 24936 | 27496 | [open_context_base.py:410] _init_connect_sync: New connect ready: conn=7454938464241129969(166) context=<futu.quote.open_quote_context.OpenQuoteContext object at 0x00000128E413BE10>
2026-04-29 01:03:55,935 | 24936 | 5008 | [open_context_base.py:518] on_disconnect: Disconnected: conn=0(166) reason=CallClose
2026-04-29 01:03:55,937 | 24936 | 27496 | [open_context_base.py:410] _init_connect_sync: New connect ready: conn=7454938464252480627(167) context=<futu.quote.open_quote_context.OpenQuoteContext object at 0x00000128E41E4050>
  01:03:55 价格更新: 1个持仓
2026-04-29 01:03:55,968 | 24936 | 5008 | [open_context_base.py:518] on_disconnect: Disconnected: conn=0(167) reason=CallClose
2026-04-29 01:04:55,986 | 24936 | 27496 | [open_context_base.py:410] _init_connect_sync: New connect ready: conn=7454938716063024198(168) context=<futu.quote.open_quote_context.OpenQuoteContext object at 0x00000128E41E4180>
2026-04-29 01:04:55,987 | 24936 | 5008 | [open_context_base.py:518] on_disconnect: Disconnected: conn=0(168) reason=CallClose
2026-04-29 01:04:55,988 | 24936 | 27496 | [open_context_base.py:410] _init_connect_sync: New connect ready: conn=7454938716124725527(169) context=<futu.quote.open_quote_context.OpenQuoteContext object at 0x00000128E41E42B0>
[M9] 无法获取价格: 000651.SZ
2026-04-29 01:04:55,990 | 24936 | 5008 | [open_context_base.py:518] on_disconnect: Disconnected: conn=0(169) reason=CallClose
2026-04-29 01:05:55,996 | 24936 | 27496 | [open_context_base.py:410] _init_connect_sync: New connect ready: conn=7454938967811952867(170) context=<futu.quote.open_quote_context.OpenQuoteContext object at 0x00000128E41E43E0>
2026-04-29 01:05:55,997 | 24936 | 5008 | [open_context_base.py:518] on_disconnect: Disconnected: conn=0(170) reason=CallClose
2026-04-29 01:05:56,000 | 24936 | 27496 | [open_context_base.py:410] _init_connect_sync: New connect ready: conn=7454938967830202701(171) context=<futu.quote.open_quote_context.OpenQuoteContext object at 0x00000128E41E4510>
  01:05:56 价格更新: 1个持仓
2026-04-29 01:05:56,035 | 24936 | 5008 | [open_context_base.py:518] on_disconnect: Disconnected: conn=0(171) reason=CallClose
2026-04-29 01:06:56,051 | 24936 | 27496 | [open_context_base.py:410] _init_connect_sync: New connect ready: conn=7454939219648760943(172) context=<futu.quote.open_quote_context.OpenQuoteContext object at 0x00000128E41E4640>
2026-04-29 01:06:56,052 | 24936 | 5008 | [open_context_base.py:518] on_disconnect: Disconnected: conn=0(172) reason=CallClose
2026-04-29 01:06:56,054 | 24936 | 27496 | [open_context_base.py:410] _init_connect_sync: New connect ready: conn=7454939219717663752(173) context=<futu.quote.open_quote_context.OpenQuoteContext object at 0x00000128E41E4770>
  01:06:56 价格更新: 1个持仓
2026-04-29 01:06:56,084 | 24936 | 5008 | [open_context_base.py:518] on_disconnect: Disconnected: conn=0(173) reason=CallClose
2026-04-29 01:07:56,090 | 24936 | 27496 | [open_context_base.py:410] _init_connect_sync: New connect ready: conn=7454939471525111471(174) context=<futu.quote.open_quote_context.OpenQuoteContext object at 0x00000128E41E48A0>
2026-04-29 01:07:56,091 | 24936 | 5008 | [open_context_base.py:518] on_disconnect: Disconnected: conn=0(174) reason=CallClose
2026-04-29 01:07:56,093 | 24936 | 27496 | [open_context_base.py:410] _init_connect_sync: New connect ready: conn=7454939471535883137(175) context=<futu.quote.open_quote_context.OpenQuoteContext object at 0x00000128E41E49D0>
  01:07:56 价格更新: 1个持仓
2026-04-29 01:07:56,122 | 24936 | 5008 | [open_context_base.py:518] on_disconnect: Disconnected: conn=0(175) reason=CallClose
2026-04-29 01:08:56,126 | 24936 | 27496 | [open_context_base.py:410] _init_connect_sync: New connect ready: conn=7454939723335208312(176) context=<futu.quote.open_quote_context.OpenQuoteContext object at 0x00000128E41E4B00>
2026-04-29 01:08:56,127 | 24936 | 5008 | [open_context_base.py:518] on_disconnect: Disconnected: conn=0(176) reason=CallClose
2026-04-29 01:08:56,129 | 24936 | 27496 | [open_context_base.py:410] _init_connect_sync: New connect ready: conn=7454939723350100259(177) context=<futu.quote.open_quote_context.OpenQuoteContext object at 0x00000128E41E4C30>
  01:08:56 价格更新: 1个持仓
2026-04-29 01:08:56,160 | 24936 | 5008 | [open_context_base.py:518] on_disconnect: Disconnected: conn=0(177) reason=CallClose

--- 第 8 轮美股盘中扫描 (美股10min) ---
2026-04-29 01:09:46,174 | 24936 | 27496 | [open_context_base.py:410] _init_connect_sync: New connect ready: conn=7454939933213908509(178) context=<futu.quote.open_quote_context.OpenQuoteContext object at 0x00000128E41E4D60>
  2026-04-29 01:09:46,175 | 24936 | 5008 | [open_context_base.py:518] on_disconnect: Disconnected: conn=0(178) reason=CallClose
扫描 US...
2026-04-29 01:09:46,197 | 24936 | 27496 | [open_context_base.py:410] _init_connect_sync: New connect ready: conn=7454939933293743414(179) context=<futu.quote.open_quote_context.OpenQuoteContext object at 0x00000128E41E4E90>
  US: 无异动

  盘中总计: 0 个补牢机会
2026-04-29 01:09:46,198 | 24936 | 5008 | [open_context_base.py:518] on_disconnect: Disconnected: conn=0(179) reason=CallClose
2026-04-29 01:09:56,200 | 24936 | 27496 | [open_context_base.py:410] _init_connect_sync: New connect ready: conn=7454939975307852018(180) context=<futu.quote.open_quote_context.OpenQuoteContext object at 0x00000128E41E4FC0>
2026-04-29 01:09:56,201 | 24936 | 5008 | [open_context_base.py:518] on_disconnect: Disconnected: conn=0(180) reason=CallClose
2026-04-29 01:09:56,203 | 24936 | 27496 | [open_context_base.py:410] _init_connect_sync: New connect ready: conn=7454939975314946873(181) context=<futu.quote.open_quote_context.OpenQuoteContext object at 0x00000128E41E50F0>
  01:09:56 价格更新: 1个持仓
2026-04-29 01:09:56,238 | 24936 | 5008 | [open_context_base.py:518] on_disconnect: Disconnected: conn=0(181) reason=CallClose
2026-04-29 01:10:56,255 | 24936 | 27496 | [open_context_base.py:410] _init_connect_sync: New connect ready: conn=7454940227141051998(182) context=<futu.quote.open_quote_context.OpenQuoteContext object at 0x00000128E41E5220>
2026-04-29 01:10:56,256 | 24936 | 5008 | [open_context_base.py:518] on_disconnect: Disconnected: conn=0(182) reason=CallClose
2026-04-29 01:10:56,258 | 24936 | 27496 | [open_context_base.py:410] _init_connect_sync: New connect ready: conn=7454940227204415280(183) context=<futu.quote.open_quote_context.OpenQuoteContext object at 0x00000128E41E5350>
  01:10:56 价格更新: 1个持仓
2026-04-29 01:10:56,290 | 24936 | 5008 | [open_context_base.py:518] on_disconnect: Disconnected: conn=0(183) reason=CallClose
2026-04-29 01:11:56,293 | 24936 | 27496 | [open_context_base.py:410] _init_connect_sync: New connect ready: conn=7454940479011848107(184) context=<futu.quote.open_quote_context.OpenQuoteContext object at 0x00000128E41E5480>
2026-04-29 01:11:56,294 | 24936 | 5008 | [open_context_base.py:518] on_disconnect: Disconnected: conn=0(184) reason=CallClose
2026-04-29 01:11:56,296 | 24936 | 27496 | [open_context_base.py:410] _init_connect_sync: New connect ready: conn=7454940479020130587(185) context=<futu.quote.open_quote_context.OpenQuoteContext object at 0x00000128E41E55B0>
  01:11:56 价格更新: 1个持仓
2026-04-29 01:11:56,326 | 24936 | 5008 | [open_context_base.py:518] on_disconnect: Disconnected: conn=0(185) reason=CallClose
2026-04-29 01:12:56,330 | 24936 | 27496 | [open_context_base.py:410] _init_connect_sync: New connect ready: conn=7454940730825749711(186) context=<futu.quote.open_quote_context.OpenQuoteContext object at 0x00000128E41E56E0>
2026-04-29 01:12:56,330 | 24936 | 5008 | [open_context_base.py:518] on_disconnect: Disconnected: conn=0(186) reason=CallClose
2026-04-29 01:12:56,333 | 24936 | 27496 | [open_context_base.py:410] _init_connect_sync: New connect ready: conn=7454940730833084643(187) context=<futu.quote.open_quote_context.OpenQuoteContext object at 0x00000128E41E5810>
  01:12:56 价格更新: 1个持仓
2026-04-29 01:12:56,365 | 24936 | 5008 | [open_context_base.py:518] on_disconnect: Disconnected: conn=0(187) reason=CallClose
2026-04-29 01:13:56,369 | 24936 | 27496 | [open_context_base.py:410] _init_connect_sync: New connect ready: conn=7454940982641720960(188) context=<futu.quote.open_quote_context.OpenQuoteContext object at 0x00000128E41E5940>
2026-04-29 01:13:56,370 | 24936 | 5008 | [open_context_base.py:518] on_disconnect: Disconnected: conn=0(188) reason=CallClose
2026-04-29 01:13:56,372 | 24936 | 27496 | [open_context_base.py:410] _init_connect_sync: New connect ready: conn=7454940982660733925(189) context=<futu.quote.open_quote_context.OpenQuoteContext object at 0x00000128E41E5A70>
  01:13:56 价格更新: 1个持仓
2026-04-29 01:13:56,404 | 24936 | 5008 | [open_context_base.py:518] on_disconnect: Disconnected: conn=0(189) reason=CallClose
2026-04-29 01:14:56,408 | 24936 | 27496 | [open_context_base.py:410] _init_connect_sync: New connect ready: conn=7454941234469224820(190) context=<futu.quote.open_quote_context.OpenQuoteContext object at 0x00000128E41E5BA0>
2026-04-29 01:14:56,409 | 24936 | 5008 | [open_context_base.py:518] on_disconnect: Disconnected: conn=0(190) reason=CallClose
2026-04-29 01:14:56,421 | 24936 | 27496 | [open_context_base.py:410] _init_connect_sync: New connect ready: conn=7454941234478305357(191) context=<futu.quote.open_quote_context.OpenQuoteContext object at 0x00000128E41E5CD0>
[M9] 无法获取价格: 000651.SZ
2026-04-29 01:14:56,423 | 24936 | 5008 | [open_context_base.py:518] on_disconnect: Disconnected: conn=0(191) reason=CallClose
2026-04-29 01:15:56,437 | 24936 | 27496 | [open_context_base.py:410] _init_connect_sync: New connect ready: conn=7454941486206914198(192) context=<futu.quote.open_quote_context.OpenQuoteContext object at 0x00000128E41E5E00>
2026-04-29 01:15:56,438 | 24936 | 5008 | [open_context_base.py:518] on_disconnect: Disconnected: conn=0(192) reason=CallClose
2026-04-29 01:15:56,440 | 24936 | 27496 | [open_context_base.py:410] _init_connect_sync: New connect ready: conn=7454941486259047396(193) context=<futu.quote.open_quote_context.OpenQuoteContext object at 0x00000128E41E5F30>
  01:15:56 价格更新: 1个持仓
2026-04-29 01:15:56,468 | 24936 | 5008 | [open_context_base.py:518] on_disconnect: Disconnected: conn=0(193) reason=CallClose
2026-04-29 01:16:56,485 | 24936 | 27496 | [open_context_base.py:410] _init_connect_sync: New connect ready: conn=7454941738061839613(194) context=<futu.quote.open_quote_context.OpenQuoteContext object at 0x00000128E41E6060>
2026-04-29 01:16:56,486 | 24936 | 5008 | [open_context_base.py:518] on_disconnect: Disconnected: conn=0(194) reason=CallClose
2026-04-29 01:16:56,487 | 24936 | 27496 | [open_context_base.py:410] _init_connect_sync: New connect ready: conn=7454941738121936057(195) context=<futu.quote.open_quote_context.OpenQuoteContext object at 0x00000128E41E6190>
  01:16:56 价格更新: 1个持仓
2026-04-29 01:16:56,517 | 24936 | 5008 | [open_context_base.py:518] on_disconnect: Disconnected: conn=0(195) reason=CallClose
2026-04-29 01:17:56,523 | 24936 | 27496 | [open_context_base.py:410] _init_connect_sync: New connect ready: conn=7454941989920946311(196) context=<futu.quote.open_quote_context.OpenQuoteContext object at 0x00000128E41E62C0>
2026-04-29 01:17:56,524 | 24936 | 5008 | [open_context_base.py:518] on_disconnect: Disconnected: conn=0(196) reason=CallClose
2026-04-29 01:17:56,525 | 24936 | 27496 | [open_context_base.py:410] _init_connect_sync: New connect ready: conn=7454941989938949497(197) context=<futu.quote.open_quote_context.OpenQuoteContext object at 0x00000128E41E63F0>
  01:17:56 价格更新: 1个持仓
2026-04-29 01:17:56,553 | 24936 | 5008 | [open_context_base.py:518] on_disconnect: Disconnected: conn=0(197) reason=CallClose
2026-04-29 01:18:56,570 | 24936 | 27496 | [open_context_base.py:410] _init_connect_sync: New connect ready: conn=7454942241734724906(198) context=<futu.quote.open_quote_context.OpenQuoteContext object at 0x00000128E41E6520>
2026-04-29 01:18:56,570 | 24936 | 5008 | [open_context_base.py:518] on_disconnect: Disconnected: conn=0(198) reason=CallClose
2026-04-29 01:18:56,584 | 24936 | 27496 | [open_context_base.py:410] _init_connect_sync: New connect ready: conn=7454942241789269612(199) context=<futu.quote.open_quote_context.OpenQuoteContext object at 0x00000128E41E6650>
  01:18:56 价格更新: 1个持仓
2026-04-29 01:18:56,613 | 24936 | 5008 | [open_context_base.py:518] on_disconnect: Disconnected: conn=0(199) reason=CallClose

--- 第 9 轮美股盘中扫描 (美股10min) ---
2026-04-29 01:19:46,631 | 24936 | 27496 | [open_context_base.py:410] _init_connect_sync: New connect ready: conn=7454942451700078110(200) context=<futu.quote.open_quote_context.OpenQuoteContext object at 0x00000128E41E6780>
  扫描 US...
2026-04-29 01:19:46,632 | 24936 | 5008 | [open_context_base.py:518] on_disconnect: Disconnected: conn=0(200) reason=CallClose
2026-04-29 01:19:46,652 | 24936 | 27496 | [open_context_base.py:410] _init_connect_sync: New connect ready: conn=7454942451788807015(201) context=<futu.quote.open_quote_context.OpenQuoteContext object at 0x00000128E41E68B0>
  US: 无异动

  盘中总计: 0 个补牢机会
2026-04-29 01:19:46,654 | 24936 | 5008 | [open_context_base.py:518] on_disconnect: Disconnected: conn=0(201) reason=CallClose
2026-04-29 01:19:56,656 | 24936 | 27496 | [open_context_base.py:410] _init_connect_sync: New connect ready: conn=7454942493798650667(202) context=<futu.quote.open_quote_context.OpenQuoteContext object at 0x00000128E41E69E0>
2026-04-29 01:19:56,657 | 24936 | 5008 | [open_context_base.py:518] on_disconnect: Disconnected: conn=0(202) reason=CallClose
2026-04-29 01:19:56,670 | 24936 | 27496 | [open_context_base.py:410] _init_connect_sync: New connect ready: conn=7454942493810052577(203) context=<futu.quote.open_quote_context.OpenQuoteContext object at 0x00000128E41E6B10>
  01:19:56 价格更新: 1个持仓
2026-04-29 01:19:56,703 | 24936 | 5008 | [open_context_base.py:518] on_disconnect: Disconnected: conn=0(203) reason=CallClose
2026-04-29 01:20:56,719 | 24936 | 27496 | [open_context_base.py:410] _init_connect_sync: New connect ready: conn=7454942745671810817(204) context=<futu.quote.open_quote_context.OpenQuoteContext object at 0x00000128E41E6C40>
2026-04-29 01:20:56,720 | 24936 | 5008 | [open_context_base.py:518] on_disconnect: Disconnected: conn=0(204) reason=CallClose
2026-04-29 01:20:56,722 | 24936 | 27496 | [open_context_base.py:410] _init_connect_sync: New connect ready: conn=7454942745735757542(205) context=<futu.quote.open_quote_context.OpenQuoteContext object at 0x00000128E41E6D70>
  01:20:56 价格更新: 1个持仓
2026-04-29 01:20:56,758 | 24936 | 5008 | [open_context_base.py:518] on_disconnect: Disconnected: conn=0(205) reason=CallClose
2026-04-29 01:21:56,763 | 24936 | 27496 | [open_context_base.py:410] _init_connect_sync: New connect ready: conn=7454942997565209082(206) context=<futu.quote.open_quote_context.OpenQuoteContext object at 0x00000128E41E6EA0>
2026-04-29 01:21:56,764 | 24936 | 5008 | [open_context_base.py:518] on_disconnect: Disconnected: conn=0(206) reason=CallClose
2026-04-29 01:21:56,765 | 24936 | 27496 | [open_context_base.py:410] _init_connect_sync: New connect ready: conn=7454942997574439108(207) context=<futu.quote.open_quote_context.OpenQuoteContext object at 0x00000128E41E6FD0>
  01:21:56 价格更新: 1个持仓
2026-04-29 01:21:56,831 | 24936 | 5008 | [open_context_base.py:518] on_disconnect: Disconnected: conn=0(207) reason=CallClose
2026-04-29 01:22:56,838 | 24936 | 27496 | [open_context_base.py:410] _init_connect_sync: New connect ready: conn=7454943249537938358(208) context=<futu.quote.open_quote_context.OpenQuoteContext object at 0x00000128E41E7100>
2026-04-29 01:22:56,838 | 24936 | 5008 | [open_context_base.py:518] on_disconnect: Disconnected: conn=0(208) reason=CallClose
2026-04-29 01:22:56,841 | 24936 | 27496 | [open_context_base.py:410] _init_connect_sync: New connect ready: conn=7454943249548611253(209) context=<futu.quote.open_quote_context.OpenQuoteContext object at 0x00000128E41E7230>
  01:22:56 价格更新: 1个持仓
2026-04-29 01:22:56,874 | 24936 | 5008 | [open_context_base.py:518] on_disconnect: Disconnected: conn=0(209) reason=CallClose
2026-04-29 01:23:56,879 | 24936 | 27496 | [open_context_base.py:410] _init_connect_sync: New connect ready: conn=7454943501362817453(210) context=<futu.quote.open_quote_context.OpenQuoteContext object at 0x00000128E41E7360>
2026-04-29 01:23:56,879 | 24936 | 5008 | [open_context_base.py:518] on_disconnect: Disconnected: conn=0(210) reason=CallClose
2026-04-29 01:23:56,881 | 24936 | 27496 | [open_context_base.py:410] _init_connect_sync: New connect ready: conn=7454943501375904488(211) context=<futu.quote.open_quote_context.OpenQuoteContext object at 0x00000128E41E7490>
  01:23:56 价格更新: 1个持仓
2026-04-29 01:23:56,910 | 24936 | 5008 | [open_context_base.py:518] on_disconnect: Disconnected: conn=0(211) reason=CallClose
2026-04-29 01:24:56,927 | 24936 | 27496 | [open_context_base.py:410] _init_connect_sync: New connect ready: conn=7454943753181150393(212) context=<futu.quote.open_quote_context.OpenQuoteContext object at 0x00000128E41E75C0>
2026-04-29 01:24:56,928 | 24936 | 5008 | [open_context_base.py:518] on_disconnect: Disconnected: conn=0(212) reason=CallClose
2026-04-29 01:24:56,940 | 24936 | 27496 | [open_context_base.py:410] _init_connect_sync: New connect ready: conn=7454943753240403573(213) context=<futu.quote.open_quote_context.OpenQuoteContext object at 0x00000128E41E76F0>
[M9] 无法获取价格: 000651.SZ
2026-04-29 01:24:56,941 | 24936 | 5008 | [open_context_base.py:518] on_disconnect: Disconnected: conn=0(213) reason=CallClose
2026-04-29 01:25:56,956 | 24936 | 27496 | [open_context_base.py:410] _init_connect_sync: New connect ready: conn=7454944004961314502(214) context=<futu.quote.open_quote_context.OpenQuoteContext object at 0x00000128E41E7820>
2026-04-29 01:25:56,957 | 24936 | 5008 | [open_context_base.py:518] on_disconnect: Disconnected: conn=0(214) reason=CallClose
2026-04-29 01:25:56,971 | 24936 | 27496 | [open_context_base.py:410] _init_connect_sync: New connect ready: conn=7454944005020584814(215) context=<futu.quote.open_quote_context.OpenQuoteContext object at 0x00000128E41E7950>
  01:25:57 价格更新: 1个持仓
2026-04-29 01:25:57,004 | 24936 | 5008 | [open_context_base.py:518] on_disconnect: Disconnected: conn=0(215) reason=CallClose
2026-04-29 01:26:57,021 | 24936 | 27496 | [open_context_base.py:410] _init_connect_sync: New connect ready: conn=7454944256888948563(216) context=<futu.quote.open_quote_context.OpenQuoteContext object at 0x00000128E41E7A80>
2026-04-29 01:26:57,022 | 24936 | 5008 | [open_context_base.py:518] on_disconnect: Disconnected: conn=0(216) reason=CallClose
2026-04-29 01:26:57,036 | 24936 | 27496 | [open_context_base.py:410] _init_connect_sync: New connect ready: conn=7454944256946399682(217) context=<futu.quote.open_quote_context.OpenQuoteContext object at 0x00000128E41E7BB0>
  01:26:57 价格更新: 1个持仓
2026-04-29 01:26:57,065 | 24936 | 5008 | [open_context_base.py:518] on_disconnect: Disconnected: conn=0(217) reason=CallClose
2026-04-29 01:27:57,082 | 24936 | 27496 | [open_context_base.py:410] _init_connect_sync: New connect ready: conn=7454944508805741821(218) context=<futu.quote.open_quote_context.OpenQuoteContext object at 0x00000128E41E7CE0>
2026-04-29 01:27:57,083 | 24936 | 5008 | [open_context_base.py:518] on_disconnect: Disconnected: conn=0(218) reason=CallClose
2026-04-29 01:27:57,086 | 24936 | 27496 | [open_context_base.py:410] _init_connect_sync: New connect ready: conn=7454944508863426851(219) context=<futu.quote.open_quote_context.OpenQuoteContext object at 0x00000128E41E7E10>
  01:27:57 价格更新: 1个持仓
2026-04-29 01:27:57,119 | 24936 | 5008 | [open_context_base.py:518] on_disconnect: Disconnected: conn=0(219) reason=CallClose
2026-04-29 01:28:57,124 | 24936 | 27496 | [open_context_base.py:410] _init_connect_sync: New connect ready: conn=7454944760682766791(220) context=<futu.quote.open_quote_context.OpenQuoteContext object at 0x00000128E4258050>
2026-04-29 01:28:57,125 | 24936 | 5008 | [open_context_base.py:518] on_disconnect: Disconnected: conn=0(220) reason=CallClose
2026-04-29 01:28:57,127 | 24936 | 27496 | [open_context_base.py:410] _init_connect_sync: New connect ready: conn=7454944760694111619(221) context=<futu.quote.open_quote_context.OpenQuoteContext object at 0x00000128E4258180>
  01:28:57 价格更新: 1个持仓
2026-04-29 01:28:57,166 | 24936 | 5008 | [open_context_base.py:518] on_disconnect: Disconnected: conn=0(221) reason=CallClose

--- 第 10 轮美股盘中扫描 (美股10min) ---
2026-04-29 01:29:47,170 | 24936 | 27496 | [open_context_base.py:410] _init_connect_sync: New connect ready: conn=7454944970596557950(222) context=<futu.quote.open_quote_context.OpenQuoteContext object at 0x00000128E42582B0>
  扫描 US...
2026-04-29 01:29:47,171 | 24936 | 5008 | [open_context_base.py:518] on_disconnect: Disconnected: conn=0(222) reason=CallClose
2026-04-29 01:29:47,190 | 24936 | 27496 | [open_context_base.py:410] _init_connect_sync: New connect ready: conn=7454944970632840818(223) context=<futu.quote.open_quote_context.OpenQuoteContext object at 0x00000128E42583E0>
  US: 无异动

  盘中总计: 0 个补牢机会
2026-04-29 01:29:47,191 | 24936 | 5008 | [open_context_base.py:518] on_disconnect: Disconnected: conn=0(223) reason=CallClose
2026-04-29 01:29:57,203 | 24936 | 27496 | [open_context_base.py:410] _init_connect_sync: New connect ready: conn=7454945012639876347(224) context=<futu.quote.open_quote_context.OpenQuoteContext object at 0x00000128E4258510>
2026-04-29 01:29:57,204 | 24936 | 5008 | [open_context_base.py:518] on_disconnect: Disconnected: conn=0(224) reason=CallClose
2026-04-29 01:29:57,206 | 24936 | 27496 | [open_context_base.py:410] _init_connect_sync: New connect ready: conn=7454945012687322779(225) context=<futu.quote.open_quote_context.OpenQuoteContext object at 0x00000128E4258640>
  01:29:57 价格更新: 1个持仓
2026-04-29 01:29:57,235 | 24936 | 5008 | [open_context_base.py:518] on_disconnect: Disconnected: conn=0(225) reason=CallClose
2026-04-29 01:30:57,252 | 24936 | 27496 | [open_context_base.py:410] _init_connect_sync: New connect ready: conn=7454945264491709151(226) context=<futu.quote.open_quote_context.OpenQuoteContext object at 0x00000128E4258770>
2026-04-29 01:30:57,253 | 24936 | 5008 | [open_context_base.py:518] on_disconnect: Disconnected: conn=0(226) reason=CallClose
2026-04-29 01:30:57,266 | 24936 | 27496 | [open_context_base.py:410] _init_connect_sync: New connect ready: conn=7454945264551314642(227) context=<futu.quote.open_quote_context.OpenQuoteContext object at 0x00000128E42588A0>
  01:30:57 价格更新: 1个持仓
2026-04-29 01:30:57,298 | 24936 | 5008 | [open_context_base.py:518] on_disconnect: Disconnected: conn=0(227) reason=CallClose
2026-04-29 01:31:57,314 | 24936 | 27496 | [open_context_base.py:410] _init_connect_sync: New connect ready: conn=7454945516405832555(228) context=<futu.quote.open_quote_context.OpenQuoteContext object at 0x00000128E42589D0>
2026-04-29 01:31:57,315 | 24936 | 5008 | [open_context_base.py:518] on_disconnect: Disconnected: conn=0(228) reason=CallClose
2026-04-29 01:31:57,317 | 24936 | 27496 | [open_context_base.py:410] _init_connect_sync: New connect ready: conn=7454945516468960600(229) context=<futu.quote.open_quote_context.OpenQuoteContext object at 0x00000128E4258B00>
  01:31:57 价格更新: 1个持仓
2026-04-29 01:31:57,347 | 24936 | 5008 | [open_context_base.py:518] on_disconnect: Disconnected: conn=0(229) reason=CallClose
2026-04-29 01:32:57,365 | 24936 | 27496 | [open_context_base.py:410] _init_connect_sync: New connect ready: conn=7454945768274723791(230) context=<futu.quote.open_quote_context.OpenQuoteContext object at 0x00000128E4258C30>
2026-04-29 01:32:57,366 | 24936 | 5008 | [open_context_base.py:518] on_disconnect: Disconnected: conn=0(230) reason=CallClose
2026-04-29 01:32:57,380 | 24936 | 27496 | [open_context_base.py:410] _init_connect_sync: New connect ready: conn=7454945768341969087(231) context=<futu.quote.open_quote_context.OpenQuoteContext object at 0x00000128E4258D60>
  01:32:57 价格更新: 1个持仓
2026-04-29 01:32:57,410 | 24936 | 5008 | [open_context_base.py:518] on_disconnect: Disconnected: conn=0(231) reason=CallClose
2026-04-29 01:33:57,425 | 24936 | 27496 | [open_context_base.py:410] _init_connect_sync: New connect ready: conn=7454946020197135269(232) context=<futu.quote.open_quote_context.OpenQuoteContext object at 0x00000128E4258E90>
2026-04-29 01:33:57,426 | 24936 | 5008 | [open_context_base.py:518] on_disconnect: Disconnected: conn=0(232) reason=CallClose
2026-04-29 01:33:57,427 | 24936 | 27496 | [open_context_base.py:410] _init_connect_sync: New connect ready: conn=7454946020253935082(233) context=<futu.quote.open_quote_context.OpenQuoteContext object at 0x00000128E4258FC0>
  01:33:57 价格更新: 1个持仓
2026-04-29 01:33:57,456 | 24936 | 5008 | [open_context_base.py:518] on_disconnect: Disconnected: conn=0(233) reason=CallClose
2026-04-29 01:34:57,474 | 24936 | 27496 | [open_context_base.py:410] _init_connect_sync: New connect ready: conn=7454946272054687101(234) context=<futu.quote.open_quote_context.OpenQuoteContext object at 0x00000128E42590F0>
2026-04-29 01:34:57,475 | 24936 | 5008 | [open_context_base.py:518] on_disconnect: Disconnected: conn=0(234) reason=CallClose
2026-04-29 01:34:57,488 | 24936 | 27496 | [open_context_base.py:410] _init_connect_sync: New connect ready: conn=7454946272114672059(235) context=<futu.quote.open_quote_context.OpenQuoteContext object at 0x00000128E4259220>
[M9] 无法获取价格: 000651.SZ
2026-04-29 01:34:57,489 | 24936 | 5008 | [open_context_base.py:518] on_disconnect: Disconnected: conn=0(235) reason=CallClose
2026-04-29 01:35:57,495 | 24936 | 27496 | [open_context_base.py:410] _init_connect_sync: New connect ready: conn=7454946523850860855(236) context=<futu.quote.open_quote_context.OpenQuoteContext object at 0x00000128E4259350>
2026-04-29 01:35:57,496 | 24936 | 5008 | [open_context_base.py:518] on_disconnect: Disconnected: conn=0(236) reason=CallClose
2026-04-29 01:35:57,498 | 24936 | 27496 | [open_context_base.py:410] _init_connect_sync: New connect ready: conn=7454946523861777515(237) context=<futu.quote.open_quote_context.OpenQuoteContext object at 0x00000128E4259480>
  01:35:57 价格更新: 1个持仓
2026-04-29 01:35:57,528 | 24936 | 5008 | [open_context_base.py:518] on_disconnect: Disconnected: conn=0(237) reason=CallClose
2026-04-29 01:36:57,532 | 24936 | 27496 | [open_context_base.py:410] _init_connect_sync: New connect ready: conn=7454946775665600204(238) context=<futu.quote.open_quote_context.OpenQuoteContext object at 0x00000128E42595B0>
2026-04-29 01:36:57,533 | 24936 | 5008 | [open_context_base.py:518] on_disconnect: Disconnected: conn=0(238) reason=CallClose
2026-04-29 01:36:57,546 | 24936 | 27496 | [open_context_base.py:410] _init_connect_sync: New connect ready: conn=7454946775675745896(239) context=<futu.quote.open_quote_context.OpenQuoteContext object at 0x00000128E42596E0>
  01:36:57 价格更新: 1个持仓
2026-04-29 01:36:57,576 | 24936 | 5008 | [open_context_base.py:518] on_disconnect: Disconnected: conn=0(239) reason=CallClose
2026-04-29 01:37:57,592 | 24936 | 27496 | [open_context_base.py:410] _init_connect_sync: New connect ready: conn=7454947027521242613(240) context=<futu.quote.open_quote_context.OpenQuoteContext object at 0x00000128E4259810>
2026-04-29 01:37:57,593 | 24936 | 5008 | [open_context_base.py:518] on_disconnect: Disconnected: conn=0(240) reason=CallClose
2026-04-29 01:37:57,605 | 24936 | 27496 | [open_context_base.py:410] _init_connect_sync: New connect ready: conn=7454947027581063958(241) context=<futu.quote.open_quote_context.OpenQuoteContext object at 0x00000128E4259940>
  01:37:57 价格更新: 1个持仓
2026-04-29 01:37:57,635 | 24936 | 5008 | [open_context_base.py:518] on_disconnect: Disconnected: conn=0(241) reason=CallClose
2026-04-29 01:38:57,639 | 24936 | 27496 | [open_context_base.py:410] _init_connect_sync: New connect ready: conn=7454947279422941880(242) context=<futu.quote.open_quote_context.OpenQuoteContext object at 0x00000128E4259A70>
2026-04-29 01:38:57,640 | 24936 | 5008 | [open_context_base.py:518] on_disconnect: Disconnected: conn=0(242) reason=CallClose
2026-04-29 01:38:57,652 | 24936 | 27496 | [open_context_base.py:410] _init_connect_sync: New connect ready: conn=7454947279435442958(243) context=<futu.quote.open_quote_context.OpenQuoteContext object at 0x00000128E4259BA0>
  01:38:57 价格更新: 1个持仓
2026-04-29 01:38:57,682 | 24936 | 5008 | [open_context_base.py:518] on_disconnect: Disconnected: conn=0(243) reason=CallClose

--- 第 11 轮美股盘中扫描 (美股10min) ---
2026-04-29 01:39:47,699 | 24936 | 27496 | [open_context_base.py:410] _init_connect_sync: New connect ready: conn=7454947489347230378(244) context=<futu.quote.open_quote_context.OpenQuoteContext object at 0x00000128E4259CD0>
  扫描 US...
2026-04-29 01:39:47,700 | 24936 | 5008 | [open_context_base.py:518] on_disconnect: Disconnected: conn=0(244) reason=CallClose
2026-04-29 01:39:47,719 | 24936 | 27496 | [open_context_base.py:410] _init_connect_sync: New connect ready: conn=7454947489430197344(245) context=<futu.quote.open_quote_context.OpenQuoteContext object at 0x00000128E4259E00>
  US: 无异动

  盘中总计: 0 个补牢机会
2026-04-29 01:39:47,720 | 24936 | 5008 | [open_context_base.py:518] on_disconnect: Disconnected: conn=0(245) reason=CallClose
2026-04-29 01:39:57,723 | 24936 | 27496 | [open_context_base.py:410] _init_connect_sync: New connect ready: conn=7454947531434755211(246) context=<futu.quote.open_quote_context.OpenQuoteContext object at 0x00000128E4259F30>
2026-04-29 01:39:57,723 | 24936 | 5008 | [open_context_base.py:518] on_disconnect: Disconnected: conn=0(246) reason=CallClose
2026-04-29 01:39:57,725 | 24936 | 27496 | [open_context_base.py:410] _init_connect_sync: New connect ready: conn=7454947531445995088(247) context=<futu.quote.open_quote_context.OpenQuoteContext object at 0x00000128E425A060>
  01:39:57 价格更新: 1个持仓
2026-04-29 01:39:57,756 | 24936 | 5008 | [open_context_base.py:518] on_disconnect: Disconnected: conn=0(247) reason=CallClose
2026-04-29 01:40:57,762 | 24936 | 27496 | [open_context_base.py:410] _init_connect_sync: New connect ready: conn=7454947783261039367(248) context=<futu.quote.open_quote_context.OpenQuoteContext object at 0x00000128E425A190>
2026-04-29 01:40:57,764 | 24936 | 5008 | [open_context_base.py:518] on_disconnect: Disconnected: conn=0(248) reason=CallClose
2026-04-29 01:40:57,766 | 24936 | 27496 | [open_context_base.py:410] _init_connect_sync: New connect ready: conn=7454947783277329380(249) context=<futu.quote.open_quote_context.OpenQuoteContext object at 0x00000128E425A2C0>
  01:40:57 价格更新: 1个持仓
2026-04-29 01:40:57,796 | 24936 | 5008 | [open_context_base.py:518] on_disconnect: Disconnected: conn=0(249) reason=CallClose
2026-04-29 01:41:57,802 | 24936 | 27496 | [open_context_base.py:410] _init_connect_sync: New connect ready: conn=7454948035085012509(250) context=<futu.quote.open_quote_context.OpenQuoteContext object at 0x00000128E425A3F0>
2026-04-29 01:41:57,802 | 24936 | 5008 | [open_context_base.py:518] on_disconnect: Disconnected: conn=0(250) reason=CallClose
2026-04-29 01:41:57,804 | 24936 | 27496 | [open_context_base.py:410] _init_connect_sync: New connect ready: conn=7454948035097693024(251) context=<futu.quote.open_quote_context.OpenQuoteContext object at 0x00000128E425A520>
  01:41:57 价格更新: 1个持仓
2026-04-29 01:41:57,834 | 24936 | 5008 | [open_context_base.py:518] on_disconnect: Disconnected: conn=0(251) reason=CallClose
2026-04-29 01:42:57,850 | 24936 | 27496 | [open_context_base.py:410] _init_connect_sync: New connect ready: conn=7454948286898943468(252) context=<futu.quote.open_quote_context.OpenQuoteContext object at 0x00000128E425A650>
2026-04-29 01:42:57,851 | 24936 | 5008 | [open_context_base.py:518] on_disconnect: Disconnected: conn=0(252) reason=CallClose
2026-04-29 01:42:57,864 | 24936 | 27496 | [open_context_base.py:410] _init_connect_sync: New connect ready: conn=7454948286959507787(253) context=<futu.quote.open_quote_context.OpenQuoteContext object at 0x00000128E425A780>
  01:42:57 价格更新: 1个持仓
2026-04-29 01:42:57,893 | 24936 | 5008 | [open_context_base.py:518] on_disconnect: Disconnected: conn=0(253) reason=CallClose
2026-04-29 01:43:57,909 | 24936 | 27496 | [open_context_base.py:410] _init_connect_sync: New connect ready: conn=7454948538811231159(254) context=<futu.quote.open_quote_context.OpenQuoteContext object at 0x00000128E425A8B0>
2026-04-29 01:43:57,910 | 24936 | 5008 | [open_context_base.py:518] on_disconnect: Disconnected: conn=0(254) reason=CallClose
2026-04-29 01:43:57,923 | 24936 | 27496 | [open_context_base.py:410] _init_connect_sync: New connect ready: conn=7454948538865158948(255) context=<futu.quote.open_quote_context.OpenQuoteContext object at 0x00000128E425A9E0>
  01:43:57 价格更新: 1个持仓
2026-04-29 01:43:57,955 | 24936 | 5008 | [open_context_base.py:518] on_disconnect: Disconnected: conn=0(255) reason=CallClose
2026-04-29 01:44:57,969 | 24936 | 27496 | [open_context_base.py:410] _init_connect_sync: New connect ready: conn=7454948790718777800(256) context=<futu.quote.open_quote_context.OpenQuoteContext object at 0x00000128E425AB10>
2026-04-29 01:44:57,970 | 24936 | 5008 | [open_context_base.py:518] on_disconnect: Disconnected: conn=0(256) reason=CallClose
2026-04-29 01:44:57,972 | 24936 | 27496 | [open_context_base.py:410] _init_connect_sync: New connect ready: conn=7454948790776017666(257) context=<futu.quote.open_quote_context.OpenQuoteContext object at 0x00000128E425AC40>
[M9] 无法获取价格: 000651.SZ
2026-04-29 01:44:57,973 | 24936 | 5008 | [open_context_base.py:518] on_disconnect: Disconnected: conn=0(257) reason=CallClose
2026-04-29 01:45:57,990 | 24936 | 27496 | [open_context_base.py:410] _init_connect_sync: New connect ready: conn=7454949042457666293(258) context=<futu.quote.open_quote_context.OpenQuoteContext object at 0x00000128E425AD70>
2026-04-29 01:45:57,991 | 24936 | 5008 | [open_context_base.py:518] on_disconnect: Disconnected: conn=0(258) reason=CallClose
2026-04-29 01:45:58,004 | 24936 | 27496 | [open_context_base.py:410] _init_connect_sync: New connect ready: conn=7454949042521466137(259) context=<futu.quote.open_quote_context.OpenQuoteContext object at 0x00000128E425AEA0>
  01:45:58 价格更新: 1个持仓
2026-04-29 01:45:58,032 | 24936 | 5008 | [open_context_base.py:518] on_disconnect: Disconnected: conn=0(259) reason=CallClose
2026-04-29 01:46:58,048 | 24936 | 27496 | [open_context_base.py:410] _init_connect_sync: New connect ready: conn=7454949294361094917(260) context=<futu.quote.open_quote_context.OpenQuoteContext object at 0x00000128E425AFD0>
2026-04-29 01:46:58,049 | 24936 | 5008 | [open_context_base.py:518] on_disconnect: Disconnected: conn=0(260) reason=CallClose
2026-04-29 01:46:58,063 | 24936 | 27496 | [open_context_base.py:410] _init_connect_sync: New connect ready: conn=7454949294423228202(261) context=<futu.quote.open_quote_context.OpenQuoteContext object at 0x00000128E425B100>
  01:46:58 价格更新: 1个持仓
2026-04-29 01:46:58,092 | 24936 | 5008 | [open_context_base.py:518] on_disconnect: Disconnected: conn=0(261) reason=CallClose
2026-04-29 01:47:58,096 | 24936 | 27496 | [open_context_base.py:410] _init_connect_sync: New connect ready: conn=7454949546266075739(262) context=<futu.quote.open_quote_context.OpenQuoteContext object at 0x00000128E425B230>
2026-04-29 01:47:58,097 | 24936 | 5008 | [open_context_base.py:518] on_disconnect: Disconnected: conn=0(262) reason=CallClose
2026-04-29 01:47:58,098 | 24936 | 27496 | [open_context_base.py:410] _init_connect_sync: New connect ready: conn=7454949546278051074(263) context=<futu.quote.open_quote_context.OpenQuoteContext object at 0x00000128E425B360>
  01:47:58 价格更新: 1个持仓
2026-04-29 01:47:58,128 | 24936 | 5008 | [open_context_base.py:518] on_disconnect: Disconnected: conn=0(263) reason=CallClose
2026-04-29 01:48:58,144 | 24936 | 27496 | [open_context_base.py:410] _init_connect_sync: New connect ready: conn=7454949798079323963(264) context=<futu.quote.open_quote_context.OpenQuoteContext object at 0x00000128E425B490>
2026-04-29 01:48:58,145 | 24936 | 5008 | [open_context_base.py:518] on_disconnect: Disconnected: conn=0(264) reason=CallClose
2026-04-29 01:48:58,147 | 24936 | 27496 | [open_context_base.py:410] _init_connect_sync: New connect ready: conn=7454949798143725776(265) context=<futu.quote.open_quote_context.OpenQuoteContext object at 0x00000128E425B5C0>
  01:48:58 价格更新: 1个持仓
2026-04-29 01:48:58,176 | 24936 | 5008 | [open_context_base.py:518] on_disconnect: Disconnected: conn=0(265) reason=CallClose

--- 第 12 轮美股盘中扫描 (美股10min) ---
2026-04-29 01:49:48,191 | 24936 | 27496 | [open_context_base.py:410] _init_connect_sync: New connect ready: conn=7454950008000245260(266) context=<futu.quote.open_quote_context.OpenQuoteContext object at 0x00000128E425B6F0>
2026-04-29 01:49:48,193 | 24936 | 5008 | [open_context_base.py:518] on_disconnect: Disconnected: conn=0(266) reason=CallClose
  扫描 US...
2026-04-29 01:49:48,201 | 24936 | 27496 | [open_context_base.py:410] _init_connect_sync: New connect ready: conn=7454950008084266675(267) context=<futu.quote.open_quote_context.OpenQuoteContext object at 0x00000128E425B820>
  US: 无异动

  盘中总计: 0 个补牢机会
2026-04-29 01:49:48,202 | 24936 | 5008 | [open_context_base.py:518] on_disconnect: Disconnected: conn=0(267) reason=CallClose
2026-04-29 01:49:58,205 | 24936 | 27496 | [open_context_base.py:410] _init_connect_sync: New connect ready: conn=7454950050038799148(268) context=<futu.quote.open_quote_context.OpenQuoteContext object at 0x00000128E425B950>
2026-04-29 01:49:58,206 | 24936 | 5008 | [open_context_base.py:518] on_disconnect: Disconnected: conn=0(268) reason=CallClose
2026-04-29 01:49:58,208 | 24936 | 27496 | [open_context_base.py:410] _init_connect_sync: New connect ready: conn=7454950050053325632(269) context=<futu.quote.open_quote_context.OpenQuoteContext object at 0x00000128E425BA80>
  01:49:58 价格更新: 1个持仓
2026-04-29 01:49:58,237 | 24936 | 5008 | [open_context_base.py:518] on_disconnect: Disconnected: conn=0(269) reason=CallClose
2026-04-29 01:50:58,253 | 24936 | 27496 | [open_context_base.py:410] _init_connect_sync: New connect ready: conn=7454950301854208351(270) context=<futu.quote.open_quote_context.OpenQuoteContext object at 0x00000128E425BBB0>
2026-04-29 01:50:58,254 | 24936 | 5008 | [open_context_base.py:518] on_disconnect: Disconnected: conn=0(270) reason=CallClose
2026-04-29 01:50:58,268 | 24936 | 27496 | [open_context_base.py:410] _init_connect_sync: New connect ready: conn=7454950301916404952(271) context=<futu.quote.open_quote_context.OpenQuoteContext object at 0x00000128E425BCE0>
  01:50:58 价格更新: 1个持仓
2026-04-29 01:50:58,301 | 24936 | 5008 | [open_context_base.py:518] on_disconnect: Disconnected: conn=0(271) reason=CallClose
2026-04-29 01:51:58,318 | 24936 | 27496 | [open_context_base.py:410] _init_connect_sync: New connect ready: conn=7454950553789472954(272) context=<futu.quote.open_quote_context.OpenQuoteContext object at 0x00000128E425BE10>
2026-04-29 01:51:58,319 | 24936 | 5008 | [open_context_base.py:518] on_disconnect: Disconnected: conn=0(272) reason=CallClose
2026-04-29 01:51:58,321 | 24936 | 27496 | [open_context_base.py:410] _init_connect_sync: New connect ready: conn=7454950553848354260(273) context=<futu.quote.open_quote_context.OpenQuoteContext object at 0x00000128E42E8050>
  01:51:58 价格更新: 1个持仓
2026-04-29 01:51:58,353 | 24936 | 5008 | [open_context_base.py:518] on_disconnect: Disconnected: conn=0(273) reason=CallClose
2026-04-29 01:52:58,358 | 24936 | 27496 | [open_context_base.py:410] _init_connect_sync: New connect ready: conn=7454950805661122686(274) context=<futu.quote.open_quote_context.OpenQuoteContext object at 0x00000128E42E8180>
2026-04-29 01:52:58,359 | 24936 | 5008 | [open_context_base.py:518] on_disconnect: Disconnected: conn=0(274) reason=CallClose
2026-04-29 01:52:58,373 | 24936 | 27496 | [open_context_base.py:410] _init_connect_sync: New connect ready: conn=7454950805666639510(275) context=<futu.quote.open_quote_context.OpenQuoteContext object at 0x00000128E42E82B0>
  01:52:58 价格更新: 1个持仓
2026-04-29 01:52:58,401 | 24936 | 5008 | [open_context_base.py:518] on_disconnect: Disconnected: conn=0(275) reason=CallClose
2026-04-29 01:53:58,406 | 24936 | 27496 | [open_context_base.py:410] _init_connect_sync: New connect ready: conn=7454951057520069687(276) context=<futu.quote.open_quote_context.OpenQuoteContext object at 0x00000128E42E83E0>
2026-04-29 01:53:58,407 | 24936 | 5008 | [open_context_base.py:518] on_disconnect: Disconnected: conn=0(276) reason=CallClose
2026-04-29 01:53:58,421 | 24936 | 27496 | [open_context_base.py:410] _init_connect_sync: New connect ready: conn=7454951057531805243(277) context=<futu.quote.open_quote_context.OpenQuoteContext object at 0x00000128E42E8510>
  01:53:58 价格更新: 1个持仓
2026-04-29 01:53:58,449 | 24936 | 5008 | [open_context_base.py:518] on_disconnect: Disconnected: conn=0(277) reason=CallClose
2026-04-29 01:54:58,465 | 24936 | 27496 | [open_context_base.py:410] _init_connect_sync: New connect ready: conn=7454951309373783275(278) context=<futu.quote.open_quote_context.OpenQuoteContext object at 0x00000128E42E8640>
2026-04-29 01:54:58,466 | 24936 | 5008 | [open_context_base.py:518] on_disconnect: Disconnected: conn=0(278) reason=CallClose
2026-04-29 01:54:58,479 | 24936 | 27496 | [open_context_base.py:410] _init_connect_sync: New connect ready: conn=7454951309439110742(279) context=<futu.quote.open_quote_context.OpenQuoteContext object at 0x00000128E42E8770>
[M9] 无法获取价格: 000651.SZ
2026-04-29 01:54:58,481 | 24936 | 5008 | [open_context_base.py:518] on_disconnect: Disconnected: conn=0(279) reason=CallClose
2026-04-29 01:55:58,483 | 24936 | 27496 | [open_context_base.py:410] _init_connect_sync: New connect ready: conn=7454951561160438645(280) context=<futu.quote.open_quote_context.OpenQuoteContext object at 0x00000128E42E88A0>
2026-04-29 01:55:58,484 | 24936 | 5008 | [open_context_base.py:518] on_disconnect: Disconnected: conn=0(280) reason=CallClose
2026-04-29 01:55:58,498 | 24936 | 27496 | [open_context_base.py:410] _init_connect_sync: New connect ready: conn=7454951561171394459(281) context=<futu.quote.open_quote_context.OpenQuoteContext object at 0x00000128E42E89D0>
  01:55:58 价格更新: 1个持仓
2026-04-29 01:55:58,526 | 24936 | 5008 | [open_context_base.py:518] on_disconnect: Disconnected: conn=0(281) reason=CallClose
2026-04-29 01:56:58,542 | 24936 | 27496 | [open_context_base.py:410] _init_connect_sync: New connect ready: conn=7454951813017960946(282) context=<futu.quote.open_quote_context.OpenQuoteContext object at 0x00000128E42E8B00>
2026-04-29 01:56:58,543 | 24936 | 5008 | [open_context_base.py:518] on_disconnect: Disconnected: conn=0(282) reason=CallClose
2026-04-29 01:56:58,557 | 24936 | 27496 | [open_context_base.py:410] _init_connect_sync: New connect ready: conn=7454951813077295402(283) context=<futu.quote.open_quote_context.OpenQuoteContext object at 0x00000128E42E8C30>
  01:56:58 价格更新: 1个持仓
2026-04-29 01:56:58,585 | 24936 | 5008 | [open_context_base.py:518] on_disconnect: Disconnected: conn=0(283) reason=CallClose
2026-04-29 01:57:58,601 | 24936 | 27496 | [open_context_base.py:410] _init_connect_sync: New connect ready: conn=7454952064922240898(284) context=<futu.quote.open_quote_context.OpenQuoteContext object at 0x00000128E42E8D60>
2026-04-29 01:57:58,602 | 24936 | 5008 | [open_context_base.py:518] on_disconnect: Disconnected: conn=0(284) reason=CallClose
2026-04-29 01:57:58,614 | 24936 | 27496 | [open_context_base.py:410] _init_connect_sync: New connect ready: conn=7454952064979910997(285) context=<futu.quote.open_quote_context.OpenQuoteContext object at 0x00000128E42E8E90>
  01:57:58 价格更新: 1个持仓
2026-04-29 01:57:58,643 | 24936 | 5008 | [open_context_base.py:518] on_disconnect: Disconnected: conn=0(285) reason=CallClose
2026-04-29 01:58:58,659 | 24936 | 27496 | [open_context_base.py:410] _init_connect_sync: New connect ready: conn=7454952316830749704(286) context=<futu.quote.open_quote_context.OpenQuoteContext object at 0x00000128E42E8FC0>
2026-04-29 01:58:58,660 | 24936 | 5008 | [open_context_base.py:518] on_disconnect: Disconnected: conn=0(286) reason=CallClose
2026-04-29 01:58:58,674 | 24936 | 27496 | [open_context_base.py:410] _init_connect_sync: New connect ready: conn=7454952316883492428(287) context=<futu.quote.open_quote_context.OpenQuoteContext object at 0x00000128E42E90F0>
  01:58:58 价格更新: 1个持仓
2026-04-29 01:58:58,704 | 24936 | 5008 | [open_context_base.py:518] on_disconnect: Disconnected: conn=0(287) reason=CallClose

--- 第 13 轮美股盘中扫描 (美股10min) ---
2026-04-29 01:59:48,720 | 24936 | 27496 | [open_context_base.py:410] _init_connect_sync: New connect ready: conn=7454952526804149584(288) context=<futu.quote.open_quote_context.OpenQuoteContext object at 0x00000128E42E9220>
  2026-04-29 01:59:48,721 | 24936 | 5008 | [open_context_base.py:518] on_disconnect: Disconnected: conn=0(288) reason=CallClose
扫描 US...
2026-04-29 01:59:48,739 | 24936 | 27496 | [open_context_base.py:410] _init_connect_sync: New connect ready: conn=7454952526881772332(289) context=<futu.quote.open_quote_context.OpenQuoteContext object at 0x00000128E42E9350>
  US: 无异动

  盘中总计: 0 个补牢机会
2026-04-29 01:59:48,741 | 24936 | 5008 | [open_context_base.py:518] on_disconnect: Disconnected: conn=0(289) reason=CallClose
2026-04-29 01:59:58,756 | 24936 | 27496 | [open_context_base.py:410] _init_connect_sync: New connect ready: conn=7454952568885873005(290) context=<futu.quote.open_quote_context.OpenQuoteContext object at 0x00000128E42E9480>
2026-04-29 01:59:58,757 | 24936 | 5008 | [open_context_base.py:518] on_disconnect: Disconnected: conn=0(290) reason=CallClose
2026-04-29 01:59:58,769 | 24936 | 27496 | [open_context_base.py:410] _init_connect_sync: New connect ready: conn=7454952568949181735(291) context=<futu.quote.open_quote_context.OpenQuoteContext object at 0x00000128E42E95B0>
  01:59:58 价格更新: 1个持仓
2026-04-29 01:59:58,798 | 24936 | 5008 | [open_context_base.py:518] on_disconnect: Disconnected: conn=0(291) reason=CallClose
2026-04-29 02:00:58,814 | 24936 | 27496 | [open_context_base.py:410] _init_connect_sync: New connect ready: conn=7454952820787536973(292) context=<futu.quote.open_quote_context.OpenQuoteContext object at 0x00000128E42E96E0>
2026-04-29 02:00:58,815 | 24936 | 5008 | [open_context_base.py:518] on_disconnect: Disconnected: conn=0(292) reason=CallClose
2026-04-29 02:00:58,827 | 24936 | 27496 | [open_context_base.py:410] _init_connect_sync: New connect ready: conn=7454952820849916568(293) context=<futu.quote.open_quote_context.OpenQuoteContext object at 0x00000128E42E9810>
  02:00:58 价格更新: 1个持仓
2026-04-29 02:00:58,869 | 24936 | 5008 | [open_context_base.py:518] on_disconnect: Disconnected: conn=0(293) reason=CallClose
2026-04-29 02:01:58,875 | 24936 | 27496 | [open_context_base.py:410] _init_connect_sync: New connect ready: conn=7454953072754566749(294) context=<futu.quote.open_quote_context.OpenQuoteContext object at 0x00000128E42E9940>
2026-04-29 02:01:58,876 | 24936 | 5008 | [open_context_base.py:518] on_disconnect: Disconnected: conn=0(294) reason=CallClose
2026-04-29 02:01:58,878 | 24936 | 27496 | [open_context_base.py:410] _init_connect_sync: New connect ready: conn=7454953072761250939(295) context=<futu.quote.open_quote_context.OpenQuoteContext object at 0x00000128E42E9A70>
  02:01:58 价格更新: 1个持仓
2026-04-29 02:01:58,908 | 24936 | 5008 | [open_context_base.py:518] on_disconnect: Disconnected: conn=0(295) reason=CallClose
2026-04-29 02:02:58,925 | 24936 | 27496 | [open_context_base.py:410] _init_connect_sync: New connect ready: conn=7454953324572945102(296) context=<futu.quote.open_quote_context.OpenQuoteContext object at 0x00000128E42E9BA0>
2026-04-29 02:02:58,926 | 24936 | 5008 | [open_context_base.py:518] on_disconnect: Disconnected: conn=0(296) reason=CallClose
2026-04-29 02:02:58,939 | 24936 | 27496 | [open_context_base.py:410] _init_connect_sync: New connect ready: conn=7454953324631651633(297) context=<futu.quote.open_quote_context.OpenQuoteContext object at 0x00000128E42E9CD0>
  02:02:58 价格更新: 1个持仓
2026-04-29 02:02:58,967 | 24936 | 5008 | [open_context_base.py:518] on_disconnect: Disconnected: conn=0(297) reason=CallClose
2026-04-29 02:03:58,970 | 24936 | 27496 | [open_context_base.py:410] _init_connect_sync: New connect ready: conn=7454953576465675381(298) context=<futu.quote.open_quote_context.OpenQuoteContext object at 0x00000128E42E9E00>
2026-04-29 02:03:58,971 | 24936 | 5008 | [open_context_base.py:518] on_disconnect: Disconnected: conn=0(298) reason=CallClose
2026-04-29 02:03:58,972 | 24936 | 27496 | [open_context_base.py:410] _init_connect_sync: New connect ready: conn=7454953576480595884(299) context=<futu.quote.open_quote_context.OpenQuoteContext object at 0x00000128E42E9F30>
  02:03:59 价格更新: 1个持仓
2026-04-29 02:03:59,001 | 24936 | 5008 | [open_context_base.py:518] on_disconnect: Disconnected: conn=0(299) reason=CallClose
2026-04-29 02:04:59,015 | 24936 | 27496 | [open_context_base.py:410] _init_connect_sync: New connect ready: conn=7454953828268693840(300) context=<futu.quote.open_quote_context.OpenQuoteContext object at 0x00000128E42EA060>
2026-04-29 02:04:59,016 | 24936 | 5008 | [open_context_base.py:518] on_disconnect: Disconnected: conn=0(300) reason=CallClose
2026-04-29 02:04:59,029 | 24936 | 27496 | [open_context_base.py:410] _init_connect_sync: New connect ready: conn=7454953828329047549(301) context=<futu.quote.open_quote_context.OpenQuoteContext object at 0x00000128E42EA190>
[M9] 无法获取价格: 000651.SZ
2026-04-29 02:04:59,030 | 24936 | 5008 | [open_context_base.py:518] on_disconnect: Disconnected: conn=0(301) reason=CallClose
2026-04-29 02:05:59,035 | 24936 | 27496 | [open_context_base.py:410] _init_connect_sync: New connect ready: conn=7454954080050692979(302) context=<futu.quote.open_quote_context.OpenQuoteContext object at 0x00000128E42EA2C0>
2026-04-29 02:05:59,035 | 24936 | 5008 | [open_context_base.py:518] on_disconnect: Disconnected: conn=0(302) reason=CallClose
2026-04-29 02:05:59,048 | 24936 | 27496 | [open_context_base.py:410] _init_connect_sync: New connect ready: conn=7454954080065413721(303) context=<futu.quote.open_quote_context.OpenQuoteContext object at 0x00000128E42EA3F0>
  02:05:59 价格更新: 1个持仓
2026-04-29 02:05:59,077 | 24936 | 5008 | [open_context_base.py:518] on_disconnect: Disconnected: conn=0(303) reason=CallClose
2026-04-29 02:06:59,093 | 24936 | 27496 | [open_context_base.py:410] _init_connect_sync: New connect ready: conn=7454954331908832158(304) context=<futu.quote.open_quote_context.OpenQuoteContext object at 0x00000128E42EA520>
2026-04-29 02:06:59,094 | 24936 | 5008 | [open_context_base.py:518] on_disconnect: Disconnected: conn=0(304) reason=CallClose
2026-04-29 02:06:59,096 | 24936 | 27496 | [open_context_base.py:410] _init_connect_sync: New connect ready: conn=7454954331972790127(305) context=<futu.quote.open_quote_context.OpenQuoteContext object at 0x00000128E42EA650>
  02:06:59 价格更新: 1个持仓
2026-04-29 02:06:59,125 | 24936 | 5008 | [open_context_base.py:518] on_disconnect: Disconnected: conn=0(305) reason=CallClose
2026-04-29 02:07:59,141 | 24936 | 27496 | [open_context_base.py:410] _init_connect_sync: New connect ready: conn=7454954583767916367(306) context=<futu.quote.open_quote_context.OpenQuoteContext object at 0x00000128E42EA780>
2026-04-29 02:07:59,142 | 24936 | 5008 | [open_context_base.py:518] on_disconnect: Disconnected: conn=0(306) reason=CallClose
2026-04-29 02:07:59,143 | 24936 | 27496 | [open_context_base.py:410] _init_connect_sync: New connect ready: conn=7454954583826822189(307) context=<futu.quote.open_quote_context.OpenQuoteContext object at 0x00000128E42EA8B0>
  02:07:59 价格更新: 1个持仓
2026-04-29 02:07:59,172 | 24936 | 5008 | [open_context_base.py:518] on_disconnect: Disconnected: conn=0(307) reason=CallClose
2026-04-29 02:08:59,177 | 24936 | 27496 | [open_context_base.py:410] _init_connect_sync: New connect ready: conn=7454954835626500303(308) context=<futu.quote.open_quote_context.OpenQuoteContext object at 0x00000128E42EA9E0>
2026-04-29 02:08:59,178 | 24936 | 5008 | [open_context_base.py:518] on_disconnect: Disconnected: conn=0(308) reason=CallClose
2026-04-29 02:08:59,180 | 24936 | 27496 | [open_context_base.py:410] _init_connect_sync: New connect ready: conn=7454954835641525069(309) context=<futu.quote.open_quote_context.OpenQuoteContext object at 0x00000128E42EAB10>
  02:08:59 价格更新: 1个持仓
2026-04-29 02:08:59,209 | 24936 | 5008 | [open_context_base.py:518] on_disconnect: Disconnected: conn=0(309) reason=CallClose

--- 第 14 轮美股盘中扫描 (美股10min) ---
2026-04-29 02:09:49,225 | 24936 | 27496 | [open_context_base.py:410] _init_connect_sync: New connect ready: conn=7454955045494631104(310) context=<futu.quote.open_quote_context.OpenQuoteContext object at 0x00000128E42EAC40>
  2026-04-29 02:09:49,226 | 24936 | 5008 | [open_context_base.py:518] on_disconnect: Disconnected: conn=0(310) reason=CallClose
扫描 US...
2026-04-29 02:09:49,245 | 24936 | 27496 | [open_context_base.py:410] _init_connect_sync: New connect ready: conn=7454955045579370774(311) context=<futu.quote.open_quote_context.OpenQuoteContext object at 0x00000128E42EAD70>
  US: 无异动

  盘中总计: 0 个补牢机会
2026-04-29 02:09:49,246 | 24936 | 5008 | [open_context_base.py:518] on_disconnect: Disconnected: conn=0(311) reason=CallClose
2026-04-29 02:09:59,260 | 24936 | 27496 | [open_context_base.py:410] _init_connect_sync: New connect ready: conn=7454955087586240513(312) context=<futu.quote.open_quote_context.OpenQuoteContext object at 0x00000128E42EAEA0>
2026-04-29 02:09:59,261 | 24936 | 5008 | [open_context_base.py:518] on_disconnect: Disconnected: conn=0(312) reason=CallClose
2026-04-29 02:09:59,273 | 24936 | 27496 | [open_context_base.py:410] _init_connect_sync: New connect ready: conn=7454955087647792701(313) context=<futu.quote.open_quote_context.OpenQuoteContext object at 0x00000128E42EAFD0>
  02:09:59 价格更新: 1个持仓
2026-04-29 02:09:59,302 | 24936 | 5008 | [open_context_base.py:518] on_disconnect: Disconnected: conn=0(313) reason=CallClose
2026-04-29 02:10:59,317 | 24936 | 27496 | [open_context_base.py:410] _init_connect_sync: New connect ready: conn=7454955339489019398(314) context=<futu.quote.open_quote_context.OpenQuoteContext object at 0x00000128E42EB100>
2026-04-29 02:10:59,318 | 24936 | 5008 | [open_context_base.py:518] on_disconnect: Disconnected: conn=0(314) reason=CallClose
2026-04-29 02:10:59,331 | 24936 | 27496 | [open_context_base.py:410] _init_connect_sync: New connect ready: conn=7454955339544617498(315) context=<futu.quote.open_quote_context.OpenQuoteContext object at 0x00000128E42EB230>
  02:10:59 价格更新: 1个持仓
2026-04-29 02:10:59,360 | 24936 | 5008 | [open_context_base.py:518] on_disconnect: Disconnected: conn=0(315) reason=CallClose
2026-04-29 02:11:59,377 | 24936 | 27496 | [open_context_base.py:410] _init_connect_sync: New connect ready: conn=7454955591388596295(316) context=<futu.quote.open_quote_context.OpenQuoteContext object at 0x00000128E42EB360>
2026-04-29 02:11:59,377 | 24936 | 5008 | [open_context_base.py:518] on_disconnect: Disconnected: conn=0(316) reason=CallClose
2026-04-29 02:11:59,389 | 24936 | 27496 | [open_context_base.py:410] _init_connect_sync: New connect ready: conn=7454955591449760670(317) context=<futu.quote.open_quote_context.OpenQuoteContext object at 0x00000128E42EB490>
  02:11:59 价格更新: 1个持仓
2026-04-29 02:11:59,419 | 24936 | 5008 | [open_context_base.py:518] on_disconnect: Disconnected: conn=0(317) reason=CallClose
2026-04-29 02:12:59,423 | 24936 | 27496 | [open_context_base.py:410] _init_connect_sync: New connect ready: conn=7454955843291291628(318) context=<futu.quote.open_quote_context.OpenQuoteContext object at 0x00000128E42EB5C0>
2026-04-29 02:12:59,423 | 24936 | 5008 | [open_context_base.py:518] on_disconnect: Disconnected: conn=0(318) reason=CallClose
2026-04-29 02:12:59,437 | 24936 | 27496 | [open_context_base.py:410] _init_connect_sync: New connect ready: conn=7454955843298044848(319) context=<futu.quote.open_quote_context.OpenQuoteContext object at 0x00000128E42EB6F0>
  02:12:59 价格更新: 1个持仓
2026-04-29 02:12:59,467 | 24936 | 5008 | [open_context_base.py:518] on_disconnect: Disconnected: conn=0(319) reason=CallClose
2026-04-29 02:13:59,471 | 24936 | 27496 | [open_context_base.py:410] _init_connect_sync: New connect ready: conn=7454956095154356808(320) context=<futu.quote.open_quote_context.OpenQuoteContext object at 0x00000128E42EB820>
2026-04-29 02:13:59,472 | 24936 | 5008 | [open_context_base.py:518] on_disconnect: Disconnected: conn=0(320) reason=CallClose
2026-04-29 02:13:59,485 | 24936 | 27496 | [open_context_base.py:410] _init_connect_sync: New connect ready: conn=7454956095161774362(321) context=<futu.quote.open_quote_context.OpenQuoteContext object at 0x00000128E42EB950>
  02:13:59 价格更新: 1个持仓
2026-04-29 02:13:59,517 | 24936 | 5008 | [open_context_base.py:518] on_disconnect: Disconnected: conn=0(321) reason=CallClose
2026-04-29 02:14:59,534 | 24936 | 27496 | [open_context_base.py:410] _init_connect_sync: New connect ready: conn=7454956347026955903(322) context=<futu.quote.open_quote_context.OpenQuoteContext object at 0x00000128E42EBA80>
2026-04-29 02:14:59,534 | 24936 | 5008 | [open_context_base.py:518] on_disconnect: Disconnected: conn=0(322) reason=CallClose
2026-04-29 02:14:59,547 | 24936 | 27496 | [open_context_base.py:410] _init_connect_sync: New connect ready: conn=7454956347080446091(323) context=<futu.quote.open_quote_context.OpenQuoteContext object at 0x00000128E42EBBB0>
[M9] 无法获取价格: 000651.SZ
2026-04-29 02:14:59,548 | 24936 | 5008 | [open_context_base.py:518] on_disconnect: Disconnected: conn=0(323) reason=CallClose
2026-04-29 02:15:59,565 | 24936 | 27496 | [open_context_base.py:410] _init_connect_sync: New connect ready: conn=7454956598817011715(324) context=<futu.quote.open_quote_context.OpenQuoteContext object at 0x00000128E42EBCE0>
2026-04-29 02:15:59,566 | 24936 | 5008 | [open_context_base.py:518] on_disconnect: Disconnected: conn=0(324) reason=CallClose
2026-04-29 02:15:59,578 | 24936 | 27496 | [open_context_base.py:410] _init_connect_sync: New connect ready: conn=7454956598875455797(325) context=<futu.quote.open_quote_context.OpenQuoteContext object at 0x00000128E42EBE10>
  02:15:59 价格更新: 1个持仓
2026-04-29 02:15:59,608 | 24936 | 5008 | [open_context_base.py:518] on_disconnect: Disconnected: conn=0(325) reason=CallClose
2026-04-29 02:16:59,612 | 24936 | 27496 | [open_context_base.py:410] _init_connect_sync: New connect ready: conn=7454956850718424260(326) context=<futu.quote.open_quote_context.OpenQuoteContext object at 0x00000128E4360050>
2026-04-29 02:16:59,613 | 24936 | 5008 | [open_context_base.py:518] on_disconnect: Disconnected: conn=0(326) reason=CallClose
2026-04-29 02:16:59,626 | 24936 | 27496 | [open_context_base.py:410] _init_connect_sync: New connect ready: conn=7454956850726986990(327) context=<futu.quote.open_quote_context.OpenQuoteContext object at 0x00000128E4360180>
  02:16:59 价格更新: 1个持仓
2026-04-29 02:16:59,657 | 24936 | 5008 | [open_context_base.py:518] on_disconnect: Disconnected: conn=0(327) reason=CallClose
2026-04-29 02:17:59,671 | 24936 | 27496 | [open_context_base.py:410] _init_connect_sync: New connect ready: conn=7454957102585485958(328) context=<futu.quote.open_quote_context.OpenQuoteContext object at 0x00000128E43602B0>
2026-04-29 02:17:59,672 | 24936 | 5008 | [open_context_base.py:518] on_disconnect: Disconnected: conn=0(328) reason=CallClose
2026-04-29 02:17:59,675 | 24936 | 27496 | [open_context_base.py:410] _init_connect_sync: New connect ready: conn=7454957102634800766(329) context=<futu.quote.open_quote_context.OpenQuoteContext object at 0x00000128E43603E0>
  02:17:59 价格更新: 1个持仓
2026-04-29 02:17:59,704 | 24936 | 5008 | [open_context_base.py:518] on_disconnect: Disconnected: conn=0(329) reason=CallClose
2026-04-29 02:18:59,718 | 24936 | 27496 | [open_context_base.py:410] _init_connect_sync: New connect ready: conn=7454957354436083249(330) context=<futu.quote.open_quote_context.OpenQuoteContext object at 0x00000128E4360510>
2026-04-29 02:18:59,719 | 24936 | 5008 | [open_context_base.py:518] on_disconnect: Disconnected: conn=0(330) reason=CallClose
2026-04-29 02:18:59,730 | 24936 | 27496 | [open_context_base.py:410] _init_connect_sync: New connect ready: conn=7454957354488300473(331) context=<futu.quote.open_quote_context.OpenQuoteContext object at 0x00000128E4360640>
  02:18:59 价格更新: 1个持仓
2026-04-29 02:18:59,758 | 24936 | 5008 | [open_context_base.py:518] on_disconnect: Disconnected: conn=0(331) reason=CallClose

--- 第 15 轮美股盘中扫描 (美股10min) ---
2026-04-29 02:19:49,764 | 24936 | 27496 | [open_context_base.py:410] _init_connect_sync: New connect ready: conn=7454957564384855867(332) context=<futu.quote.open_quote_context.OpenQuoteContext object at 0x00000128E4360770>
  扫描 US2026-04-29 02:19:49,765 | 24936 | 5008 | [open_context_base.py:518] on_disconnect: Disconnected: conn=0(332) reason=CallClose
...
2026-04-29 02:19:49,784 | 24936 | 27496 | [open_context_base.py:410] _init_connect_sync: New connect ready: conn=7454957564428859505(333) context=<futu.quote.open_quote_context.OpenQuoteContext object at 0x00000128E43608A0>
  US: 无异动

  盘中总计: 0 个补牢机会
2026-04-29 02:19:49,786 | 24936 | 5008 | [open_context_base.py:518] on_disconnect: Disconnected: conn=0(333) reason=CallClose
2026-04-29 02:19:59,788 | 24936 | 27496 | [open_context_base.py:410] _init_connect_sync: New connect ready: conn=7454957606432197310(334) context=<futu.quote.open_quote_context.OpenQuoteContext object at 0x00000128E43609D0>
2026-04-29 02:19:59,789 | 24936 | 5008 | [open_context_base.py:518] on_disconnect: Disconnected: conn=0(334) reason=CallClose
2026-04-29 02:19:59,801 | 24936 | 27496 | [open_context_base.py:410] _init_connect_sync: New connect ready: conn=7454957606441261863(335) context=<futu.quote.open_quote_context.OpenQuoteContext object at 0x00000128E4360B00>
  02:19:59 价格更新: 1个持仓
2026-04-29 02:19:59,830 | 24936 | 5008 | [open_context_base.py:518] on_disconnect: Disconnected: conn=0(335) reason=CallClose
2026-04-29 02:20:59,845 | 24936 | 27496 | [open_context_base.py:410] _init_connect_sync: New connect ready: conn=7454957858286686994(336) context=<futu.quote.open_quote_context.OpenQuoteContext object at 0x00000128E4360C30>
2026-04-29 02:20:59,846 | 24936 | 5008 | [open_context_base.py:518] on_disconnect: Disconnected: conn=0(336) reason=CallClose
2026-04-29 02:20:59,848 | 24936 | 27496 | [open_context_base.py:410] _init_connect_sync: New connect ready: conn=7454957858341735833(337) context=<futu.quote.open_quote_context.OpenQuoteContext object at 0x00000128E4360D60>
  02:20:59 价格更新: 1个持仓
2026-04-29 02:20:59,877 | 24936 | 5008 | [open_context_base.py:518] on_disconnect: Disconnected: conn=0(337) reason=CallClose
2026-04-29 02:21:59,894 | 24936 | 27496 | [open_context_base.py:410] _init_connect_sync: New connect ready: conn=7454958110140858608(338) context=<futu.quote.open_quote_context.OpenQuoteContext object at 0x00000128E4360E90>
2026-04-29 02:21:59,895 | 24936 | 5008 | [open_context_base.py:518] on_disconnect: Disconnected: conn=0(338) reason=CallClose
2026-04-29 02:21:59,909 | 24936 | 27496 | [open_context_base.py:410] _init_connect_sync: New connect ready: conn=7454958110202125318(339) context=<futu.quote.open_quote_context.OpenQuoteContext object at 0x00000128E4360FC0>
  02:21:59 价格更新: 1个持仓
2026-04-29 02:21:59,943 | 24936 | 5008 | [open_context_base.py:518] on_disconnect: Disconnected: conn=0(339) reason=CallClose
2026-04-29 02:22:59,947 | 24936 | 27496 | [open_context_base.py:410] _init_connect_sync: New connect ready: conn=7454958362073976404(340) context=<futu.quote.open_quote_context.OpenQuoteContext object at 0x00000128E43610F0>
2026-04-29 02:22:59,948 | 24936 | 5008 | [open_context_base.py:518] on_disconnect: Disconnected: conn=0(340) reason=CallClose
2026-04-29 02:22:59,949 | 24936 | 27496 | [open_context_base.py:410] _init_connect_sync: New connect ready: conn=7454958362086544936(341) context=<futu.quote.open_quote_context.OpenQuoteContext object at 0x00000128E4361220>
  02:22:59 价格更新: 1个持仓
2026-04-29 02:22:59,978 | 24936 | 5008 | [open_context_base.py:518] on_disconnect: Disconnected: conn=0(341) reason=CallClose
2026-04-29 02:23:59,985 | 24936 | 27496 | [open_context_base.py:410] _init_connect_sync: New connect ready: conn=7454958613886471567(342) context=<futu.quote.open_quote_context.OpenQuoteContext object at 0x00000128E4361350>
2026-04-29 02:23:59,986 | 24936 | 5008 | [open_context_base.py:518] on_disconnect: Disconnected: conn=0(342) reason=CallClose
2026-04-29 02:23:59,998 | 24936 | 27496 | [open_context_base.py:410] _init_connect_sync: New connect ready: conn=7454958613903536792(343) context=<futu.quote.open_quote_context.OpenQuoteContext object at 0x00000128E4361480>
  02:24:00 价格更新: 1个持仓
2026-04-29 02:24:00,027 | 24936 | 5008 | [open_context_base.py:518] on_disconnect: Disconnected: conn=0(343) reason=CallClose
2026-04-29 02:25:00,044 | 24936 | 27496 | [open_context_base.py:410] _init_connect_sync: New connect ready: conn=7454958865746770199(344) context=<futu.quote.open_quote_context.OpenQuoteContext object at 0x00000128E43615B0>
2026-04-29 02:25:00,045 | 24936 | 5008 | [open_context_base.py:518] on_disconnect: Disconnected: conn=0(344) reason=CallClose
2026-04-29 02:25:00,046 | 24936 | 27496 | [open_context_base.py:410] _init_connect_sync: New connect ready: conn=7454958865803749407(345) context=<futu.quote.open_quote_context.OpenQuoteContext object at 0x00000128E43616E0>
  02:25:00 价格更新: 1个持仓
2026-04-29 02:25:00,076 | 24936 | 5008 | [open_context_base.py:518] on_disconnect: Disconnected: conn=0(345) reason=CallClose
2026-04-29 02:26:00,080 | 24936 | 27496 | [open_context_base.py:410] _init_connect_sync: New connect ready: conn=7454959117604686262(346) context=<futu.quote.open_quote_context.OpenQuoteContext object at 0x00000128E4361810>
2026-04-29 02:26:00,081 | 24936 | 5008 | [open_context_base.py:518] on_disconnect: Disconnected: conn=0(346) reason=CallClose
2026-04-29 02:26:00,094 | 24936 | 27496 | [open_context_base.py:410] _init_connect_sync: New connect ready: conn=7454959117612222655(347) context=<futu.quote.open_quote_context.OpenQuoteContext object at 0x00000128E4361940>
  02:26:00 价格更新: 1个持仓
2026-04-29 02:26:00,124 | 24936 | 5008 | [open_context_base.py:518] on_disconnect: Disconnected: conn=0(347) reason=CallClose
2026-04-29 02:27:00,128 | 24936 | 27496 | [open_context_base.py:410] _init_connect_sync: New connect ready: conn=7454959369462816282(348) context=<futu.quote.open_quote_context.OpenQuoteContext object at 0x00000128E4361A70>
2026-04-29 02:27:00,129 | 24936 | 5008 | [open_context_base.py:518] on_disconnect: Disconnected: conn=0(348) reason=CallClose
2026-04-29 02:27:00,131 | 24936 | 27496 | [open_context_base.py:410] _init_connect_sync: New connect ready: conn=7454959369477925835(349) context=<futu.quote.open_quote_context.OpenQuoteContext object at 0x00000128E4361BA0>
  02:27:00 价格更新: 1个持仓
2026-04-29 02:27:00,160 | 24936 | 5008 | [open_context_base.py:518] on_disconnect: Disconnected: conn=0(349) reason=CallClose
2026-04-29 02:28:00,178 | 24936 | 27496 | [open_context_base.py:410] _init_connect_sync: New connect ready: conn=7454959621284696262(350) context=<futu.quote.open_quote_context.OpenQuoteContext object at 0x00000128E4361CD0>
2026-04-29 02:28:00,178 | 24936 | 5008 | [open_context_base.py:518] on_disconnect: Disconnected: conn=0(350) reason=CallClose
2026-04-29 02:28:00,191 | 24936 | 27496 | [open_context_base.py:410] _init_connect_sync: New connect ready: conn=7454959621341990976(351) context=<futu.quote.open_quote_context.OpenQuoteContext object at 0x00000128E4361E00>
  02:28:00 价格更新: 1个持仓
2026-04-29 02:28:00,221 | 24936 | 5008 | [open_context_base.py:518] on_disconnect: Disconnected: conn=0(351) reason=CallClose
2026-04-29 02:29:00,238 | 24936 | 27496 | [open_context_base.py:410] _init_connect_sync: New connect ready: conn=7454959873193465358(352) context=<futu.quote.open_quote_context.OpenQuoteContext object at 0x00000128E4361F30>
2026-04-29 02:29:00,240 | 24936 | 5008 | [open_context_base.py:518] on_disconnect: Disconnected: conn=0(352) reason=CallClose
2026-04-29 02:29:00,242 | 24936 | 27496 | [open_context_base.py:410] _init_connect_sync: New connect ready: conn=7454959873259428107(353) context=<futu.quote.open_quote_context.OpenQuoteContext object at 0x00000128E4362060>
  02:29:00 价格更新: 1个持仓
2026-04-29 02:29:00,272 | 24936 | 5008 | [open_context_base.py:518] on_disconnect: Disconnected: conn=0(353) reason=CallClose

--- 第 16 轮美股盘中扫描 (美股10min) ---
2026-04-29 02:29:50,287 | 24936 | 27496 | [open_context_base.py:410] _init_connect_sync: New connect ready: conn=7454960083120964913(354) context=<futu.quote.open_quote_context.OpenQuoteContext object at 0x00000128E4362190>
  扫描 US2026-04-29 02:29:50,288 | 24936 | 5008 | [open_context_base.py:518] on_disconnect: Disconnected: conn=0(354) reason=CallClose
...
2026-04-29 02:29:50,309 | 24936 | 27496 | [open_context_base.py:410] _init_connect_sync: New connect ready: conn=7454960083205100934(355) context=<futu.quote.open_quote_context.OpenQuoteContext object at 0x00000128E43622C0>
  US: 无异动

  盘中总计: 0 个补牢机会
2026-04-29 02:29:50,310 | 24936 | 5008 | [open_context_base.py:518] on_disconnect: Disconnected: conn=0(355) reason=CallClose
2026-04-29 02:30:00,323 | 24936 | 27496 | [open_context_base.py:410] _init_connect_sync: New connect ready: conn=7454960125211700640(356) context=<futu.quote.open_quote_context.OpenQuoteContext object at 0x00000128E43623F0>
2026-04-29 02:30:00,324 | 24936 | 5008 | [open_context_base.py:518] on_disconnect: Disconnected: conn=0(356) reason=CallClose
2026-04-29 02:30:00,336 | 24936 | 27496 | [open_context_base.py:410] _init_connect_sync: New connect ready: conn=7454960125267508180(357) context=<futu.quote.open_quote_context.OpenQuoteContext object at 0x00000128E4362520>
  02:30:00 价格更新: 1个持仓
2026-04-29 02:30:00,367 | 24936 | 5008 | [open_context_base.py:518] on_disconnect: Disconnected: conn=0(357) reason=CallClose
2026-04-29 02:31:00,373 | 24936 | 27496 | [open_context_base.py:410] _init_connect_sync: New connect ready: conn=7454960377119252395(358) context=<futu.quote.open_quote_context.OpenQuoteContext object at 0x00000128E4362650>
2026-04-29 02:31:00,374 | 24936 | 5008 | [open_context_base.py:518] on_disconnect: Disconnected: conn=0(358) reason=CallClose
2026-04-29 02:31:00,376 | 24936 | 27496 | [open_context_base.py:410] _init_connect_sync: New connect ready: conn=7454960377132705310(359) context=<futu.quote.open_quote_context.OpenQuoteContext object at 0x00000128E4362780>
  02:31:00 价格更新: 1个持仓
2026-04-29 02:31:00,403 | 24936 | 5008 | [open_context_base.py:518] on_disconnect: Disconnected: conn=0(359) reason=CallClose
2026-04-29 02:32:00,408 | 24936 | 27496 | [open_context_base.py:410] _init_connect_sync: New connect ready: conn=7454960628930756300(360) context=<futu.quote.open_quote_context.OpenQuoteContext object at 0x00000128E43628B0>
2026-04-29 02:32:00,409 | 24936 | 5008 | [open_context_base.py:518] on_disconnect: Disconnected: conn=0(360) reason=CallClose
2026-04-29 02:32:00,410 | 24936 | 27496 | [open_context_base.py:410] _init_connect_sync: New connect ready: conn=7454960628944162899(361) context=<futu.quote.open_quote_context.OpenQuoteContext object at 0x00000128E43629E0>
  02:32:00 价格更新: 1个持仓
2026-04-29 02:32:00,440 | 24936 | 5008 | [open_context_base.py:518] on_disconnect: Disconnected: conn=0(361) reason=CallClose
2026-04-29 02:33:00,463 | 24936 | 27496 | [open_context_base.py:410] _init_connect_sync: New connect ready: conn=7454960880739079994(362) context=<futu.quote.open_quote_context.OpenQuoteContext object at 0x00000128E4362B10>
2026-04-29 02:33:00,464 | 24936 | 5008 | [open_context_base.py:518] on_disconnect: Disconnected: conn=0(362) reason=CallClose
2026-04-29 02:33:00,476 | 24936 | 27496 | [open_context_base.py:410] _init_connect_sync: New connect ready: conn=7454960880825553721(363) context=<futu.quote.open_quote_context.OpenQuoteContext object at 0x00000128E4362C40>
  02:33:00 价格更新: 1个持仓
2026-04-29 02:33:00,505 | 24936 | 5008 | [open_context_base.py:518] on_disconnect: Disconnected: conn=0(363) reason=CallClose
2026-04-29 02:34:00,521 | 24936 | 27496 | [open_context_base.py:410] _init_connect_sync: New connect ready: conn=7454961132672266945(364) context=<futu.quote.open_quote_context.OpenQuoteContext object at 0x00000128E4362D70>
2026-04-29 02:34:00,522 | 24936 | 5008 | [open_context_base.py:518] on_disconnect: Disconnected: conn=0(364) reason=CallClose
2026-04-29 02:34:00,536 | 24936 | 27496 | [open_context_base.py:410] _init_connect_sync: New connect ready: conn=7454961132729398438(365) context=<futu.quote.open_quote_context.OpenQuoteContext object at 0x00000128E4362EA0>
  02:34:00 价格更新: 1个持仓
2026-04-29 02:34:00,568 | 24936 | 5008 | [open_context_base.py:518] on_disconnect: Disconnected: conn=0(365) reason=CallClose
2026-04-29 02:35:00,573 | 24936 | 27496 | [open_context_base.py:410] _init_connect_sync: New connect ready: conn=7454961384595891830(366) context=<futu.quote.open_quote_context.OpenQuoteContext object at 0x00000128E4362FD0>
2026-04-29 02:35:00,574 | 24936 | 5008 | [open_context_base.py:518] on_disconnect: Disconnected: conn=0(366) reason=CallClose
2026-04-29 02:35:00,587 | 24936 | 27496 | [open_context_base.py:410] _init_connect_sync: New connect ready: conn=7454961384607042109(367) context=<futu.quote.open_quote_context.OpenQuoteContext object at 0x00000128E4363100>
  02:35:00 价格更新: 1个持仓
2026-04-29 02:35:00,615 | 24936 | 5008 | [open_context_base.py:518] on_disconnect: Disconnected: conn=0(367) reason=CallClose
2026-04-29 02:36:00,620 | 24936 | 27496 | [open_context_base.py:410] _init_connect_sync: New connect ready: conn=7454961636450682405(368) context=<futu.quote.open_quote_context.OpenQuoteContext object at 0x00000128E4363230>
2026-04-29 02:36:00,621 | 24936 | 5008 | [open_context_base.py:518] on_disconnect: Disconnected: conn=0(368) reason=CallClose
2026-04-29 02:36:00,623 | 24936 | 27496 | [open_context_base.py:410] _init_connect_sync: New connect ready: conn=7454961636464459613(369) context=<futu.quote.open_quote_context.OpenQuoteContext object at 0x00000128E4363360>
  02:36:00 价格更新: 1个持仓
2026-04-29 02:36:00,655 | 24936 | 5008 | [open_context_base.py:518] on_disconnect: Disconnected: conn=0(369) reason=CallClose
2026-04-29 02:37:00,659 | 24936 | 27496 | [open_context_base.py:410] _init_connect_sync: New connect ready: conn=7454961888271582956(370) context=<futu.quote.open_quote_context.OpenQuoteContext object at 0x00000128E4363490>
2026-04-29 02:37:00,660 | 24936 | 5008 | [open_context_base.py:518] on_disconnect: Disconnected: conn=0(370) reason=CallClose
2026-04-29 02:37:00,672 | 24936 | 27496 | [open_context_base.py:410] _init_connect_sync: New connect ready: conn=7454961888280035295(371) context=<futu.quote.open_quote_context.OpenQuoteContext object at 0x00000128E43635C0>
  02:37:00 价格更新: 1个持仓
2026-04-29 02:37:00,701 | 24936 | 5008 | [open_context_base.py:518] on_disconnect: Disconnected: conn=0(371) reason=CallClose
2026-04-29 02:38:00,705 | 24936 | 27496 | [open_context_base.py:410] _init_connect_sync: New connect ready: conn=7454962140124152376(372) context=<futu.quote.open_quote_context.OpenQuoteContext object at 0x00000128E43636F0>
2026-04-29 02:38:00,706 | 24936 | 5008 | [open_context_base.py:518] on_disconnect: Disconnected: conn=0(372) reason=CallClose
2026-04-29 02:38:00,708 | 24936 | 27496 | [open_context_base.py:410] _init_connect_sync: New connect ready: conn=7454962140136320783(373) context=<futu.quote.open_quote_context.OpenQuoteContext object at 0x00000128E4363820>
  02:38:00 价格更新: 1个持仓
2026-04-29 02:38:00,738 | 24936 | 5008 | [open_context_base.py:518] on_disconnect: Disconnected: conn=0(373) reason=CallClose
2026-04-29 02:39:00,743 | 24936 | 27496 | [open_context_base.py:410] _init_connect_sync: New connect ready: conn=7454962391940248432(374) context=<futu.quote.open_quote_context.OpenQuoteContext object at 0x00000128E4363950>
2026-04-29 02:39:00,744 | 24936 | 5008 | [open_context_base.py:518] on_disconnect: Disconnected: conn=0(374) reason=CallClose
2026-04-29 02:39:00,757 | 24936 | 27496 | [open_context_base.py:410] _init_connect_sync: New connect ready: conn=7454962391948851552(375) context=<futu.quote.open_quote_context.OpenQuoteContext object at 0x00000128E4363A80>
  02:39:00 价格更新: 1个持仓
2026-04-29 02:39:00,787 | 24936 | 5008 | [open_context_base.py:518] on_disconnect: Disconnected: conn=0(375) reason=CallClose

--- 第 17 轮美股盘中扫描 (美股10min) ---
2026-04-29 02:39:50,802 | 24936 | 27496 | [open_context_base.py:410] _init_connect_sync: New connect ready: conn=7454962601859680883(376) context=<futu.quote.open_quote_context.OpenQuoteContext object at 0x00000128E4363BB0>
  扫描 US...
2026-04-29 02:39:50,803 | 24936 | 5008 | [open_context_base.py:518] on_disconnect: Disconnected: conn=0(376) reason=CallClose
2026-04-29 02:39:50,823 | 24936 | 27496 | [open_context_base.py:410] _init_connect_sync: New connect ready: conn=7454962601942496896(377) context=<futu.quote.open_quote_context.OpenQuoteContext object at 0x00000128E4363CE0>
  US: 无异动

  盘中总计: 0 个补牢机会
2026-04-29 02:39:50,825 | 24936 | 5008 | [open_context_base.py:518] on_disconnect: Disconnected: conn=0(377) reason=CallClose
2026-04-29 02:40:00,839 | 24936 | 27496 | [open_context_base.py:410] _init_connect_sync: New connect ready: conn=7454962643951990805(378) context=<futu.quote.open_quote_context.OpenQuoteContext object at 0x00000128E4363E10>
2026-04-29 02:40:00,840 | 24936 | 5008 | [open_context_base.py:518] on_disconnect: Disconnected: conn=0(378) reason=CallClose
2026-04-29 02:40:00,853 | 24936 | 27496 | [open_context_base.py:410] _init_connect_sync: New connect ready: conn=7454962644014579261(379) context=<futu.quote.open_quote_context.OpenQuoteContext object at 0x00000128E43D0050>
  02:40:00 价格更新: 1个持仓
2026-04-29 02:40:00,886 | 24936 | 5008 | [open_context_base.py:518] on_disconnect: Disconnected: conn=0(379) reason=CallClose
2026-04-29 02:41:00,898 | 24936 | 27496 | [open_context_base.py:410] _init_connect_sync: New connect ready: conn=7454962895909698385(380) context=<futu.quote.open_quote_context.OpenQuoteContext object at 0x00000128E43D0180>
2026-04-29 02:41:00,899 | 24936 | 5008 | [open_context_base.py:518] on_disconnect: Disconnected: conn=0(380) reason=CallClose
2026-04-29 02:41:00,912 | 24936 | 27496 | [open_context_base.py:410] _init_connect_sync: New connect ready: conn=7454962895921141560(381) context=<futu.quote.open_quote_context.OpenQuoteContext object at 0x00000128E43D02B0>
  02:41:00 价格更新: 1个持仓
2026-04-29 02:41:00,943 | 24936 | 5008 | [open_context_base.py:518] on_disconnect: Disconnected: conn=0(381) reason=CallClose
2026-04-29 02:42:00,956 | 24936 | 27496 | [open_context_base.py:410] _init_connect_sync: New connect ready: conn=7454963147811737933(382) context=<futu.quote.open_quote_context.OpenQuoteContext object at 0x00000128E43D03E0>
2026-04-29 02:42:00,957 | 24936 | 5008 | [open_context_base.py:518] on_disconnect: Disconnected: conn=0(382) reason=CallClose
2026-04-29 02:42:00,971 | 24936 | 27496 | [open_context_base.py:410] _init_connect_sync: New connect ready: conn=7454963147825200210(383) context=<futu.quote.open_quote_context.OpenQuoteContext object at 0x00000128E43D0510>
  02:42:01 价格更新: 1个持仓
2026-04-29 02:42:01,000 | 24936 | 5008 | [open_context_base.py:518] on_disconnect: Disconnected: conn=0(383) reason=CallClose
2026-04-29 02:43:01,025 | 24936 | 27496 | [open_context_base.py:410] _init_connect_sync: New connect ready: conn=7454963399708876108(384) context=<futu.quote.open_quote_context.OpenQuoteContext object at 0x00000128E43D0640>
2026-04-29 02:43:01,026 | 24936 | 5008 | [open_context_base.py:518] on_disconnect: Disconnected: conn=0(384) reason=CallClose
2026-04-29 02:43:01,027 | 24936 | 27496 | [open_context_base.py:410] _init_connect_sync: New connect ready: conn=7454963399764779206(385) context=<futu.quote.open_quote_context.OpenQuoteContext object at 0x00000128E43D0770>
  02:43:01 价格更新: 1个持仓
2026-04-29 02:43:01,057 | 24936 | 5008 | [open_context_base.py:518] on_disconnect: Disconnected: conn=0(385) reason=CallClose
2026-04-29 02:44:01,072 | 24936 | 27496 | [open_context_base.py:410] _init_connect_sync: New connect ready: conn=7454963651612988976(386) context=<futu.quote.open_quote_context.OpenQuoteContext object at 0x00000128E43D08A0>
2026-04-29 02:44:01,073 | 24936 | 5008 | [open_context_base.py:518] on_disconnect: Disconnected: conn=0(386) reason=CallClose
2026-04-29 02:44:01,074 | 24936 | 27496 | [open_context_base.py:410] _init_connect_sync: New connect ready: conn=7454963651624034928(387) context=<futu.quote.open_quote_context.OpenQuoteContext object at 0x00000128E43D09D0>
  02:44:01 价格更新: 1个持仓
2026-04-29 02:44:01,106 | 24936 | 5008 | [open_context_base.py:518] on_disconnect: Disconnected: conn=0(387) reason=CallClose
2026-04-29 02:45:01,131 | 24936 | 27496 | [open_context_base.py:410] _init_connect_sync: New connect ready: conn=7454963903472981264(388) context=<futu.quote.open_quote_context.OpenQuoteContext object at 0x00000128E43D0B00>
2026-04-29 02:45:01,132 | 24936 | 5008 | [open_context_base.py:518] on_disconnect: Disconnected: conn=0(388) reason=CallClose
2026-04-29 02:45:01,133 | 24936 | 27496 | [open_context_base.py:410] _init_connect_sync: New connect ready: conn=7454963903531010733(389) context=<futu.quote.open_quote_context.OpenQuoteContext object at 0x00000128E43D0C30>
  02:45:01 价格更新: 1个持仓
2026-04-29 02:45:01,177 | 24936 | 5008 | [open_context_base.py:518] on_disconnect: Disconnected: conn=0(389) reason=CallClose
2026-04-29 02:46:01,194 | 24936 | 27496 | [open_context_base.py:410] _init_connect_sync: New connect ready: conn=7454964155394292207(390) context=<futu.quote.open_quote_context.OpenQuoteContext object at 0x00000128E43D0D60>
2026-04-29 02:46:01,195 | 24936 | 5008 | [open_context_base.py:518] on_disconnect: Disconnected: conn=0(390) reason=CallClose
2026-04-29 02:46:01,207 | 24936 | 27496 | [open_context_base.py:410] _init_connect_sync: New connect ready: conn=7454964155448167276(391) context=<futu.quote.open_quote_context.OpenQuoteContext object at 0x00000128E43D0E90>
  02:46:01 价格更新: 1个持仓
2026-04-29 02:46:01,234 | 24936 | 5008 | [open_context_base.py:518] on_disconnect: Disconnected: conn=0(391) reason=CallClose
2026-04-29 02:47:01,239 | 24936 | 27496 | [open_context_base.py:410] _init_connect_sync: New connect ready: conn=7454964407289227095(392) context=<futu.quote.open_quote_context.OpenQuoteContext object at 0x00000128E43D0FC0>
2026-04-29 02:47:01,240 | 24936 | 5008 | [open_context_base.py:518] on_disconnect: Disconnected: conn=0(392) reason=CallClose
2026-04-29 02:47:01,253 | 24936 | 27496 | [open_context_base.py:410] _init_connect_sync: New connect ready: conn=7454964407297910662(393) context=<futu.quote.open_quote_context.OpenQuoteContext object at 0x00000128E43D10F0>
  02:47:01 价格更新: 1个持仓
2026-04-29 02:47:01,282 | 24936 | 5008 | [open_context_base.py:518] on_disconnect: Disconnected: conn=0(393) reason=CallClose
2026-04-29 02:48:01,297 | 24936 | 27496 | [open_context_base.py:410] _init_connect_sync: New connect ready: conn=7454964659149727259(394) context=<futu.quote.open_quote_context.OpenQuoteContext object at 0x00000128E43D1220>
2026-04-29 02:48:01,298 | 24936 | 5008 | [open_context_base.py:518] on_disconnect: Disconnected: conn=0(394) reason=CallClose
2026-04-29 02:48:01,300 | 24936 | 27496 | [open_context_base.py:410] _init_connect_sync: New connect ready: conn=7454964659204059619(395) context=<futu.quote.open_quote_context.OpenQuoteContext object at 0x00000128E43D1350>
  02:48:01 价格更新: 1个持仓
2026-04-29 02:48:01,331 | 24936 | 5008 | [open_context_base.py:518] on_disconnect: Disconnected: conn=0(395) reason=CallClose
2026-04-29 02:49:01,349 | 24936 | 27496 | [open_context_base.py:410] _init_connect_sync: New connect ready: conn=7454964911020781806(396) context=<futu.quote.open_quote_context.OpenQuoteContext object at 0x00000128E43D1480>
2026-04-29 02:49:01,350 | 24936 | 5008 | [open_context_base.py:518] on_disconnect: Disconnected: conn=0(396) reason=CallClose
2026-04-29 02:49:01,352 | 24936 | 27496 | [open_context_base.py:410] _init_connect_sync: New connect ready: conn=7454964911079926747(397) context=<futu.quote.open_quote_context.OpenQuoteContext object at 0x00000128E43D15B0>
  02:49:01 价格更新: 1个持仓
2026-04-29 02:49:01,382 | 24936 | 5008 | [open_context_base.py:518] on_disconnect: Disconnected: conn=0(397) reason=CallClose

--- 第 18 轮美股盘中扫描 (美股10min) ---
2026-04-29 02:49:51,398 | 24936 | 27496 | [open_context_base.py:410] _init_connect_sync: New connect ready: conn=7454965120939249908(398) context=<futu.quote.open_quote_context.OpenQuoteContext object at 0x00000128E43D16E0>
  扫描 US2026-04-29 02:49:51,399 | 24936 | 5008 | [open_context_base.py:518] on_disconnect: Disconnected: conn=0(398) reason=CallClose
...
2026-04-29 02:49:51,407 | 24936 | 27496 | [open_context_base.py:410] _init_connect_sync: New connect ready: conn=7454965121024202530(399) context=<futu.quote.open_quote_context.OpenQuoteContext object at 0x00000128E43D1810>
  US: 无异动

  盘中总计: 0 个补牢机会
2026-04-29 02:49:51,408 | 24936 | 5008 | [open_context_base.py:518] on_disconnect: Disconnected: conn=0(399) reason=CallClose
2026-04-29 02:50:01,421 | 24936 | 27496 | [open_context_base.py:410] _init_connect_sync: New connect ready: conn=7454965162984574345(400) context=<futu.quote.open_quote_context.OpenQuoteContext object at 0x00000128E43D1940>
2026-04-29 02:50:01,422 | 24936 | 5008 | [open_context_base.py:518] on_disconnect: Disconnected: conn=0(400) reason=CallClose
2026-04-29 02:50:01,425 | 24936 | 27496 | [open_context_base.py:410] _init_connect_sync: New connect ready: conn=7454965163043600467(401) context=<futu.quote.open_quote_context.OpenQuoteContext object at 0x00000128E43D1A70>
  02:50:01 价格更新: 1个持仓
2026-04-29 02:50:01,455 | 24936 | 5008 | [open_context_base.py:518] on_disconnect: Disconnected: conn=0(401) reason=CallClose
2026-04-29 02:51:01,471 | 24936 | 27496 | [open_context_base.py:410] _init_connect_sync: New connect ready: conn=7454965414843498539(402) context=<futu.quote.open_quote_context.OpenQuoteContext object at 0x00000128E43D1BA0>
2026-04-29 02:51:01,472 | 24936 | 5008 | [open_context_base.py:518] on_disconnect: Disconnected: conn=0(402) reason=CallClose
2026-04-29 02:51:01,484 | 24936 | 27496 | [open_context_base.py:410] _init_connect_sync: New connect ready: conn=7454965414902571814(403) context=<futu.quote.open_quote_context.OpenQuoteContext object at 0x00000128E43D1CD0>
  02:51:01 价格更新: 1个持仓
2026-04-29 02:51:01,513 | 24936 | 5008 | [open_context_base.py:518] on_disconnect: Disconnected: conn=0(403) reason=CallClose
2026-04-29 02:52:01,517 | 24936 | 27496 | [open_context_base.py:410] _init_connect_sync: New connect ready: conn=7454965666751724906(404) context=<futu.quote.open_quote_context.OpenQuoteContext object at 0x00000128E43D1E00>
2026-04-29 02:52:01,518 | 24936 | 5008 | [open_context_base.py:518] on_disconnect: Disconnected: conn=0(404) reason=CallClose
2026-04-29 02:52:01,520 | 24936 | 27496 | [open_context_base.py:410] _init_connect_sync: New connect ready: conn=7454965666757623729(405) context=<futu.quote.open_quote_context.OpenQuoteContext object at 0x00000128E43D1F30>
  02:52:01 价格更新: 1个持仓
2026-04-29 02:52:01,552 | 24936 | 5008 | [open_context_base.py:518] on_disconnect: Disconnected: conn=0(405) reason=CallClose
2026-04-29 02:53:01,566 | 24936 | 27496 | [open_context_base.py:410] _init_connect_sync: New connect ready: conn=7454965918568045264(406) context=<futu.quote.open_quote_context.OpenQuoteContext object at 0x00000128E43D2060>
2026-04-29 02:53:01,567 | 24936 | 5008 | [open_context_base.py:518] on_disconnect: Disconnected: conn=0(406) reason=CallClose
2026-04-29 02:53:01,580 | 24936 | 27496 | [open_context_base.py:410] _init_connect_sync: New connect ready: conn=7454965918623710464(407) context=<futu.quote.open_quote_context.OpenQuoteContext object at 0x00000128E43D2190>
  02:53:01 价格更新: 1个持仓
2026-04-29 02:53:01,613 | 24936 | 5008 | [open_context_base.py:518] on_disconnect: Disconnected: conn=0(407) reason=CallClose
2026-04-29 02:54:01,631 | 24936 | 27496 | [open_context_base.py:410] _init_connect_sync: New connect ready: conn=7454966170490772815(408) context=<futu.quote.open_quote_context.OpenQuoteContext object at 0x00000128E43D22C0>
2026-04-29 02:54:01,632 | 24936 | 5008 | [open_context_base.py:518] on_disconnect: Disconnected: conn=0(408) reason=CallClose
2026-04-29 02:54:01,642 | 24936 | 27496 | [open_context_base.py:410] _init_connect_sync: New connect ready: conn=7454966170588603566(409) context=<futu.quote.open_quote_context.OpenQuoteContext object at 0x00000128E43D23F0>
  02:54:01 价格更新: 1个持仓
2026-04-29 02:54:01,673 | 24936 | 5008 | [open_context_base.py:518] on_disconnect: Disconnected: conn=0(409) reason=CallClose
2026-04-29 02:55:01,689 | 24936 | 27496 | [open_context_base.py:410] _init_connect_sync: New connect ready: conn=7454966422392790338(410) context=<futu.quote.open_quote_context.OpenQuoteContext object at 0x00000128E43D2520>
2026-04-29 02:55:01,690 | 24936 | 5008 | [open_context_base.py:518] on_disconnect: Disconnected: conn=0(410) reason=CallClose
2026-04-29 02:55:01,693 | 24936 | 27496 | [open_context_base.py:410] _init_connect_sync: New connect ready: conn=7454966422453348410(411) context=<futu.quote.open_quote_context.OpenQuoteContext object at 0x00000128E43D2650>
  02:55:01 价格更新: 1个持仓
2026-04-29 02:55:01,721 | 24936 | 5008 | [open_context_base.py:518] on_disconnect: Disconnected: conn=0(411) reason=CallClose
2026-04-29 02:56:01,735 | 24936 | 27496 | [open_context_base.py:410] _init_connect_sync: New connect ready: conn=7454966674251896555(412) context=<futu.quote.open_quote_context.OpenQuoteContext object at 0x00000128E43D2780>
2026-04-29 02:56:01,737 | 24936 | 5008 | [open_context_base.py:518] on_disconnect: Disconnected: conn=0(412) reason=CallClose
2026-04-29 02:56:01,738 | 24936 | 27496 | [open_context_base.py:410] _init_connect_sync: New connect ready: conn=7454966674304080312(413) context=<futu.quote.open_quote_context.OpenQuoteContext object at 0x00000128E43D28B0>
  02:56:01 价格更新: 1个持仓
2026-04-29 02:56:01,769 | 24936 | 5008 | [open_context_base.py:518] on_disconnect: Disconnected: conn=0(413) reason=CallClose
2026-04-29 02:57:01,773 | 24936 | 27496 | [open_context_base.py:410] _init_connect_sync: New connect ready: conn=7454966926110844241(414) context=<futu.quote.open_quote_context.OpenQuoteContext object at 0x00000128E43D29E0>
2026-04-29 02:57:01,774 | 24936 | 5008 | [open_context_base.py:518] on_disconnect: Disconnected: conn=0(414) reason=CallClose
2026-04-29 02:57:01,787 | 24936 | 27496 | [open_context_base.py:410] _init_connect_sync: New connect ready: conn=7454966926121985734(415) context=<futu.quote.open_quote_context.OpenQuoteContext object at 0x00000128E43D2B10>
  02:57:01 价格更新: 1个持仓
2026-04-29 02:57:01,815 | 24936 | 5008 | [open_context_base.py:518] on_disconnect: Disconnected: conn=0(415) reason=CallClose
2026-04-29 02:58:01,820 | 24936 | 27496 | [open_context_base.py:410] _init_connect_sync: New connect ready: conn=7454967177966946618(416) context=<futu.quote.open_quote_context.OpenQuoteContext object at 0x00000128E43D2C40>
2026-04-29 02:58:01,821 | 24936 | 5008 | [open_context_base.py:518] on_disconnect: Disconnected: conn=0(416) reason=CallClose
2026-04-29 02:58:01,823 | 24936 | 27496 | [open_context_base.py:410] _init_connect_sync: New connect ready: conn=7454967177979411182(417) context=<futu.quote.open_quote_context.OpenQuoteContext object at 0x00000128E43D2D70>
  02:58:01 价格更新: 1个持仓
2026-04-29 02:58:01,858 | 24936 | 5008 | [open_context_base.py:518] on_disconnect: Disconnected: conn=0(417) reason=CallClose
2026-04-29 02:59:01,861 | 24936 | 27496 | [open_context_base.py:410] _init_connect_sync: New connect ready: conn=7454967429802134254(418) context=<futu.quote.open_quote_context.OpenQuoteContext object at 0x00000128E43D2EA0>
2026-04-29 02:59:01,862 | 24936 | 5008 | [open_context_base.py:518] on_disconnect: Disconnected: conn=0(418) reason=CallClose
2026-04-29 02:59:01,864 | 24936 | 27496 | [open_context_base.py:410] _init_connect_sync: New connect ready: conn=7454967429810626736(419) context=<futu.quote.open_quote_context.OpenQuoteContext object at 0x00000128E43D2FD0>
  02:59:01 价格更新: 1个持仓
2026-04-29 02:59:01,894 | 24936 | 5008 | [open_context_base.py:518] on_disconnect: Disconnected: conn=0(419) reason=CallClose

--- 第 19 轮美股盘中扫描 (美股10min) ---
2026-04-29 02:59:51,910 | 24936 | 27496 | [open_context_base.py:410] _init_connect_sync: New connect ready: conn=7454967639674110402(420) context=<futu.quote.open_quote_context.OpenQuoteContext object at 0x00000128E43D3100>
  扫描 US...
2026-04-29 02:59:51,911 | 24936 | 5008 | [open_context_base.py:518] on_disconnect: Disconnected: conn=0(420) reason=CallClose
2026-04-29 02:59:51,931 | 24936 | 27496 | [open_context_base.py:410] _init_connect_sync: New connect ready: conn=7454967639754092180(421) context=<futu.quote.open_quote_context.OpenQuoteContext object at 0x00000128E43D3230>
  US: 无异动

  盘中总计: 0 个补牢机会
2026-04-29 02:59:51,932 | 24936 | 5008 | [open_context_base.py:518] on_disconnect: Disconnected: conn=0(421) reason=CallClose
2026-04-29 03:00:01,946 | 24936 | 27496 | [open_context_base.py:410] _init_connect_sync: New connect ready: conn=7454967681760799103(422) context=<futu.quote.open_quote_context.OpenQuoteContext object at 0x00000128E43D3360>
2026-04-29 03:00:01,947 | 24936 | 5008 | [open_context_base.py:518] on_disconnect: Disconnected: conn=0(422) reason=CallClose
2026-04-29 03:00:01,949 | 24936 | 27496 | [open_context_base.py:410] _init_connect_sync: New connect ready: conn=7454967681818461866(423) context=<futu.quote.open_quote_context.OpenQuoteContext object at 0x00000128E43D3490>
  03:00:01 价格更新: 1个持仓
2026-04-29 03:00:01,978 | 24936 | 5008 | [open_context_base.py:518] on_disconnect: Disconnected: conn=0(423) reason=CallClose
2026-04-29 03:01:01,996 | 24936 | 27496 | [open_context_base.py:410] _init_connect_sync: New connect ready: conn=7454967933627191264(424) context=<futu.quote.open_quote_context.OpenQuoteContext object at 0x00000128E43D35C0>
2026-04-29 03:01:01,996 | 24936 | 5008 | [open_context_base.py:518] on_disconnect: Disconnected: conn=0(424) reason=CallClose
2026-04-29 03:01:02,010 | 24936 | 27496 | [open_context_base.py:410] _init_connect_sync: New connect ready: conn=7454967933689067695(425) context=<futu.quote.open_quote_context.OpenQuoteContext object at 0x00000128E43D36F0>
  03:01:02 价格更新: 1个持仓
2026-04-29 03:01:02,039 | 24936 | 5008 | [open_context_base.py:518] on_disconnect: Disconnected: conn=0(425) reason=CallClose
2026-04-29 03:02:02,056 | 24936 | 27496 | [open_context_base.py:410] _init_connect_sync: New connect ready: conn=7454968185548211323(426) context=<futu.quote.open_quote_context.OpenQuoteContext object at 0x00000128E43D3820>
2026-04-29 03:02:02,057 | 24936 | 5008 | [open_context_base.py:518] on_disconnect: Disconnected: conn=0(426) reason=CallClose
2026-04-29 03:02:02,059 | 24936 | 27496 | [open_context_base.py:410] _init_connect_sync: New connect ready: conn=7454968185607317375(427) context=<futu.quote.open_quote_context.OpenQuoteContext object at 0x00000128E43D3950>
  03:02:02 价格更新: 1个持仓
2026-04-29 03:02:02,090 | 24936 | 5008 | [open_context_base.py:518] on_disconnect: Disconnected: conn=0(427) reason=CallClose
2026-04-29 03:03:02,095 | 24936 | 27496 | [open_context_base.py:410] _init_connect_sync: New connect ready: conn=7454968437411385212(428) context=<futu.quote.open_quote_context.OpenQuoteContext object at 0x00000128E43D3A80>
2026-04-29 03:03:02,096 | 24936 | 5008 | [open_context_base.py:518] on_disconnect: Disconnected: conn=0(428) reason=CallClose
2026-04-29 03:03:02,098 | 24936 | 27496 | [open_context_base.py:410] _init_connect_sync: New connect ready: conn=7454968437421104835(429) context=<futu.quote.open_quote_context.OpenQuoteContext object at 0x00000128E43D3BB0>
  03:03:02 价格更新: 1个持仓
2026-04-29 03:03:02,128 | 24936 | 5008 | [open_context_base.py:518] on_disconnect: Disconnected: conn=0(429) reason=CallClose
2026-04-29 03:04:02,144 | 24936 | 27496 | [open_context_base.py:410] _init_connect_sync: New connect ready: conn=7454968689228774994(430) context=<futu.quote.open_quote_context.OpenQuoteContext object at 0x00000128E43D3CE0>
2026-04-29 03:04:02,145 | 24936 | 5008 | [open_context_base.py:518] on_disconnect: Disconnected: conn=0(430) reason=CallClose
2026-04-29 03:04:02,157 | 24936 | 27496 | [open_context_base.py:410] _init_connect_sync: New connect ready: conn=7454968689289319274(431) context=<futu.quote.open_quote_context.OpenQuoteContext object at 0x00000128E43D3E10>
  03:04:02 价格更新: 1个持仓
2026-04-29 03:04:02,187 | 24936 | 5008 | [open_context_base.py:518] on_disconnect: Disconnected: conn=0(431) reason=CallClose
2026-04-29 03:05:02,192 | 24936 | 27496 | [open_context_base.py:410] _init_connect_sync: New connect ready: conn=7454968941133977762(432) context=<futu.quote.open_quote_context.OpenQuoteContext object at 0x00000128E4464050>
2026-04-29 03:05:02,193 | 24936 | 5008 | [open_context_base.py:518] on_disconnect: Disconnected: conn=0(432) reason=CallClose
2026-04-29 03:05:02,194 | 24936 | 27496 | [open_context_base.py:410] _init_connect_sync: New connect ready: conn=7454968941146253201(433) context=<futu.quote.open_quote_context.OpenQuoteContext object at 0x00000128E4464180>
  03:05:02 价格更新: 1个持仓
2026-04-29 03:05:02,223 | 24936 | 5008 | [open_context_base.py:518] on_disconnect: Disconnected: conn=0(433) reason=CallClose
2026-04-29 03:06:02,238 | 24936 | 27496 | [open_context_base.py:410] _init_connect_sync: New connect ready: conn=7454969192938769774(434) context=<futu.quote.open_quote_context.OpenQuoteContext object at 0x00000128E44642B0>
2026-04-29 03:06:02,239 | 24936 | 5008 | [open_context_base.py:518] on_disconnect: Disconnected: conn=0(434) reason=CallClose
2026-04-29 03:06:02,252 | 24936 | 27496 | [open_context_base.py:410] _init_connect_sync: New connect ready: conn=7454969192996782044(435) context=<futu.quote.open_quote_context.OpenQuoteContext object at 0x00000128E44643E0>
  03:06:02 价格更新: 1个持仓
2026-04-29 03:06:02,285 | 24936 | 5008 | [open_context_base.py:518] on_disconnect: Disconnected: conn=0(435) reason=CallClose
2026-04-29 03:07:02,289 | 24936 | 27496 | [open_context_base.py:410] _init_connect_sync: New connect ready: conn=7454969444855905353(436) context=<futu.quote.open_quote_context.OpenQuoteContext object at 0x00000128E4464510>
2026-04-29 03:07:02,290 | 24936 | 5008 | [open_context_base.py:518] on_disconnect: Disconnected: conn=0(436) reason=CallClose
2026-04-29 03:07:02,304 | 24936 | 27496 | [open_context_base.py:410] _init_connect_sync: New connect ready: conn=7454969444868674419(437) context=<futu.quote.open_quote_context.OpenQuoteContext object at 0x00000128E4464640>
  03:07:02 价格更新: 1个持仓
2026-04-29 03:07:02,333 | 24936 | 5008 | [open_context_base.py:518] on_disconnect: Disconnected: conn=0(437) reason=CallClose
2026-04-29 03:08:02,349 | 24936 | 27496 | [open_context_base.py:410] _init_connect_sync: New connect ready: conn=7454969696716604906(438) context=<futu.quote.open_quote_context.OpenQuoteContext object at 0x00000128E4464770>
2026-04-29 03:08:02,350 | 24936 | 5008 | [open_context_base.py:518] on_disconnect: Disconnected: conn=0(438) reason=CallClose
2026-04-29 03:08:02,352 | 24936 | 27496 | [open_context_base.py:410] _init_connect_sync: New connect ready: conn=7454969696781674287(439) context=<futu.quote.open_quote_context.OpenQuoteContext object at 0x00000128E44648A0>
  03:08:02 价格更新: 1个持仓
2026-04-29 03:08:02,380 | 24936 | 5008 | [open_context_base.py:518] on_disconnect: Disconnected: conn=0(439) reason=CallClose
2026-04-29 03:09:02,398 | 24936 | 27496 | [open_context_base.py:410] _init_connect_sync: New connect ready: conn=7454969948580407474(440) context=<futu.quote.open_quote_context.OpenQuoteContext object at 0x00000128E44649D0>
2026-04-29 03:09:02,399 | 24936 | 5008 | [open_context_base.py:518] on_disconnect: Disconnected: conn=0(440) reason=CallClose
2026-04-29 03:09:02,411 | 24936 | 27496 | [open_context_base.py:410] _init_connect_sync: New connect ready: conn=7454969948645838907(441) context=<futu.quote.open_quote_context.OpenQuoteContext object at 0x00000128E4464B00>
  03:09:02 价格更新: 1个持仓
2026-04-29 03:09:02,441 | 24936 | 5008 | [open_context_base.py:518] on_disconnect: Disconnected: conn=0(441) reason=CallClose

--- 第 20 轮美股盘中扫描 (美股10min) ---
2026-04-29 03:09:52,456 | 24936 | 27496 | [open_context_base.py:410] _init_connect_sync: New connect ready: conn=7454970158545981778(442) context=<futu.quote.open_quote_context.OpenQuoteContext object at 0x00000128E4464C30>
2026-04-29 03:09:52,457 | 24936 | 5008 | [open_context_base.py:518] on_disconnect: Disconnected: conn=0(442) reason=CallClose
  扫描 US...
2026-04-29 03:09:52,469 | 24936 | 27496 | [open_context_base.py:410] _init_connect_sync: New connect ready: conn=7454970158643632090(443) context=<futu.quote.open_quote_context.OpenQuoteContext object at 0x00000128E4464D60>
  US: 无异动

  盘中总计: 0 个补牢机会
2026-04-29 03:09:52,471 | 24936 | 5008 | [open_context_base.py:518] on_disconnect: Disconnected: conn=0(443) reason=CallClose
2026-04-29 03:10:02,485 | 24936 | 27496 | [open_context_base.py:410] _init_connect_sync: New connect ready: conn=7454970200608914667(444) context=<futu.quote.open_quote_context.OpenQuoteContext object at 0x00000128E4464E90>
2026-04-29 03:10:02,486 | 24936 | 5008 | [open_context_base.py:518] on_disconnect: Disconnected: conn=0(444) reason=CallClose
2026-04-29 03:10:02,498 | 24936 | 27496 | [open_context_base.py:410] _init_connect_sync: New connect ready: conn=7454970200667582798(445) context=<futu.quote.open_quote_context.OpenQuoteContext object at 0x00000128E4464FC0>
  03:10:02 价格更新: 1个持仓
2026-04-29 03:10:02,526 | 24936 | 5008 | [open_context_base.py:518] on_disconnect: Disconnected: conn=0(445) reason=CallClose
2026-04-29 03:11:02,542 | 24936 | 27496 | [open_context_base.py:410] _init_connect_sync: New connect ready: conn=7454970452498823434(446) context=<futu.quote.open_quote_context.OpenQuoteContext object at 0x00000128E44650F0>
2026-04-29 03:11:02,543 | 24936 | 5008 | [open_context_base.py:518] on_disconnect: Disconnected: conn=0(446) reason=CallClose
2026-04-29 03:11:02,544 | 24936 | 27496 | [open_context_base.py:410] _init_connect_sync: New connect ready: conn=7454970452560233597(447) context=<futu.quote.open_quote_context.OpenQuoteContext object at 0x00000128E4465220>
  03:11:02 价格更新: 1个持仓
2026-04-29 03:11:02,573 | 24936 | 5008 | [open_context_base.py:518] on_disconnect: Disconnected: conn=0(447) reason=CallClose
2026-04-29 03:12:02,587 | 24936 | 27496 | [open_context_base.py:410] _init_connect_sync: New connect ready: conn=7454970704359662533(448) context=<futu.quote.open_quote_context.OpenQuoteContext object at 0x00000128E4465350>
2026-04-29 03:12:02,588 | 24936 | 5008 | [open_context_base.py:518] on_disconnect: Disconnected: conn=0(448) reason=CallClose
2026-04-29 03:12:02,590 | 24936 | 27496 | [open_context_base.py:410] _init_connect_sync: New connect ready: conn=7454970704413258030(449) context=<futu.quote.open_quote_context.OpenQuoteContext object at 0x00000128E4465480>
  03:12:02 价格更新: 1个持仓
2026-04-29 03:12:02,621 | 24936 | 5008 | [open_context_base.py:518] on_disconnect: Disconnected: conn=0(449) reason=CallClose
2026-04-29 03:13:02,626 | 24936 | 27496 | [open_context_base.py:410] _init_connect_sync: New connect ready: conn=7454970956220461204(450) context=<futu.quote.open_quote_context.OpenQuoteContext object at 0x00000128E44655B0>
2026-04-29 03:13:02,627 | 24936 | 5008 | [open_context_base.py:518] on_disconnect: Disconnected: conn=0(450) reason=CallClose
2026-04-29 03:13:02,629 | 24936 | 27496 | [open_context_base.py:410] _init_connect_sync: New connect ready: conn=7454970956234401638(451) context=<futu.quote.open_quote_context.OpenQuoteContext object at 0x00000128E44656E0>
  03:13:02 价格更新: 1个持仓
2026-04-29 03:13:02,657 | 24936 | 5008 | [open_context_base.py:518] on_disconnect: Disconnected: conn=0(451) reason=CallClose
2026-04-29 03:14:02,661 | 24936 | 27496 | [open_context_base.py:410] _init_connect_sync: New connect ready: conn=7454971208023774863(452) context=<futu.quote.open_quote_context.OpenQuoteContext object at 0x00000128E4465810>
2026-04-29 03:14:02,662 | 24936 | 5008 | [open_context_base.py:518] on_disconnect: Disconnected: conn=0(452) reason=CallClose
2026-04-29 03:14:02,674 | 24936 | 27496 | [open_context_base.py:410] _init_connect_sync: New connect ready: conn=7454971208035109285(453) context=<futu.quote.open_quote_context.OpenQuoteContext object at 0x00000128E4465940>
  03:14:02 价格更新: 1个持仓
2026-04-29 03:14:02,702 | 24936 | 5008 | [open_context_base.py:518] on_disconnect: Disconnected: conn=0(453) reason=CallClose
2026-04-29 03:15:02,707 | 24936 | 27496 | [open_context_base.py:410] _init_connect_sync: New connect ready: conn=7454971459872965568(454) context=<futu.quote.open_quote_context.OpenQuoteContext object at 0x00000128E4465A70>
2026-04-29 03:15:02,708 | 24936 | 5008 | [open_context_base.py:518] on_disconnect: Disconnected: conn=0(454) reason=CallClose
2026-04-29 03:15:02,710 | 24936 | 27496 | [open_context_base.py:410] _init_connect_sync: New connect ready: conn=7454971459889909940(455) context=<futu.quote.open_quote_context.OpenQuoteContext object at 0x00000128E4465BA0>
  03:15:02 价格更新: 1个持仓
2026-04-29 03:15:02,745 | 24936 | 5008 | [open_context_base.py:518] on_disconnect: Disconnected: conn=0(455) reason=CallClose
2026-04-29 03:16:02,750 | 24936 | 27496 | [open_context_base.py:410] _init_connect_sync: New connect ready: conn=7454971711714903504(456) context=<futu.quote.open_quote_context.OpenQuoteContext object at 0x00000128E4465CD0>
2026-04-29 03:16:02,751 | 24936 | 5008 | [open_context_base.py:518] on_disconnect: Disconnected: conn=0(456) reason=CallClose
2026-04-29 03:16:02,753 | 24936 | 27496 | [open_context_base.py:410] _init_connect_sync: New connect ready: conn=7454971711728737223(457) context=<futu.quote.open_quote_context.OpenQuoteContext object at 0x00000128E4465E00>
  03:16:02 价格更新: 1个持仓
2026-04-29 03:16:02,789 | 24936 | 5008 | [open_context_base.py:518] on_disconnect: Disconnected: conn=0(457) reason=CallClose
2026-04-29 03:17:02,804 | 24936 | 27496 | [open_context_base.py:410] _init_connect_sync: New connect ready: conn=7454971963555593442(458) context=<futu.quote.open_quote_context.OpenQuoteContext object at 0x00000128E4465F30>
2026-04-29 03:17:02,805 | 24936 | 5008 | [open_context_base.py:518] on_disconnect: Disconnected: conn=0(458) reason=CallClose
2026-04-29 03:17:02,806 | 24936 | 27496 | [open_context_base.py:410] _init_connect_sync: New connect ready: conn=7454971963610079397(459) context=<futu.quote.open_quote_context.OpenQuoteContext object at 0x00000128E4466060>
  03:17:02 价格更新: 1个持仓
2026-04-29 03:17:02,836 | 24936 | 5008 | [open_context_base.py:518] on_disconnect: Disconnected: conn=0(459) reason=CallClose
2026-04-29 03:18:02,852 | 24936 | 27496 | [open_context_base.py:410] _init_connect_sync: New connect ready: conn=7454972215410015186(460) context=<futu.quote.open_quote_context.OpenQuoteContext object at 0x00000128E4466190>
2026-04-29 03:18:02,853 | 24936 | 5008 | [open_context_base.py:518] on_disconnect: Disconnected: conn=0(460) reason=CallClose
2026-04-29 03:18:02,865 | 24936 | 27496 | [open_context_base.py:410] _init_connect_sync: New connect ready: conn=7454972215465978047(461) context=<futu.quote.open_quote_context.OpenQuoteContext object at 0x00000128E44662C0>
  03:18:02 价格更新: 1个持仓
2026-04-29 03:18:02,894 | 24936 | 5008 | [open_context_base.py:518] on_disconnect: Disconnected: conn=0(461) reason=CallClose
2026-04-29 03:19:02,908 | 24936 | 27496 | [open_context_base.py:410] _init_connect_sync: New connect ready: conn=7454972467308505969(462) context=<futu.quote.open_quote_context.OpenQuoteContext object at 0x00000128E44663F0>
2026-04-29 03:19:02,909 | 24936 | 5008 | [open_context_base.py:518] on_disconnect: Disconnected: conn=0(462) reason=CallClose
2026-04-29 03:19:02,923 | 24936 | 27496 | [open_context_base.py:410] _init_connect_sync: New connect ready: conn=7454972467365088116(463) context=<futu.quote.open_quote_context.OpenQuoteContext object at 0x00000128E4466520>
  03:19:02 价格更新: 1个持仓
2026-04-29 03:19:02,956 | 24936 | 5008 | [open_context_base.py:518] on_disconnect: Disconnected: conn=0(463) reason=CallClose

--- 第 21 轮美股盘中扫描 (美股10min) ---
2026-04-29 03:19:52,961 | 24936 | 27496 | [open_context_base.py:410] _init_connect_sync: New connect ready: conn=7454972677290278175(464) context=<futu.quote.open_quote_context.OpenQuoteContext object at 0x00000128E4466650>
  扫描 US...
2026-04-29 03:19:52,962 | 24936 | 5008 | [open_context_base.py:518] on_disconnect: Disconnected: conn=0(464) reason=CallClose
2026-04-29 03:19:52,980 | 24936 | 27496 | [open_context_base.py:410] _init_connect_sync: New connect ready: conn=7454972677328580276(465) context=<futu.quote.open_quote_context.OpenQuoteContext object at 0x00000128E4466780>
  US: 无异动

  盘中总计: 0 个补牢机会
2026-04-29 03:19:52,981 | 24936 | 5008 | [open_context_base.py:518] on_disconnect: Disconnected: conn=0(465) reason=CallClose
2026-04-29 03:20:02,994 | 24936 | 27496 | [open_context_base.py:410] _init_connect_sync: New connect ready: conn=7454972719327878495(466) context=<futu.quote.open_quote_context.OpenQuoteContext object at 0x00000128E44668B0>
2026-04-29 03:20:02,995 | 24936 | 5008 | [open_context_base.py:518] on_disconnect: Disconnected: conn=0(466) reason=CallClose
2026-04-29 03:20:03,008 | 24936 | 27496 | [open_context_base.py:410] _init_connect_sync: New connect ready: conn=7454972719385124958(467) context=<futu.quote.open_quote_context.OpenQuoteContext object at 0x00000128E44669E0>
  03:20:03 价格更新: 1个持仓
2026-04-29 03:20:03,037 | 24936 | 5008 | [open_context_base.py:518] on_disconnect: Disconnected: conn=0(467) reason=CallClose
2026-04-29 03:21:03,054 | 24936 | 27496 | [open_context_base.py:410] _init_connect_sync: New connect ready: conn=7454972971232437721(468) context=<futu.quote.open_quote_context.OpenQuoteContext object at 0x00000128E4466B10>
2026-04-29 03:21:03,055 | 24936 | 5008 | [open_context_base.py:518] on_disconnect: Disconnected: conn=0(468) reason=CallClose
2026-04-29 03:21:03,057 | 24936 | 27496 | [open_context_base.py:410] _init_connect_sync: New connect ready: conn=7454972971295544236(469) context=<futu.quote.open_quote_context.OpenQuoteContext object at 0x00000128E4466C40>
  03:21:03 价格更新: 1个持仓
2026-04-29 03:21:03,086 | 24936 | 5008 | [open_context_base.py:518] on_disconnect: Disconnected: conn=0(469) reason=CallClose
2026-04-29 03:22:03,104 | 24936 | 27496 | [open_context_base.py:410] _init_connect_sync: New connect ready: conn=7454973223102852046(470) context=<futu.quote.open_quote_context.OpenQuoteContext object at 0x00000128E4466D70>
2026-04-29 03:22:03,105 | 24936 | 5008 | [open_context_base.py:518] on_disconnect: Disconnected: conn=0(470) reason=CallClose
2026-04-29 03:22:03,117 | 24936 | 27496 | [open_context_base.py:410] _init_connect_sync: New connect ready: conn=7454973223161766943(471) context=<futu.quote.open_quote_context.OpenQuoteContext object at 0x00000128E4466EA0>
  03:22:03 价格更新: 1个持仓
2026-04-29 03:22:03,148 | 24936 | 5008 | [open_context_base.py:518] on_disconnect: Disconnected: conn=0(471) reason=CallClose
2026-04-29 03:23:03,153 | 24936 | 27496 | [open_context_base.py:410] _init_connect_sync: New connect ready: conn=7454973475014311977(472) context=<futu.quote.open_quote_context.OpenQuoteContext object at 0x00000128E4466FD0>
2026-04-29 03:23:03,154 | 24936 | 5008 | [open_context_base.py:518] on_disconnect: Disconnected: conn=0(472) reason=CallClose
2026-04-29 03:23:03,168 | 24936 | 27496 | [open_context_base.py:410] _init_connect_sync: New connect ready: conn=7454973475027566703(473) context=<futu.quote.open_quote_context.OpenQuoteContext object at 0x00000128E4467100>
  03:23:03 价格更新: 1个持仓
2026-04-29 03:23:03,197 | 24936 | 5008 | [open_context_base.py:518] on_disconnect: Disconnected: conn=0(473) reason=CallClose
2026-04-29 03:24:03,213 | 24936 | 27496 | [open_context_base.py:410] _init_connect_sync: New connect ready: conn=7454973726880191813(474) context=<futu.quote.open_quote_context.OpenQuoteContext object at 0x00000128E4467230>
2026-04-29 03:24:03,214 | 24936 | 5008 | [open_context_base.py:518] on_disconnect: Disconnected: conn=0(474) reason=CallClose
2026-04-29 03:24:03,216 | 24936 | 27496 | [open_context_base.py:410] _init_connect_sync: New connect ready: conn=7454973726935517208(475) context=<futu.quote.open_quote_context.OpenQuoteContext object at 0x00000128E4467360>
  03:24:03 价格更新: 1个持仓
2026-04-29 03:24:03,248 | 24936 | 5008 | [open_context_base.py:518] on_disconnect: Disconnected: conn=0(475) reason=CallClose
2026-04-29 03:25:03,265 | 24936 | 27496 | [open_context_base.py:410] _init_connect_sync: New connect ready: conn=7454973978748433724(476) context=<futu.quote.open_quote_context.OpenQuoteContext object at 0x00000128E4467490>
2026-04-29 03:25:03,266 | 24936 | 5008 | [open_context_base.py:518] on_disconnect: Disconnected: conn=0(476) reason=CallClose
2026-04-29 03:25:03,278 | 24936 | 27496 | [open_context_base.py:410] _init_connect_sync: New connect ready: conn=7454973978812049572(477) context=<futu.quote.open_quote_context.OpenQuoteContext object at 0x00000128E44675C0>
  03:25:03 价格更新: 1个持仓
2026-04-29 03:25:03,315 | 24936 | 5008 | [open_context_base.py:518] on_disconnect: Disconnected: conn=0(477) reason=CallClose
2026-04-29 03:26:03,332 | 24936 | 27496 | [open_context_base.py:410] _init_connect_sync: New connect ready: conn=7454974230687309877(478) context=<futu.quote.open_quote_context.OpenQuoteContext object at 0x00000128E44676F0>
2026-04-29 03:26:03,332 | 24936 | 5008 | [open_context_base.py:518] on_disconnect: Disconnected: conn=0(478) reason=CallClose
2026-04-29 03:26:03,334 | 24936 | 27496 | [open_context_base.py:410] _init_connect_sync: New connect ready: conn=7454974230746725290(479) context=<futu.quote.open_quote_context.OpenQuoteContext object at 0x00000128E4467820>
  03:26:03 价格更新: 1个持仓
2026-04-29 03:26:03,380 | 24936 | 5008 | [open_context_base.py:518] on_disconnect: Disconnected: conn=0(479) reason=CallClose
2026-04-29 03:27:03,397 | 24936 | 27496 | [open_context_base.py:410] _init_connect_sync: New connect ready: conn=7454974482621232186(480) context=<futu.quote.open_quote_context.OpenQuoteContext object at 0x00000128E4467950>
2026-04-29 03:27:03,398 | 24936 | 5008 | [open_context_base.py:518] on_disconnect: Disconnected: conn=0(480) reason=CallClose
2026-04-29 03:27:03,399 | 24936 | 27496 | [open_context_base.py:410] _init_connect_sync: New connect ready: conn=7454974482679921896(481) context=<futu.quote.open_quote_context.OpenQuoteContext object at 0x00000128E4467A80>
  03:27:03 价格更新: 1个持仓
2026-04-29 03:27:03,427 | 24936 | 5008 | [open_context_base.py:518] on_disconnect: Disconnected: conn=0(481) reason=CallClose
2026-04-29 03:28:03,442 | 24936 | 27496 | [open_context_base.py:410] _init_connect_sync: New connect ready: conn=7454974734476668677(482) context=<futu.quote.open_quote_context.OpenQuoteContext object at 0x00000128E4467BB0>
2026-04-29 03:28:03,444 | 24936 | 5008 | [open_context_base.py:518] on_disconnect: Disconnected: conn=0(482) reason=CallClose
2026-04-29 03:28:03,445 | 24936 | 27496 | [open_context_base.py:410] _init_connect_sync: New connect ready: conn=7454974734529681629(483) context=<futu.quote.open_quote_context.OpenQuoteContext object at 0x00000128E4467CE0>
  03:28:03 价格更新: 1个持仓
2026-04-29 03:28:03,475 | 24936 | 5008 | [open_context_base.py:518] on_disconnect: Disconnected: conn=0(483) reason=CallClose
2026-04-29 03:29:03,490 | 24936 | 27496 | [open_context_base.py:410] _init_connect_sync: New connect ready: conn=7454974986334810048(484) context=<futu.quote.open_quote_context.OpenQuoteContext object at 0x00000128E4467E10>
2026-04-29 03:29:03,491 | 24936 | 5008 | [open_context_base.py:518] on_disconnect: Disconnected: conn=0(484) reason=CallClose
2026-04-29 03:29:03,504 | 24936 | 27496 | [open_context_base.py:410] _init_connect_sync: New connect ready: conn=7454974986387179968(485) context=<futu.quote.open_quote_context.OpenQuoteContext object at 0x00000128E44D0050>
  03:29:03 价格更新: 1个持仓
2026-04-29 03:29:03,533 | 24936 | 5008 | [open_context_base.py:518] on_disconnect: Disconnected: conn=0(485) reason=CallClose

--- 第 22 轮美股盘中扫描 (美股10min) ---
2026-04-29 03:29:53,549 | 24936 | 27496 | [open_context_base.py:410] _init_connect_sync: New connect ready: conn=7454975196287524391(486) context=<futu.quote.open_quote_context.OpenQuoteContext object at 0x00000128E44D0180>
  扫描 US2026-04-29 03:29:53,550 | 24936 | 5008 | [open_context_base.py:518] on_disconnect: Disconnected: conn=0(486) reason=CallClose
...
2026-04-29 03:29:53,569 | 24936 | 27496 | [open_context_base.py:410] _init_connect_sync: New connect ready: conn=7454975196380665423(487) context=<futu.quote.open_quote_context.OpenQuoteContext object at 0x00000128E44D02B0>
  US: 无异动

  盘中总计: 0 个补牢机会
2026-04-29 03:29:53,570 | 24936 | 5008 | [open_context_base.py:518] on_disconnect: Disconnected: conn=0(487) reason=CallClose
2026-04-29 03:30:03,584 | 24936 | 27496 | [open_context_base.py:410] _init_connect_sync: New connect ready: conn=7454975238381930112(488) context=<futu.quote.open_quote_context.OpenQuoteContext object at 0x00000128E44D03E0>
2026-04-29 03:30:03,585 | 24936 | 5008 | [open_context_base.py:518] on_disconnect: Disconnected: conn=0(488) reason=CallClose
2026-04-29 03:30:03,588 | 24936 | 27496 | [open_context_base.py:410] _init_connect_sync: New connect ready: conn=7454975238444249518(489) context=<futu.quote.open_quote_context.OpenQuoteContext object at 0x00000128E44D0510>
  03:30:03 价格更新: 1个持仓
2026-04-29 03:30:03,616 | 24936 | 5008 | [open_context_base.py:518] on_disconnect: Disconnected: conn=0(489) reason=CallClose
2026-04-29 03:31:03,620 | 24936 | 27496 | [open_context_base.py:410] _init_connect_sync: New connect ready: conn=7454975490237635932(490) context=<futu.quote.open_quote_context.OpenQuoteContext object at 0x00000128E44D0640>
2026-04-29 03:31:03,621 | 24936 | 5008 | [open_context_base.py:518] on_disconnect: Disconnected: conn=0(490) reason=CallClose
2026-04-29 03:31:03,634 | 24936 | 27496 | [open_context_base.py:410] _init_connect_sync: New connect ready: conn=7454975490252189800(491) context=<futu.quote.open_quote_context.OpenQuoteContext object at 0x00000128E44D0770>
  03:31:03 价格更新: 1个持仓
2026-04-29 03:31:03,663 | 24936 | 5008 | [open_context_base.py:518] on_disconnect: Disconnected: conn=0(491) reason=CallClose
2026-04-29 03:32:03,678 | 24936 | 27496 | [open_context_base.py:410] _init_connect_sync: New connect ready: conn=7454975742094318988(492) context=<futu.quote.open_quote_context.OpenQuoteContext object at 0x00000128E44D08A0>
2026-04-29 03:32:03,679 | 24936 | 5008 | [open_context_base.py:518] on_disconnect: Disconnected: conn=0(492) reason=CallClose
2026-04-29 03:32:03,681 | 24936 | 27496 | [open_context_base.py:410] _init_connect_sync: New connect ready: conn=7454975742153041138(493) context=<futu.quote.open_quote_context.OpenQuoteContext object at 0x00000128E44D09D0>
  03:32:03 价格更新: 1个持仓
2026-04-29 03:32:03,712 | 24936 | 5008 | [open_context_base.py:518] on_disconnect: Disconnected: conn=0(493) reason=CallClose
2026-04-29 03:33:03,727 | 24936 | 27496 | [open_context_base.py:410] _init_connect_sync: New connect ready: conn=7454975993962629220(494) context=<futu.quote.open_quote_context.OpenQuoteContext object at 0x00000128E44D0B00>
2026-04-29 03:33:03,727 | 24936 | 5008 | [open_context_base.py:518] on_disconnect: Disconnected: conn=0(494) reason=CallClose
2026-04-29 03:33:03,729 | 24936 | 27496 | [open_context_base.py:410] _init_connect_sync: New connect ready: conn=7454975994012296760(495) context=<futu.quote.open_quote_context.OpenQuoteContext object at 0x00000128E44D0C30>
  03:33:03 价格更新: 1个持仓
2026-04-29 03:33:03,762 | 24936 | 5008 | [open_context_base.py:518] on_disconnect: Disconnected: conn=0(495) reason=CallClose
2026-04-29 03:34:03,776 | 24936 | 27496 | [open_context_base.py:410] _init_connect_sync: New connect ready: conn=7454976245824412791(496) context=<futu.quote.open_quote_context.OpenQuoteContext object at 0x00000128E44D0D60>
2026-04-29 03:34:03,777 | 24936 | 5008 | [open_context_base.py:518] on_disconnect: Disconnected: conn=0(496) reason=CallClose
2026-04-29 03:34:03,789 | 24936 | 27496 | [open_context_base.py:410] _init_connect_sync: New connect ready: conn=7454976245878611682(497) context=<futu.quote.open_quote_context.OpenQuoteContext object at 0x00000128E44D0E90>
  03:34:03 价格更新: 1个持仓
2026-04-29 03:34:03,818 | 24936 | 5008 | [open_context_base.py:518] on_disconnect: Disconnected: conn=0(497) reason=CallClose
2026-04-29 03:35:03,834 | 24936 | 27496 | [open_context_base.py:410] _init_connect_sync: New connect ready: conn=7454976497718122514(498) context=<futu.quote.open_quote_context.OpenQuoteContext object at 0x00000128E44D0FC0>
2026-04-29 03:35:03,835 | 24936 | 5008 | [open_context_base.py:518] on_disconnect: Disconnected: conn=0(498) reason=CallClose
2026-04-29 03:35:03,837 | 24936 | 27496 | [open_context_base.py:410] _init_connect_sync: New connect ready: conn=7454976497781331307(499) context=<futu.quote.open_quote_context.OpenQuoteContext object at 0x00000128E44D10F0>
  03:35:03 价格更新: 1个持仓
2026-04-29 03:35:03,868 | 24936 | 5008 | [open_context_base.py:518] on_disconnect: Disconnected: conn=0(499) reason=CallClose
2026-04-29 03:36:03,884 | 24936 | 27496 | [open_context_base.py:410] _init_connect_sync: New connect ready: conn=7454976749588001412(500) context=<futu.quote.open_quote_context.OpenQuoteContext object at 0x00000128E44D1220>
2026-04-29 03:36:03,885 | 24936 | 5008 | [open_context_base.py:518] on_disconnect: Disconnected: conn=0(500) reason=CallClose
2026-04-29 03:36:03,897 | 24936 | 27496 | [open_context_base.py:410] _init_connect_sync: New connect ready: conn=7454976749648452986(501) context=<futu.quote.open_quote_context.OpenQuoteContext object at 0x00000128E44D1350>
  03:36:03 价格更新: 1个持仓
2026-04-29 03:36:03,928 | 24936 | 5008 | [open_context_base.py:518] on_disconnect: Disconnected: conn=0(501) reason=CallClose
2026-04-29 03:37:03,943 | 24936 | 27496 | [open_context_base.py:410] _init_connect_sync: New connect ready: conn=7454977001496235941(502) context=<futu.quote.open_quote_context.OpenQuoteContext object at 0x00000128E44D1480>
2026-04-29 03:37:03,944 | 24936 | 5008 | [open_context_base.py:518] on_disconnect: Disconnected: conn=0(502) reason=CallClose
2026-04-29 03:37:03,945 | 24936 | 27496 | [open_context_base.py:410] _init_connect_sync: New connect ready: conn=7454977001550491183(503) context=<futu.quote.open_quote_context.OpenQuoteContext object at 0x00000128E44D15B0>
  03:37:03 价格更新: 1个持仓
2026-04-29 03:37:03,975 | 24936 | 5008 | [open_context_base.py:518] on_disconnect: Disconnected: conn=0(503) reason=CallClose
2026-04-29 03:38:03,992 | 24936 | 27496 | [open_context_base.py:410] _init_connect_sync: New connect ready: conn=7454977253365768391(504) context=<futu.quote.open_quote_context.OpenQuoteContext object at 0x00000128E44D16E0>
2026-04-29 03:38:03,993 | 24936 | 5008 | [open_context_base.py:518] on_disconnect: Disconnected: conn=0(504) reason=CallClose
2026-04-29 03:38:03,994 | 24936 | 27496 | [open_context_base.py:410] _init_connect_sync: New connect ready: conn=7454977253413514765(505) context=<futu.quote.open_quote_context.OpenQuoteContext object at 0x00000128E44D1810>
  03:38:04 价格更新: 1个持仓
2026-04-29 03:38:04,026 | 24936 | 5008 | [open_context_base.py:518] on_disconnect: Disconnected: conn=0(505) reason=CallClose
2026-04-29 03:39:04,043 | 24936 | 27496 | [open_context_base.py:410] _init_connect_sync: New connect ready: conn=7454977505228059497(506) context=<futu.quote.open_quote_context.OpenQuoteContext object at 0x00000128E44D1940>
2026-04-29 03:39:04,044 | 24936 | 5008 | [open_context_base.py:518] on_disconnect: Disconnected: conn=0(506) reason=CallClose
2026-04-29 03:39:04,056 | 24936 | 27496 | [open_context_base.py:410] _init_connect_sync: New connect ready: conn=7454977505285142760(507) context=<futu.quote.open_quote_context.OpenQuoteContext object at 0x00000128E44D1A70>
  03:39:04 价格更新: 1个持仓
2026-04-29 03:39:04,087 | 24936 | 5008 | [open_context_base.py:518] on_disconnect: Disconnected: conn=0(507) reason=CallClose

--- 第 23 轮美股盘中扫描 (美股10min) ---
2026-04-29 03:39:54,103 | 24936 | 27496 | [open_context_base.py:410] _init_connect_sync: New connect ready: conn=7454977715200095636(508) context=<futu.quote.open_quote_context.OpenQuoteContext object at 0x00000128E44D1BA0>
  扫描 US2026-04-29 03:39:54,103 | 24936 | 5008 | [open_context_base.py:518] on_disconnect: Disconnected: conn=0(508) reason=CallClose
...
2026-04-29 03:39:54,121 | 24936 | 27496 | [open_context_base.py:410] _init_connect_sync: New connect ready: conn=7454977715278281133(509) context=<futu.quote.open_quote_context.OpenQuoteContext object at 0x00000128E44D1CD0>
  US: 无异动

  盘中总计: 0 个补牢机会
2026-04-29 03:39:54,122 | 24936 | 5008 | [open_context_base.py:518] on_disconnect: Disconnected: conn=0(509) reason=CallClose
2026-04-29 03:40:04,136 | 24936 | 27496 | [open_context_base.py:410] _init_connect_sync: New connect ready: conn=7454977757276697239(510) context=<futu.quote.open_quote_context.OpenQuoteContext object at 0x00000128E44D1E00>
2026-04-29 03:40:04,137 | 24936 | 5008 | [open_context_base.py:518] on_disconnect: Disconnected: conn=0(510) reason=CallClose
2026-04-29 03:40:04,148 | 24936 | 27496 | [open_context_base.py:410] _init_connect_sync: New connect ready: conn=7454977757338284717(511) context=<futu.quote.open_quote_context.OpenQuoteContext object at 0x00000128E44D1F30>
  03:40:04 价格更新: 1个持仓
2026-04-29 03:40:04,178 | 24936 | 5008 | [open_context_base.py:518] on_disconnect: Disconnected: conn=0(511) reason=CallClose
2026-04-29 03:41:04,185 | 24936 | 27496 | [open_context_base.py:410] _init_connect_sync: New connect ready: conn=7454978009188428412(512) context=<futu.quote.open_quote_context.OpenQuoteContext object at 0x00000128E44D2060>
2026-04-29 03:41:04,186 | 24936 | 5008 | [open_context_base.py:518] on_disconnect: Disconnected: conn=0(512) reason=CallClose
2026-04-29 03:41:04,199 | 24936 | 27496 | [open_context_base.py:410] _init_connect_sync: New connect ready: conn=7454978009196969393(513) context=<futu.quote.open_quote_context.OpenQuoteContext object at 0x00000128E44D2190>
  03:41:04 价格更新: 1个持仓
2026-04-29 03:41:04,230 | 24936 | 5008 | [open_context_base.py:518] on_disconnect: Disconnected: conn=0(513) reason=CallClose
2026-04-29 03:42:04,250 | 24936 | 27496 | [open_context_base.py:410] _init_connect_sync: New connect ready: conn=7454978261072256295(514) context=<futu.quote.open_quote_context.OpenQuoteContext object at 0x00000128E44D22C0>
2026-04-29 03:42:04,251 | 24936 | 5008 | [open_context_base.py:518] on_disconnect: Disconnected: conn=0(514) reason=CallClose
2026-04-29 03:42:04,252 | 24936 | 27496 | [open_context_base.py:410] _init_connect_sync: New connect ready: conn=7454978261128413000(515) context=<futu.quote.open_quote_context.OpenQuoteContext object at 0x00000128E44D23F0>
  03:42:04 价格更新: 1个持仓
2026-04-29 03:42:04,281 | 24936 | 5008 | [open_context_base.py:518] on_disconnect: Disconnected: conn=0(515) reason=CallClose
2026-04-29 03:43:04,301 | 24936 | 27496 | [open_context_base.py:410] _init_connect_sync: New connect ready: conn=7454978512946689939(516) context=<futu.quote.open_quote_context.OpenQuoteContext object at 0x00000128E44D2520>
2026-04-29 03:43:04,302 | 24936 | 5008 | [open_context_base.py:518] on_disconnect: Disconnected: conn=0(516) reason=CallClose
2026-04-29 03:43:04,303 | 24936 | 27496 | [open_context_base.py:410] _init_connect_sync: New connect ready: conn=7454978513001367422(517) context=<futu.quote.open_quote_context.OpenQuoteContext object at 0x00000128E44D2650>
  03:43:04 价格更新: 1个持仓
2026-04-29 03:43:04,333 | 24936 | 5008 | [open_context_base.py:518] on_disconnect: Disconnected: conn=0(517) reason=CallClose
2026-04-29 03:44:04,341 | 24936 | 27496 | [open_context_base.py:410] _init_connect_sync: New connect ready: conn=7454978764821833205(518) context=<futu.quote.open_quote_context.OpenQuoteContext object at 0x00000128E44D2780>
2026-04-29 03:44:04,342 | 24936 | 5008 | [open_context_base.py:518] on_disconnect: Disconnected: conn=0(518) reason=CallClose
2026-04-29 03:44:04,344 | 24936 | 27496 | [open_context_base.py:410] _init_connect_sync: New connect ready: conn=7454978764828468750(519) context=<futu.quote.open_quote_context.OpenQuoteContext object at 0x00000128E44D28B0>
  03:44:04 价格更新: 1个持仓
2026-04-29 03:44:04,372 | 24936 | 5008 | [open_context_base.py:518] on_disconnect: Disconnected: conn=0(519) reason=CallClose
2026-04-29 03:45:04,388 | 24936 | 27496 | [open_context_base.py:410] _init_connect_sync: New connect ready: conn=7454979016633594605(520) context=<futu.quote.open_quote_context.OpenQuoteContext object at 0x00000128E44D29E0>
2026-04-29 03:45:04,389 | 24936 | 5008 | [open_context_base.py:518] on_disconnect: Disconnected: conn=0(520) reason=CallClose
2026-04-29 03:45:04,392 | 24936 | 27496 | [open_context_base.py:410] _init_connect_sync: New connect ready: conn=7454979016687083800(521) context=<futu.quote.open_quote_context.OpenQuoteContext object at 0x00000128E44D2B10>
  03:45:04 价格更新: 1个持仓
2026-04-29 03:45:04,423 | 24936 | 5008 | [open_context_base.py:518] on_disconnect: Disconnected: conn=0(521) reason=CallClose
2026-04-29 03:46:04,438 | 24936 | 27496 | [open_context_base.py:410] _init_connect_sync: New connect ready: conn=7454979268494355271(522) context=<futu.quote.open_quote_context.OpenQuoteContext object at 0x00000128E44D2C40>
2026-04-29 03:46:04,439 | 24936 | 5008 | [open_context_base.py:518] on_disconnect: Disconnected: conn=0(522) reason=CallClose
2026-04-29 03:46:04,441 | 24936 | 27496 | [open_context_base.py:410] _init_connect_sync: New connect ready: conn=7454979268554545595(523) context=<futu.quote.open_quote_context.OpenQuoteContext object at 0x00000128E44D2D70>
  03:46:04 价格更新: 1个持仓
2026-04-29 03:46:04,470 | 24936 | 5008 | [open_context_base.py:518] on_disconnect: Disconnected: conn=0(523) reason=CallClose
2026-04-29 03:47:04,474 | 24936 | 27496 | [open_context_base.py:410] _init_connect_sync: New connect ready: conn=7454979520353718994(524) context=<futu.quote.open_quote_context.OpenQuoteContext object at 0x00000128E44D2EA0>
2026-04-29 03:47:04,475 | 24936 | 5008 | [open_context_base.py:518] on_disconnect: Disconnected: conn=0(524) reason=CallClose
2026-04-29 03:47:04,477 | 24936 | 27496 | [open_context_base.py:410] _init_connect_sync: New connect ready: conn=7454979520365924190(525) context=<futu.quote.open_quote_context.OpenQuoteContext object at 0x00000128E44D2FD0>
  03:47:04 价格更新: 1个持仓
2026-04-29 03:47:04,507 | 24936 | 5008 | [open_context_base.py:518] on_disconnect: Disconnected: conn=0(525) reason=CallClose
2026-04-29 03:48:04,524 | 24936 | 27496 | [open_context_base.py:410] _init_connect_sync: New connect ready: conn=7454979772170750821(526) context=<futu.quote.open_quote_context.OpenQuoteContext object at 0x00000128E44D3100>
2026-04-29 03:48:04,526 | 24936 | 5008 | [open_context_base.py:518] on_disconnect: Disconnected: conn=0(526) reason=CallClose
2026-04-29 03:48:04,527 | 24936 | 27496 | [open_context_base.py:410] _init_connect_sync: New connect ready: conn=7454979772230148615(527) context=<futu.quote.open_quote_context.OpenQuoteContext object at 0x00000128E44D3230>
  03:48:04 价格更新: 1个持仓
2026-04-29 03:48:04,556 | 24936 | 5008 | [open_context_base.py:518] on_disconnect: Disconnected: conn=0(527) reason=CallClose
2026-04-29 03:49:04,571 | 24936 | 27496 | [open_context_base.py:410] _init_connect_sync: New connect ready: conn=7454980024024011296(528) context=<futu.quote.open_quote_context.OpenQuoteContext object at 0x00000128E44D3360>
2026-04-29 03:49:04,572 | 24936 | 5008 | [open_context_base.py:518] on_disconnect: Disconnected: conn=0(528) reason=CallClose
2026-04-29 03:49:04,585 | 24936 | 27496 | [open_context_base.py:410] _init_connect_sync: New connect ready: conn=7454980024087431179(529) context=<futu.quote.open_quote_context.OpenQuoteContext object at 0x00000128E44D3490>
  03:49:04 价格更新: 1个持仓
2026-04-29 03:49:04,616 | 24936 | 5008 | [open_context_base.py:518] on_disconnect: Disconnected: conn=0(529) reason=CallClose

--- 第 24 轮盘后扫描 ---

═══ 盘后全量扫描 @ 2026-04-29 03:49:44 ═══
2026-04-29 03:49:44,634 | 24936 | 27496 | [open_context_base.py:410] _init_connect_sync: New connect ready: conn=7454980192059223677(530) context=<futu.quote.open_quote_context.OpenQuoteContext object at 0x00000128E44D35C0>
  扫描 US...
2026-04-29 03:49:44,635 | 24936 | 5008 | [open_context_base.py:518] on_disconnect: Disconnected: conn=0(530) reason=CallClose
2026-04-29 03:49:44,644 | 24936 | 27496 | [open_context_base.py:410] _init_connect_sync: New connect ready: conn=7454980192153887358(531) context=<futu.quote.open_quote_context.OpenQuoteContext object at 0x00000128E44D36F0>
  US: 无异动

  盘后总计: 0 个补牢机会

  决策报告: 异动0 无因放弃0 M3否决0 趋势晚放弃0 开仓0
2026-04-29 03:49:44,681 | 24936 | 5008 | [open_context_base.py:518] on_disconnect: Disconnected: conn=0(531) reason=CallClose

--- 第 25 轮美股盘中扫描 (美股10min) ---
2026-04-29 03:49:54,684 | 24936 | 27496 | [open_context_base.py:410] _init_connect_sync: New connect ready: conn=7454980234263361395(532) context=<futu.quote.open_quote_context.OpenQuoteContext object at 0x00000128E44D3820>
  扫描 US...2026-04-29 03:49:54,685 | 24936 | 5008 | [open_context_base.py:518] on_disconnect: Disconnected: conn=0(532) reason=CallClose

2026-04-29 03:49:54,705 | 24936 | 27496 | [open_context_base.py:410] _init_connect_sync: New connect ready: conn=7454980234300899338(533) context=<futu.quote.open_quote_context.OpenQuoteContext object at 0x00000128E44D3950>
  US: 无异动

  盘中总计: 0 个补牢机会
2026-04-29 03:49:54,707 | 24936 | 5008 | [open_context_base.py:518] on_disconnect: Disconnected: conn=0(533) reason=CallClose
2026-04-29 03:50:04,709 | 24936 | 27496 | [open_context_base.py:410] _init_connect_sync: New connect ready: conn=7454980276306186237(534) context=<futu.quote.open_quote_context.OpenQuoteContext object at 0x00000128E44D3A80>
2026-04-29 03:50:04,710 | 24936 | 5008 | [open_context_base.py:518] on_disconnect: Disconnected: conn=0(534) reason=CallClose
2026-04-29 03:50:04,711 | 24936 | 27496 | [open_context_base.py:410] _init_connect_sync: New connect ready: conn=7454980276321907505(535) context=<futu.quote.open_quote_context.OpenQuoteContext object at 0x00000128E44D3BB0>
  03:50:04 价格更新: 1个持仓
2026-04-29 03:50:04,742 | 24936 | 5008 | [open_context_base.py:518] on_disconnect: Disconnected: conn=0(535) reason=CallClose
2026-04-29 03:51:04,757 | 24936 | 27496 | [open_context_base.py:410] _init_connect_sync: New connect ready: conn=7454980528131689335(536) context=<futu.quote.open_quote_context.OpenQuoteContext object at 0x00000128E44D3CE0>
2026-04-29 03:51:04,758 | 24936 | 5008 | [open_context_base.py:518] on_disconnect: Disconnected: conn=0(536) reason=CallClose
2026-04-29 03:51:04,760 | 24936 | 27496 | [open_context_base.py:410] _init_connect_sync: New connect ready: conn=7454980528183063063(537) context=<futu.quote.open_quote_context.OpenQuoteContext object at 0x00000128E44D3E10>
  03:51:04 价格更新: 1个持仓
2026-04-29 03:51:04,790 | 24936 | 5008 | [open_context_base.py:518] on_disconnect: Disconnected: conn=0(537) reason=CallClose
2026-04-29 03:52:04,808 | 24936 | 27496 | [open_context_base.py:410] _init_connect_sync: New connect ready: conn=7454980779992272573(538) context=<futu.quote.open_quote_context.OpenQuoteContext object at 0x00000128E4550050>
2026-04-29 03:52:04,809 | 24936 | 5008 | [open_context_base.py:518] on_disconnect: Disconnected: conn=0(538) reason=CallClose
2026-04-29 03:52:04,821 | 24936 | 27496 | [open_context_base.py:410] _init_connect_sync: New connect ready: conn=7454980780050102254(539) context=<futu.quote.open_quote_context.OpenQuoteContext object at 0x00000128E4550180>
  03:52:04 价格更新: 1个持仓
2026-04-29 03:52:04,850 | 24936 | 5008 | [open_context_base.py:518] on_disconnect: Disconnected: conn=0(539) reason=CallClose
2026-04-29 03:53:04,866 | 24936 | 27496 | [open_context_base.py:410] _init_connect_sync: New connect ready: conn=7454981031898141120(540) context=<futu.quote.open_quote_context.OpenQuoteContext object at 0x00000128E45502B0>
2026-04-29 03:53:04,867 | 24936 | 5008 | [open_context_base.py:518] on_disconnect: Disconnected: conn=0(540) reason=CallClose
2026-04-29 03:53:04,869 | 24936 | 27496 | [open_context_base.py:410] _init_connect_sync: New connect ready: conn=7454981031959763597(541) context=<futu.quote.open_quote_context.OpenQuoteContext object at 0x00000128E45503E0>
  03:53:04 价格更新: 1个持仓
2026-04-29 03:53:04,897 | 24936 | 5008 | [open_context_base.py:518] on_disconnect: Disconnected: conn=0(541) reason=CallClose
2026-04-29 03:54:04,913 | 24936 | 27496 | [open_context_base.py:410] _init_connect_sync: New connect ready: conn=7454981283760387898(542) context=<futu.quote.open_quote_context.OpenQuoteContext object at 0x00000128E4550510>
2026-04-29 03:54:04,914 | 24936 | 5008 | [open_context_base.py:518] on_disconnect: Disconnected: conn=0(542) reason=CallClose
2026-04-29 03:54:04,927 | 24936 | 27496 | [open_context_base.py:410] _init_connect_sync: New connect ready: conn=7454981283812459551(543) context=<futu.quote.open_quote_context.OpenQuoteContext object at 0x00000128E4550640>
  03:54:04 价格更新: 1个持仓
2026-04-29 03:54:04,957 | 24936 | 5008 | [open_context_base.py:518] on_disconnect: Disconnected: conn=0(543) reason=CallClose
2026-04-29 03:55:04,972 | 24936 | 27496 | [open_context_base.py:410] _init_connect_sync: New connect ready: conn=7454981535665147965(544) context=<futu.quote.open_quote_context.OpenQuoteContext object at 0x00000128E4550770>
2026-04-29 03:55:04,973 | 24936 | 5008 | [open_context_base.py:518] on_disconnect: Disconnected: conn=0(544) reason=CallClose
2026-04-29 03:55:04,975 | 24936 | 27496 | [open_context_base.py:410] _init_connect_sync: New connect ready: conn=7454981535719257036(545) context=<futu.quote.open_quote_context.OpenQuoteContext object at 0x00000128E45508A0>
  03:55:05 价格更新: 1个持仓
2026-04-29 03:55:05,009 | 24936 | 5008 | [open_context_base.py:518] on_disconnect: Disconnected: conn=0(545) reason=CallClose
2026-04-29 03:56:05,025 | 24936 | 27496 | [open_context_base.py:410] _init_connect_sync: New connect ready: conn=7454981787545485045(546) context=<futu.quote.open_quote_context.OpenQuoteContext object at 0x00000128E45509D0>
2026-04-29 03:56:05,026 | 24936 | 5008 | [open_context_base.py:518] on_disconnect: Disconnected: conn=0(546) reason=CallClose
2026-04-29 03:56:05,028 | 24936 | 27496 | [open_context_base.py:410] _init_connect_sync: New connect ready: conn=7454981787597691566(547) context=<futu.quote.open_quote_context.OpenQuoteContext object at 0x00000128E4550B00>
  03:56:05 价格更新: 1个持仓
2026-04-29 03:56:05,057 | 24936 | 5008 | [open_context_base.py:518] on_disconnect: Disconnected: conn=0(547) reason=CallClose
2026-04-29 03:57:05,075 | 24936 | 27496 | [open_context_base.py:410] _init_connect_sync: New connect ready: conn=7454982039409041118(548) context=<futu.quote.open_quote_context.OpenQuoteContext object at 0x00000128E4550C30>
2026-04-29 03:57:05,076 | 24936 | 5008 | [open_context_base.py:518] on_disconnect: Disconnected: conn=0(548) reason=CallClose
2026-04-29 03:57:05,078 | 24936 | 27496 | [open_context_base.py:410] _init_connect_sync: New connect ready: conn=7454982039467197855(549) context=<futu.quote.open_quote_context.OpenQuoteContext object at 0x00000128E4550D60>
  03:57:05 价格更新: 1个持仓
2026-04-29 03:57:05,107 | 24936 | 5008 | [open_context_base.py:518] on_disconnect: Disconnected: conn=0(549) reason=CallClose
2026-04-29 03:58:05,113 | 24936 | 27496 | [open_context_base.py:410] _init_connect_sync: New connect ready: conn=7454982291272304018(550) context=<futu.quote.open_quote_context.OpenQuoteContext object at 0x00000128E4550E90>
2026-04-29 03:58:05,114 | 24936 | 5008 | [open_context_base.py:518] on_disconnect: Disconnected: conn=0(550) reason=CallClose
2026-04-29 03:58:05,115 | 24936 | 27496 | [open_context_base.py:410] _init_connect_sync: New connect ready: conn=7454982291287110873(551) context=<futu.quote.open_quote_context.OpenQuoteContext object at 0x00000128E4550FC0>
  03:58:05 价格更新: 1个持仓
2026-04-29 03:58:05,146 | 24936 | 5008 | [open_context_base.py:518] on_disconnect: Disconnected: conn=0(551) reason=CallClose
2026-04-29 03:59:05,162 | 24936 | 27496 | [open_context_base.py:410] _init_connect_sync: New connect ready: conn=7454982543090121640(552) context=<futu.quote.open_quote_context.OpenQuoteContext object at 0x00000128E45510F0>
2026-04-29 03:59:05,163 | 24936 | 5008 | [open_context_base.py:518] on_disconnect: Disconnected: conn=0(552) reason=CallClose
2026-04-29 03:59:05,165 | 24936 | 27496 | [open_context_base.py:410] _init_connect_sync: New connect ready: conn=7454982543149743278(553) context=<futu.quote.open_quote_context.OpenQuoteContext object at 0x00000128E4551220>
  03:59:05 价格更新: 1个持仓
2026-04-29 03:59:05,195 | 24936 | 5008 | [open_context_base.py:518] on_disconnect: Disconnected: conn=0(553) reason=CallClose

--- 第 26 轮美股盘中扫描 (美股10min) ---
2026-04-29 03:59:55,211 | 24936 | 27496 | [open_context_base.py:410] _init_connect_sync: New connect ready: conn=7454982753014943914(554) context=<futu.quote.open_quote_context.OpenQuoteContext object at 0x00000128E4551350>
  扫描 US...2026-04-29 03:59:55,212 | 24936 | 5008 | [open_context_base.py:518] on_disconnect: Disconnected: conn=0(554) reason=CallClose

2026-04-29 03:59:55,231 | 24936 | 27496 | [open_context_base.py:410] _init_connect_sync: New connect ready: conn=7454982753093824931(555) context=<futu.quote.open_quote_context.OpenQuoteContext object at 0x00000128E4551480>
  US: 无异动

  盘中总计: 0 个补牢机会
2026-04-29 03:59:55,232 | 24936 | 5008 | [open_context_base.py:518] on_disconnect: Disconnected: conn=0(555) reason=CallClose
2026-04-29 04:00:05,246 | 24936 | 27496 | [open_context_base.py:410] _init_connect_sync: New connect ready: conn=7454982795106940490(556) context=<futu.quote.open_quote_context.OpenQuoteContext object at 0x00000128E45515B0>
2026-04-29 04:00:05,247 | 24936 | 5008 | [open_context_base.py:518] on_disconnect: Disconnected: conn=0(556) reason=CallClose
2026-04-29 04:00:05,260 | 24936 | 27496 | [open_context_base.py:410] _init_connect_sync: New connect ready: conn=7454982795157708271(557) context=<futu.quote.open_quote_context.OpenQuoteContext object at 0x00000128E45516E0>
  04:00:05 价格更新: 1个持仓
2026-04-29 04:00:05,289 | 24936 | 5008 | [open_context_base.py:518] on_disconnect: Disconnected: conn=0(557) reason=CallClose
2026-04-29 04:01:05,295 | 24936 | 27496 | [open_context_base.py:410] _init_connect_sync: New connect ready: conn=7454983047005460952(558) context=<futu.quote.open_quote_context.OpenQuoteContext object at 0x00000128E4551810>
2026-04-29 04:01:05,296 | 24936 | 5008 | [open_context_base.py:518] on_disconnect: Disconnected: conn=0(558) reason=CallClose
2026-04-29 04:01:05,298 | 24936 | 27496 | [open_context_base.py:410] _init_connect_sync: New connect ready: conn=7454983047018154702(559) context=<futu.quote.open_quote_context.OpenQuoteContext object at 0x00000128E4551940>
  04:01:05 价格更新: 1个持仓
2026-04-29 04:01:05,326 | 24936 | 5008 | [open_context_base.py:518] on_disconnect: Disconnected: conn=0(559) reason=CallClose
2026-04-29 04:02:05,343 | 24936 | 27496 | [open_context_base.py:410] _init_connect_sync: New connect ready: conn=7454983298818298260(560) context=<futu.quote.open_quote_context.OpenQuoteContext object at 0x00000128E4551A70>
2026-04-29 04:02:05,344 | 24936 | 5008 | [open_context_base.py:518] on_disconnect: Disconnected: conn=0(560) reason=CallClose
2026-04-29 04:02:05,346 | 24936 | 27496 | [open_context_base.py:410] _init_connect_sync: New connect ready: conn=7454983298883091123(561) context=<futu.quote.open_quote_context.OpenQuoteContext object at 0x00000128E4551BA0>
  04:02:05 价格更新: 1个持仓
2026-04-29 04:02:05,375 | 24936 | 5008 | [open_context_base.py:518] on_disconnect: Disconnected: conn=0(561) reason=CallClose
2026-04-29 04:03:05,390 | 24936 | 27496 | [open_context_base.py:410] _init_connect_sync: New connect ready: conn=7454983550677746796(562) context=<futu.quote.open_quote_context.OpenQuoteContext object at 0x00000128E4551CD0>
2026-04-29 04:03:05,391 | 24936 | 5008 | [open_context_base.py:518] on_disconnect: Disconnected: conn=0(562) reason=CallClose
2026-04-29 04:03:05,404 | 24936 | 27496 | [open_context_base.py:410] _init_connect_sync: New connect ready: conn=7454983550737609168(563) context=<futu.quote.open_quote_context.OpenQuoteContext object at 0x00000128E4551E00>
  04:03:05 价格更新: 1个持仓
2026-04-29 04:03:05,433 | 24936 | 5008 | [open_context_base.py:518] on_disconnect: Disconnected: conn=0(563) reason=CallClose
2026-04-29 04:04:05,449 | 24936 | 27496 | [open_context_base.py:410] _init_connect_sync: New connect ready: conn=7454983802586931543(564) context=<futu.quote.open_quote_context.OpenQuoteContext object at 0x00000128E4551F30>
2026-04-29 04:04:05,450 | 24936 | 5008 | [open_context_base.py:518] on_disconnect: Disconnected: conn=0(564) reason=CallClose
2026-04-29 04:04:05,452 | 24936 | 27496 | [open_context_base.py:410] _init_connect_sync: New connect ready: conn=7454983802642211846(565) context=<futu.quote.open_quote_context.OpenQuoteContext object at 0x00000128E4552060>
  04:04:05 价格更新: 1个持仓
2026-04-29 04:04:05,491 | 24936 | 5008 | [open_context_base.py:518] on_disconnect: Disconnected: conn=0(565) reason=CallClose
2026-04-29 04:05:05,507 | 24936 | 27496 | [open_context_base.py:410] _init_connect_sync: New connect ready: conn=7454984054486411550(566) context=<futu.quote.open_quote_context.OpenQuoteContext object at 0x00000128E4552190>
2026-04-29 04:05:05,508 | 24936 | 5008 | [open_context_base.py:518] on_disconnect: Disconnected: conn=0(566) reason=CallClose
2026-04-29 04:05:05,521 | 24936 | 27496 | [open_context_base.py:410] _init_connect_sync: New connect ready: conn=7454984054547074238(567) context=<futu.quote.open_quote_context.OpenQuoteContext object at 0x00000128E45522C0>
  04:05:05 价格更新: 1个持仓
2026-04-29 04:05:05,550 | 24936 | 5008 | [open_context_base.py:518] on_disconnect: Disconnected: conn=0(567) reason=CallClose
2026-04-29 04:06:05,565 | 24936 | 27496 | [open_context_base.py:410] _init_connect_sync: New connect ready: conn=7454984306387775808(568) context=<futu.quote.open_quote_context.OpenQuoteContext object at 0x00000128E45523F0>
2026-04-29 04:06:05,565 | 24936 | 5008 | [open_context_base.py:518] on_disconnect: Disconnected: conn=0(568) reason=CallClose
2026-04-29 04:06:05,577 | 24936 | 27496 | [open_context_base.py:410] _init_connect_sync: New connect ready: conn=7454984306444589193(569) context=<futu.quote.open_quote_context.OpenQuoteContext object at 0x00000128E4552520>
  04:06:05 价格更新: 1个持仓
2026-04-29 04:06:05,608 | 24936 | 5008 | [open_context_base.py:518] on_disconnect: Disconnected: conn=0(569) reason=CallClose
2026-04-29 04:07:05,624 | 24936 | 27496 | [open_context_base.py:410] _init_connect_sync: New connect ready: conn=7454984558294133886(570) context=<futu.quote.open_quote_context.OpenQuoteContext object at 0x00000128E4552650>
2026-04-29 04:07:05,625 | 24936 | 5008 | [open_context_base.py:518] on_disconnect: Disconnected: conn=0(570) reason=CallClose
2026-04-29 04:07:05,638 | 24936 | 27496 | [open_context_base.py:410] _init_connect_sync: New connect ready: conn=7454984558350635033(571) context=<futu.quote.open_quote_context.OpenQuoteContext object at 0x00000128E4552780>
  04:07:05 价格更新: 1个持仓
2026-04-29 04:07:05,668 | 24936 | 5008 | [open_context_base.py:518] on_disconnect: Disconnected: conn=0(571) reason=CallClose
2026-04-29 04:08:05,685 | 24936 | 27496 | [open_context_base.py:410] _init_connect_sync: New connect ready: conn=7454984810209852667(572) context=<futu.quote.open_quote_context.OpenQuoteContext object at 0x00000128E45528B0>
2026-04-29 04:08:05,685 | 24936 | 5008 | [open_context_base.py:518] on_disconnect: Disconnected: conn=0(572) reason=CallClose
2026-04-29 04:08:05,699 | 24936 | 27496 | [open_context_base.py:410] _init_connect_sync: New connect ready: conn=7454984810264138787(573) context=<futu.quote.open_quote_context.OpenQuoteContext object at 0x00000128E45529E0>
  04:08:05 价格更新: 1个持仓
2026-04-29 04:08:05,729 | 24936 | 5008 | [open_context_base.py:518] on_disconnect: Disconnected: conn=0(573) reason=CallClose
2026-04-29 04:09:05,747 | 24936 | 27496 | [open_context_base.py:410] _init_connect_sync: New connect ready: conn=7454985062123401651(574) context=<futu.quote.open_quote_context.OpenQuoteContext object at 0x00000128E4552B10>
2026-04-29 04:09:05,748 | 24936 | 5008 | [open_context_base.py:518] on_disconnect: Disconnected: conn=0(574) reason=CallClose
2026-04-29 04:09:05,750 | 24936 | 27496 | [open_context_base.py:410] _init_connect_sync: New connect ready: conn=7454985062186775650(575) context=<futu.quote.open_quote_context.OpenQuoteContext object at 0x00000128E4552C40>
  04:09:05 价格更新: 1个持仓
2026-04-29 04:09:05,779 | 24936 | 5008 | [open_context_base.py:518] on_disconnect: Disconnected: conn=0(575) reason=CallClose
2026-04-29 04:10:05,796 | 24936 | 27496 | [open_context_base.py:410] _init_connect_sync: New connect ready: conn=7454985313987212039(576) context=<futu.quote.open_quote_context.OpenQuoteContext object at 0x00000128E4552D70>
2026-04-29 04:10:05,796 | 24936 | 5008 | [open_context_base.py:518] on_disconnect: Disconnected: conn=0(576) reason=CallClose
2026-04-29 04:10:05,810 | 24936 | 27496 | [open_context_base.py:410] _init_connect_sync: New connect ready: conn=7454985314045710824(577) context=<futu.quote.open_quote_context.OpenQuoteContext object at 0x00000128E4552EA0>
  04:10:05 价格更新: 1个持仓
2026-04-29 04:10:05,839 | 24936 | 5008 | [open_context_base.py:518] on_disconnect: Disconnected: conn=0(577) reason=CallClose
2026-04-29 04:11:05,845 | 24936 | 27496 | [open_context_base.py:410] _init_connect_sync: New connect ready: conn=7454985565895098075(578) context=<futu.quote.open_quote_context.OpenQuoteContext object at 0x00000128E4552FD0>
2026-04-29 04:11:05,845 | 24936 | 5008 | [open_context_base.py:518] on_disconnect: Disconnected: conn=0(578) reason=CallClose
2026-04-29 04:11:05,858 | 24936 | 27496 | [open_context_base.py:410] _init_connect_sync: New connect ready: conn=7454985565909647412(579) context=<futu.quote.open_quote_context.OpenQuoteContext object at 0x00000128E4553100>
  04:11:05 价格更新: 1个持仓
2026-04-29 04:11:05,895 | 24936 | 5008 | [open_context_base.py:518] on_disconnect: Disconnected: conn=0(579) reason=CallClose
2026-04-29 04:12:05,898 | 24936 | 27496 | [open_context_base.py:410] _init_connect_sync: New connect ready: conn=7454985817781730669(580) context=<futu.quote.open_quote_context.OpenQuoteContext object at 0x00000128E4553230>
2026-04-29 04:12:05,899 | 24936 | 5008 | [open_context_base.py:518] on_disconnect: Disconnected: conn=0(580) reason=CallClose
2026-04-29 04:12:05,912 | 24936 | 27496 | [open_context_base.py:410] _init_connect_sync: New connect ready: conn=7454985817792967045(581) context=<futu.quote.open_quote_context.OpenQuoteContext object at 0x00000128E4553360>
  04:12:05 价格更新: 1个持仓
2026-04-29 04:12:05,941 | 24936 | 5008 | [open_context_base.py:518] on_disconnect: Disconnected: conn=0(581) reason=CallClose
2026-04-29 04:13:05,944 | 24936 | 27496 | [open_context_base.py:410] _init_connect_sync: New connect ready: conn=7454986069630872214(582) context=<futu.quote.open_quote_context.OpenQuoteContext object at 0x00000128E4553490>
2026-04-29 04:13:05,945 | 24936 | 5008 | [open_context_base.py:518] on_disconnect: Disconnected: conn=0(582) reason=CallClose
2026-04-29 04:13:05,957 | 24936 | 27496 | [open_context_base.py:410] _init_connect_sync: New connect ready: conn=7454986069638975489(583) context=<futu.quote.open_quote_context.OpenQuoteContext object at 0x00000128E45535C0>
  04:13:05 价格更新: 1个持仓
2026-04-29 04:13:05,994 | 24936 | 5008 | [open_context_base.py:518] on_disconnect: Disconnected: conn=0(583) reason=CallClose
2026-04-29 04:14:06,009 | 24936 | 27496 | [open_context_base.py:410] _init_connect_sync: New connect ready: conn=7454986321517431466(584) context=<futu.quote.open_quote_context.OpenQuoteContext object at 0x00000128E45536F0>
2026-04-29 04:14:06,010 | 24936 | 5008 | [open_context_base.py:518] on_disconnect: Disconnected: conn=0(584) reason=CallClose
2026-04-29 04:14:06,022 | 24936 | 27496 | [open_context_base.py:410] _init_connect_sync: New connect ready: conn=7454986321574696714(585) context=<futu.quote.open_quote_context.OpenQuoteContext object at 0x00000128E4553820>
  04:14:06 价格更新: 1个持仓
2026-04-29 04:14:06,055 | 24936 | 5008 | [open_context_base.py:518] on_disconnect: Disconnected: conn=0(585) reason=CallClose
2026-04-29 04:15:06,073 | 24936 | 27496 | [open_context_base.py:410] _init_connect_sync: New connect ready: conn=7454986573440176292(586) context=<futu.quote.open_quote_context.OpenQuoteContext object at 0x00000128E4553950>
2026-04-29 04:15:06,074 | 24936 | 5008 | [open_context_base.py:518] on_disconnect: Disconnected: conn=0(586) reason=CallClose
2026-04-29 04:15:06,088 | 24936 | 27496 | [open_context_base.py:410] _init_connect_sync: New connect ready: conn=7454986573499263195(587) context=<futu.quote.open_quote_context.OpenQuoteContext object at 0x00000128E4553A80>
  04:15:06 价格更新: 1个持仓
2026-04-29 04:15:06,120 | 24936 | 5008 | [open_context_base.py:518] on_disconnect: Disconnected: conn=0(587) reason=CallClose
2026-04-29 04:16:06,134 | 24936 | 27496 | [open_context_base.py:410] _init_connect_sync: New connect ready: conn=7454986825361915624(588) context=<futu.quote.open_quote_context.OpenQuoteContext object at 0x00000128E4553BB0>
2026-04-29 04:16:06,135 | 24936 | 5008 | [open_context_base.py:518] on_disconnect: Disconnected: conn=0(588) reason=CallClose
2026-04-29 04:16:06,148 | 24936 | 27496 | [open_context_base.py:410] _init_connect_sync: New connect ready: conn=7454986825415182935(589) context=<futu.quote.open_quote_context.OpenQuoteContext object at 0x00000128E4553CE0>
  04:16:06 价格更新: 1个持仓
2026-04-29 04:16:06,177 | 24936 | 5008 | [open_context_base.py:518] on_disconnect: Disconnected: conn=0(589) reason=CallClose
2026-04-29 04:17:06,192 | 24936 | 27496 | [open_context_base.py:410] _init_connect_sync: New connect ready: conn=7454987077258335964(590) context=<futu.quote.open_quote_context.OpenQuoteContext object at 0x00000128E4553E10>
2026-04-29 04:17:06,193 | 24936 | 5008 | [open_context_base.py:518] on_disconnect: Disconnected: conn=0(590) reason=CallClose
2026-04-29 04:17:06,195 | 24936 | 27496 | [open_context_base.py:410] _init_connect_sync: New connect ready: conn=7454987077317782741(591) context=<futu.quote.open_quote_context.OpenQuoteContext object at 0x00000128E45C4050>
  04:17:06 价格更新: 1个持仓
2026-04-29 04:17:06,226 | 24936 | 5008 | [open_context_base.py:518] on_disconnect: Disconnected: conn=0(591) reason=CallClose
2026-04-29 04:18:06,242 | 24936 | 27496 | [open_context_base.py:410] _init_connect_sync: New connect ready: conn=7454987329125248040(592) context=<futu.quote.open_quote_context.OpenQuoteContext object at 0x00000128E45C4180>
2026-04-29 04:18:06,243 | 24936 | 5008 | [open_context_base.py:518] on_disconnect: Disconnected: conn=0(592) reason=CallClose
2026-04-29 04:18:06,256 | 24936 | 27496 | [open_context_base.py:410] _init_connect_sync: New connect ready: conn=7454987329182992162(593) context=<futu.quote.open_quote_context.OpenQuoteContext object at 0x00000128E45C42B0>
  04:18:06 价格更新: 1个持仓
2026-04-29 04:18:06,289 | 24936 | 5008 | [open_context_base.py:518] on_disconnect: Disconnected: conn=0(593) reason=CallClose
2026-04-29 04:19:06,306 | 24936 | 27496 | [open_context_base.py:410] _init_connect_sync: New connect ready: conn=7454987581054806188(594) context=<futu.quote.open_quote_context.OpenQuoteContext object at 0x00000128E45C43E0>
2026-04-29 04:19:06,306 | 24936 | 5008 | [open_context_base.py:518] on_disconnect: Disconnected: conn=0(594) reason=CallClose
2026-04-29 04:19:06,319 | 24936 | 27496 | [open_context_base.py:410] _init_connect_sync: New connect ready: conn=7454987581109023385(595) context=<futu.quote.open_quote_context.OpenQuoteContext object at 0x00000128E45C4510>
  04:19:06 价格更新: 1个持仓
2026-04-29 04:19:06,350 | 24936 | 5008 | [open_context_base.py:518] on_disconnect: Disconnected: conn=0(595) reason=CallClose
2026-04-29 04:20:06,356 | 24936 | 27496 | [open_context_base.py:410] _init_connect_sync: New connect ready: conn=7454987832962966509(596) context=<futu.quote.open_quote_context.OpenQuoteContext object at 0x00000128E45C4640>
2026-04-29 04:20:06,356 | 24936 | 5008 | [open_context_base.py:518] on_disconnect: Disconnected: conn=0(596) reason=CallClose
2026-04-29 04:20:06,358 | 24936 | 27496 | [open_context_base.py:410] _init_connect_sync: New connect ready: conn=7454987832973713805(597) context=<futu.quote.open_quote_context.OpenQuoteContext object at 0x00000128E45C4770>
  04:20:06 价格更新: 1个持仓
2026-04-29 04:20:06,389 | 24936 | 5008 | [open_context_base.py:518] on_disconnect: Disconnected: conn=0(597) reason=CallClose
2026-04-29 04:21:06,393 | 24936 | 27496 | [open_context_base.py:410] _init_connect_sync: New connect ready: conn=7454988084780889796(598) context=<futu.quote.open_quote_context.OpenQuoteContext object at 0x00000128E45C48A0>
2026-04-29 04:21:06,394 | 24936 | 5008 | [open_context_base.py:518] on_disconnect: Disconnected: conn=0(598) reason=CallClose
2026-04-29 04:21:06,396 | 24936 | 27496 | [open_context_base.py:410] _init_connect_sync: New connect ready: conn=7454988084791783991(599) context=<futu.quote.open_quote_context.OpenQuoteContext object at 0x00000128E45C49D0>
  04:21:06 价格更新: 1个持仓
2026-04-29 04:21:06,424 | 24936 | 5008 | [open_context_base.py:518] on_disconnect: Disconnected: conn=0(599) reason=CallClose
2026-04-29 04:22:06,429 | 24936 | 27496 | [open_context_base.py:410] _init_connect_sync: New connect ready: conn=7454988336586259487(600) context=<futu.quote.open_quote_context.OpenQuoteContext object at 0x00000128E45C4B00>
2026-04-29 04:22:06,429 | 24936 | 5008 | [open_context_base.py:518] on_disconnect: Disconnected: conn=0(600) reason=CallClose
2026-04-29 04:22:06,431 | 24936 | 27496 | [open_context_base.py:410] _init_connect_sync: New connect ready: conn=7454988336597307826(601) context=<futu.quote.open_quote_context.OpenQuoteContext object at 0x00000128E45C4C30>
  04:22:06 价格更新: 1个持仓
2026-04-29 04:22:06,464 | 24936 | 5008 | [open_context_base.py:518] on_disconnect: Disconnected: conn=0(601) reason=CallClose
2026-04-29 04:23:06,482 | 24936 | 27496 | [open_context_base.py:410] _init_connect_sync: New connect ready: conn=7454988588420342330(602) context=<futu.quote.open_quote_context.OpenQuoteContext object at 0x00000128E45C4D60>
2026-04-29 04:23:06,483 | 24936 | 5008 | [open_context_base.py:518] on_disconnect: Disconnected: conn=0(602) reason=CallClose
2026-04-29 04:23:06,496 | 24936 | 27496 | [open_context_base.py:410] _init_connect_sync: New connect ready: conn=7454988588477936863(603) context=<futu.quote.open_quote_context.OpenQuoteContext object at 0x00000128E45C4E90>
  04:23:06 价格更新: 1个持仓
2026-04-29 04:23:06,540 | 24936 | 5008 | [open_context_base.py:518] on_disconnect: Disconnected: conn=0(603) reason=CallClose
2026-04-29 04:24:06,557 | 24936 | 27496 | [open_context_base.py:410] _init_connect_sync: New connect ready: conn=7454988840393054328(604) context=<futu.quote.open_quote_context.OpenQuoteContext object at 0x00000128E45C4FC0>
2026-04-29 04:24:06,558 | 24936 | 5008 | [open_context_base.py:518] on_disconnect: Disconnected: conn=0(604) reason=CallClose
2026-04-29 04:24:06,561 | 24936 | 27496 | [open_context_base.py:410] _init_connect_sync: New connect ready: conn=7454988840460209612(605) context=<futu.quote.open_quote_context.OpenQuoteContext object at 0x00000128E45C50F0>
  04:24:06 价格更新: 1个持仓
2026-04-29 04:24:06,589 | 24936 | 5008 | [open_context_base.py:518] on_disconnect: Disconnected: conn=0(605) reason=CallClose
2026-04-29 04:25:06,605 | 24936 | 27496 | [open_context_base.py:410] _init_connect_sync: New connect ready: conn=7454989092251467182(606) context=<futu.quote.open_quote_context.OpenQuoteContext object at 0x00000128E45C5220>
2026-04-29 04:25:06,606 | 24936 | 5008 | [open_context_base.py:518] on_disconnect: Disconnected: conn=0(606) reason=CallClose
2026-04-29 04:25:06,618 | 24936 | 27496 | [open_context_base.py:410] _init_connect_sync: New connect ready: conn=7454989092315097441(607) context=<futu.quote.open_quote_context.OpenQuoteContext object at 0x00000128E45C5350>
  04:25:06 价格更新: 1个持仓
2026-04-29 04:25:06,652 | 24936 | 5008 | [open_context_base.py:518] on_disconnect: Disconnected: conn=0(607) reason=CallClose
2026-04-29 04:26:06,670 | 24936 | 27496 | [open_context_base.py:410] _init_connect_sync: New connect ready: conn=7454989344183346187(608) context=<futu.quote.open_quote_context.OpenQuoteContext object at 0x00000128E45C5480>
2026-04-29 04:26:06,670 | 24936 | 5008 | [open_context_base.py:518] on_disconnect: Disconnected: conn=0(608) reason=CallClose
2026-04-29 04:26:06,673 | 24936 | 27496 | [open_context_base.py:410] _init_connect_sync: New connect ready: conn=7454989344241625187(609) context=<futu.quote.open_quote_context.OpenQuoteContext object at 0x00000128E45C55B0>
  04:26:06 价格更新: 1个持仓
2026-04-29 04:26:06,701 | 24936 | 5008 | [open_context_base.py:518] on_disconnect: Disconnected: conn=0(609) reason=CallClose
2026-04-29 04:27:06,717 | 24936 | 27496 | [open_context_base.py:410] _init_connect_sync: New connect ready: conn=7454989596046864824(610) context=<futu.quote.open_quote_context.OpenQuoteContext object at 0x00000128E45C56E0>
2026-04-29 04:27:06,718 | 24936 | 5008 | [open_context_base.py:518] on_disconnect: Disconnected: conn=0(610) reason=CallClose
2026-04-29 04:27:06,733 | 24936 | 27496 | [open_context_base.py:410] _init_connect_sync: New connect ready: conn=7454989596100912323(611) context=<futu.quote.open_quote_context.OpenQuoteContext object at 0x00000128E45C5810>
  04:27:06 价格更新: 1个持仓
2026-04-29 04:27:06,762 | 24936 | 5008 | [open_context_base.py:518] on_disconnect: Disconnected: conn=0(611) reason=CallClose
2026-04-29 04:28:06,779 | 24936 | 27496 | [open_context_base.py:410] _init_connect_sync: New connect ready: conn=7454989847961768615(612) context=<futu.quote.open_quote_context.OpenQuoteContext object at 0x00000128E45C5940>
2026-04-29 04:28:06,780 | 24936 | 5008 | [open_context_base.py:518] on_disconnect: Disconnected: conn=0(612) reason=CallClose
2026-04-29 04:28:06,782 | 24936 | 27496 | [open_context_base.py:410] _init_connect_sync: New connect ready: conn=7454989848018785236(613) context=<futu.quote.open_quote_context.OpenQuoteContext object at 0x00000128E45C5A70>
  04:28:06 价格更新: 1个持仓
2026-04-29 04:28:06,816 | 24936 | 5008 | [open_context_base.py:518] on_disconnect: Disconnected: conn=0(613) reason=CallClose
2026-04-29 04:29:06,820 | 24936 | 27496 | [open_context_base.py:410] _init_connect_sync: New connect ready: conn=7454990099835981547(614) context=<futu.quote.open_quote_context.OpenQuoteContext object at 0x00000128E45C5BA0>
2026-04-29 04:29:06,821 | 24936 | 5008 | [open_context_base.py:518] on_disconnect: Disconnected: conn=0(614) reason=CallClose
2026-04-29 04:29:06,835 | 24936 | 27496 | [open_context_base.py:410] _init_connect_sync: New connect ready: conn=7454990099851404257(615) context=<futu.quote.open_quote_context.OpenQuoteContext object at 0x00000128E45C5CD0>
  04:29:06 价格更新: 1个持仓
2026-04-29 04:29:06,865 | 24936 | 5008 | [open_context_base.py:518] on_disconnect: Disconnected: conn=0(615) reason=CallClose
2026-04-29 04:30:06,879 | 24936 | 27496 | [open_context_base.py:410] _init_connect_sync: New connect ready: conn=7454990351697858135(616) context=<futu.quote.open_quote_context.OpenQuoteContext object at 0x00000128E45C5E00>
2026-04-29 04:30:06,880 | 24936 | 5008 | [open_context_base.py:518] on_disconnect: Disconnected: conn=0(616) reason=CallClose
2026-04-29 04:30:06,894 | 24936 | 27496 | [open_context_base.py:410] _init_connect_sync: New connect ready: conn=7454990351754876506(617) context=<futu.quote.open_quote_context.OpenQuoteContext object at 0x00000128E45C5F30>
  04:30:06 价格更新: 1个持仓
2026-04-29 04:30:06,926 | 24936 | 5008 | [open_context_base.py:518] on_disconnect: Disconnected: conn=0(617) reason=CallClose
2026-04-29 04:31:06,942 | 24936 | 27496 | [open_context_base.py:410] _init_connect_sync: New connect ready: conn=7454990603614659397(618) context=<futu.quote.open_quote_context.OpenQuoteContext object at 0x00000128E45C6060>
2026-04-29 04:31:06,943 | 24936 | 5008 | [open_context_base.py:518] on_disconnect: Disconnected: conn=0(618) reason=CallClose
2026-04-29 04:31:06,956 | 24936 | 27496 | [open_context_base.py:410] _init_connect_sync: New connect ready: conn=7454990603679228933(619) context=<futu.quote.open_quote_context.OpenQuoteContext object at 0x00000128E45C6190>
  04:31:06 价格更新: 1个持仓
2026-04-29 04:31:06,988 | 24936 | 5008 | [open_context_base.py:518] on_disconnect: Disconnected: conn=0(619) reason=CallClose
2026-04-29 04:32:06,991 | 24936 | 27496 | [open_context_base.py:410] _init_connect_sync: New connect ready: conn=7454990855530113706(620) context=<futu.quote.open_quote_context.OpenQuoteContext object at 0x00000128E45C62C0>
2026-04-29 04:32:06,992 | 24936 | 5008 | [open_context_base.py:518] on_disconnect: Disconnected: conn=0(620) reason=CallClose
2026-04-29 04:32:06,994 | 24936 | 27496 | [open_context_base.py:410] _init_connect_sync: New connect ready: conn=7454990855543643636(621) context=<futu.quote.open_quote_context.OpenQuoteContext object at 0x00000128E45C63F0>
  04:32:07 价格更新: 1个持仓
2026-04-29 04:32:07,023 | 24936 | 5008 | [open_context_base.py:518] on_disconnect: Disconnected: conn=0(621) reason=CallClose
2026-04-29 04:33:07,028 | 24936 | 27496 | [open_context_base.py:410] _init_connect_sync: New connect ready: conn=7454991107345039405(622) context=<futu.quote.open_quote_context.OpenQuoteContext object at 0x00000128E45C6520>
2026-04-29 04:33:07,029 | 24936 | 5008 | [open_context_base.py:518] on_disconnect: Disconnected: conn=0(622) reason=CallClose
2026-04-29 04:33:07,031 | 24936 | 27496 | [open_context_base.py:410] _init_connect_sync: New connect ready: conn=7454991107354388938(623) context=<futu.quote.open_quote_context.OpenQuoteContext object at 0x00000128E45C6650>
  04:33:07 价格更新: 1个持仓
2026-04-29 04:33:07,060 | 24936 | 5008 | [open_context_base.py:518] on_disconnect: Disconnected: conn=0(623) reason=CallClose
2026-04-29 04:34:07,078 | 24936 | 27496 | [open_context_base.py:410] _init_connect_sync: New connect ready: conn=7454991359164132298(624) context=<futu.quote.open_quote_context.OpenQuoteContext object at 0x00000128E45C6780>
2026-04-29 04:34:07,078 | 24936 | 5008 | [open_context_base.py:518] on_disconnect: Disconnected: conn=0(624) reason=CallClose
2026-04-29 04:34:07,092 | 24936 | 27496 | [open_context_base.py:410] _init_connect_sync: New connect ready: conn=7454991359218021552(625) context=<futu.quote.open_quote_context.OpenQuoteContext object at 0x00000128E45C68B0>
  04:34:07 价格更新: 1个持仓
2026-04-29 04:34:07,120 | 24936 | 5008 | [open_context_base.py:518] on_disconnect: Disconnected: conn=0(625) reason=CallClose
2026-04-29 04:35:07,137 | 24936 | 27496 | [open_context_base.py:410] _init_connect_sync: New connect ready: conn=7454991611066098715(626) context=<futu.quote.open_quote_context.OpenQuoteContext object at 0x00000128E45C69E0>
2026-04-29 04:35:07,138 | 24936 | 5008 | [open_context_base.py:518] on_disconnect: Disconnected: conn=0(626) reason=CallClose
2026-04-29 04:35:07,151 | 24936 | 27496 | [open_context_base.py:410] _init_connect_sync: New connect ready: conn=7454991611127466037(627) context=<futu.quote.open_quote_context.OpenQuoteContext object at 0x00000128E45C6B10>
  04:35:07 价格更新: 1个持仓
2026-04-29 04:35:07,179 | 24936 | 5008 | [open_context_base.py:518] on_disconnect: Disconnected: conn=0(627) reason=CallClose
2026-04-29 04:36:07,183 | 24936 | 27496 | [open_context_base.py:410] _init_connect_sync: New connect ready: conn=7454991862971249874(628) context=<futu.quote.open_quote_context.OpenQuoteContext object at 0x00000128E45C6C40>
2026-04-29 04:36:07,184 | 24936 | 5008 | [open_context_base.py:518] on_disconnect: Disconnected: conn=0(628) reason=CallClose
2026-04-29 04:36:07,186 | 24936 | 27496 | [open_context_base.py:410] _init_connect_sync: New connect ready: conn=7454991862979887719(629) context=<futu.quote.open_quote_context.OpenQuoteContext object at 0x00000128E45C6D70>
  04:36:07 价格更新: 1个持仓
2026-04-29 04:36:07,215 | 24936 | 5008 | [open_context_base.py:518] on_disconnect: Disconnected: conn=0(629) reason=CallClose
2026-04-29 04:37:07,229 | 24936 | 27496 | [open_context_base.py:410] _init_connect_sync: New connect ready: conn=7454992114777710678(630) context=<futu.quote.open_quote_context.OpenQuoteContext object at 0x00000128E45C6EA0>
2026-04-29 04:37:07,230 | 24936 | 5008 | [open_context_base.py:518] on_disconnect: Disconnected: conn=0(630) reason=CallClose
2026-04-29 04:37:07,242 | 24936 | 27496 | [open_context_base.py:410] _init_connect_sync: New connect ready: conn=7454992114831578802(631) context=<futu.quote.open_quote_context.OpenQuoteContext object at 0x00000128E45C6FD0>
  04:37:07 价格更新: 1个持仓
2026-04-29 04:37:07,272 | 24936 | 5008 | [open_context_base.py:518] on_disconnect: Disconnected: conn=0(631) reason=CallClose
2026-04-29 04:38:07,289 | 24936 | 27496 | [open_context_base.py:410] _init_connect_sync: New connect ready: conn=7454992366679664928(632) context=<futu.quote.open_quote_context.OpenQuoteContext object at 0x00000128E45C7100>
2026-04-29 04:38:07,290 | 24936 | 5008 | [open_context_base.py:518] on_disconnect: Disconnected: conn=0(632) reason=CallClose
2026-04-29 04:38:07,292 | 24936 | 27496 | [open_context_base.py:410] _init_connect_sync: New connect ready: conn=7454992366742698575(633) context=<futu.quote.open_quote_context.OpenQuoteContext object at 0x00000128E45C7230>
  04:38:07 价格更新: 1个持仓
2026-04-29 04:38:07,322 | 24936 | 5008 | [open_context_base.py:518] on_disconnect: Disconnected: conn=0(633) reason=CallClose
2026-04-29 04:39:07,337 | 24936 | 27496 | [open_context_base.py:410] _init_connect_sync: New connect ready: conn=7454992618543802561(634) context=<futu.quote.open_quote_context.OpenQuoteContext object at 0x00000128E45C7360>
2026-04-29 04:39:07,338 | 24936 | 5008 | [open_context_base.py:518] on_disconnect: Disconnected: conn=0(634) reason=CallClose
2026-04-29 04:39:07,340 | 24936 | 27496 | [open_context_base.py:410] _init_connect_sync: New connect ready: conn=7454992618600778164(635) context=<futu.quote.open_quote_context.OpenQuoteContext object at 0x00000128E45C7490>
  04:39:07 价格更新: 1个持仓
2026-04-29 04:39:07,370 | 24936 | 5008 | [open_context_base.py:518] on_disconnect: Disconnected: conn=0(635) reason=CallClose
2026-04-29 04:40:07,386 | 24936 | 27496 | [open_context_base.py:410] _init_connect_sync: New connect ready: conn=7454992870407995485(636) context=<futu.quote.open_quote_context.OpenQuoteContext object at 0x00000128E45C75C0>
2026-04-29 04:40:07,387 | 24936 | 5008 | [open_context_base.py:518] on_disconnect: Disconnected: conn=0(636) reason=CallClose
2026-04-29 04:40:07,401 | 24936 | 27496 | [open_context_base.py:410] _init_connect_sync: New connect ready: conn=7454992870464230187(637) context=<futu.quote.open_quote_context.OpenQuoteContext object at 0x00000128E45C76F0>
  04:40:07 价格更新: 1个持仓
2026-04-29 04:40:07,430 | 24936 | 5008 | [open_context_base.py:518] on_disconnect: Disconnected: conn=0(637) reason=CallClose
2026-04-29 04:41:07,436 | 24936 | 27496 | [open_context_base.py:410] _init_connect_sync: New connect ready: conn=7454993122320246706(638) context=<futu.quote.open_quote_context.OpenQuoteContext object at 0x00000128E45C7820>
2026-04-29 04:41:07,437 | 24936 | 5008 | [open_context_base.py:518] on_disconnect: Disconnected: conn=0(638) reason=CallClose
2026-04-29 04:41:07,440 | 24936 | 27496 | [open_context_base.py:410] _init_connect_sync: New connect ready: conn=7454993122333301375(639) context=<futu.quote.open_quote_context.OpenQuoteContext object at 0x00000128E45C7950>
  04:41:07 价格更新: 1个持仓
2026-04-29 04:41:07,469 | 24936 | 5008 | [open_context_base.py:518] on_disconnect: Disconnected: conn=0(639) reason=CallClose
2026-04-29 04:42:07,486 | 24936 | 27496 | [open_context_base.py:410] _init_connect_sync: New connect ready: conn=7454993374137356640(640) context=<futu.quote.open_quote_context.OpenQuoteContext object at 0x00000128E45C7A80>
2026-04-29 04:42:07,487 | 24936 | 5008 | [open_context_base.py:518] on_disconnect: Disconnected: conn=0(640) reason=CallClose
2026-04-29 04:42:07,489 | 24936 | 27496 | [open_context_base.py:410] _init_connect_sync: New connect ready: conn=7454993374202694579(641) context=<futu.quote.open_quote_context.OpenQuoteContext object at 0x00000128E45C7BB0>
  04:42:07 价格更新: 1个持仓
2026-04-29 04:42:07,519 | 24936 | 5008 | [open_context_base.py:518] on_disconnect: Disconnected: conn=0(641) reason=CallClose
2026-04-29 04:43:07,537 | 24936 | 27496 | [open_context_base.py:410] _init_connect_sync: New connect ready: conn=7454993626007014949(642) context=<futu.quote.open_quote_context.OpenQuoteContext object at 0x00000128E45C7CE0>
2026-04-29 04:43:07,538 | 24936 | 5008 | [open_context_base.py:518] on_disconnect: Disconnected: conn=0(642) reason=CallClose
2026-04-29 04:43:07,551 | 24936 | 27496 | [open_context_base.py:410] _init_connect_sync: New connect ready: conn=7454993626074151288(643) context=<futu.quote.open_quote_context.OpenQuoteContext object at 0x00000128E45C7E10>
  04:43:07 价格更新: 1个持仓
2026-04-29 04:43:07,581 | 24936 | 5008 | [open_context_base.py:518] on_disconnect: Disconnected: conn=0(643) reason=CallClose
2026-04-29 04:44:07,598 | 24936 | 27496 | [open_context_base.py:410] _init_connect_sync: New connect ready: conn=7454993877932646444(644) context=<futu.quote.open_quote_context.OpenQuoteContext object at 0x00000128E4640050>
2026-04-29 04:44:07,600 | 24936 | 5008 | [open_context_base.py:518] on_disconnect: Disconnected: conn=0(644) reason=CallClose
2026-04-29 04:44:07,601 | 24936 | 27496 | [open_context_base.py:410] _init_connect_sync: New connect ready: conn=7454993877989538516(645) context=<futu.quote.open_quote_context.OpenQuoteContext object at 0x00000128E4640180>
  04:44:07 价格更新: 1个持仓
2026-04-29 04:44:07,650 | 24936 | 5008 | [open_context_base.py:518] on_disconnect: Disconnected: conn=0(645) reason=CallClose
2026-04-29 04:45:07,655 | 24936 | 27496 | [open_context_base.py:410] _init_connect_sync: New connect ready: conn=7454994129873169667(646) context=<futu.quote.open_quote_context.OpenQuoteContext object at 0x00000128E46402B0>
2026-04-29 04:45:07,656 | 24936 | 5008 | [open_context_base.py:518] on_disconnect: Disconnected: conn=0(646) reason=CallClose
2026-04-29 04:45:07,658 | 24936 | 27496 | [open_context_base.py:410] _init_connect_sync: New connect ready: conn=7454994129885938782(647) context=<futu.quote.open_quote_context.OpenQuoteContext object at 0x00000128E46403E0>
  04:45:07 价格更新: 1个持仓
2026-04-29 04:45:07,694 | 24936 | 5008 | [open_context_base.py:518] on_disconnect: Disconnected: conn=0(647) reason=CallClose
2026-04-29 04:46:07,701 | 24936 | 27496 | [open_context_base.py:410] _init_connect_sync: New connect ready: conn=7454994381721541857(648) context=<futu.quote.open_quote_context.OpenQuoteContext object at 0x00000128E4640510>
2026-04-29 04:46:07,702 | 24936 | 5008 | [open_context_base.py:518] on_disconnect: Disconnected: conn=0(648) reason=CallClose
2026-04-29 04:46:07,703 | 24936 | 27496 | [open_context_base.py:410] _init_connect_sync: New connect ready: conn=7454994381731277243(649) context=<futu.quote.open_quote_context.OpenQuoteContext object at 0x00000128E4640640>
  04:46:07 价格更新: 1个持仓
2026-04-29 04:46:07,739 | 24936 | 5008 | [open_context_base.py:518] on_disconnect: Disconnected: conn=0(649) reason=CallClose
2026-04-29 04:47:07,755 | 24936 | 27496 | [open_context_base.py:410] _init_connect_sync: New connect ready: conn=7454994633566049251(650) context=<futu.quote.open_quote_context.OpenQuoteContext object at 0x00000128E4640770>
2026-04-29 04:47:07,756 | 24936 | 5008 | [open_context_base.py:518] on_disconnect: Disconnected: conn=0(650) reason=CallClose
2026-04-29 04:47:07,768 | 24936 | 27496 | [open_context_base.py:410] _init_connect_sync: New connect ready: conn=7454994633620101292(651) context=<futu.quote.open_quote_context.OpenQuoteContext object at 0x00000128E46408A0>
  04:47:07 价格更新: 1个持仓
2026-04-29 04:47:07,797 | 24936 | 5008 | [open_context_base.py:518] on_disconnect: Disconnected: conn=0(651) reason=CallClose
2026-04-29 04:48:07,814 | 24936 | 27496 | [open_context_base.py:410] _init_connect_sync: New connect ready: conn=7454994885465260053(652) context=<futu.quote.open_quote_context.OpenQuoteContext object at 0x00000128E46409D0>
2026-04-29 04:48:07,815 | 24936 | 5008 | [open_context_base.py:518] on_disconnect: Disconnected: conn=0(652) reason=CallClose
2026-04-29 04:48:07,828 | 24936 | 27496 | [open_context_base.py:410] _init_connect_sync: New connect ready: conn=7454994885525565645(653) context=<futu.quote.open_quote_context.OpenQuoteContext object at 0x00000128E4640B00>
  04:48:07 价格更新: 1个持仓
2026-04-29 04:48:07,855 | 24936 | 5008 | [open_context_base.py:518] on_disconnect: Disconnected: conn=0(653) reason=CallClose
2026-04-29 04:49:07,860 | 24936 | 27496 | [open_context_base.py:410] _init_connect_sync: New connect ready: conn=7454995137365055686(654) context=<futu.quote.open_quote_context.OpenQuoteContext object at 0x00000128E4640C30>
2026-04-29 04:49:07,860 | 24936 | 5008 | [open_context_base.py:518] on_disconnect: Disconnected: conn=0(654) reason=CallClose
2026-04-29 04:49:07,874 | 24936 | 27496 | [open_context_base.py:410] _init_connect_sync: New connect ready: conn=7454995137374814613(655) context=<futu.quote.open_quote_context.OpenQuoteContext object at 0x00000128E4640D60>
  04:49:07 价格更新: 1个持仓
2026-04-29 04:49:07,903 | 24936 | 5008 | [open_context_base.py:518] on_disconnect: Disconnected: conn=0(655) reason=CallClose
2026-04-29 04:50:07,908 | 24936 | 27496 | [open_context_base.py:410] _init_connect_sync: New connect ready: conn=7454995389222950999(656) context=<futu.quote.open_quote_context.OpenQuoteContext object at 0x00000128E4640E90>
2026-04-29 04:50:07,909 | 24936 | 5008 | [open_context_base.py:518] on_disconnect: Disconnected: conn=0(656) reason=CallClose
2026-04-29 04:50:07,911 | 24936 | 27496 | [open_context_base.py:410] _init_connect_sync: New connect ready: conn=7454995389234911979(657) context=<futu.quote.open_quote_context.OpenQuoteContext object at 0x00000128E4640FC0>
  04:50:07 价格更新: 1个持仓
2026-04-29 04:50:07,944 | 24936 | 5008 | [open_context_base.py:518] on_disconnect: Disconnected: conn=0(657) reason=CallClose
2026-04-29 04:51:07,963 | 24936 | 27496 | [open_context_base.py:410] _init_connect_sync: New connect ready: conn=7454995641063145402(658) context=<futu.quote.open_quote_context.OpenQuoteContext object at 0x00000128E46410F0>
2026-04-29 04:51:07,963 | 24936 | 5008 | [open_context_base.py:518] on_disconnect: Disconnected: conn=0(658) reason=CallClose
2026-04-29 04:51:07,977 | 24936 | 27496 | [open_context_base.py:410] _init_connect_sync: New connect ready: conn=7454995641122277291(659) context=<futu.quote.open_quote_context.OpenQuoteContext object at 0x00000128E4641220>
  04:51:08 价格更新: 1个持仓
2026-04-29 04:51:08,008 | 24936 | 5008 | [open_context_base.py:518] on_disconnect: Disconnected: conn=0(659) reason=CallClose
2026-04-29 04:52:08,014 | 24936 | 27496 | [open_context_base.py:410] _init_connect_sync: New connect ready: conn=7454995892983455015(660) context=<futu.quote.open_quote_context.OpenQuoteContext object at 0x00000128E4641350>
2026-04-29 04:52:08,015 | 24936 | 5008 | [open_context_base.py:518] on_disconnect: Disconnected: conn=0(660) reason=CallClose
2026-04-29 04:52:08,029 | 24936 | 27496 | [open_context_base.py:410] _init_connect_sync: New connect ready: conn=7454995892998271132(661) context=<futu.quote.open_quote_context.OpenQuoteContext object at 0x00000128E4641480>
  04:52:08 价格更新: 1个持仓
2026-04-29 04:52:08,058 | 24936 | 5008 | [open_context_base.py:518] on_disconnect: Disconnected: conn=0(661) reason=CallClose
2026-04-29 04:53:08,074 | 24936 | 27496 | [open_context_base.py:410] _init_connect_sync: New connect ready: conn=7454996144850185625(662) context=<futu.quote.open_quote_context.OpenQuoteContext object at 0x00000128E46415B0>
2026-04-29 04:53:08,075 | 24936 | 5008 | [open_context_base.py:518] on_disconnect: Disconnected: conn=0(662) reason=CallClose
2026-04-29 04:53:08,087 | 24936 | 27496 | [open_context_base.py:410] _init_connect_sync: New connect ready: conn=7454996144907253143(663) context=<futu.quote.open_quote_context.OpenQuoteContext object at 0x00000128E46416E0>
  04:53:08 价格更新: 1个持仓
2026-04-29 04:53:08,118 | 24936 | 5008 | [open_context_base.py:518] on_disconnect: Disconnected: conn=0(663) reason=CallClose
2026-04-29 04:54:08,137 | 24936 | 27496 | [open_context_base.py:410] _init_connect_sync: New connect ready: conn=7454996396772697491(664) context=<futu.quote.open_quote_context.OpenQuoteContext object at 0x00000128E4641810>
2026-04-29 04:54:08,138 | 24936 | 5008 | [open_context_base.py:518] on_disconnect: Disconnected: conn=0(664) reason=CallClose
2026-04-29 04:54:08,149 | 24936 | 27496 | [open_context_base.py:410] _init_connect_sync: New connect ready: conn=7454996396829044740(665) context=<futu.quote.open_quote_context.OpenQuoteContext object at 0x00000128E4641940>
  04:54:08 价格更新: 1个持仓
2026-04-29 04:54:08,178 | 24936 | 5008 | [open_context_base.py:518] on_disconnect: Disconnected: conn=0(665) reason=CallClose
2026-04-29 04:55:08,192 | 24936 | 27496 | [open_context_base.py:410] _init_connect_sync: New connect ready: conn=7454996648664172083(666) context=<futu.quote.open_quote_context.OpenQuoteContext object at 0x00000128E4641A70>
2026-04-29 04:55:08,193 | 24936 | 5008 | [open_context_base.py:518] on_disconnect: Disconnected: conn=0(666) reason=CallClose
2026-04-29 04:55:08,205 | 24936 | 27496 | [open_context_base.py:410] _init_connect_sync: New connect ready: conn=7454996648718156139(667) context=<futu.quote.open_quote_context.OpenQuoteContext object at 0x00000128E4641BA0>
  04:55:08 价格更新: 1个持仓
2026-04-29 04:55:08,234 | 24936 | 5008 | [open_context_base.py:518] on_disconnect: Disconnected: conn=0(667) reason=CallClose
2026-04-29 04:56:08,239 | 24936 | 27496 | [open_context_base.py:410] _init_connect_sync: New connect ready: conn=7454996900560780142(668) context=<futu.quote.open_quote_context.OpenQuoteContext object at 0x00000128E4641CD0>
2026-04-29 04:56:08,240 | 24936 | 5008 | [open_context_base.py:518] on_disconnect: Disconnected: conn=0(668) reason=CallClose
2026-04-29 04:56:08,252 | 24936 | 27496 | [open_context_base.py:410] _init_connect_sync: New connect ready: conn=7454996900574890729(669) context=<futu.quote.open_quote_context.OpenQuoteContext object at 0x00000128E4641E00>
  04:56:08 价格更新: 1个持仓
2026-04-29 04:56:08,281 | 24936 | 5008 | [open_context_base.py:518] on_disconnect: Disconnected: conn=0(669) reason=CallClose
2026-04-29 04:57:08,286 | 24936 | 27496 | [open_context_base.py:410] _init_connect_sync: New connect ready: conn=7454997152415310496(670) context=<futu.quote.open_quote_context.OpenQuoteContext object at 0x00000128E4641F30>
2026-04-29 04:57:08,287 | 24936 | 5008 | [open_context_base.py:518] on_disconnect: Disconnected: conn=0(670) reason=CallClose
2026-04-29 04:57:08,300 | 24936 | 27496 | [open_context_base.py:410] _init_connect_sync: New connect ready: conn=7454997152429177197(671) context=<futu.quote.open_quote_context.OpenQuoteContext object at 0x00000128E4642060>
  04:57:08 价格更新: 1个持仓
2026-04-29 04:57:08,329 | 24936 | 5008 | [open_context_base.py:518] on_disconnect: Disconnected: conn=0(671) reason=CallClose
2026-04-29 04:58:08,345 | 24936 | 27496 | [open_context_base.py:410] _init_connect_sync: New connect ready: conn=7454997404275855721(672) context=<futu.quote.open_quote_context.OpenQuoteContext object at 0x00000128E4642190>
2026-04-29 04:58:08,346 | 24936 | 5008 | [open_context_base.py:518] on_disconnect: Disconnected: conn=0(672) reason=CallClose
2026-04-29 04:58:08,360 | 24936 | 27496 | [open_context_base.py:410] _init_connect_sync: New connect ready: conn=7454997404336911477(673) context=<futu.quote.open_quote_context.OpenQuoteContext object at 0x00000128E46422C0>
  04:58:08 价格更新: 1个持仓
2026-04-29 04:58:08,388 | 24936 | 5008 | [open_context_base.py:518] on_disconnect: Disconnected: conn=0(673) reason=CallClose
2026-04-29 04:59:08,395 | 24936 | 27496 | [open_context_base.py:410] _init_connect_sync: New connect ready: conn=7454997656192825700(674) context=<futu.quote.open_quote_context.OpenQuoteContext object at 0x00000128E46423F0>
2026-04-29 04:59:08,396 | 24936 | 5008 | [open_context_base.py:518] on_disconnect: Disconnected: conn=0(674) reason=CallClose
2026-04-29 04:59:08,399 | 24936 | 27496 | [open_context_base.py:410] _init_connect_sync: New connect ready: conn=7454997656205987230(675) context=<futu.quote.open_quote_context.OpenQuoteContext object at 0x00000128E4642520>
  04:59:08 价格更新: 1个持仓
2026-04-29 04:59:08,428 | 24936 | 5008 | [open_context_base.py:518] on_disconnect: Disconnected: conn=0(675) reason=CallClose
2026-04-29 05:00:08,432 | 24936 | 27496 | [open_context_base.py:410] _init_connect_sync: New connect ready: conn=7454997908002118689(676) context=<futu.quote.open_quote_context.OpenQuoteContext object at 0x00000128E4642650>
2026-04-29 05:00:08,433 | 24936 | 5008 | [open_context_base.py:518] on_disconnect: Disconnected: conn=0(676) reason=CallClose
2026-04-29 05:00:08,435 | 24936 | 27496 | [open_context_base.py:410] _init_connect_sync: New connect ready: conn=7454997908014818399(677) context=<futu.quote.open_quote_context.OpenQuoteContext object at 0x00000128E4642780>
  05:00:08 价格更新: 1个持仓
2026-04-29 05:00:08,468 | 24936 | 5008 | [open_context_base.py:518] on_disconnect: Disconnected: conn=0(677) reason=CallClose
2026-04-29 05:01:08,474 | 24936 | 27496 | [open_context_base.py:410] _init_connect_sync: New connect ready: conn=7454998159839708924(678) context=<futu.quote.open_quote_context.OpenQuoteContext object at 0x00000128E46428B0>
2026-04-29 05:01:08,475 | 24936 | 5008 | [open_context_base.py:518] on_disconnect: Disconnected: conn=0(678) reason=CallClose
2026-04-29 05:01:08,476 | 24936 | 27496 | [open_context_base.py:410] _init_connect_sync: New connect ready: conn=7454998159846771419(679) context=<futu.quote.open_quote_context.OpenQuoteContext object at 0x00000128E46429E0>
  05:01:08 价格更新: 1个持仓
2026-04-29 05:01:08,505 | 24936 | 5008 | [open_context_base.py:518] on_disconnect: Disconnected: conn=0(679) reason=CallClose
2026-04-29 05:02:08,522 | 24936 | 27496 | [open_context_base.py:410] _init_connect_sync: New connect ready: conn=7454998411653638214(680) context=<futu.quote.open_quote_context.OpenQuoteContext object at 0x00000128E4642B10>
2026-04-29 05:02:08,523 | 24936 | 5008 | [open_context_base.py:518] on_disconnect: Disconnected: conn=0(680) reason=CallClose
2026-04-29 05:02:08,524 | 24936 | 27496 | [open_context_base.py:410] _init_connect_sync: New connect ready: conn=7454998411708084857(681) context=<futu.quote.open_quote_context.OpenQuoteContext object at 0x00000128E4642C40>
  05:02:08 价格更新: 1个持仓
2026-04-29 05:02:08,554 | 24936 | 5008 | [open_context_base.py:518] on_disconnect: Disconnected: conn=0(681) reason=CallClose
2026-04-29 05:03:08,572 | 24936 | 27496 | [open_context_base.py:410] _init_connect_sync: New connect ready: conn=7454998663521578041(682) context=<futu.quote.open_quote_context.OpenQuoteContext object at 0x00000128E4642D70>
2026-04-29 05:03:08,572 | 24936 | 5008 | [open_context_base.py:518] on_disconnect: Disconnected: conn=0(682) reason=CallClose
2026-04-29 05:03:08,585 | 24936 | 27496 | [open_context_base.py:410] _init_connect_sync: New connect ready: conn=7454998663575049156(683) context=<futu.quote.open_quote_context.OpenQuoteContext object at 0x00000128E4642EA0>
  05:03:08 价格更新: 1个持仓
2026-04-29 05:03:08,614 | 24936 | 5008 | [open_context_base.py:518] on_disconnect: Disconnected: conn=0(683) reason=CallClose
2026-04-29 05:04:08,620 | 24936 | 27496 | [open_context_base.py:410] _init_connect_sync: New connect ready: conn=7454998915426138028(684) context=<futu.quote.open_quote_context.OpenQuoteContext object at 0x00000128E4642FD0>
2026-04-29 05:04:08,621 | 24936 | 5008 | [open_context_base.py:518] on_disconnect: Disconnected: conn=0(684) reason=CallClose
2026-04-29 05:04:08,635 | 24936 | 27496 | [open_context_base.py:410] _init_connect_sync: New connect ready: conn=7454998915437278970(685) context=<futu.quote.open_quote_context.OpenQuoteContext object at 0x00000128E4643100>
  05:04:08 价格更新: 1个持仓
2026-04-29 05:04:08,667 | 24936 | 5008 | [open_context_base.py:518] on_disconnect: Disconnected: conn=0(685) reason=CallClose
2026-04-29 05:05:08,685 | 24936 | 27496 | [open_context_base.py:410] _init_connect_sync: New connect ready: conn=7454999167300078805(686) context=<futu.quote.open_quote_context.OpenQuoteContext object at 0x00000128E4643230>
2026-04-29 05:05:08,685 | 24936 | 5008 | [open_context_base.py:518] on_disconnect: Disconnected: conn=0(686) reason=CallClose
2026-04-29 05:05:08,698 | 24936 | 27496 | [open_context_base.py:410] _init_connect_sync: New connect ready: conn=7454999167366358894(687) context=<futu.quote.open_quote_context.OpenQuoteContext object at 0x00000128E4643360>
  05:05:08 价格更新: 1个持仓
2026-04-29 05:05:08,727 | 24936 | 5008 | [open_context_base.py:518] on_disconnect: Disconnected: conn=0(687) reason=CallClose
2026-04-29 05:06:08,734 | 24936 | 27496 | [open_context_base.py:410] _init_connect_sync: New connect ready: conn=7454999419217916775(688) context=<futu.quote.open_quote_context.OpenQuoteContext object at 0x00000128E4643490>
2026-04-29 05:06:08,734 | 24936 | 5008 | [open_context_base.py:518] on_disconnect: Disconnected: conn=0(688) reason=CallClose
2026-04-29 05:06:08,747 | 24936 | 27496 | [open_context_base.py:410] _init_connect_sync: New connect ready: conn=7454999419230816454(689) context=<futu.quote.open_quote_context.OpenQuoteContext object at 0x00000128E46435C0>
  05:06:08 价格更新: 1个持仓
2026-04-29 05:06:08,776 | 24936 | 5008 | [open_context_base.py:518] on_disconnect: Disconnected: conn=0(689) reason=CallClose
2026-04-29 05:07:08,795 | 24936 | 27496 | [open_context_base.py:410] _init_connect_sync: New connect ready: conn=7454999671088293298(690) context=<futu.quote.open_quote_context.OpenQuoteContext object at 0x00000128E46436F0>
2026-04-29 05:07:08,796 | 24936 | 5008 | [open_context_base.py:518] on_disconnect: Disconnected: conn=0(690) reason=CallClose
2026-04-29 05:07:08,808 | 24936 | 27496 | [open_context_base.py:410] _init_connect_sync: New connect ready: conn=7454999671148193863(691) context=<futu.quote.open_quote_context.OpenQuoteContext object at 0x00000128E4643820>
  05:07:08 价格更新: 1个持仓
2026-04-29 05:07:08,836 | 24936 | 5008 | [open_context_base.py:518] on_disconnect: Disconnected: conn=0(691) reason=CallClose
2026-04-29 05:08:08,840 | 24936 | 27496 | [open_context_base.py:410] _init_connect_sync: New connect ready: conn=7454999922982133729(692) context=<futu.quote.open_quote_context.OpenQuoteContext object at 0x00000128E4643950>
2026-04-29 05:08:08,841 | 24936 | 5008 | [open_context_base.py:518] on_disconnect: Disconnected: conn=0(692) reason=CallClose
2026-04-29 05:08:08,853 | 24936 | 27496 | [open_context_base.py:410] _init_connect_sync: New connect ready: conn=7454999922992886667(693) context=<futu.quote.open_quote_context.OpenQuoteContext object at 0x00000128E4643A80>
  05:08:08 价格更新: 1个持仓
2026-04-29 05:08:08,881 | 24936 | 5008 | [open_context_base.py:518] on_disconnect: Disconnected: conn=0(693) reason=CallClose
2026-04-29 05:09:08,898 | 24936 | 27496 | [open_context_base.py:410] _init_connect_sync: New connect ready: conn=7455000174832151422(694) context=<futu.quote.open_quote_context.OpenQuoteContext object at 0x00000128E4643BB0>
2026-04-29 05:09:08,899 | 24936 | 5008 | [open_context_base.py:518] on_disconnect: Disconnected: conn=0(694) reason=CallClose
2026-04-29 05:09:08,912 | 24936 | 27496 | [open_context_base.py:410] _init_connect_sync: New connect ready: conn=7455000174894698255(695) context=<futu.quote.open_quote_context.OpenQuoteContext object at 0x00000128E4643CE0>
  05:09:08 价格更新: 1个持仓
2026-04-29 05:09:08,941 | 24936 | 5008 | [open_context_base.py:518] on_disconnect: Disconnected: conn=0(695) reason=CallClose
2026-04-29 05:10:08,944 | 24936 | 27496 | [open_context_base.py:410] _init_connect_sync: New connect ready: conn=7455000426734198970(696) context=<futu.quote.open_quote_context.OpenQuoteContext object at 0x00000128E4643E10>
2026-04-29 05:10:08,945 | 24936 | 5008 | [open_context_base.py:518] on_disconnect: Disconnected: conn=0(696) reason=CallClose
2026-04-29 05:10:08,947 | 24936 | 27496 | [open_context_base.py:410] _init_connect_sync: New connect ready: conn=7455000426745226452(697) context=<futu.quote.open_quote_context.OpenQuoteContext object at 0x00000128E4698050>
  05:10:08 价格更新: 1个持仓
2026-04-29 05:10:08,976 | 24936 | 5008 | [open_context_base.py:518] on_disconnect: Disconnected: conn=0(697) reason=CallClose
2026-04-29 05:11:08,991 | 24936 | 27496 | [open_context_base.py:410] _init_connect_sync: New connect ready: conn=7455000678538283394(698) context=<futu.quote.open_quote_context.OpenQuoteContext object at 0x00000128E4698180>
2026-04-29 05:11:08,992 | 24936 | 5008 | [open_context_base.py:518] on_disconnect: Disconnected: conn=0(698) reason=CallClose
2026-04-29 05:11:08,993 | 24936 | 27496 | [open_context_base.py:410] _init_connect_sync: New connect ready: conn=7455000678597804084(699) context=<futu.quote.open_quote_context.OpenQuoteContext object at 0x00000128E46982B0>
  05:11:09 价格更新: 1个持仓
2026-04-29 05:11:09,025 | 24936 | 5008 | [open_context_base.py:518] on_disconnect: Disconnected: conn=0(699) reason=CallClose
2026-04-29 05:12:09,041 | 24936 | 27496 | [open_context_base.py:410] _init_connect_sync: New connect ready: conn=7455000930415247201(700) context=<futu.quote.open_quote_context.OpenQuoteContext object at 0x00000128E46983E0>
2026-04-29 05:12:09,042 | 24936 | 5008 | [open_context_base.py:518] on_disconnect: Disconnected: conn=0(700) reason=CallClose
2026-04-29 05:12:09,054 | 24936 | 27496 | [open_context_base.py:410] _init_connect_sync: New connect ready: conn=7455000930470128192(701) context=<futu.quote.open_quote_context.OpenQuoteContext object at 0x00000128E4698510>
  05:12:09 价格更新: 1个持仓
2026-04-29 05:12:09,084 | 24936 | 5008 | [open_context_base.py:518] on_disconnect: Disconnected: conn=0(701) reason=CallClose
2026-04-29 05:13:09,101 | 24936 | 27496 | [open_context_base.py:410] _init_connect_sync: New connect ready: conn=7455001182322252007(702) context=<futu.quote.open_quote_context.OpenQuoteContext object at 0x00000128E4698640>
2026-04-29 05:13:09,102 | 24936 | 5008 | [open_context_base.py:518] on_disconnect: Disconnected: conn=0(702) reason=CallClose
2026-04-29 05:13:09,103 | 24936 | 27496 | [open_context_base.py:410] _init_connect_sync: New connect ready: conn=7455001182380154325(703) context=<futu.quote.open_quote_context.OpenQuoteContext object at 0x00000128E4698770>
  05:13:09 价格更新: 1个持仓
2026-04-29 05:13:09,132 | 24936 | 5008 | [open_context_base.py:518] on_disconnect: Disconnected: conn=0(703) reason=CallClose
2026-04-29 05:14:09,148 | 24936 | 27496 | [open_context_base.py:410] _init_connect_sync: New connect ready: conn=7455001434178223944(704) context=<futu.quote.open_quote_context.OpenQuoteContext object at 0x00000128E46988A0>
2026-04-29 05:14:09,148 | 24936 | 5008 | [open_context_base.py:518] on_disconnect: Disconnected: conn=0(704) reason=CallClose
2026-04-29 05:14:09,162 | 24936 | 27496 | [open_context_base.py:410] _init_connect_sync: New connect ready: conn=7455001434231140948(705) context=<futu.quote.open_quote_context.OpenQuoteContext object at 0x00000128E46989D0>
  05:14:09 价格更新: 1个持仓
2026-04-29 05:14:09,193 | 24936 | 5008 | [open_context_base.py:518] on_disconnect: Disconnected: conn=0(705) reason=CallClose
2026-04-29 05:15:09,198 | 24936 | 27496 | [open_context_base.py:410] _init_connect_sync: New connect ready: conn=7455001686085387600(706) context=<futu.quote.open_quote_context.OpenQuoteContext object at 0x00000128E4698B00>
2026-04-29 05:15:09,198 | 24936 | 5008 | [open_context_base.py:518] on_disconnect: Disconnected: conn=0(706) reason=CallClose
2026-04-29 05:15:09,200 | 24936 | 27496 | [open_context_base.py:410] _init_connect_sync: New connect ready: conn=7455001686098103375(707) context=<futu.quote.open_quote_context.OpenQuoteContext object at 0x00000128E4698C30>
  05:15:09 价格更新: 1个持仓
2026-04-29 05:15:09,229 | 24936 | 5008 | [open_context_base.py:518] on_disconnect: Disconnected: conn=0(707) reason=CallClose
2026-04-29 05:16:09,234 | 24936 | 27496 | [open_context_base.py:410] _init_connect_sync: New connect ready: conn=7455001937894165666(708) context=<futu.quote.open_quote_context.OpenQuoteContext object at 0x00000128E4698D60>
2026-04-29 05:16:09,235 | 24936 | 5008 | [open_context_base.py:518] on_disconnect: Disconnected: conn=0(708) reason=CallClose
2026-04-29 05:16:09,247 | 24936 | 27496 | [open_context_base.py:410] _init_connect_sync: New connect ready: conn=7455001937907309190(709) context=<futu.quote.open_quote_context.OpenQuoteContext object at 0x00000128E4698E90>
  05:16:09 价格更新: 1个持仓
2026-04-29 05:16:09,277 | 24936 | 5008 | [open_context_base.py:518] on_disconnect: Disconnected: conn=0(709) reason=CallClose
2026-04-29 05:17:09,294 | 24936 | 27496 | [open_context_base.py:410] _init_connect_sync: New connect ready: conn=7455002189756648485(710) context=<futu.quote.open_quote_context.OpenQuoteContext object at 0x00000128E4698FC0>
2026-04-29 05:17:09,295 | 24936 | 5008 | [open_context_base.py:518] on_disconnect: Disconnected: conn=0(710) reason=CallClose
2026-04-29 05:17:09,297 | 24936 | 27496 | [open_context_base.py:410] _init_connect_sync: New connect ready: conn=7455002189818442203(711) context=<futu.quote.open_quote_context.OpenQuoteContext object at 0x00000128E46990F0>
  05:17:09 价格更新: 1个持仓
2026-04-29 05:17:09,327 | 24936 | 5008 | [open_context_base.py:518] on_disconnect: Disconnected: conn=0(711) reason=CallClose
2026-04-29 05:18:09,344 | 24936 | 27496 | [open_context_base.py:410] _init_connect_sync: New connect ready: conn=7455002441636531829(712) context=<futu.quote.open_quote_context.OpenQuoteContext object at 0x00000128E4699220>
2026-04-29 05:18:09,345 | 24936 | 5008 | [open_context_base.py:518] on_disconnect: Disconnected: conn=0(712) reason=CallClose
2026-04-29 05:18:09,357 | 24936 | 27496 | [open_context_base.py:410] _init_connect_sync: New connect ready: conn=7455002441684139869(713) context=<futu.quote.open_quote_context.OpenQuoteContext object at 0x00000128E4699350>
  05:18:09 价格更新: 1个持仓
2026-04-29 05:18:09,387 | 24936 | 5008 | [open_context_base.py:518] on_disconnect: Disconnected: conn=0(713) reason=CallClose
2026-04-29 05:19:09,405 | 24936 | 27496 | [open_context_base.py:410] _init_connect_sync: New connect ready: conn=7455002693542257732(714) context=<futu.quote.open_quote_context.OpenQuoteContext object at 0x00000128E4699480>
2026-04-29 05:19:09,406 | 24936 | 5008 | [open_context_base.py:518] on_disconnect: Disconnected: conn=0(714) reason=CallClose
2026-04-29 05:19:09,408 | 24936 | 27496 | [open_context_base.py:410] _init_connect_sync: New connect ready: conn=7455002693604183957(715) context=<futu.quote.open_quote_context.OpenQuoteContext object at 0x00000128E46995B0>
  05:19:09 价格更新: 1个持仓
2026-04-29 05:19:09,445 | 24936 | 5008 | [open_context_base.py:518] on_disconnect: Disconnected: conn=0(715) reason=CallClose
2026-04-29 05:20:09,449 | 24936 | 27496 | [open_context_base.py:410] _init_connect_sync: New connect ready: conn=7455002945435770697(716) context=<futu.quote.open_quote_context.OpenQuoteContext object at 0x00000128E46996E0>
2026-04-29 05:20:09,450 | 24936 | 5008 | [open_context_base.py:518] on_disconnect: Disconnected: conn=0(716) reason=CallClose
2026-04-29 05:20:09,463 | 24936 | 27496 | [open_context_base.py:410] _init_connect_sync: New connect ready: conn=7455002945448403381(717) context=<futu.quote.open_quote_context.OpenQuoteContext object at 0x00000128E4699810>
  05:20:09 价格更新: 1个持仓
2026-04-29 05:20:09,494 | 24936 | 5008 | [open_context_base.py:518] on_disconnect: Disconnected: conn=0(717) reason=CallClose
2026-04-29 05:21:09,498 | 24936 | 27496 | [open_context_base.py:410] _init_connect_sync: New connect ready: conn=7455003197298258962(718) context=<futu.quote.open_quote_context.OpenQuoteContext object at 0x00000128E4699940>
2026-04-29 05:21:09,499 | 24936 | 5008 | [open_context_base.py:518] on_disconnect: Disconnected: conn=0(718) reason=CallClose
2026-04-29 05:21:09,511 | 24936 | 27496 | [open_context_base.py:410] _init_connect_sync: New connect ready: conn=7455003197311247340(719) context=<futu.quote.open_quote_context.OpenQuoteContext object at 0x00000128E4699A70>
  05:21:09 价格更新: 1个持仓
2026-04-29 05:21:09,543 | 24936 | 5008 | [open_context_base.py:518] on_disconnect: Disconnected: conn=0(719) reason=CallClose
2026-04-29 05:22:09,561 | 24936 | 27496 | [open_context_base.py:410] _init_connect_sync: New connect ready: conn=7455003449172269786(720) context=<futu.quote.open_quote_context.OpenQuoteContext object at 0x00000128E4699BA0>
2026-04-29 05:22:09,562 | 24936 | 5008 | [open_context_base.py:518] on_disconnect: Disconnected: conn=0(720) reason=CallClose
2026-04-29 05:22:09,576 | 24936 | 27496 | [open_context_base.py:410] _init_connect_sync: New connect ready: conn=7455003449230128499(721) context=<futu.quote.open_quote_context.OpenQuoteContext object at 0x00000128E4699CD0>
  05:22:09 价格更新: 1个持仓
2026-04-29 05:22:09,610 | 24936 | 5008 | [open_context_base.py:518] on_disconnect: Disconnected: conn=0(721) reason=CallClose
2026-04-29 05:23:09,626 | 24936 | 27496 | [open_context_base.py:410] _init_connect_sync: New connect ready: conn=7455003701107748969(722) context=<futu.quote.open_quote_context.OpenQuoteContext object at 0x00000128E4699E00>
2026-04-29 05:23:09,627 | 24936 | 5008 | [open_context_base.py:518] on_disconnect: Disconnected: conn=0(722) reason=CallClose
2026-04-29 05:23:09,629 | 24936 | 27496 | [open_context_base.py:410] _init_connect_sync: New connect ready: conn=7455003701166171329(723) context=<futu.quote.open_quote_context.OpenQuoteContext object at 0x00000128E4699F30>
  05:23:09 价格更新: 1个持仓
2026-04-29 05:23:09,657 | 24936 | 5008 | [open_context_base.py:518] on_disconnect: Disconnected: conn=0(723) reason=CallClose
2026-04-29 05:24:09,673 | 24936 | 27496 | [open_context_base.py:410] _init_connect_sync: New connect ready: conn=7455003952962725564(724) context=<futu.quote.open_quote_context.OpenQuoteContext object at 0x00000128E469A060>
2026-04-29 05:24:09,674 | 24936 | 5008 | [open_context_base.py:518] on_disconnect: Disconnected: conn=0(724) reason=CallClose
2026-04-29 05:24:09,677 | 24936 | 27496 | [open_context_base.py:410] _init_connect_sync: New connect ready: conn=7455003953021737703(725) context=<futu.quote.open_quote_context.OpenQuoteContext object at 0x00000128E469A190>
  05:24:09 价格更新: 1个持仓
2026-04-29 05:24:09,706 | 24936 | 5008 | [open_context_base.py:518] on_disconnect: Disconnected: conn=0(725) reason=CallClose
2026-04-29 05:25:09,711 | 24936 | 27496 | [open_context_base.py:410] _init_connect_sync: New connect ready: conn=7455004204825093699(726) context=<futu.quote.open_quote_context.OpenQuoteContext object at 0x00000128E469A2C0>
2026-04-29 05:25:09,712 | 24936 | 5008 | [open_context_base.py:518] on_disconnect: Disconnected: conn=0(726) reason=CallClose
2026-04-29 05:25:09,713 | 24936 | 27496 | [open_context_base.py:410] _init_connect_sync: New connect ready: conn=7455004204835005413(727) context=<futu.quote.open_quote_context.OpenQuoteContext object at 0x00000128E469A3F0>
  05:25:09 价格更新: 1个持仓
2026-04-29 05:25:09,744 | 24936 | 5008 | [open_context_base.py:518] on_disconnect: Disconnected: conn=0(727) reason=CallClose
2026-04-29 05:26:09,759 | 24936 | 27496 | [open_context_base.py:410] _init_connect_sync: New connect ready: conn=7455004456637647538(728) context=<futu.quote.open_quote_context.OpenQuoteContext object at 0x00000128E469A520>
2026-04-29 05:26:09,760 | 24936 | 5008 | [open_context_base.py:518] on_disconnect: Disconnected: conn=0(728) reason=CallClose
2026-04-29 05:26:09,772 | 24936 | 27496 | [open_context_base.py:410] _init_connect_sync: New connect ready: conn=7455004456693337775(729) context=<futu.quote.open_quote_context.OpenQuoteContext object at 0x00000128E469A650>
  05:26:09 价格更新: 1个持仓
2026-04-29 05:26:09,803 | 24936 | 5008 | [open_context_base.py:518] on_disconnect: Disconnected: conn=0(729) reason=CallClose
2026-04-29 05:27:09,810 | 24936 | 27496 | [open_context_base.py:410] _init_connect_sync: New connect ready: conn=7455004708558345636(730) context=<futu.quote.open_quote_context.OpenQuoteContext object at 0x00000128E469A780>
2026-04-29 05:27:09,810 | 24936 | 5008 | [open_context_base.py:518] on_disconnect: Disconnected: conn=0(730) reason=CallClose
2026-04-29 05:27:09,823 | 24936 | 27496 | [open_context_base.py:410] _init_connect_sync: New connect ready: conn=7455004708563868922(731) context=<futu.quote.open_quote_context.OpenQuoteContext object at 0x00000128E469A8B0>
  05:27:09 价格更新: 1个持仓
2026-04-29 05:27:09,853 | 24936 | 5008 | [open_context_base.py:518] on_disconnect: Disconnected: conn=0(731) reason=CallClose
2026-04-29 05:28:09,868 | 24936 | 27496 | [open_context_base.py:410] _init_connect_sync: New connect ready: conn=7455004960412423321(732) context=<futu.quote.open_quote_context.OpenQuoteContext object at 0x00000128E469A9E0>
2026-04-29 05:28:09,869 | 24936 | 5008 | [open_context_base.py:518] on_disconnect: Disconnected: conn=0(732) reason=CallClose
2026-04-29 05:28:09,871 | 24936 | 27496 | [open_context_base.py:410] _init_connect_sync: New connect ready: conn=7455004960472197927(733) context=<futu.quote.open_quote_context.OpenQuoteContext object at 0x00000128E469AB10>
  05:28:09 价格更新: 1个持仓
2026-04-29 05:28:09,900 | 24936 | 5008 | [open_context_base.py:518] on_disconnect: Disconnected: conn=0(733) reason=CallClose
2026-04-29 05:29:09,903 | 24936 | 27496 | [open_context_base.py:410] _init_connect_sync: New connect ready: conn=7455005212267573944(734) context=<futu.quote.open_quote_context.OpenQuoteContext object at 0x00000128E469AC40>
2026-04-29 05:29:09,904 | 24936 | 5008 | [open_context_base.py:518] on_disconnect: Disconnected: conn=0(734) reason=CallClose
2026-04-29 05:29:09,906 | 24936 | 27496 | [open_context_base.py:410] _init_connect_sync: New connect ready: conn=7455005212271917619(735) context=<futu.quote.open_quote_context.OpenQuoteContext object at 0x00000128E469AD70>
  05:29:09 价格更新: 1个持仓
2026-04-29 05:29:09,935 | 24936 | 5008 | [open_context_base.py:518] on_disconnect: Disconnected: conn=0(735) reason=CallClose
2026-04-29 05:30:09,953 | 24936 | 27496 | [open_context_base.py:410] _init_connect_sync: New connect ready: conn=7455005464078991722(736) context=<futu.quote.open_quote_context.OpenQuoteContext object at 0x00000128E469AEA0>
2026-04-29 05:30:09,954 | 24936 | 5008 | [open_context_base.py:518] on_disconnect: Disconnected: conn=0(736) reason=CallClose
2026-04-29 05:30:09,956 | 24936 | 27496 | [open_context_base.py:410] _init_connect_sync: New connect ready: conn=7455005464141735565(737) context=<futu.quote.open_quote_context.OpenQuoteContext object at 0x00000128E469AFD0>
  05:30:09 价格更新: 1个持仓
2026-04-29 05:30:09,985 | 24936 | 5008 | [open_context_base.py:518] on_disconnect: Disconnected: conn=0(737) reason=CallClose
2026-04-29 05:31:10,001 | 24936 | 27496 | [open_context_base.py:410] _init_connect_sync: New connect ready: conn=7455005715939796507(738) context=<futu.quote.open_quote_context.OpenQuoteContext object at 0x00000128E469B100>
2026-04-29 05:31:10,002 | 24936 | 5008 | [open_context_base.py:518] on_disconnect: Disconnected: conn=0(738) reason=CallClose
2026-04-29 05:31:10,004 | 24936 | 27496 | [open_context_base.py:410] _init_connect_sync: New connect ready: conn=7455005715997216044(739) context=<futu.quote.open_quote_context.OpenQuoteContext object at 0x00000128E469B230>
  05:31:10 价格更新: 1个持仓
2026-04-29 05:31:10,037 | 24936 | 5008 | [open_context_base.py:518] on_disconnect: Disconnected: conn=0(739) reason=CallClose
2026-04-29 05:32:10,041 | 24936 | 27496 | [open_context_base.py:410] _init_connect_sync: New connect ready: conn=7455005967818150772(740) context=<futu.quote.open_quote_context.OpenQuoteContext object at 0x00000128E469B360>
2026-04-29 05:32:10,042 | 24936 | 5008 | [open_context_base.py:518] on_disconnect: Disconnected: conn=0(740) reason=CallClose
2026-04-29 05:32:10,043 | 24936 | 27496 | [open_context_base.py:410] _init_connect_sync: New connect ready: conn=7455005967826612022(741) context=<futu.quote.open_quote_context.OpenQuoteContext object at 0x00000128E469B490>
  05:32:10 价格更新: 1个持仓
2026-04-29 05:32:10,072 | 24936 | 5008 | [open_context_base.py:518] on_disconnect: Disconnected: conn=0(741) reason=CallClose
2026-04-29 05:33:10,086 | 24936 | 27496 | [open_context_base.py:410] _init_connect_sync: New connect ready: conn=7455006219622535438(742) context=<futu.quote.open_quote_context.OpenQuoteContext object at 0x00000128E469B5C0>
2026-04-29 05:33:10,088 | 24936 | 5008 | [open_context_base.py:518] on_disconnect: Disconnected: conn=0(742) reason=CallClose
2026-04-29 05:33:10,090 | 24936 | 27496 | [open_context_base.py:410] _init_connect_sync: New connect ready: conn=7455006219682115619(743) context=<futu.quote.open_quote_context.OpenQuoteContext object at 0x00000128E469B6F0>
  05:33:10 价格更新: 1个持仓
2026-04-29 05:33:10,120 | 24936 | 5008 | [open_context_base.py:518] on_disconnect: Disconnected: conn=0(743) reason=CallClose
2026-04-29 05:34:10,135 | 24936 | 27496 | [open_context_base.py:410] _init_connect_sync: New connect ready: conn=7455006471484553897(744) context=<futu.quote.open_quote_context.OpenQuoteContext object at 0x00000128E469B820>
2026-04-29 05:34:10,136 | 24936 | 5008 | [open_context_base.py:518] on_disconnect: Disconnected: conn=0(744) reason=CallClose
2026-04-29 05:34:10,149 | 24936 | 27496 | [open_context_base.py:410] _init_connect_sync: New connect ready: conn=7455006471540126590(745) context=<futu.quote.open_quote_context.OpenQuoteContext object at 0x00000128E469B950>
  05:34:10 价格更新: 1个持仓
2026-04-29 05:34:10,183 | 24936 | 5008 | [open_context_base.py:518] on_disconnect: Disconnected: conn=0(745) reason=CallClose
2026-04-29 05:35:10,189 | 24936 | 27496 | [open_context_base.py:410] _init_connect_sync: New connect ready: conn=7455006723411788917(746) context=<futu.quote.open_quote_context.OpenQuoteContext object at 0x00000128E469BA80>
2026-04-29 05:35:10,190 | 24936 | 5008 | [open_context_base.py:518] on_disconnect: Disconnected: conn=0(746) reason=CallClose
2026-04-29 05:35:10,191 | 24936 | 27496 | [open_context_base.py:410] _init_connect_sync: New connect ready: conn=7455006723425016686(747) context=<futu.quote.open_quote_context.OpenQuoteContext object at 0x00000128E469BBB0>
  05:35:10 价格更新: 1个持仓
2026-04-29 05:35:10,221 | 24936 | 5008 | [open_context_base.py:518] on_disconnect: Disconnected: conn=0(747) reason=CallClose
2026-04-29 05:36:10,238 | 24936 | 27496 | [open_context_base.py:410] _init_connect_sync: New connect ready: conn=7455006975230059592(748) context=<futu.quote.open_quote_context.OpenQuoteContext object at 0x00000128E469BCE0>
2026-04-29 05:36:10,239 | 24936 | 5008 | [open_context_base.py:518] on_disconnect: Disconnected: conn=0(748) reason=CallClose
2026-04-29 05:36:10,241 | 24936 | 27496 | [open_context_base.py:410] _init_connect_sync: New connect ready: conn=7455006975289107168(749) context=<futu.quote.open_quote_context.OpenQuoteContext object at 0x00000128E469BE10>
  05:36:10 价格更新: 1个持仓
2026-04-29 05:36:10,272 | 24936 | 5008 | [open_context_base.py:518] on_disconnect: Disconnected: conn=0(749) reason=CallClose
2026-04-29 05:37:10,276 | 24936 | 27496 | [open_context_base.py:410] _init_connect_sync: New connect ready: conn=7455007227087227173(750) context=<futu.quote.open_quote_context.OpenQuoteContext object at 0x00000128E4728050>
2026-04-29 05:37:10,276 | 24936 | 5008 | [open_context_base.py:518] on_disconnect: Disconnected: conn=0(750) reason=CallClose
2026-04-29 05:37:10,279 | 24936 | 27496 | [open_context_base.py:410] _init_connect_sync: New connect ready: conn=7455007227105849918(751) context=<futu.quote.open_quote_context.OpenQuoteContext object at 0x00000128E4728180>
  05:37:10 价格更新: 1个持仓
2026-04-29 05:37:10,307 | 24936 | 5008 | [open_context_base.py:518] on_disconnect: Disconnected: conn=0(751) reason=CallClose
2026-04-29 05:38:10,312 | 24936 | 27496 | [open_context_base.py:410] _init_connect_sync: New connect ready: conn=7455007478906126558(752) context=<futu.quote.open_quote_context.OpenQuoteContext object at 0x00000128E47282B0>
2026-04-29 05:38:10,313 | 24936 | 5008 | [open_context_base.py:518] on_disconnect: Disconnected: conn=0(752) reason=CallClose
2026-04-29 05:38:10,315 | 24936 | 27496 | [open_context_base.py:410] _init_connect_sync: New connect ready: conn=7455007478916306738(753) context=<futu.quote.open_quote_context.OpenQuoteContext object at 0x00000128E47283E0>
  05:38:10 价格更新: 1个持仓
2026-04-29 05:38:10,346 | 24936 | 5008 | [open_context_base.py:518] on_disconnect: Disconnected: conn=0(753) reason=CallClose
2026-04-29 05:39:10,362 | 24936 | 27496 | [open_context_base.py:410] _init_connect_sync: New connect ready: conn=7455007730721155551(754) context=<futu.quote.open_quote_context.OpenQuoteContext object at 0x00000128E4728510>
2026-04-29 05:39:10,363 | 24936 | 5008 | [open_context_base.py:518] on_disconnect: Disconnected: conn=0(754) reason=CallClose
2026-04-29 05:39:10,376 | 24936 | 27496 | [open_context_base.py:410] _init_connect_sync: New connect ready: conn=7455007730780711293(755) context=<futu.quote.open_quote_context.OpenQuoteContext object at 0x00000128E4728640>
  05:39:10 价格更新: 1个持仓
2026-04-29 05:39:10,407 | 24936 | 5008 | [open_context_base.py:518] on_disconnect: Disconnected: conn=0(755) reason=CallClose
2026-04-29 05:40:10,422 | 24936 | 27496 | [open_context_base.py:410] _init_connect_sync: New connect ready: conn=7455007982640183580(756) context=<futu.quote.open_quote_context.OpenQuoteContext object at 0x00000128E4728770>
2026-04-29 05:40:10,423 | 24936 | 5008 | [open_context_base.py:518] on_disconnect: Disconnected: conn=0(756) reason=CallClose
2026-04-29 05:40:10,435 | 24936 | 27496 | [open_context_base.py:410] _init_connect_sync: New connect ready: conn=7455007982693495687(757) context=<futu.quote.open_quote_context.OpenQuoteContext object at 0x00000128E47288A0>
  05:40:10 价格更新: 1个持仓
2026-04-29 05:40:10,465 | 24936 | 5008 | [open_context_base.py:518] on_disconnect: Disconnected: conn=0(757) reason=CallClose
2026-04-29 05:41:10,483 | 24936 | 27496 | [open_context_base.py:410] _init_connect_sync: New connect ready: conn=7455008234550115657(758) context=<futu.quote.open_quote_context.OpenQuoteContext object at 0x00000128E47289D0>
2026-04-29 05:41:10,484 | 24936 | 5008 | [open_context_base.py:518] on_disconnect: Disconnected: conn=0(758) reason=CallClose
2026-04-29 05:41:10,486 | 24936 | 27496 | [open_context_base.py:410] _init_connect_sync: New connect ready: conn=7455008234605592702(759) context=<futu.quote.open_quote_context.OpenQuoteContext object at 0x00000128E4728B00>
  05:41:10 价格更新: 1个持仓
2026-04-29 05:41:10,517 | 24936 | 5008 | [open_context_base.py:518] on_disconnect: Disconnected: conn=0(759) reason=CallClose
2026-04-29 05:42:10,523 | 24936 | 27496 | [open_context_base.py:410] _init_connect_sync: New connect ready: conn=7455008486419868458(760) context=<futu.quote.open_quote_context.OpenQuoteContext object at 0x00000128E4728C30>
2026-04-29 05:42:10,525 | 24936 | 5008 | [open_context_base.py:518] on_disconnect: Disconnected: conn=0(760) reason=CallClose
2026-04-29 05:42:10,527 | 24936 | 27496 | [open_context_base.py:410] _init_connect_sync: New connect ready: conn=7455008486432721209(761) context=<futu.quote.open_quote_context.OpenQuoteContext object at 0x00000128E4728D60>
  05:42:10 价格更新: 1个持仓
2026-04-29 05:42:10,557 | 24936 | 5008 | [open_context_base.py:518] on_disconnect: Disconnected: conn=0(761) reason=CallClose
2026-04-29 05:43:10,563 | 24936 | 27496 | [open_context_base.py:410] _init_connect_sync: New connect ready: conn=7455008738244962594(762) context=<futu.quote.open_quote_context.OpenQuoteContext object at 0x00000128E4728E90>
2026-04-29 05:43:10,564 | 24936 | 5008 | [open_context_base.py:518] on_disconnect: Disconnected: conn=0(762) reason=CallClose
2026-04-29 05:43:10,576 | 24936 | 27496 | [open_context_base.py:410] _init_connect_sync: New connect ready: conn=7455008738253634572(763) context=<futu.quote.open_quote_context.OpenQuoteContext object at 0x00000128E4728FC0>
  05:43:10 价格更新: 1个持仓
2026-04-29 05:43:10,604 | 24936 | 5008 | [open_context_base.py:518] on_disconnect: Disconnected: conn=0(763) reason=CallClose
2026-04-29 05:44:10,610 | 24936 | 27496 | [open_context_base.py:410] _init_connect_sync: New connect ready: conn=7455008990102916634(764) context=<futu.quote.open_quote_context.OpenQuoteContext object at 0x00000128E47290F0>
2026-04-29 05:44:10,610 | 24936 | 5008 | [open_context_base.py:518] on_disconnect: Disconnected: conn=0(764) reason=CallClose
2026-04-29 05:44:10,623 | 24936 | 27496 | [open_context_base.py:410] _init_connect_sync: New connect ready: conn=7455008990111894277(765) context=<futu.quote.open_quote_context.OpenQuoteContext object at 0x00000128E4729220>
  05:44:10 价格更新: 1个持仓
2026-04-29 05:44:10,652 | 24936 | 5008 | [open_context_base.py:518] on_disconnect: Disconnected: conn=0(765) reason=CallClose
2026-04-29 05:45:10,669 | 24936 | 27496 | [open_context_base.py:410] _init_connect_sync: New connect ready: conn=7455009241958838116(766) context=<futu.quote.open_quote_context.OpenQuoteContext object at 0x00000128E4729350>
2026-04-29 05:45:10,670 | 24936 | 5008 | [open_context_base.py:518] on_disconnect: Disconnected: conn=0(766) reason=CallClose
2026-04-29 05:45:10,672 | 24936 | 27496 | [open_context_base.py:410] _init_connect_sync: New connect ready: conn=7455009242022014746(767) context=<futu.quote.open_quote_context.OpenQuoteContext object at 0x00000128E4729480>
  05:45:10 价格更新: 1个持仓
2026-04-29 05:45:10,701 | 24936 | 5008 | [open_context_base.py:518] on_disconnect: Disconnected: conn=0(767) reason=CallClose
2026-04-29 05:46:10,717 | 24936 | 27496 | [open_context_base.py:410] _init_connect_sync: New connect ready: conn=7455009493817673834(768) context=<futu.quote.open_quote_context.OpenQuoteContext object at 0x00000128E47295B0>
2026-04-29 05:46:10,718 | 24936 | 5008 | [open_context_base.py:518] on_disconnect: Disconnected: conn=0(768) reason=CallClose
2026-04-29 05:46:10,720 | 24936 | 27496 | [open_context_base.py:410] _init_connect_sync: New connect ready: conn=7455009493878646498(769) context=<futu.quote.open_quote_context.OpenQuoteContext object at 0x00000128E47296E0>
  05:46:10 价格更新: 1个持仓
2026-04-29 05:46:10,750 | 24936 | 5008 | [open_context_base.py:518] on_disconnect: Disconnected: conn=0(769) reason=CallClose
2026-04-29 05:47:10,755 | 24936 | 27496 | [open_context_base.py:410] _init_connect_sync: New connect ready: conn=7455009745686832098(770) context=<futu.quote.open_quote_context.OpenQuoteContext object at 0x00000128E4729810>
2026-04-29 05:47:10,756 | 24936 | 5008 | [open_context_base.py:518] on_disconnect: Disconnected: conn=0(770) reason=CallClose
2026-04-29 05:47:10,758 | 24936 | 27496 | [open_context_base.py:410] _init_connect_sync: New connect ready: conn=7455009745696036076(771) context=<futu.quote.open_quote_context.OpenQuoteContext object at 0x00000128E4729940>
  05:47:10 价格更新: 1个持仓
2026-04-29 05:47:10,786 | 24936 | 5008 | [open_context_base.py:518] on_disconnect: Disconnected: conn=0(771) reason=CallClose
2026-04-29 05:48:10,792 | 24936 | 27496 | [open_context_base.py:410] _init_connect_sync: New connect ready: conn=7455009997498090998(772) context=<futu.quote.open_quote_context.OpenQuoteContext object at 0x00000128E4729A70>
2026-04-29 05:48:10,793 | 24936 | 5008 | [open_context_base.py:518] on_disconnect: Disconnected: conn=0(772) reason=CallClose
2026-04-29 05:48:10,794 | 24936 | 27496 | [open_context_base.py:410] _init_connect_sync: New connect ready: conn=7455009997510418113(773) context=<futu.quote.open_quote_context.OpenQuoteContext object at 0x00000128E4729BA0>
  05:48:10 价格更新: 1个持仓
2026-04-29 05:48:10,824 | 24936 | 5008 | [open_context_base.py:518] on_disconnect: Disconnected: conn=0(773) reason=CallClose
2026-04-29 05:49:10,841 | 24936 | 27496 | [open_context_base.py:410] _init_connect_sync: New connect ready: conn=7455010249317598447(774) context=<futu.quote.open_quote_context.OpenQuoteContext object at 0x00000128E4729CD0>
2026-04-29 05:49:10,842 | 24936 | 5008 | [open_context_base.py:518] on_disconnect: Disconnected: conn=0(774) reason=CallClose
2026-04-29 05:49:10,844 | 24936 | 27496 | [open_context_base.py:410] _init_connect_sync: New connect ready: conn=7455010249375062296(775) context=<futu.quote.open_quote_context.OpenQuoteContext object at 0x00000128E4729E00>
  05:49:10 价格更新: 1个持仓
2026-04-29 05:49:10,877 | 24936 | 5008 | [open_context_base.py:518] on_disconnect: Disconnected: conn=0(775) reason=CallClose
2026-04-29 05:50:10,893 | 24936 | 27496 | [open_context_base.py:410] _init_connect_sync: New connect ready: conn=7455010501185979799(776) context=<futu.quote.open_quote_context.OpenQuoteContext object at 0x00000128E4729F30>
2026-04-29 05:50:10,894 | 24936 | 5008 | [open_context_base.py:518] on_disconnect: Disconnected: conn=0(776) reason=CallClose
2026-04-29 05:50:10,896 | 24936 | 27496 | [open_context_base.py:410] _init_connect_sync: New connect ready: conn=7455010501250286639(777) context=<futu.quote.open_quote_context.OpenQuoteContext object at 0x00000128E472A060>
  05:50:10 价格更新: 1个持仓
2026-04-29 05:50:10,925 | 24936 | 5008 | [open_context_base.py:518] on_disconnect: Disconnected: conn=0(777) reason=CallClose
2026-04-29 05:51:10,940 | 24936 | 27496 | [open_context_base.py:410] _init_connect_sync: New connect ready: conn=7455010753046877009(778) context=<futu.quote.open_quote_context.OpenQuoteContext object at 0x00000128E472A190>
2026-04-29 05:51:10,941 | 24936 | 5008 | [open_context_base.py:518] on_disconnect: Disconnected: conn=0(778) reason=CallClose
2026-04-29 05:51:10,942 | 24936 | 27496 | [open_context_base.py:410] _init_connect_sync: New connect ready: conn=7455010753100317861(779) context=<futu.quote.open_quote_context.OpenQuoteContext object at 0x00000128E472A2C0>
  05:51:10 价格更新: 1个持仓
2026-04-29 05:51:10,971 | 24936 | 5008 | [open_context_base.py:518] on_disconnect: Disconnected: conn=0(779) reason=CallClose
2026-04-29 05:52:10,975 | 24936 | 27496 | [open_context_base.py:410] _init_connect_sync: New connect ready: conn=7455011004894610280(780) context=<futu.quote.open_quote_context.OpenQuoteContext object at 0x00000128E472A3F0>
2026-04-29 05:52:10,976 | 24936 | 5008 | [open_context_base.py:518] on_disconnect: Disconnected: conn=0(780) reason=CallClose
2026-04-29 05:52:10,977 | 24936 | 27496 | [open_context_base.py:410] _init_connect_sync: New connect ready: conn=7455011004907108907(781) context=<futu.quote.open_quote_context.OpenQuoteContext object at 0x00000128E472A520>
  05:52:11 价格更新: 1个持仓
2026-04-29 05:52:11,005 | 24936 | 5008 | [open_context_base.py:518] on_disconnect: Disconnected: conn=0(781) reason=CallClose
2026-04-29 05:53:11,023 | 24936 | 27496 | [open_context_base.py:410] _init_connect_sync: New connect ready: conn=7455011256706668214(782) context=<futu.quote.open_quote_context.OpenQuoteContext object at 0x00000128E472A650>
2026-04-29 05:53:11,024 | 24936 | 5008 | [open_context_base.py:518] on_disconnect: Disconnected: conn=0(782) reason=CallClose
2026-04-29 05:53:11,038 | 24936 | 27496 | [open_context_base.py:410] _init_connect_sync: New connect ready: conn=7455011256769830322(783) context=<futu.quote.open_quote_context.OpenQuoteContext object at 0x00000128E472A780>
  05:53:11 价格更新: 1个持仓
2026-04-29 05:53:11,067 | 24936 | 5008 | [open_context_base.py:518] on_disconnect: Disconnected: conn=0(783) reason=CallClose
2026-04-29 05:54:11,085 | 24936 | 27496 | [open_context_base.py:410] _init_connect_sync: New connect ready: conn=7455011508621110736(784) context=<futu.quote.open_quote_context.OpenQuoteContext object at 0x00000128E472A8B0>
2026-04-29 05:54:11,085 | 24936 | 5008 | [open_context_base.py:518] on_disconnect: Disconnected: conn=0(784) reason=CallClose
2026-04-29 05:54:11,087 | 24936 | 27496 | [open_context_base.py:410] _init_connect_sync: New connect ready: conn=7455011508679954815(785) context=<futu.quote.open_quote_context.OpenQuoteContext object at 0x00000128E472A9E0>
  05:54:11 价格更新: 1个持仓
2026-04-29 05:54:11,121 | 24936 | 5008 | [open_context_base.py:518] on_disconnect: Disconnected: conn=0(785) reason=CallClose
2026-04-29 05:55:11,127 | 24936 | 27496 | [open_context_base.py:410] _init_connect_sync: New connect ready: conn=7455011760512988221(786) context=<futu.quote.open_quote_context.OpenQuoteContext object at 0x00000128E472AB10>
2026-04-29 05:55:11,128 | 24936 | 5008 | [open_context_base.py:518] on_disconnect: Disconnected: conn=0(786) reason=CallClose
2026-04-29 05:55:11,130 | 24936 | 27496 | [open_context_base.py:410] _init_connect_sync: New connect ready: conn=7455011760523372407(787) context=<futu.quote.open_quote_context.OpenQuoteContext object at 0x00000128E472AC40>
  05:55:11 价格更新: 1个持仓
2026-04-29 05:55:11,158 | 24936 | 5008 | [open_context_base.py:518] on_disconnect: Disconnected: conn=0(787) reason=CallClose
2026-04-29 05:56:11,162 | 24936 | 27496 | [open_context_base.py:410] _init_connect_sync: New connect ready: conn=7455012012316492072(788) context=<futu.quote.open_quote_context.OpenQuoteContext object at 0x00000128E472AD70>
2026-04-29 05:56:11,163 | 24936 | 5008 | [open_context_base.py:518] on_disconnect: Disconnected: conn=0(788) reason=CallClose
2026-04-29 05:56:11,164 | 24936 | 27496 | [open_context_base.py:410] _init_connect_sync: New connect ready: conn=7455012012327921651(789) context=<futu.quote.open_quote_context.OpenQuoteContext object at 0x00000128E472AEA0>
  05:56:11 价格更新: 1个持仓
2026-04-29 05:56:11,193 | 24936 | 5008 | [open_context_base.py:518] on_disconnect: Disconnected: conn=0(789) reason=CallClose
2026-04-29 05:57:11,197 | 24936 | 27496 | [open_context_base.py:410] _init_connect_sync: New connect ready: conn=7455012264119248973(790) context=<futu.quote.open_quote_context.OpenQuoteContext object at 0x00000128E472AFD0>
2026-04-29 05:57:11,198 | 24936 | 5008 | [open_context_base.py:518] on_disconnect: Disconnected: conn=0(790) reason=CallClose
2026-04-29 05:57:11,199 | 24936 | 27496 | [open_context_base.py:410] _init_connect_sync: New connect ready: conn=7455012264130587616(791) context=<futu.quote.open_quote_context.OpenQuoteContext object at 0x00000128E472B100>
  05:57:11 价格更新: 1个持仓
2026-04-29 05:57:11,228 | 24936 | 5008 | [open_context_base.py:518] on_disconnect: Disconnected: conn=0(791) reason=CallClose
2026-04-29 05:58:11,245 | 24936 | 27496 | [open_context_base.py:410] _init_connect_sync: New connect ready: conn=7455012515932883552(792) context=<futu.quote.open_quote_context.OpenQuoteContext object at 0x00000128E472B230>
2026-04-29 05:58:11,246 | 24936 | 5008 | [open_context_base.py:518] on_disconnect: Disconnected: conn=0(792) reason=CallClose
2026-04-29 05:58:11,259 | 24936 | 27496 | [open_context_base.py:410] _init_connect_sync: New connect ready: conn=7455012515993015302(793) context=<futu.quote.open_quote_context.OpenQuoteContext object at 0x00000128E472B360>
  05:58:11 价格更新: 1个持仓
2026-04-29 05:58:11,288 | 24936 | 5008 | [open_context_base.py:518] on_disconnect: Disconnected: conn=0(793) reason=CallClose
2026-04-29 05:59:11,292 | 24936 | 27496 | [open_context_base.py:410] _init_connect_sync: New connect ready: conn=7455012767836611447(794) context=<futu.quote.open_quote_context.OpenQuoteContext object at 0x00000128E472B490>
2026-04-29 05:59:11,293 | 24936 | 5008 | [open_context_base.py:518] on_disconnect: Disconnected: conn=0(794) reason=CallClose
2026-04-29 05:59:11,295 | 24936 | 27496 | [open_context_base.py:410] _init_connect_sync: New connect ready: conn=7455012767847905888(795) context=<futu.quote.open_quote_context.OpenQuoteContext object at 0x00000128E472B5C0>
  05:59:11 价格更新: 1个持仓
2026-04-29 05:59:11,325 | 24936 | 5008 | [open_context_base.py:518] on_disconnect: Disconnected: conn=0(795) reason=CallClose
2026-04-29 06:00:11,342 | 24936 | 27496 | [open_context_base.py:410] _init_connect_sync: New connect ready: conn=7455013019659825591(796) context=<futu.quote.open_quote_context.OpenQuoteContext object at 0x00000128E472B6F0>
2026-04-29 06:00:11,343 | 24936 | 5008 | [open_context_base.py:518] on_disconnect: Disconnected: conn=0(796) reason=CallClose
2026-04-29 06:00:11,344 | 24936 | 27496 | [open_context_base.py:410] _init_connect_sync: New connect ready: conn=7455013019715742084(797) context=<futu.quote.open_quote_context.OpenQuoteContext object at 0x00000128E472B820>
  06:00:11 价格更新: 1个持仓
2026-04-29 06:00:11,378 | 24936 | 5008 | [open_context_base.py:518] on_disconnect: Disconnected: conn=0(797) reason=CallClose
2026-04-29 06:01:11,381 | 24936 | 27496 | [open_context_base.py:410] _init_connect_sync: New connect ready: conn=7455013271525423494(798) context=<futu.quote.open_quote_context.OpenQuoteContext object at 0x00000128E472B950>
2026-04-29 06:01:11,382 | 24936 | 5008 | [open_context_base.py:518] on_disconnect: Disconnected: conn=0(798) reason=CallClose
2026-04-29 06:01:11,384 | 24936 | 27496 | [open_context_base.py:410] _init_connect_sync: New connect ready: conn=7455013271538606270(799) context=<futu.quote.open_quote_context.OpenQuoteContext object at 0x00000128E472BA80>
  06:01:11 价格更新: 1个持仓
2026-04-29 06:01:11,411 | 24936 | 5008 | [open_context_base.py:518] on_disconnect: Disconnected: conn=0(799) reason=CallClose
2026-04-29 06:02:11,416 | 24936 | 27496 | [open_context_base.py:410] _init_connect_sync: New connect ready: conn=7455013523331385829(800) context=<futu.quote.open_quote_context.OpenQuoteContext object at 0x00000128E472BBB0>
2026-04-29 06:02:11,417 | 24936 | 5008 | [open_context_base.py:518] on_disconnect: Disconnected: conn=0(800) reason=CallClose
2026-04-29 06:02:11,430 | 24936 | 27496 | [open_context_base.py:410] _init_connect_sync: New connect ready: conn=7455013523341902929(801) context=<futu.quote.open_quote_context.OpenQuoteContext object at 0x00000128E472BCE0>
  06:02:11 价格更新: 1个持仓
2026-04-29 06:02:11,459 | 24936 | 5008 | [open_context_base.py:518] on_disconnect: Disconnected: conn=0(801) reason=CallClose
2026-04-29 06:03:11,478 | 24936 | 27496 | [open_context_base.py:410] _init_connect_sync: New connect ready: conn=7455013775200207762(802) context=<futu.quote.open_quote_context.OpenQuoteContext object at 0x00000128E472BE10>
2026-04-29 06:03:11,479 | 24936 | 5008 | [open_context_base.py:518] on_disconnect: Disconnected: conn=0(802) reason=CallClose
2026-04-29 06:03:11,480 | 24936 | 27496 | [open_context_base.py:410] _init_connect_sync: New connect ready: conn=7455013775259713262(803) context=<futu.quote.open_quote_context.OpenQuoteContext object at 0x00000128E478C050>
  06:03:11 价格更新: 1个持仓
2026-04-29 06:03:11,508 | 24936 | 5008 | [open_context_base.py:518] on_disconnect: Disconnected: conn=0(803) reason=CallClose
2026-04-29 06:04:11,526 | 24936 | 27496 | [open_context_base.py:410] _init_connect_sync: New connect ready: conn=7455014027056928528(804) context=<futu.quote.open_quote_context.OpenQuoteContext object at 0x00000128E478C180>
2026-04-29 06:04:11,527 | 24936 | 5008 | [open_context_base.py:518] on_disconnect: Disconnected: conn=0(804) reason=CallClose
2026-04-29 06:04:11,528 | 24936 | 27496 | [open_context_base.py:410] _init_connect_sync: New connect ready: conn=7455014027115719452(805) context=<futu.quote.open_quote_context.OpenQuoteContext object at 0x00000128E478C2B0>
  06:04:11 价格更新: 1个持仓
2026-04-29 06:04:11,558 | 24936 | 5008 | [open_context_base.py:518] on_disconnect: Disconnected: conn=0(805) reason=CallClose
2026-04-29 06:05:11,576 | 24936 | 27496 | [open_context_base.py:410] _init_connect_sync: New connect ready: conn=7455014278929727711(806) context=<futu.quote.open_quote_context.OpenQuoteContext object at 0x00000128E478C3E0>
2026-04-29 06:05:11,577 | 24936 | 5008 | [open_context_base.py:518] on_disconnect: Disconnected: conn=0(806) reason=CallClose
2026-04-29 06:05:11,590 | 24936 | 27496 | [open_context_base.py:410] _init_connect_sync: New connect ready: conn=7455014278983737154(807) context=<futu.quote.open_quote_context.OpenQuoteContext object at 0x00000128E478C510>
  06:05:11 价格更新: 1个持仓
2026-04-29 06:05:11,624 | 24936 | 5008 | [open_context_base.py:518] on_disconnect: Disconnected: conn=0(807) reason=CallClose
2026-04-29 06:06:11,641 | 24936 | 27496 | [open_context_base.py:410] _init_connect_sync: New connect ready: conn=7455014530858513117(808) context=<futu.quote.open_quote_context.OpenQuoteContext object at 0x00000128E478C640>
2026-04-29 06:06:11,642 | 24936 | 5008 | [open_context_base.py:518] on_disconnect: Disconnected: conn=0(808) reason=CallClose
2026-04-29 06:06:11,654 | 24936 | 27496 | [open_context_base.py:410] _init_connect_sync: New connect ready: conn=7455014530921219300(809) context=<futu.quote.open_quote_context.OpenQuoteContext object at 0x00000128E478C770>
  06:06:11 价格更新: 1个持仓
2026-04-29 06:06:11,686 | 24936 | 5008 | [open_context_base.py:518] on_disconnect: Disconnected: conn=0(809) reason=CallClose
2026-04-29 06:07:11,702 | 24936 | 27496 | [open_context_base.py:410] _init_connect_sync: New connect ready: conn=7455014782780356674(810) context=<futu.quote.open_quote_context.OpenQuoteContext object at 0x00000128E478C8A0>
2026-04-29 06:07:11,703 | 24936 | 5008 | [open_context_base.py:518] on_disconnect: Disconnected: conn=0(810) reason=CallClose
2026-04-29 06:07:11,717 | 24936 | 27496 | [open_context_base.py:410] _init_connect_sync: New connect ready: conn=7455014782835467250(811) context=<futu.quote.open_quote_context.OpenQuoteContext object at 0x00000128E478C9D0>
  06:07:11 价格更新: 1个持仓
2026-04-29 06:07:11,747 | 24936 | 5008 | [open_context_base.py:518] on_disconnect: Disconnected: conn=0(811) reason=CallClose
2026-04-29 06:08:11,764 | 24936 | 27496 | [open_context_base.py:410] _init_connect_sync: New connect ready: conn=7455015034690460956(812) context=<futu.quote.open_quote_context.OpenQuoteContext object at 0x00000128E478CB00>
2026-04-29 06:08:11,765 | 24936 | 5008 | [open_context_base.py:518] on_disconnect: Disconnected: conn=0(812) reason=CallClose
2026-04-29 06:08:11,767 | 24936 | 27496 | [open_context_base.py:410] _init_connect_sync: New connect ready: conn=7455015034750766379(813) context=<futu.quote.open_quote_context.OpenQuoteContext object at 0x00000128E478CC30>
  06:08:11 价格更新: 1个持仓
2026-04-29 06:08:11,798 | 24936 | 5008 | [open_context_base.py:518] on_disconnect: Disconnected: conn=0(813) reason=CallClose
2026-04-29 06:09:11,803 | 24936 | 27496 | [open_context_base.py:410] _init_connect_sync: New connect ready: conn=7455015286561437350(814) context=<futu.quote.open_quote_context.OpenQuoteContext object at 0x00000128E478CD60>
2026-04-29 06:09:11,804 | 24936 | 5008 | [open_context_base.py:518] on_disconnect: Disconnected: conn=0(814) reason=CallClose
2026-04-29 06:09:11,806 | 24936 | 27496 | [open_context_base.py:410] _init_connect_sync: New connect ready: conn=7455015286574197207(815) context=<futu.quote.open_quote_context.OpenQuoteContext object at 0x00000128E478CE90>
  06:09:11 价格更新: 1个持仓
2026-04-29 06:09:11,836 | 24936 | 5008 | [open_context_base.py:518] on_disconnect: Disconnected: conn=0(815) reason=CallClose
2026-04-29 06:10:11,854 | 24936 | 27496 | [open_context_base.py:410] _init_connect_sync: New connect ready: conn=7455015538386245430(816) context=<futu.quote.open_quote_context.OpenQuoteContext object at 0x00000128E478CFC0>
2026-04-29 06:10:11,855 | 24936 | 5008 | [open_context_base.py:518] on_disconnect: Disconnected: conn=0(816) reason=CallClose
2026-04-29 06:10:11,857 | 24936 | 27496 | [open_context_base.py:410] _init_connect_sync: New connect ready: conn=7455015538442084146(817) context=<futu.quote.open_quote_context.OpenQuoteContext object at 0x00000128E478D0F0>
  06:10:11 价格更新: 1个持仓
2026-04-29 06:10:11,885 | 24936 | 5008 | [open_context_base.py:518] on_disconnect: Disconnected: conn=0(817) reason=CallClose
2026-04-29 06:11:11,902 | 24936 | 27496 | [open_context_base.py:410] _init_connect_sync: New connect ready: conn=7455015790242346538(818) context=<futu.quote.open_quote_context.OpenQuoteContext object at 0x00000128E478D220>
2026-04-29 06:11:11,903 | 24936 | 5008 | [open_context_base.py:518] on_disconnect: Disconnected: conn=0(818) reason=CallClose
2026-04-29 06:11:11,905 | 24936 | 27496 | [open_context_base.py:410] _init_connect_sync: New connect ready: conn=7455015790305475405(819) context=<futu.quote.open_quote_context.OpenQuoteContext object at 0x00000128E478D350>
  06:11:11 价格更新: 1个持仓
2026-04-29 06:11:11,935 | 24936 | 5008 | [open_context_base.py:518] on_disconnect: Disconnected: conn=0(819) reason=CallClose
2026-04-29 06:12:11,942 | 24936 | 27496 | [open_context_base.py:410] _init_connect_sync: New connect ready: conn=7455016042119470168(820) context=<futu.quote.open_quote_context.OpenQuoteContext object at 0x00000128E478D480>
2026-04-29 06:12:11,943 | 24936 | 5008 | [open_context_base.py:518] on_disconnect: Disconnected: conn=0(820) reason=CallClose
2026-04-29 06:12:11,946 | 24936 | 27496 | [open_context_base.py:410] _init_connect_sync: New connect ready: conn=7455016042133380120(821) context=<futu.quote.open_quote_context.OpenQuoteContext object at 0x00000128E478D5B0>
  06:12:11 价格更新: 1个持仓
2026-04-29 06:12:11,976 | 24936 | 5008 | [open_context_base.py:518] on_disconnect: Disconnected: conn=0(821) reason=CallClose
2026-04-29 06:13:11,991 | 24936 | 27496 | [open_context_base.py:410] _init_connect_sync: New connect ready: conn=7455016293937236874(822) context=<futu.quote.open_quote_context.OpenQuoteContext object at 0x00000128E478D6E0>
2026-04-29 06:13:11,992 | 24936 | 5008 | [open_context_base.py:518] on_disconnect: Disconnected: conn=0(822) reason=CallClose
2026-04-29 06:13:12,005 | 24936 | 27496 | [open_context_base.py:410] _init_connect_sync: New connect ready: conn=7455016293997008800(823) context=<futu.quote.open_quote_context.OpenQuoteContext object at 0x00000128E478D810>
  06:13:12 价格更新: 1个持仓
2026-04-29 06:13:12,040 | 24936 | 5008 | [open_context_base.py:518] on_disconnect: Disconnected: conn=0(823) reason=CallClose
2026-04-29 06:14:12,055 | 24936 | 27496 | [open_context_base.py:410] _init_connect_sync: New connect ready: conn=7455016545863552184(824) context=<futu.quote.open_quote_context.OpenQuoteContext object at 0x00000128E478D940>
2026-04-29 06:14:12,056 | 24936 | 5008 | [open_context_base.py:518] on_disconnect: Disconnected: conn=0(824) reason=CallClose
2026-04-29 06:14:12,058 | 24936 | 27496 | [open_context_base.py:410] _init_connect_sync: New connect ready: conn=7455016545923987612(825) context=<futu.quote.open_quote_context.OpenQuoteContext object at 0x00000128E478DA70>
  06:14:12 价格更新: 1个持仓
2026-04-29 06:14:12,088 | 24936 | 5008 | [open_context_base.py:518] on_disconnect: Disconnected: conn=0(825) reason=CallClose
2026-04-29 06:15:12,104 | 24936 | 27496 | [open_context_base.py:410] _init_connect_sync: New connect ready: conn=7455016797721837542(826) context=<futu.quote.open_quote_context.OpenQuoteContext object at 0x00000128E478DBA0>
2026-04-29 06:15:12,105 | 24936 | 5008 | [open_context_base.py:518] on_disconnect: Disconnected: conn=0(826) reason=CallClose
2026-04-29 06:15:12,119 | 24936 | 27496 | [open_context_base.py:410] _init_connect_sync: New connect ready: conn=7455016797785156162(827) context=<futu.quote.open_quote_context.OpenQuoteContext object at 0x00000128E478DCD0>
  06:15:12 价格更新: 1个持仓
2026-04-29 06:15:12,148 | 24936 | 5008 | [open_context_base.py:518] on_disconnect: Disconnected: conn=0(827) reason=CallClose
2026-04-29 06:16:12,152 | 24936 | 27496 | [open_context_base.py:410] _init_connect_sync: New connect ready: conn=7455017049632740429(828) context=<futu.quote.open_quote_context.OpenQuoteContext object at 0x00000128E478DE00>
2026-04-29 06:16:12,153 | 24936 | 5008 | [open_context_base.py:518] on_disconnect: Disconnected: conn=0(828) reason=CallClose
2026-04-29 06:16:12,155 | 24936 | 27496 | [open_context_base.py:410] _init_connect_sync: New connect ready: conn=7455017049646396593(829) context=<futu.quote.open_quote_context.OpenQuoteContext object at 0x00000128E478DF30>
  06:16:12 价格更新: 1个持仓
2026-04-29 06:16:12,184 | 24936 | 5008 | [open_context_base.py:518] on_disconnect: Disconnected: conn=0(829) reason=CallClose
2026-04-29 06:17:12,200 | 24936 | 27496 | [open_context_base.py:410] _init_connect_sync: New connect ready: conn=7455017301444752006(830) context=<futu.quote.open_quote_context.OpenQuoteContext object at 0x00000128E478E060>
2026-04-29 06:17:12,200 | 24936 | 5008 | [open_context_base.py:518] on_disconnect: Disconnected: conn=0(830) reason=CallClose
2026-04-29 06:17:12,215 | 24936 | 27496 | [open_context_base.py:410] _init_connect_sync: New connect ready: conn=7455017301500498975(831) context=<futu.quote.open_quote_context.OpenQuoteContext object at 0x00000128E478E190>
  06:17:12 价格更新: 1个持仓
2026-04-29 06:17:12,244 | 24936 | 5008 | [open_context_base.py:518] on_disconnect: Disconnected: conn=0(831) reason=CallClose
2026-04-29 06:18:12,262 | 24936 | 27496 | [open_context_base.py:410] _init_connect_sync: New connect ready: conn=7455017553360791927(832) context=<futu.quote.open_quote_context.OpenQuoteContext object at 0x00000128E478E2C0>
2026-04-29 06:18:12,263 | 24936 | 5008 | [open_context_base.py:518] on_disconnect: Disconnected: conn=0(832) reason=CallClose
2026-04-29 06:18:12,275 | 24936 | 27496 | [open_context_base.py:410] _init_connect_sync: New connect ready: conn=7455017553420872068(833) context=<futu.quote.open_quote_context.OpenQuoteContext object at 0x00000128E478E3F0>
  06:18:12 价格更新: 1个持仓
2026-04-29 06:18:12,305 | 24936 | 5008 | [open_context_base.py:518] on_disconnect: Disconnected: conn=0(833) reason=CallClose
2026-04-29 06:19:12,321 | 24936 | 27496 | [open_context_base.py:410] _init_connect_sync: New connect ready: conn=7455017805262796358(834) context=<futu.quote.open_quote_context.OpenQuoteContext object at 0x00000128E478E520>
2026-04-29 06:19:12,321 | 24936 | 5008 | [open_context_base.py:518] on_disconnect: Disconnected: conn=0(834) reason=CallClose
2026-04-29 06:19:12,334 | 24936 | 27496 | [open_context_base.py:410] _init_connect_sync: New connect ready: conn=7455017805326785493(835) context=<futu.quote.open_quote_context.OpenQuoteContext object at 0x00000128E478E650>
  06:19:12 价格更新: 1个持仓
2026-04-29 06:19:12,363 | 24936 | 5008 | [open_context_base.py:518] on_disconnect: Disconnected: conn=0(835) reason=CallClose
2026-04-29 06:20:12,379 | 24936 | 27496 | [open_context_base.py:410] _init_connect_sync: New connect ready: conn=7455018057174292750(836) context=<futu.quote.open_quote_context.OpenQuoteContext object at 0x00000128E478E780>
2026-04-29 06:20:12,380 | 24936 | 5008 | [open_context_base.py:518] on_disconnect: Disconnected: conn=0(836) reason=CallClose
2026-04-29 06:20:12,392 | 24936 | 27496 | [open_context_base.py:410] _init_connect_sync: New connect ready: conn=7455018057228710341(837) context=<futu.quote.open_quote_context.OpenQuoteContext object at 0x00000128E478E8B0>
  06:20:12 价格更新: 1个持仓
2026-04-29 06:20:12,421 | 24936 | 5008 | [open_context_base.py:518] on_disconnect: Disconnected: conn=0(837) reason=CallClose
2026-04-29 06:21:12,436 | 24936 | 27496 | [open_context_base.py:410] _init_connect_sync: New connect ready: conn=7455018309068196156(838) context=<futu.quote.open_quote_context.OpenQuoteContext object at 0x00000128E478E9E0>
2026-04-29 06:21:12,437 | 24936 | 5008 | [open_context_base.py:518] on_disconnect: Disconnected: conn=0(838) reason=CallClose
2026-04-29 06:21:12,439 | 24936 | 27496 | [open_context_base.py:410] _init_connect_sync: New connect ready: conn=7455018309128291165(839) context=<futu.quote.open_quote_context.OpenQuoteContext object at 0x00000128E478EB10>
  06:21:12 价格更新: 1个持仓
2026-04-29 06:21:12,468 | 24936 | 5008 | [open_context_base.py:518] on_disconnect: Disconnected: conn=0(839) reason=CallClose
2026-04-29 06:22:12,475 | 24936 | 27496 | [open_context_base.py:410] _init_connect_sync: New connect ready: conn=7455018560937227051(840) context=<futu.quote.open_quote_context.OpenQuoteContext object at 0x00000128E478EC40>
2026-04-29 06:22:12,476 | 24936 | 5008 | [open_context_base.py:518] on_disconnect: Disconnected: conn=0(840) reason=CallClose
2026-04-29 06:22:12,478 | 24936 | 27496 | [open_context_base.py:410] _init_connect_sync: New connect ready: conn=7455018560949035913(841) context=<futu.quote.open_quote_context.OpenQuoteContext object at 0x00000128E478ED70>
  06:22:12 价格更新: 1个持仓
2026-04-29 06:22:12,511 | 24936 | 5008 | [open_context_base.py:518] on_disconnect: Disconnected: conn=0(841) reason=CallClose
2026-04-29 06:23:12,527 | 24936 | 27496 | [open_context_base.py:410] _init_connect_sync: New connect ready: conn=7455018812765673683(842) context=<futu.quote.open_quote_context.OpenQuoteContext object at 0x00000128E478EEA0>
2026-04-29 06:23:12,528 | 24936 | 5008 | [open_context_base.py:518] on_disconnect: Disconnected: conn=0(842) reason=CallClose
2026-04-29 06:23:12,530 | 24936 | 27496 | [open_context_base.py:410] _init_connect_sync: New connect ready: conn=7455018812825115638(843) context=<futu.quote.open_quote_context.OpenQuoteContext object at 0x00000128E478EFD0>
  06:23:12 价格更新: 1个持仓
2026-04-29 06:23:12,560 | 24936 | 5008 | [open_context_base.py:518] on_disconnect: Disconnected: conn=0(843) reason=CallClose
2026-04-29 06:24:12,577 | 24936 | 27496 | [open_context_base.py:410] _init_connect_sync: New connect ready: conn=7455019064632902087(844) context=<futu.quote.open_quote_context.OpenQuoteContext object at 0x00000128E478F100>
2026-04-29 06:24:12,577 | 24936 | 5008 | [open_context_base.py:518] on_disconnect: Disconnected: conn=0(844) reason=CallClose
2026-04-29 06:24:12,591 | 24936 | 27496 | [open_context_base.py:410] _init_connect_sync: New connect ready: conn=7455019064692127240(845) context=<futu.quote.open_quote_context.OpenQuoteContext object at 0x00000128E478F230>
  06:24:12 价格更新: 1个持仓
2026-04-29 06:24:12,621 | 24936 | 5008 | [open_context_base.py:518] on_disconnect: Disconnected: conn=0(845) reason=CallClose
2026-04-29 06:25:12,628 | 24936 | 27496 | [open_context_base.py:410] _init_connect_sync: New connect ready: conn=7455019316555060487(846) context=<futu.quote.open_quote_context.OpenQuoteContext object at 0x00000128E478F360>
2026-04-29 06:25:12,628 | 24936 | 5008 | [open_context_base.py:518] on_disconnect: Disconnected: conn=0(846) reason=CallClose
2026-04-29 06:25:12,631 | 24936 | 27496 | [open_context_base.py:410] _init_connect_sync: New connect ready: conn=7455019316562781696(847) context=<futu.quote.open_quote_context.OpenQuoteContext object at 0x00000128E478F490>
  06:25:12 价格更新: 1个持仓
2026-04-29 06:25:12,659 | 24936 | 5008 | [open_context_base.py:518] on_disconnect: Disconnected: conn=0(847) reason=CallClose
2026-04-29 06:26:12,665 | 24936 | 27496 | [open_context_base.py:410] _init_connect_sync: New connect ready: conn=7455019568367070919(848) context=<futu.quote.open_quote_context.OpenQuoteContext object at 0x00000128E478F5C0>
2026-04-29 06:26:12,666 | 24936 | 5008 | [open_context_base.py:518] on_disconnect: Disconnected: conn=0(848) reason=CallClose
2026-04-29 06:26:12,678 | 24936 | 27496 | [open_context_base.py:410] _init_connect_sync: New connect ready: conn=7455019568376683785(849) context=<futu.quote.open_quote_context.OpenQuoteContext object at 0x00000128E478F6F0>
  06:26:12 价格更新: 1个持仓
2026-04-29 06:26:12,708 | 24936 | 5008 | [open_context_base.py:518] on_disconnect: Disconnected: conn=0(849) reason=CallClose
2026-04-29 06:27:12,724 | 24936 | 27496 | [open_context_base.py:410] _init_connect_sync: New connect ready: conn=7455019820226710912(850) context=<futu.quote.open_quote_context.OpenQuoteContext object at 0x00000128E478F820>
2026-04-29 06:27:12,725 | 24936 | 5008 | [open_context_base.py:518] on_disconnect: Disconnected: conn=0(850) reason=CallClose
2026-04-29 06:27:12,727 | 24936 | 27496 | [open_context_base.py:410] _init_connect_sync: New connect ready: conn=7455019820284659308(851) context=<futu.quote.open_quote_context.OpenQuoteContext object at 0x00000128E478F950>
  06:27:12 价格更新: 1个持仓
2026-04-29 06:27:12,755 | 24936 | 5008 | [open_context_base.py:518] on_disconnect: Disconnected: conn=0(851) reason=CallClose
2026-04-29 06:28:12,770 | 24936 | 27496 | [open_context_base.py:410] _init_connect_sync: New connect ready: conn=7455020072081830841(852) context=<futu.quote.open_quote_context.OpenQuoteContext object at 0x00000128E478FA80>
2026-04-29 06:28:12,771 | 24936 | 5008 | [open_context_base.py:518] on_disconnect: Disconnected: conn=0(852) reason=CallClose
2026-04-29 06:28:12,773 | 24936 | 27496 | [open_context_base.py:410] _init_connect_sync: New connect ready: conn=7455020072138455718(853) context=<futu.quote.open_quote_context.OpenQuoteContext object at 0x00000128E478FBB0>
  06:28:12 价格更新: 1个持仓
2026-04-29 06:28:12,802 | 24936 | 5008 | [open_context_base.py:518] on_disconnect: Disconnected: conn=0(853) reason=CallClose
2026-04-29 06:29:12,806 | 24936 | 27496 | [open_context_base.py:410] _init_connect_sync: New connect ready: conn=7455020323935152742(854) context=<futu.quote.open_quote_context.OpenQuoteContext object at 0x00000128E478FCE0>
2026-04-29 06:29:12,807 | 24936 | 5008 | [open_context_base.py:518] on_disconnect: Disconnected: conn=0(854) reason=CallClose
2026-04-29 06:29:12,820 | 24936 | 27496 | [open_context_base.py:410] _init_connect_sync: New connect ready: conn=7455020323940642535(855) context=<futu.quote.open_quote_context.OpenQuoteContext object at 0x00000128E478FE10>
  06:29:12 价格更新: 1个持仓
2026-04-29 06:29:12,852 | 24936 | 5008 | [open_context_base.py:518] on_disconnect: Disconnected: conn=0(855) reason=CallClose
2026-04-29 06:30:12,868 | 24936 | 27496 | [open_context_base.py:410] _init_connect_sync: New connect ready: conn=7455020575805961493(856) context=<futu.quote.open_quote_context.OpenQuoteContext object at 0x00000128E47FC050>
2026-04-29 06:30:12,869 | 24936 | 5008 | [open_context_base.py:518] on_disconnect: Disconnected: conn=0(856) reason=CallClose
2026-04-29 06:30:12,871 | 24936 | 27496 | [open_context_base.py:410] _init_connect_sync: New connect ready: conn=7455020575859661187(857) context=<futu.quote.open_quote_context.OpenQuoteContext object at 0x00000128E47FC180>
  06:30:12 价格更新: 1个持仓
2026-04-29 06:30:12,910 | 24936 | 5008 | [open_context_base.py:518] on_disconnect: Disconnected: conn=0(857) reason=CallClose
2026-04-29 06:31:12,926 | 24936 | 27496 | [open_context_base.py:410] _init_connect_sync: New connect ready: conn=7455020827704505209(858) context=<futu.quote.open_quote_context.OpenQuoteContext object at 0x00000128E47FC2B0>
2026-04-29 06:31:12,927 | 24936 | 5008 | [open_context_base.py:518] on_disconnect: Disconnected: conn=0(858) reason=CallClose
2026-04-29 06:31:12,939 | 24936 | 27496 | [open_context_base.py:410] _init_connect_sync: New connect ready: conn=7455020827766098282(859) context=<futu.quote.open_quote_context.OpenQuoteContext object at 0x00000128E47FC3E0>
  06:31:12 价格更新: 1个持仓
2026-04-29 06:31:12,968 | 24936 | 5008 | [open_context_base.py:518] on_disconnect: Disconnected: conn=0(859) reason=CallClose
2026-04-29 06:32:12,984 | 24936 | 27496 | [open_context_base.py:410] _init_connect_sync: New connect ready: conn=7455021079608017343(860) context=<futu.quote.open_quote_context.OpenQuoteContext object at 0x00000128E47FC510>
2026-04-29 06:32:12,985 | 24936 | 5008 | [open_context_base.py:518] on_disconnect: Disconnected: conn=0(860) reason=CallClose
2026-04-29 06:32:12,986 | 24936 | 27496 | [open_context_base.py:410] _init_connect_sync: New connect ready: conn=7455021079666426728(861) context=<futu.quote.open_quote_context.OpenQuoteContext object at 0x00000128E47FC640>
  06:32:13 价格更新: 1个持仓
2026-04-29 06:32:13,015 | 24936 | 5008 | [open_context_base.py:518] on_disconnect: Disconnected: conn=0(861) reason=CallClose
2026-04-29 06:33:13,032 | 24936 | 27496 | [open_context_base.py:410] _init_connect_sync: New connect ready: conn=7455021331468628421(862) context=<futu.quote.open_quote_context.OpenQuoteContext object at 0x00000128E47FC770>
2026-04-29 06:33:13,033 | 24936 | 5008 | [open_context_base.py:518] on_disconnect: Disconnected: conn=0(862) reason=CallClose
2026-04-29 06:33:13,046 | 24936 | 27496 | [open_context_base.py:410] _init_connect_sync: New connect ready: conn=7455021331526377292(863) context=<futu.quote.open_quote_context.OpenQuoteContext object at 0x00000128E47FC8A0>
  06:33:13 价格更新: 1个持仓
2026-04-29 06:33:13,076 | 24936 | 5008 | [open_context_base.py:518] on_disconnect: Disconnected: conn=0(863) reason=CallClose
2026-04-29 06:34:13,092 | 24936 | 27496 | [open_context_base.py:410] _init_connect_sync: New connect ready: conn=7455021583378797314(864) context=<futu.quote.open_quote_context.OpenQuoteContext object at 0x00000128E47FC9D0>
2026-04-29 06:34:13,093 | 24936 | 5008 | [open_context_base.py:518] on_disconnect: Disconnected: conn=0(864) reason=CallClose
2026-04-29 06:34:13,095 | 24936 | 27496 | [open_context_base.py:410] _init_connect_sync: New connect ready: conn=7455021583432917438(865) context=<futu.quote.open_quote_context.OpenQuoteContext object at 0x00000128E47FCB00>
  06:34:13 价格更新: 1个持仓
2026-04-29 06:34:13,124 | 24936 | 5008 | [open_context_base.py:518] on_disconnect: Disconnected: conn=0(865) reason=CallClose
2026-04-29 06:35:13,142 | 24936 | 27496 | [open_context_base.py:410] _init_connect_sync: New connect ready: conn=7455021835242440366(866) context=<futu.quote.open_quote_context.OpenQuoteContext object at 0x00000128E47FCC30>
2026-04-29 06:35:13,143 | 24936 | 5008 | [open_context_base.py:518] on_disconnect: Disconnected: conn=0(866) reason=CallClose
2026-04-29 06:35:13,154 | 24936 | 27496 | [open_context_base.py:410] _init_connect_sync: New connect ready: conn=7455021835306123650(867) context=<futu.quote.open_quote_context.OpenQuoteContext object at 0x00000128E47FCD60>
  06:35:13 价格更新: 1个持仓
2026-04-29 06:35:13,185 | 24936 | 5008 | [open_context_base.py:518] on_disconnect: Disconnected: conn=0(867) reason=CallClose
2026-04-29 06:36:13,200 | 24936 | 27496 | [open_context_base.py:410] _init_connect_sync: New connect ready: conn=7455022087152073589(868) context=<futu.quote.open_quote_context.OpenQuoteContext object at 0x00000128E47FCE90>
2026-04-29 06:36:13,201 | 24936 | 5008 | [open_context_base.py:518] on_disconnect: Disconnected: conn=0(868) reason=CallClose
2026-04-29 06:36:13,203 | 24936 | 27496 | [open_context_base.py:410] _init_connect_sync: New connect ready: conn=7455022087207344538(869) context=<futu.quote.open_quote_context.OpenQuoteContext object at 0x00000128E47FCFC0>
  06:36:13 价格更新: 1个持仓
2026-04-29 06:36:13,231 | 24936 | 5008 | [open_context_base.py:518] on_disconnect: Disconnected: conn=0(869) reason=CallClose
2026-04-29 06:37:13,247 | 24936 | 27496 | [open_context_base.py:410] _init_connect_sync: New connect ready: conn=7455022339004541681(870) context=<futu.quote.open_quote_context.OpenQuoteContext object at 0x00000128E47FD0F0>
2026-04-29 06:37:13,248 | 24936 | 5008 | [open_context_base.py:518] on_disconnect: Disconnected: conn=0(870) reason=CallClose
2026-04-29 06:37:13,250 | 24936 | 27496 | [open_context_base.py:410] _init_connect_sync: New connect ready: conn=7455022339060076610(871) context=<futu.quote.open_quote_context.OpenQuoteContext object at 0x00000128E47FD220>
  06:37:13 价格更新: 1个持仓
2026-04-29 06:37:13,280 | 24936 | 5008 | [open_context_base.py:518] on_disconnect: Disconnected: conn=0(871) reason=CallClose
2026-04-29 06:38:13,295 | 24936 | 27496 | [open_context_base.py:410] _init_connect_sync: New connect ready: conn=7455022590860715208(872) context=<futu.quote.open_quote_context.OpenQuoteContext object at 0x00000128E47FD350>
2026-04-29 06:38:13,296 | 24936 | 5008 | [open_context_base.py:518] on_disconnect: Disconnected: conn=0(872) reason=CallClose
2026-04-29 06:38:13,309 | 24936 | 27496 | [open_context_base.py:410] _init_connect_sync: New connect ready: conn=7455022590922140983(873) context=<futu.quote.open_quote_context.OpenQuoteContext object at 0x00000128E47FD480>
  06:38:13 价格更新: 1个持仓
2026-04-29 06:38:13,339 | 24936 | 5008 | [open_context_base.py:518] on_disconnect: Disconnected: conn=0(873) reason=CallClose
2026-04-29 06:39:13,356 | 24936 | 27496 | [open_context_base.py:410] _init_connect_sync: New connect ready: conn=7455022842773221637(874) context=<futu.quote.open_quote_context.OpenQuoteContext object at 0x00000128E47FD5B0>
2026-04-29 06:39:13,357 | 24936 | 5008 | [open_context_base.py:518] on_disconnect: Disconnected: conn=0(874) reason=CallClose
2026-04-29 06:39:13,369 | 24936 | 27496 | [open_context_base.py:410] _init_connect_sync: New connect ready: conn=7455022842833646924(875) context=<futu.quote.open_quote_context.OpenQuoteContext object at 0x00000128E47FD6E0>
  06:39:13 价格更新: 1个持仓
2026-04-29 06:39:13,399 | 24936 | 5008 | [open_context_base.py:518] on_disconnect: Disconnected: conn=0(875) reason=CallClose
2026-04-29 06:40:13,403 | 24936 | 27496 | [open_context_base.py:410] _init_connect_sync: New connect ready: conn=7455023094679436890(876) context=<futu.quote.open_quote_context.OpenQuoteContext object at 0x00000128E47FD810>
2026-04-29 06:40:13,403 | 24936 | 5008 | [open_context_base.py:518] on_disconnect: Disconnected: conn=0(876) reason=CallClose
2026-04-29 06:40:13,405 | 24936 | 27496 | [open_context_base.py:410] _init_connect_sync: New connect ready: conn=7455023094686957283(877) context=<futu.quote.open_quote_context.OpenQuoteContext object at 0x00000128E47FD940>
  06:40:13 价格更新: 1个持仓
2026-04-29 06:40:13,434 | 24936 | 5008 | [open_context_base.py:518] on_disconnect: Disconnected: conn=0(877) reason=CallClose
2026-04-29 06:41:13,440 | 24936 | 27496 | [open_context_base.py:410] _init_connect_sync: New connect ready: conn=7455023346487415349(878) context=<futu.quote.open_quote_context.OpenQuoteContext object at 0x00000128E47FDA70>
2026-04-29 06:41:13,440 | 24936 | 5008 | [open_context_base.py:518] on_disconnect: Disconnected: conn=0(878) reason=CallClose
2026-04-29 06:41:13,442 | 24936 | 27496 | [open_context_base.py:410] _init_connect_sync: New connect ready: conn=7455023346500851924(879) context=<futu.quote.open_quote_context.OpenQuoteContext object at 0x00000128E47FDBA0>
  06:41:13 价格更新: 1个持仓
2026-04-29 06:41:13,474 | 24936 | 5008 | [open_context_base.py:518] on_disconnect: Disconnected: conn=0(879) reason=CallClose
2026-04-29 06:42:13,489 | 24936 | 27496 | [open_context_base.py:410] _init_connect_sync: New connect ready: conn=7455023598307640245(880) context=<futu.quote.open_quote_context.OpenQuoteContext object at 0x00000128E47FDCD0>
2026-04-29 06:42:13,490 | 24936 | 5008 | [open_context_base.py:518] on_disconnect: Disconnected: conn=0(880) reason=CallClose
2026-04-29 06:42:13,504 | 24936 | 27496 | [open_context_base.py:410] _init_connect_sync: New connect ready: conn=7455023598368279137(881) context=<futu.quote.open_quote_context.OpenQuoteContext object at 0x00000128E47FDE00>
  06:42:13 价格更新: 1个持仓
2026-04-29 06:42:13,532 | 24936 | 5008 | [open_context_base.py:518] on_disconnect: Disconnected: conn=0(881) reason=CallClose
2026-04-29 06:43:13,547 | 24936 | 27496 | [open_context_base.py:410] _init_connect_sync: New connect ready: conn=7455023850215684504(882) context=<futu.quote.open_quote_context.OpenQuoteContext object at 0x00000128E47FDF30>
2026-04-29 06:43:13,548 | 24936 | 5008 | [open_context_base.py:518] on_disconnect: Disconnected: conn=0(882) reason=CallClose
2026-04-29 06:43:13,550 | 24936 | 27496 | [open_context_base.py:410] _init_connect_sync: New connect ready: conn=7455023850268101036(883) context=<futu.quote.open_quote_context.OpenQuoteContext object at 0x00000128E47FE060>
  06:43:13 价格更新: 1个持仓
2026-04-29 06:43:13,579 | 24936 | 5008 | [open_context_base.py:518] on_disconnect: Disconnected: conn=0(883) reason=CallClose
2026-04-29 06:44:13,585 | 24936 | 27496 | [open_context_base.py:410] _init_connect_sync: New connect ready: conn=7455024102075309813(884) context=<futu.quote.open_quote_context.OpenQuoteContext object at 0x00000128E47FE190>
2026-04-29 06:44:13,586 | 24936 | 5008 | [open_context_base.py:518] on_disconnect: Disconnected: conn=0(884) reason=CallClose
2026-04-29 06:44:13,599 | 24936 | 27496 | [open_context_base.py:410] _init_connect_sync: New connect ready: conn=7455024102087083423(885) context=<futu.quote.open_quote_context.OpenQuoteContext object at 0x00000128E47FE2C0>
  06:44:13 价格更新: 1个持仓
2026-04-29 06:44:13,628 | 24936 | 5008 | [open_context_base.py:518] on_disconnect: Disconnected: conn=0(885) reason=CallClose
2026-04-29 06:45:13,645 | 24936 | 27496 | [open_context_base.py:410] _init_connect_sync: New connect ready: conn=7455024353940035273(886) context=<futu.quote.open_quote_context.OpenQuoteContext object at 0x00000128E47FE3F0>
2026-04-29 06:45:13,646 | 24936 | 5008 | [open_context_base.py:518] on_disconnect: Disconnected: conn=0(886) reason=CallClose
2026-04-29 06:45:13,658 | 24936 | 27496 | [open_context_base.py:410] _init_connect_sync: New connect ready: conn=7455024353991409395(887) context=<futu.quote.open_quote_context.OpenQuoteContext object at 0x00000128E47FE520>
  06:45:13 价格更新: 1个持仓
2026-04-29 06:45:13,687 | 24936 | 5008 | [open_context_base.py:518] on_disconnect: Disconnected: conn=0(887) reason=CallClose
2026-04-29 06:46:13,692 | 24936 | 27496 | [open_context_base.py:410] _init_connect_sync: New connect ready: conn=7455024605834701179(888) context=<futu.quote.open_quote_context.OpenQuoteContext object at 0x00000128E47FE650>
2026-04-29 06:46:13,693 | 24936 | 5008 | [open_context_base.py:518] on_disconnect: Disconnected: conn=0(888) reason=CallClose
2026-04-29 06:46:13,695 | 24936 | 27496 | [open_context_base.py:410] _init_connect_sync: New connect ready: conn=7455024605852128323(889) context=<futu.quote.open_quote_context.OpenQuoteContext object at 0x00000128E47FE780>
  06:46:13 价格更新: 1个持仓
2026-04-29 06:46:13,727 | 24936 | 5008 | [open_context_base.py:518] on_disconnect: Disconnected: conn=0(889) reason=CallClose
2026-04-29 06:47:13,730 | 24936 | 27496 | [open_context_base.py:410] _init_connect_sync: New connect ready: conn=7455024857657372354(890) context=<futu.quote.open_quote_context.OpenQuoteContext object at 0x00000128E47FE8B0>
2026-04-29 06:47:13,731 | 24936 | 5008 | [open_context_base.py:518] on_disconnect: Disconnected: conn=0(890) reason=CallClose
2026-04-29 06:47:13,733 | 24936 | 27496 | [open_context_base.py:410] _init_connect_sync: New connect ready: conn=7455024857670472774(891) context=<futu.quote.open_quote_context.OpenQuoteContext object at 0x00000128E47FE9E0>
  06:47:13 价格更新: 1个持仓
2026-04-29 06:47:13,763 | 24936 | 5008 | [open_context_base.py:518] on_disconnect: Disconnected: conn=0(891) reason=CallClose
2026-04-29 06:48:13,768 | 24936 | 27496 | [open_context_base.py:410] _init_connect_sync: New connect ready: conn=7455025109475157107(892) context=<futu.quote.open_quote_context.OpenQuoteContext object at 0x00000128E47FEB10>
2026-04-29 06:48:13,769 | 24936 | 5008 | [open_context_base.py:518] on_disconnect: Disconnected: conn=0(892) reason=CallClose
2026-04-29 06:48:13,772 | 24936 | 27496 | [open_context_base.py:410] _init_connect_sync: New connect ready: conn=7455025109486529728(893) context=<futu.quote.open_quote_context.OpenQuoteContext object at 0x00000128E47FEC40>
  06:48:13 价格更新: 1个持仓
2026-04-29 06:48:13,800 | 24936 | 5008 | [open_context_base.py:518] on_disconnect: Disconnected: conn=0(893) reason=CallClose
2026-04-29 06:49:13,806 | 24936 | 27496 | [open_context_base.py:410] _init_connect_sync: New connect ready: conn=7455025361293791217(894) context=<futu.quote.open_quote_context.OpenQuoteContext object at 0x00000128E47FED70>
2026-04-29 06:49:13,806 | 24936 | 5008 | [open_context_base.py:518] on_disconnect: Disconnected: conn=0(894) reason=CallClose
2026-04-29 06:49:13,808 | 24936 | 27496 | [open_context_base.py:410] _init_connect_sync: New connect ready: conn=7455025361302633848(895) context=<futu.quote.open_quote_context.OpenQuoteContext object at 0x00000128E47FEEA0>
  06:49:13 价格更新: 1个持仓
2026-04-29 06:49:13,838 | 24936 | 5008 | [open_context_base.py:518] on_disconnect: Disconnected: conn=0(895) reason=CallClose
2026-04-29 06:50:13,842 | 24936 | 27496 | [open_context_base.py:410] _init_connect_sync: New connect ready: conn=7455025613102503041(896) context=<futu.quote.open_quote_context.OpenQuoteContext object at 0x00000128E47FEFD0>
2026-04-29 06:50:13,843 | 24936 | 5008 | [open_context_base.py:518] on_disconnect: Disconnected: conn=0(896) reason=CallClose
2026-04-29 06:50:13,845 | 24936 | 27496 | [open_context_base.py:410] _init_connect_sync: New connect ready: conn=7455025613113960267(897) context=<futu.quote.open_quote_context.OpenQuoteContext object at 0x00000128E47FF100>
  06:50:13 价格更新: 1个持仓
2026-04-29 06:50:13,879 | 24936 | 5008 | [open_context_base.py:518] on_disconnect: Disconnected: conn=0(897) reason=CallClose
2026-04-29 06:51:13,896 | 24936 | 27496 | [open_context_base.py:410] _init_connect_sync: New connect ready: conn=7455025864940356806(898) context=<futu.quote.open_quote_context.OpenQuoteContext object at 0x00000128E47FF230>
2026-04-29 06:51:13,897 | 24936 | 5008 | [open_context_base.py:518] on_disconnect: Disconnected: conn=0(898) reason=CallClose
2026-04-29 06:51:13,899 | 24936 | 27496 | [open_context_base.py:410] _init_connect_sync: New connect ready: conn=7455025864996234670(899) context=<futu.quote.open_quote_context.OpenQuoteContext object at 0x00000128E47FF360>
  06:51:13 价格更新: 1个持仓
2026-04-29 06:51:13,929 | 24936 | 5008 | [open_context_base.py:518] on_disconnect: Disconnected: conn=0(899) reason=CallClose
2026-04-29 06:52:13,933 | 24936 | 27496 | [open_context_base.py:410] _init_connect_sync: New connect ready: conn=7455026116796008149(900) context=<futu.quote.open_quote_context.OpenQuoteContext object at 0x00000128E47FF490>
2026-04-29 06:52:13,934 | 24936 | 5008 | [open_context_base.py:518] on_disconnect: Disconnected: conn=0(900) reason=CallClose
2026-04-29 06:52:13,947 | 24936 | 27496 | [open_context_base.py:410] _init_connect_sync: New connect ready: conn=7455026116806796681(901) context=<futu.quote.open_quote_context.OpenQuoteContext object at 0x00000128E47FF5C0>
  06:52:13 价格更新: 1个持仓
2026-04-29 06:52:13,977 | 24936 | 5008 | [open_context_base.py:518] on_disconnect: Disconnected: conn=0(901) reason=CallClose
2026-04-29 06:53:13,993 | 24936 | 27496 | [open_context_base.py:410] _init_connect_sync: New connect ready: conn=7455026368668836432(902) context=<futu.quote.open_quote_context.OpenQuoteContext object at 0x00000128E47FF6F0>
2026-04-29 06:53:13,994 | 24936 | 5008 | [open_context_base.py:518] on_disconnect: Disconnected: conn=0(902) reason=CallClose
2026-04-29 06:53:13,996 | 24936 | 27496 | [open_context_base.py:410] _init_connect_sync: New connect ready: conn=7455026368722143731(903) context=<futu.quote.open_quote_context.OpenQuoteContext object at 0x00000128E47FF820>
  06:53:14 价格更新: 1个持仓
2026-04-29 06:53:14,026 | 24936 | 5008 | [open_context_base.py:518] on_disconnect: Disconnected: conn=0(903) reason=CallClose
2026-04-29 06:54:14,042 | 24936 | 27496 | [open_context_base.py:410] _init_connect_sync: New connect ready: conn=7455026620521736048(904) context=<futu.quote.open_quote_context.OpenQuoteContext object at 0x00000128E47FF950>
2026-04-29 06:54:14,043 | 24936 | 5008 | [open_context_base.py:518] on_disconnect: Disconnected: conn=0(904) reason=CallClose
2026-04-29 06:54:14,044 | 24936 | 27496 | [open_context_base.py:410] _init_connect_sync: New connect ready: conn=7455026620580746518(905) context=<futu.quote.open_quote_context.OpenQuoteContext object at 0x00000128E47FFA80>
  06:54:14 价格更新: 1个持仓
2026-04-29 06:54:14,073 | 24936 | 5008 | [open_context_base.py:518] on_disconnect: Disconnected: conn=0(905) reason=CallClose
2026-04-29 06:55:14,078 | 24936 | 27496 | [open_context_base.py:410] _init_connect_sync: New connect ready: conn=7455026872384017642(906) context=<futu.quote.open_quote_context.OpenQuoteContext object at 0x00000128E47FFBB0>
2026-04-29 06:55:14,079 | 24936 | 5008 | [open_context_base.py:518] on_disconnect: Disconnected: conn=0(906) reason=CallClose
2026-04-29 06:55:14,093 | 24936 | 27496 | [open_context_base.py:410] _init_connect_sync: New connect ready: conn=7455026872397147885(907) context=<futu.quote.open_quote_context.OpenQuoteContext object at 0x00000128E47FFCE0>
  06:55:14 价格更新: 1个持仓
2026-04-29 06:55:14,123 | 24936 | 5008 | [open_context_base.py:518] on_disconnect: Disconnected: conn=0(907) reason=CallClose
2026-04-29 06:56:14,140 | 24936 | 27496 | [open_context_base.py:410] _init_connect_sync: New connect ready: conn=7455027124257382512(908) context=<futu.quote.open_quote_context.OpenQuoteContext object at 0x00000128E47FFE10>
2026-04-29 06:56:14,141 | 24936 | 5008 | [open_context_base.py:518] on_disconnect: Disconnected: conn=0(908) reason=CallClose
2026-04-29 06:56:14,154 | 24936 | 27496 | [open_context_base.py:410] _init_connect_sync: New connect ready: conn=7455027124315007522(909) context=<futu.quote.open_quote_context.OpenQuoteContext object at 0x00000128E4888050>
  06:56:14 价格更新: 1个持仓
2026-04-29 06:56:14,182 | 24936 | 5008 | [open_context_base.py:518] on_disconnect: Disconnected: conn=0(909) reason=CallClose
2026-04-29 06:57:14,197 | 24936 | 27496 | [open_context_base.py:410] _init_connect_sync: New connect ready: conn=7455027376155546346(910) context=<futu.quote.open_quote_context.OpenQuoteContext object at 0x00000128E4888180>
2026-04-29 06:57:14,198 | 24936 | 5008 | [open_context_base.py:518] on_disconnect: Disconnected: conn=0(910) reason=CallClose
2026-04-29 06:57:14,200 | 24936 | 27496 | [open_context_base.py:410] _init_connect_sync: New connect ready: conn=7455027376211242844(911) context=<futu.quote.open_quote_context.OpenQuoteContext object at 0x00000128E48882B0>
  06:57:14 价格更新: 1个持仓
2026-04-29 06:57:14,230 | 24936 | 5008 | [open_context_base.py:518] on_disconnect: Disconnected: conn=0(911) reason=CallClose
2026-04-29 06:58:14,234 | 24936 | 27496 | [open_context_base.py:410] _init_connect_sync: New connect ready: conn=7455027628005804893(912) context=<futu.quote.open_quote_context.OpenQuoteContext object at 0x00000128E48883E0>
2026-04-29 06:58:14,235 | 24936 | 5008 | [open_context_base.py:518] on_disconnect: Disconnected: conn=0(912) reason=CallClose
2026-04-29 06:58:14,236 | 24936 | 27496 | [open_context_base.py:410] _init_connect_sync: New connect ready: conn=7455027628014475324(913) context=<futu.quote.open_quote_context.OpenQuoteContext object at 0x00000128E4888510>
  06:58:14 价格更新: 1个持仓
2026-04-29 06:58:14,265 | 24936 | 5008 | [open_context_base.py:518] on_disconnect: Disconnected: conn=0(913) reason=CallClose
2026-04-29 06:59:14,280 | 24936 | 27496 | [open_context_base.py:410] _init_connect_sync: New connect ready: conn=7455027879819479280(914) context=<futu.quote.open_quote_context.OpenQuoteContext object at 0x00000128E4888640>
2026-04-29 06:59:14,281 | 24936 | 5008 | [open_context_base.py:518] on_disconnect: Disconnected: conn=0(914) reason=CallClose
2026-04-29 06:59:14,283 | 24936 | 27496 | [open_context_base.py:410] _init_connect_sync: New connect ready: conn=7455027879875153099(915) context=<futu.quote.open_quote_context.OpenQuoteContext object at 0x00000128E4888770>
  06:59:14 价格更新: 1个持仓
2026-04-29 06:59:14,312 | 24936 | 5008 | [open_context_base.py:518] on_disconnect: Disconnected: conn=0(915) reason=CallClose
2026-04-29 07:00:14,329 | 24936 | 27496 | [open_context_base.py:410] _init_connect_sync: New connect ready: conn=7455028131679881905(916) context=<futu.quote.open_quote_context.OpenQuoteContext object at 0x00000128E48888A0>
2026-04-29 07:00:14,330 | 24936 | 5008 | [open_context_base.py:518] on_disconnect: Disconnected: conn=0(916) reason=CallClose
2026-04-29 07:00:14,332 | 24936 | 27496 | [open_context_base.py:410] _init_connect_sync: New connect ready: conn=7455028131735664009(917) context=<futu.quote.open_quote_context.OpenQuoteContext object at 0x00000128E48889D0>
  07:00:14 价格更新: 1个持仓
2026-04-29 07:00:14,364 | 24936 | 5008 | [open_context_base.py:518] on_disconnect: Disconnected: conn=0(917) reason=CallClose
2026-04-29 07:01:14,380 | 24936 | 27496 | [open_context_base.py:410] _init_connect_sync: New connect ready: conn=7455028383547702202(918) context=<futu.quote.open_quote_context.OpenQuoteContext object at 0x00000128E4888B00>
2026-04-29 07:01:14,381 | 24936 | 5008 | [open_context_base.py:518] on_disconnect: Disconnected: conn=0(918) reason=CallClose
2026-04-29 07:01:14,393 | 24936 | 27496 | [open_context_base.py:410] _init_connect_sync: New connect ready: conn=7455028383612466440(919) context=<futu.quote.open_quote_context.OpenQuoteContext object at 0x00000128E4888C30>
  07:01:14 价格更新: 1个持仓
2026-04-29 07:01:14,422 | 24936 | 5008 | [open_context_base.py:518] on_disconnect: Disconnected: conn=0(919) reason=CallClose
2026-04-29 07:02:14,427 | 24936 | 27496 | [open_context_base.py:410] _init_connect_sync: New connect ready: conn=7455028635452038332(920) context=<futu.quote.open_quote_context.OpenQuoteContext object at 0x00000128E4888D60>
2026-04-29 07:02:14,428 | 24936 | 5008 | [open_context_base.py:518] on_disconnect: Disconnected: conn=0(920) reason=CallClose
2026-04-29 07:02:14,441 | 24936 | 27496 | [open_context_base.py:410] _init_connect_sync: New connect ready: conn=7455028635461361131(921) context=<futu.quote.open_quote_context.OpenQuoteContext object at 0x00000128E4888E90>
  07:02:14 价格更新: 1个持仓
2026-04-29 07:02:14,471 | 24936 | 5008 | [open_context_base.py:518] on_disconnect: Disconnected: conn=0(921) reason=CallClose
2026-04-29 07:03:14,489 | 24936 | 27496 | [open_context_base.py:410] _init_connect_sync: New connect ready: conn=7455028887321384937(922) context=<futu.quote.open_quote_context.OpenQuoteContext object at 0x00000128E4888FC0>
2026-04-29 07:03:14,490 | 24936 | 5008 | [open_context_base.py:518] on_disconnect: Disconnected: conn=0(922) reason=CallClose
2026-04-29 07:03:14,503 | 24936 | 27496 | [open_context_base.py:410] _init_connect_sync: New connect ready: conn=7455028887385080219(923) context=<futu.quote.open_quote_context.OpenQuoteContext object at 0x00000128E48890F0>
  07:03:14 价格更新: 1个持仓
2026-04-29 07:03:14,532 | 24936 | 5008 | [open_context_base.py:518] on_disconnect: Disconnected: conn=0(923) reason=CallClose
2026-04-29 07:04:14,548 | 24936 | 27496 | [open_context_base.py:410] _init_connect_sync: New connect ready: conn=7455029139229263928(924) context=<futu.quote.open_quote_context.OpenQuoteContext object at 0x00000128E4889220>
2026-04-29 07:04:14,549 | 24936 | 5008 | [open_context_base.py:518] on_disconnect: Disconnected: conn=0(924) reason=CallClose
2026-04-29 07:04:14,551 | 24936 | 27496 | [open_context_base.py:410] _init_connect_sync: New connect ready: conn=7455029139286992646(925) context=<futu.quote.open_quote_context.OpenQuoteContext object at 0x00000128E4889350>
  07:04:14 价格更新: 1个持仓
2026-04-29 07:04:14,592 | 24936 | 5008 | [open_context_base.py:518] on_disconnect: Disconnected: conn=0(925) reason=CallClose
2026-04-29 07:05:14,596 | 24936 | 27496 | [open_context_base.py:410] _init_connect_sync: New connect ready: conn=7455029391137860710(926) context=<futu.quote.open_quote_context.OpenQuoteContext object at 0x00000128E4889480>
2026-04-29 07:05:14,597 | 24936 | 5008 | [open_context_base.py:518] on_disconnect: Disconnected: conn=0(926) reason=CallClose
2026-04-29 07:05:14,610 | 24936 | 27496 | [open_context_base.py:410] _init_connect_sync: New connect ready: conn=7455029391146779030(927) context=<futu.quote.open_quote_context.OpenQuoteContext object at 0x00000128E48895B0>
  07:05:14 价格更新: 1个持仓
2026-04-29 07:05:14,639 | 24936 | 5008 | [open_context_base.py:518] on_disconnect: Disconnected: conn=0(927) reason=CallClose
2026-04-29 07:06:14,644 | 24936 | 27496 | [open_context_base.py:410] _init_connect_sync: New connect ready: conn=7455029642997084589(928) context=<futu.quote.open_quote_context.OpenQuoteContext object at 0x00000128E48896E0>
2026-04-29 07:06:14,645 | 24936 | 5008 | [open_context_base.py:518] on_disconnect: Disconnected: conn=0(928) reason=CallClose
2026-04-29 07:06:14,647 | 24936 | 27496 | [open_context_base.py:410] _init_connect_sync: New connect ready: conn=7455029643010268669(929) context=<futu.quote.open_quote_context.OpenQuoteContext object at 0x00000128E4889810>
  07:06:14 价格更新: 1个持仓
2026-04-29 07:06:14,677 | 24936 | 5008 | [open_context_base.py:518] on_disconnect: Disconnected: conn=0(929) reason=CallClose
2026-04-29 07:07:14,683 | 24936 | 27496 | [open_context_base.py:410] _init_connect_sync: New connect ready: conn=7455029894815916960(930) context=<futu.quote.open_quote_context.OpenQuoteContext object at 0x00000128E4889940>
2026-04-29 07:07:14,684 | 24936 | 5008 | [open_context_base.py:518] on_disconnect: Disconnected: conn=0(930) reason=CallClose
2026-04-29 07:07:14,696 | 24936 | 27496 | [open_context_base.py:410] _init_connect_sync: New connect ready: conn=7455029894829065784(931) context=<futu.quote.open_quote_context.OpenQuoteContext object at 0x00000128E4889A70>
  07:07:14 价格更新: 1个持仓
2026-04-29 07:07:14,726 | 24936 | 5008 | [open_context_base.py:518] on_disconnect: Disconnected: conn=0(931) reason=CallClose
2026-04-29 07:08:14,733 | 24936 | 27496 | [open_context_base.py:410] _init_connect_sync: New connect ready: conn=7455030146681317489(932) context=<futu.quote.open_quote_context.OpenQuoteContext object at 0x00000128E4889BA0>
2026-04-29 07:08:14,733 | 24936 | 5008 | [open_context_base.py:518] on_disconnect: Disconnected: conn=0(932) reason=CallClose
2026-04-29 07:08:14,735 | 24936 | 27496 | [open_context_base.py:410] _init_connect_sync: New connect ready: conn=7455030146697486387(933) context=<futu.quote.open_quote_context.OpenQuoteContext object at 0x00000128E4889CD0>
  07:08:14 价格更新: 1个持仓
2026-04-29 07:08:14,766 | 24936 | 5008 | [open_context_base.py:518] on_disconnect: Disconnected: conn=0(933) reason=CallClose
2026-04-29 07:09:14,782 | 24936 | 27496 | [open_context_base.py:410] _init_connect_sync: New connect ready: conn=7455030398505510453(934) context=<futu.quote.open_quote_context.OpenQuoteContext object at 0x00000128E4889E00>
2026-04-29 07:09:14,783 | 24936 | 5008 | [open_context_base.py:518] on_disconnect: Disconnected: conn=0(934) reason=CallClose
2026-04-29 07:09:14,784 | 24936 | 27496 | [open_context_base.py:410] _init_connect_sync: New connect ready: conn=7455030398561339257(935) context=<futu.quote.open_quote_context.OpenQuoteContext object at 0x00000128E4889F30>
  07:09:14 价格更新: 1个持仓
2026-04-29 07:09:14,818 | 24936 | 5008 | [open_context_base.py:518] on_disconnect: Disconnected: conn=0(935) reason=CallClose
2026-04-29 07:10:14,824 | 24936 | 27496 | [open_context_base.py:410] _init_connect_sync: New connect ready: conn=7455030650384827208(936) context=<futu.quote.open_quote_context.OpenQuoteContext object at 0x00000128E488A060>
2026-04-29 07:10:14,825 | 24936 | 5008 | [open_context_base.py:518] on_disconnect: Disconnected: conn=0(936) reason=CallClose
2026-04-29 07:10:14,827 | 24936 | 27496 | [open_context_base.py:410] _init_connect_sync: New connect ready: conn=7455030650396199425(937) context=<futu.quote.open_quote_context.OpenQuoteContext object at 0x00000128E488A190>
  07:10:14 价格更新: 1个持仓
2026-04-29 07:10:14,855 | 24936 | 5008 | [open_context_base.py:518] on_disconnect: Disconnected: conn=0(937) reason=CallClose
2026-04-29 07:11:14,861 | 24936 | 27496 | [open_context_base.py:410] _init_connect_sync: New connect ready: conn=7455030902193143339(938) context=<futu.quote.open_quote_context.OpenQuoteContext object at 0x00000128E488A2C0>
2026-04-29 07:11:14,861 | 24936 | 5008 | [open_context_base.py:518] on_disconnect: Disconnected: conn=0(938) reason=CallClose
2026-04-29 07:11:14,863 | 24936 | 27496 | [open_context_base.py:410] _init_connect_sync: New connect ready: conn=7455030902205204532(939) context=<futu.quote.open_quote_context.OpenQuoteContext object at 0x00000128E488A3F0>
  07:11:14 价格更新: 1个持仓
2026-04-29 07:11:14,892 | 24936 | 5008 | [open_context_base.py:518] on_disconnect: Disconnected: conn=0(939) reason=CallClose
2026-04-29 07:12:14,907 | 24936 | 27496 | [open_context_base.py:410] _init_connect_sync: New connect ready: conn=7455031154008293019(940) context=<futu.quote.open_quote_context.OpenQuoteContext object at 0x00000128E488A520>
2026-04-29 07:12:14,908 | 24936 | 5008 | [open_context_base.py:518] on_disconnect: Disconnected: conn=0(940) reason=CallClose
2026-04-29 07:12:14,909 | 24936 | 27496 | [open_context_base.py:410] _init_connect_sync: New connect ready: conn=7455031154057218272(941) context=<futu.quote.open_quote_context.OpenQuoteContext object at 0x00000128E488A650>
  07:12:14 价格更新: 1个持仓
2026-04-29 07:12:14,939 | 24936 | 5008 | [open_context_base.py:518] on_disconnect: Disconnected: conn=0(941) reason=CallClose
2026-04-29 07:13:14,954 | 24936 | 27496 | [open_context_base.py:410] _init_connect_sync: New connect ready: conn=7455031405858628984(942) context=<futu.quote.open_quote_context.OpenQuoteContext object at 0x00000128E488A780>
2026-04-29 07:13:14,955 | 24936 | 5008 | [open_context_base.py:518] on_disconnect: Disconnected: conn=0(942) reason=CallClose
2026-04-29 07:13:14,967 | 24936 | 27496 | [open_context_base.py:410] _init_connect_sync: New connect ready: conn=7455031405917316682(943) context=<futu.quote.open_quote_context.OpenQuoteContext object at 0x00000128E488A8B0>
  07:13:14 价格更新: 1个持仓
2026-04-29 07:13:14,998 | 24936 | 5008 | [open_context_base.py:518] on_disconnect: Disconnected: conn=0(943) reason=CallClose
2026-04-29 07:14:15,002 | 24936 | 27496 | [open_context_base.py:410] _init_connect_sync: New connect ready: conn=7455031657767075415(944) context=<futu.quote.open_quote_context.OpenQuoteContext object at 0x00000128E488A9E0>
2026-04-29 07:14:15,003 | 24936 | 5008 | [open_context_base.py:518] on_disconnect: Disconnected: conn=0(944) reason=CallClose
2026-04-29 07:14:15,004 | 24936 | 27496 | [open_context_base.py:410] _init_connect_sync: New connect ready: conn=7455031657774018436(945) context=<futu.quote.open_quote_context.OpenQuoteContext object at 0x00000128E488AB10>
  07:14:15 价格更新: 1个持仓
2026-04-29 07:14:15,035 | 24936 | 5008 | [open_context_base.py:518] on_disconnect: Disconnected: conn=0(945) reason=CallClose
2026-04-29 07:15:15,052 | 24936 | 27496 | [open_context_base.py:410] _init_connect_sync: New connect ready: conn=7455031909587989485(946) context=<futu.quote.open_quote_context.OpenQuoteContext object at 0x00000128E488AC40>
2026-04-29 07:15:15,053 | 24936 | 5008 | [open_context_base.py:518] on_disconnect: Disconnected: conn=0(946) reason=CallClose
2026-04-29 07:15:15,055 | 24936 | 27496 | [open_context_base.py:410] _init_connect_sync: New connect ready: conn=7455031909643313721(947) context=<futu.quote.open_quote_context.OpenQuoteContext object at 0x00000128E488AD70>
  07:15:15 价格更新: 1个持仓
2026-04-29 07:15:15,084 | 24936 | 5008 | [open_context_base.py:518] on_disconnect: Disconnected: conn=0(947) reason=CallClose
2026-04-29 07:16:15,100 | 24936 | 27496 | [open_context_base.py:410] _init_connect_sync: New connect ready: conn=7455032161446756226(948) context=<futu.quote.open_quote_context.OpenQuoteContext object at 0x00000128E488AEA0>
2026-04-29 07:16:15,101 | 24936 | 5008 | [open_context_base.py:518] on_disconnect: Disconnected: conn=0(948) reason=CallClose
2026-04-29 07:16:15,113 | 24936 | 27496 | [open_context_base.py:410] _init_connect_sync: New connect ready: conn=7455032161504902426(949) context=<futu.quote.open_quote_context.OpenQuoteContext object at 0x00000128E488AFD0>
  07:16:15 价格更新: 1个持仓
2026-04-29 07:16:15,146 | 24936 | 5008 | [open_context_base.py:518] on_disconnect: Disconnected: conn=0(949) reason=CallClose
2026-04-29 07:17:15,151 | 24936 | 27496 | [open_context_base.py:410] _init_connect_sync: New connect ready: conn=7455032413366180647(950) context=<futu.quote.open_quote_context.OpenQuoteContext object at 0x00000128E488B100>
2026-04-29 07:17:15,152 | 24936 | 5008 | [open_context_base.py:518] on_disconnect: Disconnected: conn=0(950) reason=CallClose
2026-04-29 07:17:15,165 | 24936 | 27496 | [open_context_base.py:410] _init_connect_sync: New connect ready: conn=7455032413375629900(951) context=<futu.quote.open_quote_context.OpenQuoteContext object at 0x00000128E488B230>
  07:17:15 价格更新: 1个持仓
2026-04-29 07:17:15,194 | 24936 | 5008 | [open_context_base.py:518] on_disconnect: Disconnected: conn=0(951) reason=CallClose
2026-04-29 07:18:15,200 | 24936 | 27496 | [open_context_base.py:410] _init_connect_sync: New connect ready: conn=7455032665228513923(952) context=<futu.quote.open_quote_context.OpenQuoteContext object at 0x00000128E488B360>
2026-04-29 07:18:15,200 | 24936 | 5008 | [open_context_base.py:518] on_disconnect: Disconnected: conn=0(952) reason=CallClose
2026-04-29 07:18:15,202 | 24936 | 27496 | [open_context_base.py:410] _init_connect_sync: New connect ready: conn=7455032665236805150(953) context=<futu.quote.open_quote_context.OpenQuoteContext object at 0x00000128E488B490>
  07:18:15 价格更新: 1个持仓
2026-04-29 07:18:15,236 | 24936 | 5008 | [open_context_base.py:518] on_disconnect: Disconnected: conn=0(953) reason=CallClose
2026-04-29 07:19:15,253 | 24936 | 27496 | [open_context_base.py:410] _init_connect_sync: New connect ready: conn=7455032917062213759(954) context=<futu.quote.open_quote_context.OpenQuoteContext object at 0x00000128E488B5C0>
2026-04-29 07:19:15,253 | 24936 | 5008 | [open_context_base.py:518] on_disconnect: Disconnected: conn=0(954) reason=CallClose
2026-04-29 07:19:15,255 | 24936 | 27496 | [open_context_base.py:410] _init_connect_sync: New connect ready: conn=7455032917118233813(955) context=<futu.quote.open_quote_context.OpenQuoteContext object at 0x00000128E488B6F0>
  07:19:15 价格更新: 1个持仓
2026-04-29 07:19:15,287 | 24936 | 5008 | [open_context_base.py:518] on_disconnect: Disconnected: conn=0(955) reason=CallClose
2026-04-29 07:20:15,303 | 24936 | 27496 | [open_context_base.py:410] _init_connect_sync: New connect ready: conn=7455033168930720814(956) context=<futu.quote.open_quote_context.OpenQuoteContext object at 0x00000128E488B820>
2026-04-29 07:20:15,304 | 24936 | 5008 | [open_context_base.py:518] on_disconnect: Disconnected: conn=0(956) reason=CallClose
2026-04-29 07:20:15,317 | 24936 | 27496 | [open_context_base.py:410] _init_connect_sync: New connect ready: conn=7455033168990559560(957) context=<futu.quote.open_quote_context.OpenQuoteContext object at 0x00000128E488B950>
  07:20:15 价格更新: 1个持仓
2026-04-29 07:20:15,346 | 24936 | 5008 | [open_context_base.py:518] on_disconnect: Disconnected: conn=0(957) reason=CallClose
2026-04-29 07:21:15,362 | 24936 | 27496 | [open_context_base.py:410] _init_connect_sync: New connect ready: conn=7455033420837089935(958) context=<futu.quote.open_quote_context.OpenQuoteContext object at 0x00000128E488BA80>
2026-04-29 07:21:15,363 | 24936 | 5008 | [open_context_base.py:518] on_disconnect: Disconnected: conn=0(958) reason=CallClose
2026-04-29 07:21:15,365 | 24936 | 27496 | [open_context_base.py:410] _init_connect_sync: New connect ready: conn=7455033420895325184(959) context=<futu.quote.open_quote_context.OpenQuoteContext object at 0x00000128E488BBB0>
  07:21:15 价格更新: 1个持仓
2026-04-29 07:21:15,406 | 24936 | 5008 | [open_context_base.py:518] on_disconnect: Disconnected: conn=0(959) reason=CallClose
2026-04-29 07:22:15,422 | 24936 | 27496 | [open_context_base.py:410] _init_connect_sync: New connect ready: conn=7455033672747632087(960) context=<futu.quote.open_quote_context.OpenQuoteContext object at 0x00000128E488BCE0>
2026-04-29 07:22:15,423 | 24936 | 5008 | [open_context_base.py:518] on_disconnect: Disconnected: conn=0(960) reason=CallClose
2026-04-29 07:22:15,436 | 24936 | 27496 | [open_context_base.py:410] _init_connect_sync: New connect ready: conn=7455033672804453875(961) context=<futu.quote.open_quote_context.OpenQuoteContext object at 0x00000128E488BE10>
  07:22:15 价格更新: 1个持仓
2026-04-29 07:22:15,468 | 24936 | 5008 | [open_context_base.py:518] on_disconnect: Disconnected: conn=0(961) reason=CallClose
2026-04-29 07:23:15,486 | 24936 | 27496 | [open_context_base.py:410] _init_connect_sync: New connect ready: conn=7455033924667978586(962) context=<futu.quote.open_quote_context.OpenQuoteContext object at 0x00000128E4910050>
2026-04-29 07:23:15,487 | 24936 | 5008 | [open_context_base.py:518] on_disconnect: Disconnected: conn=0(962) reason=CallClose
2026-04-29 07:23:15,499 | 24936 | 27496 | [open_context_base.py:410] _init_connect_sync: New connect ready: conn=7455033924732209330(963) context=<futu.quote.open_quote_context.OpenQuoteContext object at 0x00000128E4910180>
  07:23:15 价格更新: 1个持仓
2026-04-29 07:23:15,530 | 24936 | 5008 | [open_context_base.py:518] on_disconnect: Disconnected: conn=0(963) reason=CallClose
2026-04-29 07:24:15,533 | 24936 | 27496 | [open_context_base.py:410] _init_connect_sync: New connect ready: conn=7455034176575992487(964) context=<futu.quote.open_quote_context.OpenQuoteContext object at 0x00000128E49102B0>
2026-04-29 07:24:15,534 | 24936 | 5008 | [open_context_base.py:518] on_disconnect: Disconnected: conn=0(964) reason=CallClose
2026-04-29 07:24:15,547 | 24936 | 27496 | [open_context_base.py:410] _init_connect_sync: New connect ready: conn=7455034176587791817(965) context=<futu.quote.open_quote_context.OpenQuoteContext object at 0x00000128E49103E0>
  07:24:15 价格更新: 1个持仓
2026-04-29 07:24:15,575 | 24936 | 5008 | [open_context_base.py:518] on_disconnect: Disconnected: conn=0(965) reason=CallClose
2026-04-29 07:25:15,579 | 24936 | 27496 | [open_context_base.py:410] _init_connect_sync: New connect ready: conn=7455034428427780485(966) context=<futu.quote.open_quote_context.OpenQuoteContext object at 0x00000128E4910510>
2026-04-29 07:25:15,580 | 24936 | 5008 | [open_context_base.py:518] on_disconnect: Disconnected: conn=0(966) reason=CallClose
2026-04-29 07:25:15,593 | 24936 | 27496 | [open_context_base.py:410] _init_connect_sync: New connect ready: conn=7455034428433387811(967) context=<futu.quote.open_quote_context.OpenQuoteContext object at 0x00000128E4910640>
  07:25:15 价格更新: 1个持仓
2026-04-29 07:25:15,622 | 24936 | 5008 | [open_context_base.py:518] on_disconnect: Disconnected: conn=0(967) reason=CallClose
2026-04-29 07:26:15,626 | 24936 | 27496 | [open_context_base.py:410] _init_connect_sync: New connect ready: conn=7455034680281927990(968) context=<futu.quote.open_quote_context.OpenQuoteContext object at 0x00000128E4910770>
2026-04-29 07:26:15,627 | 24936 | 5008 | [open_context_base.py:518] on_disconnect: Disconnected: conn=0(968) reason=CallClose
2026-04-29 07:26:15,640 | 24936 | 27496 | [open_context_base.py:410] _init_connect_sync: New connect ready: conn=7455034680288999672(969) context=<futu.quote.open_quote_context.OpenQuoteContext object at 0x00000128E49108A0>
  07:26:15 价格更新: 1个持仓
2026-04-29 07:26:15,669 | 24936 | 5008 | [open_context_base.py:518] on_disconnect: Disconnected: conn=0(969) reason=CallClose
2026-04-29 07:27:15,673 | 24936 | 27496 | [open_context_base.py:410] _init_connect_sync: New connect ready: conn=7455034932135908915(970) context=<futu.quote.open_quote_context.OpenQuoteContext object at 0x00000128E49109D0>
2026-04-29 07:27:15,674 | 24936 | 5008 | [open_context_base.py:518] on_disconnect: Disconnected: conn=0(970) reason=CallClose
2026-04-29 07:27:15,676 | 24936 | 27496 | [open_context_base.py:410] _init_connect_sync: New connect ready: conn=7455034932147271036(971) context=<futu.quote.open_quote_context.OpenQuoteContext object at 0x00000128E4910B00>
  07:27:15 价格更新: 1个持仓
2026-04-29 07:27:15,710 | 24936 | 5008 | [open_context_base.py:518] on_disconnect: Disconnected: conn=0(971) reason=CallClose
2026-04-29 07:28:15,727 | 24936 | 27496 | [open_context_base.py:410] _init_connect_sync: New connect ready: conn=7455035183976451166(972) context=<futu.quote.open_quote_context.OpenQuoteContext object at 0x00000128E4910C30>
2026-04-29 07:28:15,728 | 24936 | 5008 | [open_context_base.py:518] on_disconnect: Disconnected: conn=0(972) reason=CallClose
2026-04-29 07:28:15,741 | 24936 | 27496 | [open_context_base.py:410] _init_connect_sync: New connect ready: conn=7455035184032308344(973) context=<futu.quote.open_quote_context.OpenQuoteContext object at 0x00000128E4910D60>
  07:28:15 价格更新: 1个持仓
2026-04-29 07:28:15,773 | 24936 | 5008 | [open_context_base.py:518] on_disconnect: Disconnected: conn=0(973) reason=CallClose
2026-04-29 07:29:15,791 | 24936 | 27496 | [open_context_base.py:410] _init_connect_sync: New connect ready: conn=7455035435899663578(974) context=<futu.quote.open_quote_context.OpenQuoteContext object at 0x00000128E4910E90>
2026-04-29 07:29:15,792 | 24936 | 5008 | [open_context_base.py:518] on_disconnect: Disconnected: conn=0(974) reason=CallClose
2026-04-29 07:29:15,794 | 24936 | 27496 | [open_context_base.py:410] _init_connect_sync: New connect ready: conn=7455035435956397228(975) context=<futu.quote.open_quote_context.OpenQuoteContext object at 0x00000128E4910FC0>
  07:29:15 价格更新: 1个持仓
2026-04-29 07:29:15,823 | 24936 | 5008 | [open_context_base.py:518] on_disconnect: Disconnected: conn=0(975) reason=CallClose
2026-04-29 07:30:15,829 | 24936 | 27496 | [open_context_base.py:410] _init_connect_sync: New connect ready: conn=7455035687760579829(976) context=<futu.quote.open_quote_context.OpenQuoteContext object at 0x00000128E49110F0>
2026-04-29 07:30:15,830 | 24936 | 5008 | [open_context_base.py:518] on_disconnect: Disconnected: conn=0(976) reason=CallClose
2026-04-29 07:30:15,831 | 24936 | 27496 | [open_context_base.py:410] _init_connect_sync: New connect ready: conn=7455035687772589768(977) context=<futu.quote.open_quote_context.OpenQuoteContext object at 0x00000128E4911220>
  07:30:15 价格更新: 1个持仓
2026-04-29 07:30:15,860 | 24936 | 5008 | [open_context_base.py:518] on_disconnect: Disconnected: conn=0(977) reason=CallClose
2026-04-29 07:31:15,876 | 24936 | 27496 | [open_context_base.py:410] _init_connect_sync: New connect ready: conn=7455035939578452737(978) context=<futu.quote.open_quote_context.OpenQuoteContext object at 0x00000128E4911350>
2026-04-29 07:31:15,877 | 24936 | 5008 | [open_context_base.py:518] on_disconnect: Disconnected: conn=0(978) reason=CallClose
2026-04-29 07:31:15,890 | 24936 | 27496 | [open_context_base.py:410] _init_connect_sync: New connect ready: conn=7455035939634767701(979) context=<futu.quote.open_quote_context.OpenQuoteContext object at 0x00000128E4911480>
  07:31:15 价格更新: 1个持仓
2026-04-29 07:31:15,918 | 24936 | 5008 | [open_context_base.py:518] on_disconnect: Disconnected: conn=0(979) reason=CallClose
2026-04-29 07:32:15,933 | 24936 | 27496 | [open_context_base.py:410] _init_connect_sync: New connect ready: conn=7455036191467826013(980) context=<futu.quote.open_quote_context.OpenQuoteContext object at 0x00000128E49115B0>
2026-04-29 07:32:15,934 | 24936 | 5008 | [open_context_base.py:518] on_disconnect: Disconnected: conn=0(980) reason=CallClose
2026-04-29 07:32:15,936 | 24936 | 27496 | [open_context_base.py:410] _init_connect_sync: New connect ready: conn=7455036191529345815(981) context=<futu.quote.open_quote_context.OpenQuoteContext object at 0x00000128E49116E0>
  07:32:15 价格更新: 1个持仓
2026-04-29 07:32:15,972 | 24936 | 5008 | [open_context_base.py:518] on_disconnect: Disconnected: conn=0(981) reason=CallClose
2026-04-29 07:33:15,988 | 24936 | 27496 | [open_context_base.py:410] _init_connect_sync: New connect ready: conn=7455036443360687441(982) context=<futu.quote.open_quote_context.OpenQuoteContext object at 0x00000128E4911810>
2026-04-29 07:33:15,988 | 24936 | 5008 | [open_context_base.py:518] on_disconnect: Disconnected: conn=0(982) reason=CallClose
2026-04-29 07:33:16,002 | 24936 | 27496 | [open_context_base.py:410] _init_connect_sync: New connect ready: conn=7455036443415576356(983) context=<futu.quote.open_quote_context.OpenQuoteContext object at 0x00000128E4911940>
  07:33:16 价格更新: 1个持仓
2026-04-29 07:33:16,036 | 24936 | 5008 | [open_context_base.py:518] on_disconnect: Disconnected: conn=0(983) reason=CallClose
2026-04-29 07:34:16,053 | 24936 | 27496 | [open_context_base.py:410] _init_connect_sync: New connect ready: conn=7455036695286893860(984) context=<futu.quote.open_quote_context.OpenQuoteContext object at 0x00000128E4911A70>
2026-04-29 07:34:16,054 | 24936 | 5008 | [open_context_base.py:518] on_disconnect: Disconnected: conn=0(984) reason=CallClose
2026-04-29 07:34:16,055 | 24936 | 27496 | [open_context_base.py:410] _init_connect_sync: New connect ready: conn=7455036695346903573(985) context=<futu.quote.open_quote_context.OpenQuoteContext object at 0x00000128E4911BA0>
  07:34:16 价格更新: 1个持仓
2026-04-29 07:34:16,086 | 24936 | 5008 | [open_context_base.py:518] on_disconnect: Disconnected: conn=0(985) reason=CallClose
2026-04-29 07:35:16,093 | 24936 | 27496 | [open_context_base.py:410] _init_connect_sync: New connect ready: conn=7455036947164837278(986) context=<futu.quote.open_quote_context.OpenQuoteContext object at 0x00000128E4911CD0>
2026-04-29 07:35:16,093 | 24936 | 5008 | [open_context_base.py:518] on_disconnect: Disconnected: conn=0(986) reason=CallClose
2026-04-29 07:35:16,095 | 24936 | 27496 | [open_context_base.py:410] _init_connect_sync: New connect ready: conn=7455036947172357337(987) context=<futu.quote.open_quote_context.OpenQuoteContext object at 0x00000128E4911E00>
  07:35:16 价格更新: 1个持仓
2026-04-29 07:35:16,127 | 24936 | 5008 | [open_context_base.py:518] on_disconnect: Disconnected: conn=0(987) reason=CallClose
2026-04-29 07:36:16,131 | 24936 | 27496 | [open_context_base.py:410] _init_connect_sync: New connect ready: conn=7455037198980105248(988) context=<futu.quote.open_quote_context.OpenQuoteContext object at 0x00000128E4911F30>
2026-04-29 07:36:16,132 | 24936 | 5008 | [open_context_base.py:518] on_disconnect: Disconnected: conn=0(988) reason=CallClose
2026-04-29 07:36:16,145 | 24936 | 27496 | [open_context_base.py:410] _init_connect_sync: New connect ready: conn=7455037198993803136(989) context=<futu.quote.open_quote_context.OpenQuoteContext object at 0x00000128E4912060>
  07:36:16 价格更新: 1个持仓
2026-04-29 07:36:16,180 | 24936 | 5008 | [open_context_base.py:518] on_disconnect: Disconnected: conn=0(989) reason=CallClose
2026-04-29 07:37:16,186 | 24936 | 27496 | [open_context_base.py:410] _init_connect_sync: New connect ready: conn=7455037450867779100(990) context=<futu.quote.open_quote_context.OpenQuoteContext object at 0x00000128E4912190>
2026-04-29 07:37:16,187 | 24936 | 5008 | [open_context_base.py:518] on_disconnect: Disconnected: conn=0(990) reason=CallClose
2026-04-29 07:37:16,189 | 24936 | 27496 | [open_context_base.py:410] _init_connect_sync: New connect ready: conn=7455037450877831289(991) context=<futu.quote.open_quote_context.OpenQuoteContext object at 0x00000128E49122C0>
  07:37:16 价格更新: 1个持仓
2026-04-29 07:37:16,219 | 24936 | 5008 | [open_context_base.py:518] on_disconnect: Disconnected: conn=0(991) reason=CallClose
2026-04-29 07:38:16,223 | 24936 | 27496 | [open_context_base.py:410] _init_connect_sync: New connect ready: conn=7455037702685575956(992) context=<futu.quote.open_quote_context.OpenQuoteContext object at 0x00000128E49123F0>
2026-04-29 07:38:16,224 | 24936 | 5008 | [open_context_base.py:518] on_disconnect: Disconnected: conn=0(992) reason=CallClose
2026-04-29 07:38:16,237 | 24936 | 27496 | [open_context_base.py:410] _init_connect_sync: New connect ready: conn=7455037702692372874(993) context=<futu.quote.open_quote_context.OpenQuoteContext object at 0x00000128E4912520>
  07:38:16 价格更新: 1个持仓
2026-04-29 07:38:16,268 | 24936 | 5008 | [open_context_base.py:518] on_disconnect: Disconnected: conn=0(993) reason=CallClose
2026-04-29 07:39:16,273 | 24936 | 27496 | [open_context_base.py:410] _init_connect_sync: New connect ready: conn=7455037954553276205(994) context=<futu.quote.open_quote_context.OpenQuoteContext object at 0x00000128E4912650>
2026-04-29 07:39:16,274 | 24936 | 5008 | [open_context_base.py:518] on_disconnect: Disconnected: conn=0(994) reason=CallClose
2026-04-29 07:39:16,287 | 24936 | 27496 | [open_context_base.py:410] _init_connect_sync: New connect ready: conn=7455037954561905372(995) context=<futu.quote.open_quote_context.OpenQuoteContext object at 0x00000128E4912780>
  07:39:16 价格更新: 1个持仓
2026-04-29 07:39:16,319 | 24936 | 5008 | [open_context_base.py:518] on_disconnect: Disconnected: conn=0(995) reason=CallClose
2026-04-29 07:40:16,335 | 24936 | 27496 | [open_context_base.py:410] _init_connect_sync: New connect ready: conn=7455038206426726983(996) context=<futu.quote.open_quote_context.OpenQuoteContext object at 0x00000128E49128B0>
2026-04-29 07:40:16,336 | 24936 | 5008 | [open_context_base.py:518] on_disconnect: Disconnected: conn=0(996) reason=CallClose
2026-04-29 07:40:16,351 | 24936 | 27496 | [open_context_base.py:410] _init_connect_sync: New connect ready: conn=7455038206480793460(997) context=<futu.quote.open_quote_context.OpenQuoteContext object at 0x00000128E49129E0>
  07:40:16 价格更新: 1个持仓
2026-04-29 07:40:16,382 | 24936 | 5008 | [open_context_base.py:518] on_disconnect: Disconnected: conn=0(997) reason=CallClose
2026-04-29 07:41:16,401 | 24936 | 27496 | [open_context_base.py:410] _init_connect_sync: New connect ready: conn=7455038458356821648(998) context=<futu.quote.open_quote_context.OpenQuoteContext object at 0x00000128E4912B10>
2026-04-29 07:41:16,402 | 24936 | 5008 | [open_context_base.py:518] on_disconnect: Disconnected: conn=0(998) reason=CallClose
2026-04-29 07:41:16,414 | 24936 | 27496 | [open_context_base.py:410] _init_connect_sync: New connect ready: conn=7455038458418593851(999) context=<futu.quote.open_quote_context.OpenQuoteContext object at 0x00000128E4912C40>
  07:41:16 价格更新: 1个持仓
2026-04-29 07:41:16,494 | 24936 | 5008 | [open_context_base.py:518] on_disconnect: Disconnected: conn=0(999) reason=CallClose
2026-04-29 07:42:16,514 | 24936 | 27496 | [open_context_base.py:410] _init_connect_sync: New connect ready: conn=7455038710493364672(1000) context=<futu.quote.open_quote_context.OpenQuoteContext object at 0x00000128E4912D70>
2026-04-29 07:42:16,515 | 24936 | 5008 | [open_context_base.py:518] on_disconnect: Disconnected: conn=0(1000) reason=CallClose
2026-04-29 07:42:16,528 | 24936 | 27496 | [open_context_base.py:410] _init_connect_sync: New connect ready: conn=7455038710548977053(1001) context=<futu.quote.open_quote_context.OpenQuoteContext object at 0x00000128E4912EA0>
  07:42:16 价格更新: 1个持仓
2026-04-29 07:42:16,577 | 24936 | 5008 | [open_context_base.py:518] on_disconnect: Disconnected: conn=0(1001) reason=CallClose
2026-04-29 07:43:16,596 | 24936 | 27496 | [open_context_base.py:410] _init_connect_sync: New connect ready: conn=7455038962490188238(1002) context=<futu.quote.open_quote_context.OpenQuoteContext object at 0x00000128E4912FD0>
2026-04-29 07:43:16,597 | 24936 | 5008 | [open_context_base.py:518] on_disconnect: Disconnected: conn=0(1002) reason=CallClose
2026-04-29 07:43:16,609 | 24936 | 27496 | [open_context_base.py:410] _init_connect_sync: New connect ready: conn=7455038962552920190(1003) context=<futu.quote.open_quote_context.OpenQuoteContext object at 0x00000128E4913100>
  07:43:16 价格更新: 1个持仓
2026-04-29 07:43:16,641 | 24936 | 5008 | [open_context_base.py:518] on_disconnect: Disconnected: conn=0(1003) reason=CallClose
2026-04-29 07:44:16,657 | 24936 | 27496 | [open_context_base.py:410] _init_connect_sync: New connect ready: conn=7455039214415128572(1004) context=<futu.quote.open_quote_context.OpenQuoteContext object at 0x00000128E4913230>
2026-04-29 07:44:16,658 | 24936 | 5008 | [open_context_base.py:518] on_disconnect: Disconnected: conn=0(1004) reason=CallClose
2026-04-29 07:44:16,660 | 24936 | 27496 | [open_context_base.py:410] _init_connect_sync: New connect ready: conn=7455039214465851832(1005) context=<futu.quote.open_quote_context.OpenQuoteContext object at 0x00000128E4913360>
  07:44:16 价格更新: 1个持仓
2026-04-29 07:44:16,696 | 24936 | 5008 | [open_context_base.py:518] on_disconnect: Disconnected: conn=0(1005) reason=CallClose
2026-04-29 07:45:16,701 | 24936 | 27496 | [open_context_base.py:410] _init_connect_sync: New connect ready: conn=7455039466296061248(1006) context=<futu.quote.open_quote_context.OpenQuoteContext object at 0x00000128E4913490>
2026-04-29 07:45:16,702 | 24936 | 5008 | [open_context_base.py:518] on_disconnect: Disconnected: conn=0(1006) reason=CallClose
2026-04-29 07:45:16,704 | 24936 | 27496 | [open_context_base.py:410] _init_connect_sync: New connect ready: conn=7455039466307822076(1007) context=<futu.quote.open_quote_context.OpenQuoteContext object at 0x00000128E49135C0>
  07:45:16 价格更新: 1个持仓
2026-04-29 07:45:16,755 | 24936 | 5008 | [open_context_base.py:518] on_disconnect: Disconnected: conn=0(1007) reason=CallClose
2026-04-29 07:46:16,773 | 24936 | 27496 | [open_context_base.py:410] _init_connect_sync: New connect ready: conn=7455039718204668273(1008) context=<futu.quote.open_quote_context.OpenQuoteContext object at 0x00000128E49136F0>
2026-04-29 07:46:16,774 | 24936 | 5008 | [open_context_base.py:518] on_disconnect: Disconnected: conn=0(1008) reason=CallClose
2026-04-29 07:46:16,788 | 24936 | 27496 | [open_context_base.py:410] _init_connect_sync: New connect ready: conn=7455039718270828536(1009) context=<futu.quote.open_quote_context.OpenQuoteContext object at 0x00000128E4913820>
  07:46:16 价格更新: 1个持仓
2026-04-29 07:46:16,820 | 24936 | 5008 | [open_context_base.py:518] on_disconnect: Disconnected: conn=0(1009) reason=CallClose
2026-04-29 07:47:16,838 | 24936 | 27496 | [open_context_base.py:410] _init_connect_sync: New connect ready: conn=7455039970141240084(1010) context=<futu.quote.open_quote_context.OpenQuoteContext object at 0x00000128E4913950>
2026-04-29 07:47:16,838 | 24936 | 5008 | [open_context_base.py:518] on_disconnect: Disconnected: conn=0(1010) reason=CallClose
2026-04-29 07:47:16,840 | 24936 | 27496 | [open_context_base.py:410] _init_connect_sync: New connect ready: conn=7455039970195780472(1011) context=<futu.quote.open_quote_context.OpenQuoteContext object at 0x00000128E4913A80>
  07:47:16 价格更新: 1个持仓
2026-04-29 07:47:16,874 | 24936 | 5008 | [open_context_base.py:518] on_disconnect: Disconnected: conn=0(1011) reason=CallClose
2026-04-29 07:48:16,892 | 24936 | 27496 | [open_context_base.py:410] _init_connect_sync: New connect ready: conn=7455040222019840735(1012) context=<futu.quote.open_quote_context.OpenQuoteContext object at 0x00000128E4913BB0>
2026-04-29 07:48:16,893 | 24936 | 5008 | [open_context_base.py:518] on_disconnect: Disconnected: conn=0(1012) reason=CallClose
2026-04-29 07:48:16,894 | 24936 | 27496 | [open_context_base.py:410] _init_connect_sync: New connect ready: conn=7455040222079789279(1013) context=<futu.quote.open_quote_context.OpenQuoteContext object at 0x00000128E4913CE0>
  07:48:17 价格更新: 1个持仓
2026-04-29 07:48:17,066 | 24936 | 5008 | [open_context_base.py:518] on_disconnect: Disconnected: conn=0(1013) reason=CallClose
2026-04-29 07:49:17,082 | 24936 | 27496 | [open_context_base.py:410] _init_connect_sync: New connect ready: conn=7455040474481133775(1014) context=<futu.quote.open_quote_context.OpenQuoteContext object at 0x00000128E4913E10>
2026-04-29 07:49:17,083 | 24936 | 5008 | [open_context_base.py:518] on_disconnect: Disconnected: conn=0(1014) reason=CallClose
2026-04-29 07:49:17,095 | 24936 | 27496 | [open_context_base.py:410] _init_connect_sync: New connect ready: conn=7455040474535699351(1015) context=<futu.quote.open_quote_context.OpenQuoteContext object at 0x00000128E497C050>
  07:49:17 价格更新: 1个持仓
2026-04-29 07:49:17,131 | 24936 | 5008 | [open_context_base.py:518] on_disconnect: Disconnected: conn=0(1015) reason=CallClose

--- 第 27 轮盘后扫描 ---

═══ 盘后全量扫描 @ 2026-04-29 07:49:47 ═══
2026-04-29 07:49:47,148 | 24936 | 27496 | [open_context_base.py:410] _init_connect_sync: New connect ready: conn=7455040600584251170(1016) context=<futu.quote.open_quote_context.OpenQuoteContext object at 0x00000128E497C180>
  扫描 A_SHARE...2026-04-29 07:49:47,149 | 24936 | 5008 | [open_context_base.py:518] on_disconnect: Disconnected: conn=0(1016) reason=CallClose

2026-04-29 07:49:47,176 | 24936 | 27496 | [open_context_base.py:410] _init_connect_sync: New connect ready: conn=7455040600702960223(1017) context=<futu.quote.open_quote_context.OpenQuoteContext object at 0x00000128E497C510>
[M0] AKShare 新闻采集失败: Invalid regular expression: invalid escape sequence: \u
[M0] AKShare 新闻采集失败: Invalid regular expression: invalid escape sequence: \u
[M0] AKShare 新闻采集失败: Invalid regular expression: invalid escape sequence: \u
  A_SHARE: 无异动
  扫描 HK...
2026-04-29 07:53:37,961 | 24936 | 27496 | [open_context_base.py:410] _init_connect_sync: New connect ready: conn=7455041568690097690(1018) context=<futu.quote.open_quote_context.OpenQuoteContext object at 0x00000128E497C3E0>
2026-04-29 07:53:37,962 | 24936 | 5008 | [open_context_base.py:518] on_disconnect: Disconnected: conn=0(1017) reason=CallClose
  HK: 无异动
  扫描 US...
2026-04-29 07:53:38,215 | 24936 | 27496 | [open_context_base.py:410] _init_connect_sync: New connect ready: conn=7455041569797984505(1019) context=<futu.quote.open_quote_context.OpenQuoteContext object at 0x00000128E497C640>
2026-04-29 07:53:38,235 | 24936 | 5008 | [open_context_base.py:518] on_disconnect: Disconnected: conn=0(1018) reason=CallClose
  US: 无异动

  盘后总计: 0 个补牢机会

  决策报告: 异动9 无因放弃0 M3否决0 趋势晚放弃9 开仓0
2026-04-29 07:53:38,256 | 24936 | 5008 | [open_context_base.py:518] on_disconnect: Disconnected: conn=0(1019) reason=CallClose
2026-04-29 07:53:48,259 | 24936 | 27496 | [open_context_base.py:410] _init_connect_sync: New connect ready: conn=7455041611922727601(1020) context=<futu.quote.open_quote_context.OpenQuoteContext object at 0x00000128E6C0F950>
2026-04-29 07:53:48,259 | 24936 | 5008 | [open_context_base.py:518] on_disconnect: Disconnected: conn=0(1020) reason=CallClose
2026-04-29 07:53:48,272 | 24936 | 27496 | [open_context_base.py:410] _init_connect_sync: New connect ready: conn=7455041611934122263(1021) context=<futu.quote.open_quote_context.OpenQuoteContext object at 0x00000128E6C0FCE0>
  07:53:48 价格更新: 1个持仓
2026-04-29 07:53:48,301 | 24936 | 5008 | [open_context_base.py:518] on_disconnect: Disconnected: conn=0(1021) reason=CallClose
2026-04-29 07:54:48,307 | 24936 | 27496 | [open_context_base.py:410] _init_connect_sync: New connect ready: conn=7455041863782106491(1022) context=<futu.quote.open_quote_context.OpenQuoteContext object at 0x00000128E6C0E8B0>
2026-04-29 07:54:48,308 | 24936 | 5008 | [open_context_base.py:518] on_disconnect: Disconnected: conn=0(1022) reason=CallClose
2026-04-29 07:54:48,310 | 24936 | 27496 | [open_context_base.py:410] _init_connect_sync: New connect ready: conn=7455041863796722160(1023) context=<futu.quote.open_quote_context.OpenQuoteContext object at 0x00000128E6C0EB10>
  07:54:48 价格更新: 1个持仓
2026-04-29 07:54:48,341 | 24936 | 5008 | [open_context_base.py:518] on_disconnect: Disconnected: conn=0(1023) reason=CallClose
2026-04-29 07:55:48,357 | 24936 | 27496 | [open_context_base.py:410] _init_connect_sync: New connect ready: conn=7455042115606833791(1024) context=<futu.quote.open_quote_context.OpenQuoteContext object at 0x00000128E497C2B0>
2026-04-29 07:55:48,358 | 24936 | 5008 | [open_context_base.py:518] on_disconnect: Disconnected: conn=0(1024) reason=CallClose
2026-04-29 07:55:48,360 | 24936 | 27496 | [open_context_base.py:410] _init_connect_sync: New connect ready: conn=7455042115667211640(1025) context=<futu.quote.open_quote_context.OpenQuoteContext object at 0x00000128E497C770>
  07:55:48 价格更新: 1个持仓
2026-04-29 07:55:48,390 | 24936 | 5008 | [open_context_base.py:518] on_disconnect: Disconnected: conn=0(1025) reason=CallClose
2026-04-29 07:56:48,396 | 24936 | 27496 | [open_context_base.py:410] _init_connect_sync: New connect ready: conn=7455042367475113171(1026) context=<futu.quote.open_quote_context.OpenQuoteContext object at 0x00000128E428C770>
2026-04-29 07:56:48,397 | 24936 | 5008 | [open_context_base.py:518] on_disconnect: Disconnected: conn=0(1026) reason=CallClose
2026-04-29 07:56:48,399 | 24936 | 27496 | [open_context_base.py:410] _init_connect_sync: New connect ready: conn=7455042367489857103(1027) context=<futu.quote.open_quote_context.OpenQuoteContext object at 0x00000128E428C640>
  07:56:48 价格更新: 1个持仓
2026-04-29 07:56:48,431 | 24936 | 5008 | [open_context_base.py:518] on_disconnect: Disconnected: conn=0(1027) reason=CallClose
2026-04-29 07:57:48,448 | 24936 | 27496 | [open_context_base.py:410] _init_connect_sync: New connect ready: conn=7455042619304748332(1028) context=<futu.quote.open_quote_context.OpenQuoteContext object at 0x00000128E428C3E0>
2026-04-29 07:57:48,449 | 24936 | 5008 | [open_context_base.py:518] on_disconnect: Disconnected: conn=0(1028) reason=CallClose
2026-04-29 07:57:48,462 | 24936 | 27496 | [open_context_base.py:410] _init_connect_sync: New connect ready: conn=7455042619363873085(1029) context=<futu.quote.open_quote_context.OpenQuoteContext object at 0x00000128E428C8A0>
  07:57:48 价格更新: 1个持仓
2026-04-29 07:57:48,499 | 24936 | 5008 | [open_context_base.py:518] on_disconnect: Disconnected: conn=0(1029) reason=CallClose
2026-04-29 07:58:48,517 | 24936 | 27496 | [open_context_base.py:410] _init_connect_sync: New connect ready: conn=7455042871251338985(1030) context=<futu.quote.open_quote_context.OpenQuoteContext object at 0x00000128E428C9D0>
2026-04-29 07:58:48,518 | 24936 | 5008 | [open_context_base.py:518] on_disconnect: Disconnected: conn=0(1030) reason=CallClose
2026-04-29 07:58:48,520 | 24936 | 27496 | [open_context_base.py:410] _init_connect_sync: New connect ready: conn=7455042871308333114(1031) context=<futu.quote.open_quote_context.OpenQuoteContext object at 0x00000128E428CB00>
  07:58:48 价格更新: 1个持仓
2026-04-29 07:58:48,551 | 24936 | 5008 | [open_context_base.py:518] on_disconnect: Disconnected: conn=0(1031) reason=CallClose
2026-04-29 07:59:48,568 | 24936 | 27496 | [open_context_base.py:410] _init_connect_sync: New connect ready: conn=7455043123115349270(1032) context=<futu.quote.open_quote_context.OpenQuoteContext object at 0x00000128E428CC30>
2026-04-29 07:59:48,569 | 24936 | 5008 | [open_context_base.py:518] on_disconnect: Disconnected: conn=0(1032) reason=CallClose
2026-04-29 07:59:48,571 | 24936 | 27496 | [open_context_base.py:410] _init_connect_sync: New connect ready: conn=7455043123183848361(1033) context=<futu.quote.open_quote_context.OpenQuoteContext object at 0x00000128E428CD60>
  07:59:48 价格更新: 1个持仓
2026-04-29 07:59:48,600 | 24936 | 5008 | [open_context_base.py:518] on_disconnect: Disconnected: conn=0(1033) reason=CallClose
2026-04-29 08:00:48,604 | 24936 | 27496 | [open_context_base.py:410] _init_connect_sync: New connect ready: conn=7455043374981485735(1034) context=<futu.quote.open_quote_context.OpenQuoteContext object at 0x00000128E428CE90>
2026-04-29 08:00:48,605 | 24936 | 5008 | [open_context_base.py:518] on_disconnect: Disconnected: conn=0(1034) reason=CallClose
2026-04-29 08:00:48,617 | 24936 | 27496 | [open_context_base.py:410] _init_connect_sync: New connect ready: conn=7455043374990481987(1035) context=<futu.quote.open_quote_context.OpenQuoteContext object at 0x00000128E428CFC0>
  08:00:48 价格更新: 1个持仓
2026-04-29 08:00:48,653 | 24936 | 5008 | [open_context_base.py:518] on_disconnect: Disconnected: conn=0(1035) reason=CallClose
2026-04-29 08:01:48,672 | 24936 | 27496 | [open_context_base.py:410] _init_connect_sync: New connect ready: conn=7455043626865581398(1036) context=<futu.quote.open_quote_context.OpenQuoteContext object at 0x00000128E428D0F0>
2026-04-29 08:01:48,673 | 24936 | 5008 | [open_context_base.py:518] on_disconnect: Disconnected: conn=0(1036) reason=CallClose
2026-04-29 08:01:48,686 | 24936 | 27496 | [open_context_base.py:410] _init_connect_sync: New connect ready: conn=7455043626933507790(1037) context=<futu.quote.open_quote_context.OpenQuoteContext object at 0x00000128E428D220>
  08:01:48 价格更新: 1个持仓
2026-04-29 08:01:48,717 | 24936 | 5008 | [open_context_base.py:518] on_disconnect: Disconnected: conn=0(1037) reason=CallClose
2026-04-29 08:02:48,732 | 24936 | 27496 | [open_context_base.py:410] _init_connect_sync: New connect ready: conn=7455043878793172956(1038) context=<futu.quote.open_quote_context.OpenQuoteContext object at 0x00000128E428D350>
2026-04-29 08:02:48,733 | 24936 | 5008 | [open_context_base.py:518] on_disconnect: Disconnected: conn=0(1038) reason=CallClose
2026-04-29 08:02:48,735 | 24936 | 27496 | [open_context_base.py:410] _init_connect_sync: New connect ready: conn=7455043878848394374(1039) context=<futu.quote.open_quote_context.OpenQuoteContext object at 0x00000128E428D480>
  08:02:48 价格更新: 1个持仓
2026-04-29 08:02:48,765 | 24936 | 5008 | [open_context_base.py:518] on_disconnect: Disconnected: conn=0(1039) reason=CallClose
2026-04-29 08:03:48,770 | 24936 | 27496 | [open_context_base.py:410] _init_connect_sync: New connect ready: conn=7455044130646773199(1040) context=<futu.quote.open_quote_context.OpenQuoteContext object at 0x00000128E428D5B0>
2026-04-29 08:03:48,770 | 24936 | 5008 | [open_context_base.py:518] on_disconnect: Disconnected: conn=0(1040) reason=CallClose
2026-04-29 08:03:48,773 | 24936 | 27496 | [open_context_base.py:410] _init_connect_sync: New connect ready: conn=7455044130659478989(1041) context=<futu.quote.open_quote_context.OpenQuoteContext object at 0x00000128E428D6E0>
  08:03:48 价格更新: 1个持仓
2026-04-29 08:03:48,802 | 24936 | 5008 | [open_context_base.py:518] on_disconnect: Disconnected: conn=0(1041) reason=CallClose
2026-04-29 08:04:48,817 | 24936 | 27496 | [open_context_base.py:410] _init_connect_sync: New connect ready: conn=7455044382457001730(1042) context=<futu.quote.open_quote_context.OpenQuoteContext object at 0x00000128E428D810>
2026-04-29 08:04:48,818 | 24936 | 5008 | [open_context_base.py:518] on_disconnect: Disconnected: conn=0(1042) reason=CallClose
2026-04-29 08:04:48,820 | 24936 | 27496 | [open_context_base.py:410] _init_connect_sync: New connect ready: conn=7455044382521209670(1043) context=<futu.quote.open_quote_context.OpenQuoteContext object at 0x00000128E428D940>
  08:04:48 价格更新: 1个持仓
2026-04-29 08:04:48,848 | 24936 | 5008 | [open_context_base.py:518] on_disconnect: Disconnected: conn=0(1043) reason=CallClose
2026-04-29 08:05:48,864 | 24936 | 27496 | [open_context_base.py:410] _init_connect_sync: New connect ready: conn=7455044634310682888(1044) context=<futu.quote.open_quote_context.OpenQuoteContext object at 0x00000128E428DA70>
2026-04-29 08:05:48,865 | 24936 | 5008 | [open_context_base.py:518] on_disconnect: Disconnected: conn=0(1044) reason=CallClose
2026-04-29 08:05:48,878 | 24936 | 27496 | [open_context_base.py:410] _init_connect_sync: New connect ready: conn=7455044634374176237(1045) context=<futu.quote.open_quote_context.OpenQuoteContext object at 0x00000128E428DBA0>
  08:05:48 价格更新: 1个持仓
2026-04-29 08:05:48,912 | 24936 | 5008 | [open_context_base.py:518] on_disconnect: Disconnected: conn=0(1045) reason=CallClose
2026-04-29 08:06:48,929 | 24936 | 27496 | [open_context_base.py:410] _init_connect_sync: New connect ready: conn=7455044886241619693(1046) context=<futu.quote.open_quote_context.OpenQuoteContext object at 0x00000128E428DCD0>
2026-04-29 08:06:48,930 | 24936 | 5008 | [open_context_base.py:518] on_disconnect: Disconnected: conn=0(1046) reason=CallClose
2026-04-29 08:06:48,943 | 24936 | 27496 | [open_context_base.py:410] _init_connect_sync: New connect ready: conn=7455044886305609149(1047) context=<futu.quote.open_quote_context.OpenQuoteContext object at 0x00000128E428DE00>
  08:06:48 价格更新: 1个持仓
2026-04-29 08:06:48,973 | 24936 | 5008 | [open_context_base.py:518] on_disconnect: Disconnected: conn=0(1047) reason=CallClose
2026-04-29 08:07:48,977 | 24936 | 27496 | [open_context_base.py:410] _init_connect_sync: New connect ready: conn=7455045138154261314(1048) context=<futu.quote.open_quote_context.OpenQuoteContext object at 0x00000128E428DF30>
2026-04-29 08:07:48,978 | 24936 | 5008 | [open_context_base.py:518] on_disconnect: Disconnected: conn=0(1048) reason=CallClose
2026-04-29 08:07:48,980 | 24936 | 27496 | [open_context_base.py:410] _init_connect_sync: New connect ready: conn=7455045138165297348(1049) context=<futu.quote.open_quote_context.OpenQuoteContext object at 0x00000128E428E060>
  08:07:49 价格更新: 1个持仓
2026-04-29 08:07:49,011 | 24936 | 5008 | [open_context_base.py:518] on_disconnect: Disconnected: conn=0(1049) reason=CallClose
2026-04-29 08:08:49,028 | 24936 | 27496 | [open_context_base.py:410] _init_connect_sync: New connect ready: conn=7455045389979736506(1050) context=<futu.quote.open_quote_context.OpenQuoteContext object at 0x00000128E428E190>
2026-04-29 08:08:49,029 | 24936 | 5008 | [open_context_base.py:518] on_disconnect: Disconnected: conn=0(1050) reason=CallClose
2026-04-29 08:08:49,042 | 24936 | 27496 | [open_context_base.py:410] _init_connect_sync: New connect ready: conn=7455045390039304608(1051) context=<futu.quote.open_quote_context.OpenQuoteContext object at 0x00000128E428E2C0>
  08:08:49 价格更新: 1个持仓
2026-04-29 08:08:49,076 | 24936 | 5008 | [open_context_base.py:518] on_disconnect: Disconnected: conn=0(1051) reason=CallClose
2026-04-29 08:09:49,093 | 24936 | 27496 | [open_context_base.py:410] _init_connect_sync: New connect ready: conn=7455045641904825429(1052) context=<futu.quote.open_quote_context.OpenQuoteContext object at 0x00000128E428E3F0>
2026-04-29 08:09:49,093 | 24936 | 5008 | [open_context_base.py:518] on_disconnect: Disconnected: conn=0(1052) reason=CallClose
2026-04-29 08:09:49,095 | 24936 | 27496 | [open_context_base.py:410] _init_connect_sync: New connect ready: conn=7455045641964713507(1053) context=<futu.quote.open_quote_context.OpenQuoteContext object at 0x00000128E428E520>
  08:09:49 价格更新: 1个持仓
2026-04-29 08:09:49,126 | 24936 | 5008 | [open_context_base.py:518] on_disconnect: Disconnected: conn=0(1053) reason=CallClose
2026-04-29 08:10:49,143 | 24936 | 27496 | [open_context_base.py:410] _init_connect_sync: New connect ready: conn=7455045893768119189(1054) context=<futu.quote.open_quote_context.OpenQuoteContext object at 0x00000128E428E650>
2026-04-29 08:10:49,144 | 24936 | 5008 | [open_context_base.py:518] on_disconnect: Disconnected: conn=0(1054) reason=CallClose
2026-04-29 08:10:49,157 | 24936 | 27496 | [open_context_base.py:410] _init_connect_sync: New connect ready: conn=7455045893832260781(1055) context=<futu.quote.open_quote_context.OpenQuoteContext object at 0x00000128E428E780>
  08:10:49 价格更新: 1个持仓
2026-04-29 08:10:49,187 | 24936 | 5008 | [open_context_base.py:518] on_disconnect: Disconnected: conn=0(1055) reason=CallClose
2026-04-29 08:11:49,192 | 24936 | 27496 | [open_context_base.py:410] _init_connect_sync: New connect ready: conn=7455046145687203210(1056) context=<futu.quote.open_quote_context.OpenQuoteContext object at 0x00000128E428E8B0>
2026-04-29 08:11:49,193 | 24936 | 5008 | [open_context_base.py:518] on_disconnect: Disconnected: conn=0(1056) reason=CallClose
2026-04-29 08:11:49,195 | 24936 | 27496 | [open_context_base.py:410] _init_connect_sync: New connect ready: conn=7455046145698028608(1057) context=<futu.quote.open_quote_context.OpenQuoteContext object at 0x00000128E428E9E0>
  08:11:49 价格更新: 1个持仓
2026-04-29 08:11:49,345 | 24936 | 5008 | [open_context_base.py:518] on_disconnect: Disconnected: conn=0(1057) reason=CallClose
2026-04-29 08:12:49,349 | 24936 | 27496 | [open_context_base.py:410] _init_connect_sync: New connect ready: conn=7455046398004780717(1058) context=<futu.quote.open_quote_context.OpenQuoteContext object at 0x00000128E428EB10>
2026-04-29 08:12:49,350 | 24936 | 5008 | [open_context_base.py:518] on_disconnect: Disconnected: conn=0(1058) reason=CallClose
2026-04-29 08:12:49,363 | 24936 | 27496 | [open_context_base.py:410] _init_connect_sync: New connect ready: conn=7455046398012451801(1059) context=<futu.quote.open_quote_context.OpenQuoteContext object at 0x00000128E428EC40>
  08:12:49 价格更新: 1个持仓
2026-04-29 08:12:49,435 | 24936 | 5008 | [open_context_base.py:518] on_disconnect: Disconnected: conn=0(1059) reason=CallClose
2026-04-29 08:13:49,442 | 24936 | 27496 | [open_context_base.py:410] _init_connect_sync: New connect ready: conn=7455046650054968326(1060) context=<futu.quote.open_quote_context.OpenQuoteContext object at 0x00000128E428ED70>
2026-04-29 08:13:49,443 | 24936 | 5008 | [open_context_base.py:518] on_disconnect: Disconnected: conn=0(1060) reason=CallClose
2026-04-29 08:13:49,445 | 24936 | 27496 | [open_context_base.py:410] _init_connect_sync: New connect ready: conn=7455046650067354199(1061) context=<futu.quote.open_quote_context.OpenQuoteContext object at 0x00000128E428EEA0>
  08:13:49 价格更新: 1个持仓
2026-04-29 08:13:49,488 | 24936 | 5008 | [open_context_base.py:518] on_disconnect: Disconnected: conn=0(1061) reason=CallClose
2026-04-29 08:14:49,493 | 24936 | 27496 | [open_context_base.py:410] _init_connect_sync: New connect ready: conn=7455046901923062626(1062) context=<futu.quote.open_quote_context.OpenQuoteContext object at 0x00000128E428EFD0>
2026-04-29 08:14:49,494 | 24936 | 5008 | [open_context_base.py:518] on_disconnect: Disconnected: conn=0(1062) reason=CallClose
2026-04-29 08:14:49,496 | 24936 | 27496 | [open_context_base.py:410] _init_connect_sync: New connect ready: conn=7455046901936000792(1063) context=<futu.quote.open_quote_context.OpenQuoteContext object at 0x00000128E428F100>
  08:14:49 价格更新: 1个持仓
2026-04-29 08:14:49,525 | 24936 | 5008 | [open_context_base.py:518] on_disconnect: Disconnected: conn=0(1063) reason=CallClose
2026-04-29 08:15:49,540 | 24936 | 27496 | [open_context_base.py:410] _init_connect_sync: New connect ready: conn=7455047153737366876(1064) context=<futu.quote.open_quote_context.OpenQuoteContext object at 0x00000128E428F230>
2026-04-29 08:15:49,541 | 24936 | 5008 | [open_context_base.py:518] on_disconnect: Disconnected: conn=0(1064) reason=CallClose
2026-04-29 08:15:49,554 | 24936 | 27496 | [open_context_base.py:410] _init_connect_sync: New connect ready: conn=7455047153792788149(1065) context=<futu.quote.open_quote_context.OpenQuoteContext object at 0x00000128E428F360>
  08:15:49 价格更新: 1个持仓
2026-04-29 08:15:49,595 | 24936 | 5008 | [open_context_base.py:518] on_disconnect: Disconnected: conn=0(1065) reason=CallClose
2026-04-29 08:16:49,610 | 24936 | 27496 | [open_context_base.py:410] _init_connect_sync: New connect ready: conn=7455047405690942400(1066) context=<futu.quote.open_quote_context.OpenQuoteContext object at 0x00000128E428F490>
2026-04-29 08:16:49,611 | 24936 | 5008 | [open_context_base.py:518] on_disconnect: Disconnected: conn=0(1066) reason=CallClose
2026-04-29 08:16:49,622 | 24936 | 27496 | [open_context_base.py:410] _init_connect_sync: New connect ready: conn=7455047405744079669(1067) context=<futu.quote.open_quote_context.OpenQuoteContext object at 0x00000128E428F5C0>
  08:16:49 价格更新: 1个持仓
2026-04-29 08:16:49,651 | 24936 | 5008 | [open_context_base.py:518] on_disconnect: Disconnected: conn=0(1067) reason=CallClose
2026-04-29 08:17:49,657 | 24936 | 27496 | [open_context_base.py:410] _init_connect_sync: New connect ready: conn=7455047657592614763(1068) context=<futu.quote.open_quote_context.OpenQuoteContext object at 0x00000128E428F6F0>
2026-04-29 08:17:49,658 | 24936 | 5008 | [open_context_base.py:518] on_disconnect: Disconnected: conn=0(1068) reason=CallClose
2026-04-29 08:17:49,660 | 24936 | 27496 | [open_context_base.py:410] _init_connect_sync: New connect ready: conn=7455047657599822856(1069) context=<futu.quote.open_quote_context.OpenQuoteContext object at 0x00000128E428F820>
  08:17:49 价格更新: 1个持仓
2026-04-29 08:17:49,691 | 24936 | 5008 | [open_context_base.py:518] on_disconnect: Disconnected: conn=0(1069) reason=CallClose
2026-04-29 08:18:49,696 | 24936 | 27496 | [open_context_base.py:410] _init_connect_sync: New connect ready: conn=7455047909404219091(1070) context=<futu.quote.open_quote_context.OpenQuoteContext object at 0x00000128E428F950>
2026-04-29 08:18:49,697 | 24936 | 5008 | [open_context_base.py:518] on_disconnect: Disconnected: conn=0(1070) reason=CallClose
2026-04-29 08:18:49,698 | 24936 | 27496 | [open_context_base.py:410] _init_connect_sync: New connect ready: conn=7455047909418215844(1071) context=<futu.quote.open_quote_context.OpenQuoteContext object at 0x00000128E428FA80>
  08:18:49 价格更新: 1个持仓
2026-04-29 08:18:49,740 | 24936 | 5008 | [open_context_base.py:518] on_disconnect: Disconnected: conn=0(1071) reason=CallClose
2026-04-29 08:19:49,757 | 24936 | 27496 | [open_context_base.py:410] _init_connect_sync: New connect ready: conn=7455048161274982085(1072) context=<futu.quote.open_quote_context.OpenQuoteContext object at 0x00000128E428FBB0>
2026-04-29 08:19:49,758 | 24936 | 5008 | [open_context_base.py:518] on_disconnect: Disconnected: conn=0(1072) reason=CallClose
2026-04-29 08:19:49,760 | 24936 | 27496 | [open_context_base.py:410] _init_connect_sync: New connect ready: conn=7455048161337447367(1073) context=<futu.quote.open_quote_context.OpenQuoteContext object at 0x00000128E428FCE0>
  08:19:49 价格更新: 1个持仓
2026-04-29 08:19:49,855 | 24936 | 5008 | [open_context_base.py:518] on_disconnect: Disconnected: conn=0(1073) reason=CallClose
2026-04-29 08:20:49,860 | 24936 | 27496 | [open_context_base.py:410] _init_connect_sync: New connect ready: conn=7455048413410108845(1074) context=<futu.quote.open_quote_context.OpenQuoteContext object at 0x00000128E428FE10>
2026-04-29 08:20:49,861 | 24936 | 5008 | [open_context_base.py:518] on_disconnect: Disconnected: conn=0(1074) reason=CallClose
2026-04-29 08:20:49,874 | 24936 | 27496 | [open_context_base.py:410] _init_connect_sync: New connect ready: conn=7455048413416726883(1075) context=<futu.quote.open_quote_context.OpenQuoteContext object at 0x00000128E6D60050>
  08:20:49 价格更新: 1个持仓
2026-04-29 08:20:49,916 | 24936 | 5008 | [open_context_base.py:518] on_disconnect: Disconnected: conn=0(1075) reason=CallClose
2026-04-29 08:21:49,919 | 24936 | 27496 | [open_context_base.py:410] _init_connect_sync: New connect ready: conn=7455048665318388917(1076) context=<futu.quote.open_quote_context.OpenQuoteContext object at 0x00000128E6D60180>
2026-04-29 08:21:49,920 | 24936 | 5008 | [open_context_base.py:518] on_disconnect: Disconnected: conn=0(1076) reason=CallClose
2026-04-29 08:21:49,921 | 24936 | 27496 | [open_context_base.py:410] _init_connect_sync: New connect ready: conn=7455048665328734725(1077) context=<futu.quote.open_quote_context.OpenQuoteContext object at 0x00000128E6D602B0>
  08:21:49 价格更新: 1个持仓
2026-04-29 08:21:49,971 | 24936 | 5008 | [open_context_base.py:518] on_disconnect: Disconnected: conn=0(1077) reason=CallClose
2026-04-29 08:22:49,986 | 24936 | 27496 | [open_context_base.py:410] _init_connect_sync: New connect ready: conn=7455048917214460758(1078) context=<futu.quote.open_quote_context.OpenQuoteContext object at 0x00000128E6D603E0>
2026-04-29 08:22:49,987 | 24936 | 5008 | [open_context_base.py:518] on_disconnect: Disconnected: conn=0(1078) reason=CallClose
2026-04-29 08:22:50,001 | 24936 | 27496 | [open_context_base.py:410] _init_connect_sync: New connect ready: conn=7455048917272151927(1079) context=<futu.quote.open_quote_context.OpenQuoteContext object at 0x00000128E6D60510>
  08:22:50 价格更新: 1个持仓
2026-04-29 08:22:50,029 | 24936 | 5008 | [open_context_base.py:518] on_disconnect: Disconnected: conn=0(1079) reason=CallClose
2026-04-29 08:23:50,049 | 24936 | 27496 | [open_context_base.py:410] _init_connect_sync: New connect ready: conn=7455049169127560920(1080) context=<futu.quote.open_quote_context.OpenQuoteContext object at 0x00000128E6D60640>
2026-04-29 08:23:50,050 | 24936 | 5008 | [open_context_base.py:518] on_disconnect: Disconnected: conn=0(1080) reason=CallClose
2026-04-29 08:23:50,052 | 24936 | 27496 | [open_context_base.py:410] _init_connect_sync: New connect ready: conn=7455049169193672340(1081) context=<futu.quote.open_quote_context.OpenQuoteContext object at 0x00000128E6D60770>
  08:23:50 价格更新: 1个持仓
2026-04-29 08:23:50,094 | 24936 | 5008 | [open_context_base.py:518] on_disconnect: Disconnected: conn=0(1081) reason=CallClose
2026-04-29 08:24:50,108 | 24936 | 27496 | [open_context_base.py:410] _init_connect_sync: New connect ready: conn=7455049421049016088(1082) context=<futu.quote.open_quote_context.OpenQuoteContext object at 0x00000128E6D608A0>
2026-04-29 08:24:50,109 | 24936 | 5008 | [open_context_base.py:518] on_disconnect: Disconnected: conn=0(1082) reason=CallClose
2026-04-29 08:24:50,121 | 24936 | 27496 | [open_context_base.py:410] _init_connect_sync: New connect ready: conn=7455049421098437029(1083) context=<futu.quote.open_quote_context.OpenQuoteContext object at 0x00000128E6D609D0>
  08:24:50 价格更新: 1个持仓
2026-04-29 08:24:50,199 | 24936 | 5008 | [open_context_base.py:518] on_disconnect: Disconnected: conn=0(1083) reason=CallClose
2026-04-29 08:25:50,214 | 24936 | 27496 | [open_context_base.py:410] _init_connect_sync: New connect ready: conn=7455049673149542628(1084) context=<futu.quote.open_quote_context.OpenQuoteContext object at 0x00000128E6D60B00>
2026-04-29 08:25:50,215 | 24936 | 5008 | [open_context_base.py:518] on_disconnect: Disconnected: conn=0(1084) reason=CallClose
2026-04-29 08:25:50,217 | 24936 | 27496 | [open_context_base.py:410] _init_connect_sync: New connect ready: conn=7455049673201150241(1085) context=<futu.quote.open_quote_context.OpenQuoteContext object at 0x00000128E6D60C30>
  08:25:50 价格更新: 1个持仓
2026-04-29 08:25:50,254 | 24936 | 5008 | [open_context_base.py:518] on_disconnect: Disconnected: conn=0(1085) reason=CallClose
2026-04-29 08:26:50,271 | 24936 | 27496 | [open_context_base.py:410] _init_connect_sync: New connect ready: conn=7455049925042255277(1086) context=<futu.quote.open_quote_context.OpenQuoteContext object at 0x00000128E6D60D60>
2026-04-29 08:26:50,272 | 24936 | 5008 | [open_context_base.py:518] on_disconnect: Disconnected: conn=0(1086) reason=CallClose
2026-04-29 08:26:50,274 | 24936 | 27496 | [open_context_base.py:410] _init_connect_sync: New connect ready: conn=7455049925101413942(1087) context=<futu.quote.open_quote_context.OpenQuoteContext object at 0x00000128E6D60E90>
  08:26:50 价格更新: 1个持仓
2026-04-29 08:26:50,305 | 24936 | 5008 | [open_context_base.py:518] on_disconnect: Disconnected: conn=0(1087) reason=CallClose
2026-04-29 08:27:50,311 | 24936 | 27496 | [open_context_base.py:410] _init_connect_sync: New connect ready: conn=7455050176909774183(1088) context=<futu.quote.open_quote_context.OpenQuoteContext object at 0x00000128E6D60FC0>
2026-04-29 08:27:50,312 | 24936 | 5008 | [open_context_base.py:518] on_disconnect: Disconnected: conn=0(1088) reason=CallClose
2026-04-29 08:27:50,313 | 24936 | 27496 | [open_context_base.py:410] _init_connect_sync: New connect ready: conn=7455050176922168814(1089) context=<futu.quote.open_quote_context.OpenQuoteContext object at 0x00000128E6D610F0>
  08:27:50 价格更新: 1个持仓
2026-04-29 08:27:50,356 | 24936 | 5008 | [open_context_base.py:518] on_disconnect: Disconnected: conn=0(1089) reason=CallClose
2026-04-29 08:28:50,371 | 24936 | 27496 | [open_context_base.py:410] _init_connect_sync: New connect ready: conn=7455050428776998874(1090) context=<futu.quote.open_quote_context.OpenQuoteContext object at 0x00000128E6D61220>
2026-04-29 08:28:50,371 | 24936 | 5008 | [open_context_base.py:518] on_disconnect: Disconnected: conn=0(1090) reason=CallClose
2026-04-29 08:28:50,384 | 24936 | 27496 | [open_context_base.py:410] _init_connect_sync: New connect ready: conn=7455050428832562518(1091) context=<futu.quote.open_quote_context.OpenQuoteContext object at 0x00000128E6D61350>
  08:28:50 价格更新: 1个持仓
2026-04-29 08:28:50,426 | 24936 | 5008 | [open_context_base.py:518] on_disconnect: Disconnected: conn=0(1091) reason=CallClose
2026-04-29 08:29:50,432 | 24936 | 27496 | [open_context_base.py:410] _init_connect_sync: New connect ready: conn=7455050680733213343(1092) context=<futu.quote.open_quote_context.OpenQuoteContext object at 0x00000128E6D61480>
2026-04-29 08:29:50,433 | 24936 | 5008 | [open_context_base.py:518] on_disconnect: Disconnected: conn=0(1092) reason=CallClose
2026-04-29 08:29:50,435 | 24936 | 27496 | [open_context_base.py:410] _init_connect_sync: New connect ready: conn=7455050680750894940(1093) context=<futu.quote.open_quote_context.OpenQuoteContext object at 0x00000128E6D615B0>
  08:29:50 价格更新: 1个持仓
2026-04-29 08:29:50,488 | 24936 | 5008 | [open_context_base.py:518] on_disconnect: Disconnected: conn=0(1093) reason=CallClose
2026-04-29 08:30:50,494 | 24936 | 27496 | [open_context_base.py:410] _init_connect_sync: New connect ready: conn=7455050932659963393(1094) context=<futu.quote.open_quote_context.OpenQuoteContext object at 0x00000128E6D616E0>
2026-04-29 08:30:50,495 | 24936 | 5008 | [open_context_base.py:518] on_disconnect: Disconnected: conn=0(1094) reason=CallClose
2026-04-29 08:30:50,497 | 24936 | 27496 | [open_context_base.py:410] _init_connect_sync: New connect ready: conn=7455050932666241303(1095) context=<futu.quote.open_quote_context.OpenQuoteContext object at 0x00000128E6D61810>
  08:30:50 价格更新: 1个持仓
2026-04-29 08:30:50,532 | 24936 | 5008 | [open_context_base.py:518] on_disconnect: Disconnected: conn=0(1095) reason=CallClose
2026-04-29 08:31:50,538 | 24936 | 27496 | [open_context_base.py:410] _init_connect_sync: New connect ready: conn=7455051184500166272(1096) context=<futu.quote.open_quote_context.OpenQuoteContext object at 0x00000128E6D61940>
2026-04-29 08:31:50,538 | 24936 | 5008 | [open_context_base.py:518] on_disconnect: Disconnected: conn=0(1096) reason=CallClose
2026-04-29 08:31:50,551 | 24936 | 27496 | [open_context_base.py:410] _init_connect_sync: New connect ready: conn=7455051184507068170(1097) context=<futu.quote.open_quote_context.OpenQuoteContext object at 0x00000128E6D61A70>
  08:31:50 价格更新: 1个持仓
2026-04-29 08:31:50,602 | 24936 | 5008 | [open_context_base.py:518] on_disconnect: Disconnected: conn=0(1097) reason=CallClose
2026-04-29 08:32:50,606 | 24936 | 27496 | [open_context_base.py:410] _init_connect_sync: New connect ready: conn=7455051436441256980(1098) context=<futu.quote.open_quote_context.OpenQuoteContext object at 0x00000128E6D61BA0>
2026-04-29 08:32:50,607 | 24936 | 5008 | [open_context_base.py:518] on_disconnect: Disconnected: conn=0(1098) reason=CallClose
2026-04-29 08:32:50,609 | 24936 | 27496 | [open_context_base.py:410] _init_connect_sync: New connect ready: conn=7455051436450397563(1099) context=<futu.quote.open_quote_context.OpenQuoteContext object at 0x00000128E6D61CD0>
  08:32:50 价格更新: 1个持仓
2026-04-29 08:32:50,637 | 24936 | 5008 | [open_context_base.py:518] on_disconnect: Disconnected: conn=0(1099) reason=CallClose
2026-04-29 08:33:50,653 | 24936 | 27496 | [open_context_base.py:410] _init_connect_sync: New connect ready: conn=7455051688243284124(1100) context=<futu.quote.open_quote_context.OpenQuoteContext object at 0x00000128E6D61E00>
2026-04-29 08:33:50,654 | 24936 | 5008 | [open_context_base.py:518] on_disconnect: Disconnected: conn=0(1100) reason=CallClose
2026-04-29 08:33:50,666 | 24936 | 27496 | [open_context_base.py:410] _init_connect_sync: New connect ready: conn=7455051688308852133(1101) context=<futu.quote.open_quote_context.OpenQuoteContext object at 0x00000128E6D61F30>
  08:33:50 价格更新: 1个持仓
2026-04-29 08:33:50,725 | 24936 | 5008 | [open_context_base.py:518] on_disconnect: Disconnected: conn=0(1101) reason=CallClose
2026-04-29 08:34:50,742 | 24936 | 27496 | [open_context_base.py:410] _init_connect_sync: New connect ready: conn=7455051940277596313(1102) context=<futu.quote.open_quote_context.OpenQuoteContext object at 0x00000128E6D62060>
2026-04-29 08:34:50,742 | 24936 | 5008 | [open_context_base.py:518] on_disconnect: Disconnected: conn=0(1102) reason=CallClose
2026-04-29 08:34:50,756 | 24936 | 27496 | [open_context_base.py:410] _init_connect_sync: New connect ready: conn=7455051940337046057(1103) context=<futu.quote.open_quote_context.OpenQuoteContext object at 0x00000128E6D62190>
  08:34:50 价格更新: 1个持仓
2026-04-29 08:34:50,813 | 24936 | 5008 | [open_context_base.py:518] on_disconnect: Disconnected: conn=0(1103) reason=CallClose
2026-04-29 08:35:50,830 | 24936 | 27496 | [open_context_base.py:410] _init_connect_sync: New connect ready: conn=7455052192307101340(1104) context=<futu.quote.open_quote_context.OpenQuoteContext object at 0x00000128E6D622C0>
2026-04-29 08:35:50,831 | 24936 | 5008 | [open_context_base.py:518] on_disconnect: Disconnected: conn=0(1104) reason=CallClose
2026-04-29 08:35:50,844 | 24936 | 27496 | [open_context_base.py:410] _init_connect_sync: New connect ready: conn=7455052192368239082(1105) context=<futu.quote.open_quote_context.OpenQuoteContext object at 0x00000128E6D623F0>
  08:35:50 价格更新: 1个持仓
2026-04-29 08:35:50,922 | 24936 | 5008 | [open_context_base.py:518] on_disconnect: Disconnected: conn=0(1105) reason=CallClose
2026-04-29 08:36:50,938 | 24936 | 27496 | [open_context_base.py:410] _init_connect_sync: New connect ready: conn=7455052444420655134(1106) context=<futu.quote.open_quote_context.OpenQuoteContext object at 0x00000128E6D62520>
2026-04-29 08:36:50,939 | 24936 | 5008 | [open_context_base.py:518] on_disconnect: Disconnected: conn=0(1106) reason=CallClose
2026-04-29 08:36:50,941 | 24936 | 27496 | [open_context_base.py:410] _init_connect_sync: New connect ready: conn=7455052444479705299(1107) context=<futu.quote.open_quote_context.OpenQuoteContext object at 0x00000128E6D62650>
  08:36:50 价格更新: 1个持仓
2026-04-29 08:36:50,970 | 24936 | 5008 | [open_context_base.py:518] on_disconnect: Disconnected: conn=0(1107) reason=CallClose
2026-04-29 08:37:50,987 | 24936 | 27496 | [open_context_base.py:410] _init_connect_sync: New connect ready: conn=7455052696281441671(1108) context=<futu.quote.open_quote_context.OpenQuoteContext object at 0x00000128E6D62780>
2026-04-29 08:37:50,988 | 24936 | 5008 | [open_context_base.py:518] on_disconnect: Disconnected: conn=0(1108) reason=CallClose
2026-04-29 08:37:50,990 | 24936 | 27496 | [open_context_base.py:410] _init_connect_sync: New connect ready: conn=7455052696341771748(1109) context=<futu.quote.open_quote_context.OpenQuoteContext object at 0x00000128E6D628B0>
  08:37:51 价格更新: 1个持仓
2026-04-29 08:37:51,062 | 24936 | 5008 | [open_context_base.py:518] on_disconnect: Disconnected: conn=0(1109) reason=CallClose
2026-04-29 08:38:51,077 | 24936 | 27496 | [open_context_base.py:410] _init_connect_sync: New connect ready: conn=7455052948321956442(1110) context=<futu.quote.open_quote_context.OpenQuoteContext object at 0x00000128E6D629E0>
2026-04-29 08:38:51,079 | 24936 | 5008 | [open_context_base.py:518] on_disconnect: Disconnected: conn=0(1110) reason=CallClose
2026-04-29 08:38:51,082 | 24936 | 27496 | [open_context_base.py:410] _init_connect_sync: New connect ready: conn=7455052948381511295(1111) context=<futu.quote.open_quote_context.OpenQuoteContext object at 0x00000128E6D62B10>
  08:38:51 价格更新: 1个持仓
2026-04-29 08:38:51,116 | 24936 | 5008 | [open_context_base.py:518] on_disconnect: Disconnected: conn=0(1111) reason=CallClose
2026-04-29 08:39:51,121 | 24936 | 27496 | [open_context_base.py:410] _init_connect_sync: New connect ready: conn=7455053200208226344(1112) context=<futu.quote.open_quote_context.OpenQuoteContext object at 0x00000128E6D62C40>
2026-04-29 08:39:51,122 | 24936 | 5008 | [open_context_base.py:518] on_disconnect: Disconnected: conn=0(1112) reason=CallClose
2026-04-29 08:39:51,124 | 24936 | 27496 | [open_context_base.py:410] _init_connect_sync: New connect ready: conn=7455053200218166819(1113) context=<futu.quote.open_quote_context.OpenQuoteContext object at 0x00000128E6D62D70>
  08:39:51 价格更新: 1个持仓
2026-04-29 08:39:51,159 | 24936 | 5008 | [open_context_base.py:518] on_disconnect: Disconnected: conn=0(1113) reason=CallClose
2026-04-29 08:40:51,177 | 24936 | 27496 | [open_context_base.py:410] _init_connect_sync: New connect ready: conn=7455053452057015406(1114) context=<futu.quote.open_quote_context.OpenQuoteContext object at 0x00000128E6D62EA0>
2026-04-29 08:40:51,178 | 24936 | 5008 | [open_context_base.py:518] on_disconnect: Disconnected: conn=0(1114) reason=CallClose
2026-04-29 08:40:51,190 | 24936 | 27496 | [open_context_base.py:410] _init_connect_sync: New connect ready: conn=7455053452117110843(1115) context=<futu.quote.open_quote_context.OpenQuoteContext object at 0x00000128E6D62FD0>
  08:40:51 价格更新: 1个持仓
2026-04-29 08:40:51,221 | 24936 | 5008 | [open_context_base.py:518] on_disconnect: Disconnected: conn=0(1115) reason=CallClose
2026-04-29 08:41:51,227 | 24936 | 27496 | [open_context_base.py:410] _init_connect_sync: New connect ready: conn=7455053703965986738(1116) context=<futu.quote.open_quote_context.OpenQuoteContext object at 0x00000128E6D63100>
2026-04-29 08:41:51,228 | 24936 | 5008 | [open_context_base.py:518] on_disconnect: Disconnected: conn=0(1116) reason=CallClose
2026-04-29 08:41:51,230 | 24936 | 27496 | [open_context_base.py:410] _init_connect_sync: New connect ready: conn=7455053703978586963(1117) context=<futu.quote.open_quote_context.OpenQuoteContext object at 0x00000128E6D63230>
  08:41:51 价格更新: 1个持仓
2026-04-29 08:41:51,313 | 24936 | 5008 | [open_context_base.py:518] on_disconnect: Disconnected: conn=0(1117) reason=CallClose
2026-04-29 08:42:51,318 | 24936 | 27496 | [open_context_base.py:410] _init_connect_sync: New connect ready: conn=7455053956011369534(1118) context=<futu.quote.open_quote_context.OpenQuoteContext object at 0x00000128E6D63360>
2026-04-29 08:42:51,318 | 24936 | 5008 | [open_context_base.py:518] on_disconnect: Disconnected: conn=0(1118) reason=CallClose
2026-04-29 08:42:51,330 | 24936 | 27496 | [open_context_base.py:410] _init_connect_sync: New connect ready: conn=7455053956017526798(1119) context=<futu.quote.open_quote_context.OpenQuoteContext object at 0x00000128E6D63490>
  08:42:51 价格更新: 1个持仓
2026-04-29 08:42:51,374 | 24936 | 5008 | [open_context_base.py:518] on_disconnect: Disconnected: conn=0(1119) reason=CallClose
2026-04-29 08:43:51,390 | 24936 | 27496 | [open_context_base.py:410] _init_connect_sync: New connect ready: conn=7455054207923082453(1120) context=<futu.quote.open_quote_context.OpenQuoteContext object at 0x00000128E6D635C0>
2026-04-29 08:43:51,391 | 24936 | 5008 | [open_context_base.py:518] on_disconnect: Disconnected: conn=0(1120) reason=CallClose
2026-04-29 08:43:51,404 | 24936 | 27496 | [open_context_base.py:410] _init_connect_sync: New connect ready: conn=7455054207984890087(1121) context=<futu.quote.open_quote_context.OpenQuoteContext object at 0x00000128E6D636F0>
  08:43:51 价格更新: 1个持仓
2026-04-29 08:43:51,568 | 24936 | 5008 | [open_context_base.py:518] on_disconnect: Disconnected: conn=0(1121) reason=CallClose
2026-04-29 08:44:51,585 | 24936 | 27496 | [open_context_base.py:410] _init_connect_sync: New connect ready: conn=7455054460390356801(1122) context=<futu.quote.open_quote_context.OpenQuoteContext object at 0x00000128E6D63820>
2026-04-29 08:44:51,586 | 24936 | 5008 | [open_context_base.py:518] on_disconnect: Disconnected: conn=0(1122) reason=CallClose
2026-04-29 08:44:51,599 | 24936 | 27496 | [open_context_base.py:410] _init_connect_sync: New connect ready: conn=7455054460454157347(1123) context=<futu.quote.open_quote_context.OpenQuoteContext object at 0x00000128E6D63950>
  08:44:51 价格更新: 1个持仓
2026-04-29 08:44:51,657 | 24936 | 5008 | [open_context_base.py:518] on_disconnect: Disconnected: conn=0(1123) reason=CallClose
2026-04-29 08:45:51,676 | 24936 | 27496 | [open_context_base.py:410] _init_connect_sync: New connect ready: conn=7455054712437827312(1124) context=<futu.quote.open_quote_context.OpenQuoteContext object at 0x00000128E6D63A80>
2026-04-29 08:45:51,676 | 24936 | 5008 | [open_context_base.py:518] on_disconnect: Disconnected: conn=0(1124) reason=CallClose
2026-04-29 08:45:51,678 | 24936 | 27496 | [open_context_base.py:410] _init_connect_sync: New connect ready: conn=7455054712495302472(1125) context=<futu.quote.open_quote_context.OpenQuoteContext object at 0x00000128E6D63BB0>
  08:45:51 价格更新: 1个持仓
2026-04-29 08:45:51,710 | 24936 | 5008 | [open_context_base.py:518] on_disconnect: Disconnected: conn=0(1125) reason=CallClose
2026-04-29 08:46:51,726 | 24936 | 27496 | [open_context_base.py:410] _init_connect_sync: New connect ready: conn=7455054964305123551(1126) context=<futu.quote.open_quote_context.OpenQuoteContext object at 0x00000128E6D63CE0>
2026-04-29 08:46:51,727 | 24936 | 5008 | [open_context_base.py:518] on_disconnect: Disconnected: conn=0(1126) reason=CallClose
2026-04-29 08:46:51,729 | 24936 | 27496 | [open_context_base.py:410] _init_connect_sync: New connect ready: conn=7455054964365946937(1127) context=<futu.quote.open_quote_context.OpenQuoteContext object at 0x00000128E6D63E10>
  08:46:51 价格更新: 1个持仓
2026-04-29 08:46:51,758 | 24936 | 5008 | [open_context_base.py:518] on_disconnect: Disconnected: conn=0(1127) reason=CallClose
2026-04-29 08:47:51,765 | 24936 | 27496 | [open_context_base.py:410] _init_connect_sync: New connect ready: conn=7455055216176869339(1128) context=<futu.quote.open_quote_context.OpenQuoteContext object at 0x00000128E6D7C050>
2026-04-29 08:47:51,765 | 24936 | 5008 | [open_context_base.py:518] on_disconnect: Disconnected: conn=0(1128) reason=CallClose
2026-04-29 08:47:51,767 | 24936 | 27496 | [open_context_base.py:410] _init_connect_sync: New connect ready: conn=7455055216184241073(1129) context=<futu.quote.open_quote_context.OpenQuoteContext object at 0x00000128E6D7C180>
  08:47:51 价格更新: 1个持仓
2026-04-29 08:47:51,825 | 24936 | 5008 | [open_context_base.py:518] on_disconnect: Disconnected: conn=0(1129) reason=CallClose
2026-04-29 08:48:51,829 | 24936 | 27496 | [open_context_base.py:410] _init_connect_sync: New connect ready: conn=7455055468103814766(1130) context=<futu.quote.open_quote_context.OpenQuoteContext object at 0x00000128E6D7C2B0>
2026-04-29 08:48:51,830 | 24936 | 5008 | [open_context_base.py:518] on_disconnect: Disconnected: conn=0(1130) reason=CallClose
2026-04-29 08:48:51,842 | 24936 | 27496 | [open_context_base.py:410] _init_connect_sync: New connect ready: conn=7455055468113973890(1131) context=<futu.quote.open_quote_context.OpenQuoteContext object at 0x00000128E6D7C3E0>
  08:48:51 价格更新: 1个持仓
2026-04-29 08:48:51,871 | 24936 | 5008 | [open_context_base.py:518] on_disconnect: Disconnected: conn=0(1131) reason=CallClose
2026-04-29 08:49:51,875 | 24936 | 27496 | [open_context_base.py:410] _init_connect_sync: New connect ready: conn=7455055719953039450(1132) context=<futu.quote.open_quote_context.OpenQuoteContext object at 0x00000128E6D7C510>
2026-04-29 08:49:51,876 | 24936 | 5008 | [open_context_base.py:518] on_disconnect: Disconnected: conn=0(1132) reason=CallClose
2026-04-29 08:49:51,889 | 24936 | 27496 | [open_context_base.py:410] _init_connect_sync: New connect ready: conn=7455055719966198484(1133) context=<futu.quote.open_quote_context.OpenQuoteContext object at 0x00000128E6D7C640>
  08:49:51 价格更新: 1个持仓
2026-04-29 08:49:51,917 | 24936 | 5008 | [open_context_base.py:518] on_disconnect: Disconnected: conn=0(1133) reason=CallClose
2026-04-29 08:50:51,932 | 24936 | 27496 | [open_context_base.py:410] _init_connect_sync: New connect ready: conn=7455055971810636120(1134) context=<futu.quote.open_quote_context.OpenQuoteContext object at 0x00000128E6D7C770>
2026-04-29 08:50:51,933 | 24936 | 5008 | [open_context_base.py:518] on_disconnect: Disconnected: conn=0(1134) reason=CallClose
2026-04-29 08:50:51,946 | 24936 | 27496 | [open_context_base.py:410] _init_connect_sync: New connect ready: conn=7455055971859639585(1135) context=<futu.quote.open_quote_context.OpenQuoteContext object at 0x00000128E6D7C8A0>
  08:50:51 价格更新: 1个持仓
2026-04-29 08:50:51,975 | 24936 | 5008 | [open_context_base.py:518] on_disconnect: Disconnected: conn=0(1135) reason=CallClose
2026-04-29 08:51:51,981 | 24936 | 27496 | [open_context_base.py:410] _init_connect_sync: New connect ready: conn=7455056223716361785(1136) context=<futu.quote.open_quote_context.OpenQuoteContext object at 0x00000128E6D7C9D0>
2026-04-29 08:51:51,982 | 24936 | 5008 | [open_context_base.py:518] on_disconnect: Disconnected: conn=0(1136) reason=CallClose
2026-04-29 08:51:51,993 | 24936 | 27496 | [open_context_base.py:410] _init_connect_sync: New connect ready: conn=7455056223724355565(1137) context=<futu.quote.open_quote_context.OpenQuoteContext object at 0x00000128E6D7CB00>
  08:51:52 价格更新: 1个持仓
2026-04-29 08:51:52,028 | 24936 | 5008 | [open_context_base.py:518] on_disconnect: Disconnected: conn=0(1137) reason=CallClose
2026-04-29 08:52:52,032 | 24936 | 27496 | [open_context_base.py:410] _init_connect_sync: New connect ready: conn=7455056475589065723(1138) context=<futu.quote.open_quote_context.OpenQuoteContext object at 0x00000128E6D7CC30>
2026-04-29 08:52:52,033 | 24936 | 5008 | [open_context_base.py:518] on_disconnect: Disconnected: conn=0(1138) reason=CallClose
2026-04-29 08:52:52,045 | 24936 | 27496 | [open_context_base.py:410] _init_connect_sync: New connect ready: conn=7455056475598928134(1139) context=<futu.quote.open_quote_context.OpenQuoteContext object at 0x00000128E6D7CD60>
  08:52:52 价格更新: 1个持仓
2026-04-29 08:52:52,074 | 24936 | 5008 | [open_context_base.py:518] on_disconnect: Disconnected: conn=0(1139) reason=CallClose
2026-04-29 08:53:52,079 | 24936 | 27496 | [open_context_base.py:410] _init_connect_sync: New connect ready: conn=7455056727440954477(1140) context=<futu.quote.open_quote_context.OpenQuoteContext object at 0x00000128E6D7CE90>
2026-04-29 08:53:52,080 | 24936 | 5008 | [open_context_base.py:518] on_disconnect: Disconnected: conn=0(1140) reason=CallClose
2026-04-29 08:53:52,092 | 24936 | 27496 | [open_context_base.py:410] _init_connect_sync: New connect ready: conn=7455056727457096218(1141) context=<futu.quote.open_quote_context.OpenQuoteContext object at 0x00000128E6D7CFC0>
  08:53:52 价格更新: 1个持仓
2026-04-29 08:53:52,133 | 24936 | 5008 | [open_context_base.py:518] on_disconnect: Disconnected: conn=0(1141) reason=CallClose
2026-04-29 08:54:52,149 | 24936 | 27496 | [open_context_base.py:410] _init_connect_sync: New connect ready: conn=7455056979343105927(1142) context=<futu.quote.open_quote_context.OpenQuoteContext object at 0x00000128E6D7D0F0>
2026-04-29 08:54:52,150 | 24936 | 5008 | [open_context_base.py:518] on_disconnect: Disconnected: conn=0(1142) reason=CallClose
2026-04-29 08:54:52,163 | 24936 | 27496 | [open_context_base.py:410] _init_connect_sync: New connect ready: conn=7455056979409298672(1143) context=<futu.quote.open_quote_context.OpenQuoteContext object at 0x00000128E6D7D220>
  08:54:52 价格更新: 1个持仓
2026-04-29 08:54:52,221 | 24936 | 5008 | [open_context_base.py:518] on_disconnect: Disconnected: conn=0(1143) reason=CallClose
2026-04-29 08:55:52,238 | 24936 | 27496 | [open_context_base.py:410] _init_connect_sync: New connect ready: conn=7455057231378998020(1144) context=<futu.quote.open_quote_context.OpenQuoteContext object at 0x00000128E6D7D350>
2026-04-29 08:55:52,239 | 24936 | 5008 | [open_context_base.py:518] on_disconnect: Disconnected: conn=0(1144) reason=CallClose
2026-04-29 08:55:52,252 | 24936 | 27496 | [open_context_base.py:410] _init_connect_sync: New connect ready: conn=7455057231439588022(1145) context=<futu.quote.open_quote_context.OpenQuoteContext object at 0x00000128E6D7D480>
  08:55:52 价格更新: 1个持仓
2026-04-29 08:55:52,301 | 24936 | 5008 | [open_context_base.py:518] on_disconnect: Disconnected: conn=0(1145) reason=CallClose
2026-04-29 08:56:52,318 | 24936 | 27496 | [open_context_base.py:410] _init_connect_sync: New connect ready: conn=7455057483364839854(1146) context=<futu.quote.open_quote_context.OpenQuoteContext object at 0x00000128E6D7D5B0>
2026-04-29 08:56:52,319 | 24936 | 5008 | [open_context_base.py:518] on_disconnect: Disconnected: conn=0(1146) reason=CallClose
2026-04-29 08:56:52,332 | 24936 | 27496 | [open_context_base.py:410] _init_connect_sync: New connect ready: conn=7455057483432362875(1147) context=<futu.quote.open_quote_context.OpenQuoteContext object at 0x00000128E6D7D6E0>
  08:56:52 价格更新: 1个持仓
2026-04-29 08:56:52,365 | 24936 | 5008 | [open_context_base.py:518] on_disconnect: Disconnected: conn=0(1147) reason=CallClose
2026-04-29 08:57:52,383 | 24936 | 27496 | [open_context_base.py:410] _init_connect_sync: New connect ready: conn=7455057735301455476(1148) context=<futu.quote.open_quote_context.OpenQuoteContext object at 0x00000128E6D7D810>
2026-04-29 08:57:52,384 | 24936 | 5008 | [open_context_base.py:518] on_disconnect: Disconnected: conn=0(1148) reason=CallClose
2026-04-29 08:57:52,386 | 24936 | 27496 | [open_context_base.py:410] _init_connect_sync: New connect ready: conn=7455057735365545627(1149) context=<futu.quote.open_quote_context.OpenQuoteContext object at 0x00000128E6D7D940>
  08:57:52 价格更新: 1个持仓
2026-04-29 08:57:52,429 | 24936 | 5008 | [open_context_base.py:518] on_disconnect: Disconnected: conn=0(1149) reason=CallClose
2026-04-29 08:58:52,438 | 24936 | 27496 | [open_context_base.py:410] _init_connect_sync: New connect ready: conn=7455057987235452923(1150) context=<futu.quote.open_quote_context.OpenQuoteContext object at 0x00000128E6D7DA70>
2026-04-29 08:58:52,438 | 24936 | 5008 | [open_context_base.py:518] on_disconnect: Disconnected: conn=0(1150) reason=CallClose
2026-04-29 08:58:52,440 | 24936 | 27496 | [open_context_base.py:410] _init_connect_sync: New connect ready: conn=7455057987253761026(1151) context=<futu.quote.open_quote_context.OpenQuoteContext object at 0x00000128E6D7DBA0>
  08:58:52 价格更新: 1个持仓
2026-04-29 08:58:52,717 | 24936 | 5008 | [open_context_base.py:518] on_disconnect: Disconnected: conn=0(1151) reason=CallClose
2026-04-29 08:59:52,722 | 24936 | 27496 | [open_context_base.py:410] _init_connect_sync: New connect ready: conn=7455058240088244147(1152) context=<futu.quote.open_quote_context.OpenQuoteContext object at 0x00000128E6D7DCD0>
2026-04-29 08:59:52,723 | 24936 | 5008 | [open_context_base.py:518] on_disconnect: Disconnected: conn=0(1152) reason=CallClose
2026-04-29 08:59:52,737 | 24936 | 27496 | [open_context_base.py:410] _init_connect_sync: New connect ready: conn=7455058240100486832(1153) context=<futu.quote.open_quote_context.OpenQuoteContext object at 0x00000128E6D7DE00>
  08:59:52 价格更新: 1个持仓
2026-04-29 08:59:52,784 | 24936 | 5008 | [open_context_base.py:518] on_disconnect: Disconnected: conn=0(1153) reason=CallClose
2026-04-29 09:00:52,790 | 24936 | 27496 | [open_context_base.py:410] _init_connect_sync: New connect ready: conn=7455058492026621294(1154) context=<futu.quote.open_quote_context.OpenQuoteContext object at 0x00000128E6D7DF30>
2026-04-29 09:00:52,790 | 24936 | 5008 | [open_context_base.py:518] on_disconnect: Disconnected: conn=0(1154) reason=CallClose
2026-04-29 09:00:52,804 | 24936 | 27496 | [open_context_base.py:410] _init_connect_sync: New connect ready: conn=7455058492040141674(1155) context=<futu.quote.open_quote_context.OpenQuoteContext object at 0x00000128E6D7E060>
  09:00:52 价格更新: 1个持仓
2026-04-29 09:00:52,837 | 24936 | 5008 | [open_context_base.py:518] on_disconnect: Disconnected: conn=0(1155) reason=CallClose
2026-04-29 09:01:52,842 | 24936 | 27496 | [open_context_base.py:410] _init_connect_sync: New connect ready: conn=7455058743910112579(1156) context=<futu.quote.open_quote_context.OpenQuoteContext object at 0x00000128E6D7E190>
2026-04-29 09:01:52,843 | 24936 | 5008 | [open_context_base.py:518] on_disconnect: Disconnected: conn=0(1156) reason=CallClose
2026-04-29 09:01:52,844 | 24936 | 27496 | [open_context_base.py:410] _init_connect_sync: New connect ready: conn=7455058743916451528(1157) context=<futu.quote.open_quote_context.OpenQuoteContext object at 0x00000128E6D7E2C0>
  09:01:52 价格更新: 1个持仓
2026-04-29 09:01:52,882 | 24936 | 5008 | [open_context_base.py:518] on_disconnect: Disconnected: conn=0(1157) reason=CallClose
2026-04-29 09:02:52,888 | 24936 | 27496 | [open_context_base.py:410] _init_connect_sync: New connect ready: conn=7455058995758379538(1158) context=<futu.quote.open_quote_context.OpenQuoteContext object at 0x00000128E6D7E3F0>
2026-04-29 09:02:52,889 | 24936 | 5008 | [open_context_base.py:518] on_disconnect: Disconnected: conn=0(1158) reason=CallClose
2026-04-29 09:02:52,891 | 24936 | 27496 | [open_context_base.py:410] _init_connect_sync: New connect ready: conn=7455058995771492139(1159) context=<futu.quote.open_quote_context.OpenQuoteContext object at 0x00000128E6D7E520>
  09:02:52 价格更新: 1个持仓
2026-04-29 09:02:52,936 | 24936 | 5008 | [open_context_base.py:518] on_disconnect: Disconnected: conn=0(1159) reason=CallClose
2026-04-29 09:03:52,941 | 24936 | 27496 | [open_context_base.py:410] _init_connect_sync: New connect ready: conn=7455059247639971629(1160) context=<futu.quote.open_quote_context.OpenQuoteContext object at 0x00000128E6D7E650>
2026-04-29 09:03:52,942 | 24936 | 5008 | [open_context_base.py:518] on_disconnect: Disconnected: conn=0(1160) reason=CallClose
2026-04-29 09:03:52,944 | 24936 | 27496 | [open_context_base.py:410] _init_connect_sync: New connect ready: conn=7455059247652550562(1161) context=<futu.quote.open_quote_context.OpenQuoteContext object at 0x00000128E6D7E780>
  09:03:52 价格更新: 1个持仓
2026-04-29 09:03:52,976 | 24936 | 5008 | [open_context_base.py:518] on_disconnect: Disconnected: conn=0(1161) reason=CallClose
2026-04-29 09:04:52,982 | 24936 | 27496 | [open_context_base.py:410] _init_connect_sync: New connect ready: conn=7455059499470662667(1162) context=<futu.quote.open_quote_context.OpenQuoteContext object at 0x00000128E6D7E8B0>
2026-04-29 09:04:52,983 | 24936 | 5008 | [open_context_base.py:518] on_disconnect: Disconnected: conn=0(1162) reason=CallClose
2026-04-29 09:04:52,985 | 24936 | 27496 | [open_context_base.py:410] _init_connect_sync: New connect ready: conn=7455059499479863090(1163) context=<futu.quote.open_quote_context.OpenQuoteContext object at 0x00000128E6D7E9E0>
  09:04:53 价格更新: 1个持仓
2026-04-29 09:04:53,020 | 24936 | 5008 | [open_context_base.py:518] on_disconnect: Disconnected: conn=0(1163) reason=CallClose
2026-04-29 09:05:53,038 | 24936 | 27496 | [open_context_base.py:410] _init_connect_sync: New connect ready: conn=7455059751313518568(1164) context=<futu.quote.open_quote_context.OpenQuoteContext object at 0x00000128E6D7EB10>
2026-04-29 09:05:53,039 | 24936 | 5008 | [open_context_base.py:518] on_disconnect: Disconnected: conn=0(1164) reason=CallClose
2026-04-29 09:05:53,051 | 24936 | 27496 | [open_context_base.py:410] _init_connect_sync: New connect ready: conn=7455059751371457286(1165) context=<futu.quote.open_quote_context.OpenQuoteContext object at 0x00000128E6D7EC40>
  09:05:53 价格更新: 1个持仓
2026-04-29 09:05:53,086 | 24936 | 5008 | [open_context_base.py:518] on_disconnect: Disconnected: conn=0(1165) reason=CallClose
2026-04-29 09:06:53,093 | 24936 | 27496 | [open_context_base.py:410] _init_connect_sync: New connect ready: conn=7455060003253348192(1166) context=<futu.quote.open_quote_context.OpenQuoteContext object at 0x00000128E6D7ED70>
2026-04-29 09:06:53,094 | 24936 | 5008 | [open_context_base.py:518] on_disconnect: Disconnected: conn=0(1166) reason=CallClose
2026-04-29 09:06:53,096 | 24936 | 27496 | [open_context_base.py:410] _init_connect_sync: New connect ready: conn=7455060003262338091(1167) context=<futu.quote.open_quote_context.OpenQuoteContext object at 0x00000128E6D7EEA0>
  09:06:53 价格更新: 1个持仓
2026-04-29 09:06:53,137 | 24936 | 5008 | [open_context_base.py:518] on_disconnect: Disconnected: conn=0(1167) reason=CallClose
2026-04-29 09:07:53,141 | 24936 | 27496 | [open_context_base.py:410] _init_connect_sync: New connect ready: conn=7455060255106878918(1168) context=<futu.quote.open_quote_context.OpenQuoteContext object at 0x00000128E6D7EFD0>
2026-04-29 09:07:53,142 | 24936 | 5008 | [open_context_base.py:518] on_disconnect: Disconnected: conn=0(1168) reason=CallClose
2026-04-29 09:07:53,144 | 24936 | 27496 | [open_context_base.py:410] _init_connect_sync: New connect ready: conn=7455060255123475450(1169) context=<futu.quote.open_quote_context.OpenQuoteContext object at 0x00000128E6D7F100>
  09:07:53 价格更新: 1个持仓
2026-04-29 09:07:53,173 | 24936 | 5008 | [open_context_base.py:518] on_disconnect: Disconnected: conn=0(1169) reason=CallClose
2026-04-29 09:08:53,178 | 24936 | 27496 | [open_context_base.py:410] _init_connect_sync: New connect ready: conn=7455060506924158932(1170) context=<futu.quote.open_quote_context.OpenQuoteContext object at 0x00000128E6D7F230>
2026-04-29 09:08:53,178 | 24936 | 5008 | [open_context_base.py:518] on_disconnect: Disconnected: conn=0(1170) reason=CallClose
2026-04-29 09:08:53,180 | 24936 | 27496 | [open_context_base.py:410] _init_connect_sync: New connect ready: conn=7455060506934652024(1171) context=<futu.quote.open_quote_context.OpenQuoteContext object at 0x00000128E6D7F360>
  09:08:53 价格更新: 1个持仓
2026-04-29 09:08:53,212 | 24936 | 5008 | [open_context_base.py:518] on_disconnect: Disconnected: conn=0(1171) reason=CallClose
2026-04-29 09:09:53,219 | 24936 | 27496 | [open_context_base.py:410] _init_connect_sync: New connect ready: conn=7455060758753172593(1172) context=<futu.quote.open_quote_context.OpenQuoteContext object at 0x00000128E6D7F490>
2026-04-29 09:09:53,220 | 24936 | 5008 | [open_context_base.py:518] on_disconnect: Disconnected: conn=0(1172) reason=CallClose
2026-04-29 09:09:53,223 | 24936 | 27496 | [open_context_base.py:410] _init_connect_sync: New connect ready: conn=7455060758769365716(1173) context=<futu.quote.open_quote_context.OpenQuoteContext object at 0x00000128E6D7F5C0>
  09:09:53 价格更新: 1个持仓
2026-04-29 09:09:53,322 | 24936 | 5008 | [open_context_base.py:518] on_disconnect: Disconnected: conn=0(1173) reason=CallClose
2026-04-29 09:10:53,328 | 24936 | 27496 | [open_context_base.py:410] _init_connect_sync: New connect ready: conn=7455061010869506265(1174) context=<futu.quote.open_quote_context.OpenQuoteContext object at 0x00000128E6D7F6F0>
2026-04-29 09:10:53,329 | 24936 | 5008 | [open_context_base.py:518] on_disconnect: Disconnected: conn=0(1174) reason=CallClose
2026-04-29 09:10:53,342 | 24936 | 27496 | [open_context_base.py:410] _init_connect_sync: New connect ready: conn=7455061010886381690(1175) context=<futu.quote.open_quote_context.OpenQuoteContext object at 0x00000128E6D7F820>
  09:10:53 价格更新: 1个持仓
2026-04-29 09:10:53,374 | 24936 | 5008 | [open_context_base.py:518] on_disconnect: Disconnected: conn=0(1175) reason=CallClose
2026-04-29 09:11:53,380 | 24936 | 27496 | [open_context_base.py:410] _init_connect_sync: New connect ready: conn=7455061262747865730(1176) context=<futu.quote.open_quote_context.OpenQuoteContext object at 0x00000128E6D7F950>
2026-04-29 09:11:53,381 | 24936 | 5008 | [open_context_base.py:518] on_disconnect: Disconnected: conn=0(1176) reason=CallClose
2026-04-29 09:11:53,383 | 24936 | 27496 | [open_context_base.py:410] _init_connect_sync: New connect ready: conn=7455061262760022509(1177) context=<futu.quote.open_quote_context.OpenQuoteContext object at 0x00000128E6D7FA80>
  09:11:53 价格更新: 1个持仓
2026-04-29 09:11:53,416 | 24936 | 5008 | [open_context_base.py:518] on_disconnect: Disconnected: conn=0(1177) reason=CallClose
2026-04-29 09:12:53,432 | 24936 | 27496 | [open_context_base.py:410] _init_connect_sync: New connect ready: conn=7455061514573457255(1178) context=<futu.quote.open_quote_context.OpenQuoteContext object at 0x00000128E6D7FBB0>
2026-04-29 09:12:53,433 | 24936 | 5008 | [open_context_base.py:518] on_disconnect: Disconnected: conn=0(1178) reason=CallClose
2026-04-29 09:12:53,446 | 24936 | 27496 | [open_context_base.py:410] _init_connect_sync: New connect ready: conn=7455061514637505996(1179) context=<futu.quote.open_quote_context.OpenQuoteContext object at 0x00000128E6D7FCE0>
  09:12:53 价格更新: 1个持仓
2026-04-29 09:12:53,482 | 24936 | 5008 | [open_context_base.py:518] on_disconnect: Disconnected: conn=0(1179) reason=CallClose
2026-04-29 09:13:53,486 | 24936 | 27496 | [open_context_base.py:410] _init_connect_sync: New connect ready: conn=7455061766509946966(1180) context=<futu.quote.open_quote_context.OpenQuoteContext object at 0x00000128E6D7FE10>
2026-04-29 09:13:53,487 | 24936 | 5008 | [open_context_base.py:518] on_disconnect: Disconnected: conn=0(1180) reason=CallClose
2026-04-29 09:13:53,489 | 24936 | 27496 | [open_context_base.py:410] _init_connect_sync: New connect ready: conn=7455061766521136094(1181) context=<futu.quote.open_quote_context.OpenQuoteContext object at 0x00000128E6DA4050>
  09:13:53 价格更新: 1个持仓
2026-04-29 09:13:53,519 | 24936 | 5008 | [open_context_base.py:518] on_disconnect: Disconnected: conn=0(1181) reason=CallClose
2026-04-29 09:14:53,536 | 24936 | 27496 | [open_context_base.py:410] _init_connect_sync: New connect ready: conn=7455062018330851640(1182) context=<futu.quote.open_quote_context.OpenQuoteContext object at 0x00000128E6DA4180>
2026-04-29 09:14:53,537 | 24936 | 5008 | [open_context_base.py:518] on_disconnect: Disconnected: conn=0(1182) reason=CallClose
2026-04-29 09:14:53,539 | 24936 | 27496 | [open_context_base.py:410] _init_connect_sync: New connect ready: conn=7455062018391297682(1183) context=<futu.quote.open_quote_context.OpenQuoteContext object at 0x00000128E6DA42B0>
  09:14:53 价格更新: 1个持仓
2026-04-29 09:14:53,581 | 24936 | 5008 | [open_context_base.py:518] on_disconnect: Disconnected: conn=0(1183) reason=CallClose
2026-04-29 09:15:53,598 | 24936 | 27496 | [open_context_base.py:410] _init_connect_sync: New connect ready: conn=7455062270248015775(1184) context=<futu.quote.open_quote_context.OpenQuoteContext object at 0x00000128E6DA43E0>
2026-04-29 09:15:53,599 | 24936 | 5008 | [open_context_base.py:518] on_disconnect: Disconnected: conn=0(1184) reason=CallClose
2026-04-29 09:15:53,600 | 24936 | 27496 | [open_context_base.py:410] _init_connect_sync: New connect ready: conn=7455062270302910425(1185) context=<futu.quote.open_quote_context.OpenQuoteContext object at 0x00000128E6DA4510>
  09:15:53 价格更新: 1个持仓
2026-04-29 09:15:53,632 | 24936 | 5008 | [open_context_base.py:518] on_disconnect: Disconnected: conn=0(1185) reason=CallClose
2026-04-29 09:16:53,648 | 24936 | 27496 | [open_context_base.py:410] _init_connect_sync: New connect ready: conn=7455062522115291365(1186) context=<futu.quote.open_quote_context.OpenQuoteContext object at 0x00000128E6DA4640>
2026-04-29 09:16:53,649 | 24936 | 5008 | [open_context_base.py:518] on_disconnect: Disconnected: conn=0(1186) reason=CallClose
2026-04-29 09:16:53,650 | 24936 | 27496 | [open_context_base.py:410] _init_connect_sync: New connect ready: conn=7455062522170865731(1187) context=<futu.quote.open_quote_context.OpenQuoteContext object at 0x00000128E6DA4770>
  09:16:53 价格更新: 1个持仓
2026-04-29 09:16:53,682 | 24936 | 5008 | [open_context_base.py:518] on_disconnect: Disconnected: conn=0(1187) reason=CallClose
2026-04-29 09:17:53,700 | 24936 | 27496 | [open_context_base.py:410] _init_connect_sync: New connect ready: conn=7455062773990499685(1188) context=<futu.quote.open_quote_context.OpenQuoteContext object at 0x00000128E6DA48A0>
2026-04-29 09:17:53,701 | 24936 | 5008 | [open_context_base.py:518] on_disconnect: Disconnected: conn=0(1188) reason=CallClose
2026-04-29 09:17:53,703 | 24936 | 27496 | [open_context_base.py:410] _init_connect_sync: New connect ready: conn=7455062774053604726(1189) context=<futu.quote.open_quote_context.OpenQuoteContext object at 0x00000128E6DA49D0>
  09:17:53 价格更新: 1个持仓
2026-04-29 09:17:53,733 | 24936 | 5008 | [open_context_base.py:518] on_disconnect: Disconnected: conn=0(1189) reason=CallClose
2026-04-29 09:18:53,738 | 24936 | 27496 | [open_context_base.py:410] _init_connect_sync: New connect ready: conn=7455063025858868866(1190) context=<futu.quote.open_quote_context.OpenQuoteContext object at 0x00000128E6DA4B00>
2026-04-29 09:18:53,739 | 24936 | 5008 | [open_context_base.py:518] on_disconnect: Disconnected: conn=0(1190) reason=CallClose
2026-04-29 09:18:53,740 | 24936 | 27496 | [open_context_base.py:410] _init_connect_sync: New connect ready: conn=7455063025866033300(1191) context=<futu.quote.open_quote_context.OpenQuoteContext object at 0x00000128E6DA4C30>
  09:18:53 价格更新: 1个持仓
2026-04-29 09:18:53,771 | 24936 | 5008 | [open_context_base.py:518] on_disconnect: Disconnected: conn=0(1191) reason=CallClose
2026-04-29 09:19:53,777 | 24936 | 27496 | [open_context_base.py:410] _init_connect_sync: New connect ready: conn=7455063277678735912(1192) context=<futu.quote.open_quote_context.OpenQuoteContext object at 0x00000128E6DA4D60>
2026-04-29 09:19:53,778 | 24936 | 5008 | [open_context_base.py:518] on_disconnect: Disconnected: conn=0(1192) reason=CallClose
2026-04-29 09:19:53,782 | 24936 | 27496 | [open_context_base.py:410] _init_connect_sync: New connect ready: conn=7455063277691049009(1193) context=<futu.quote.open_quote_context.OpenQuoteContext object at 0x00000128E6DA4E90>
  09:19:53 价格更新: 1个持仓
2026-04-29 09:19:53,819 | 24936 | 5008 | [open_context_base.py:518] on_disconnect: Disconnected: conn=0(1193) reason=CallClose
2026-04-29 09:20:53,824 | 24936 | 27496 | [open_context_base.py:410] _init_connect_sync: New connect ready: conn=7455063529533329739(1194) context=<futu.quote.open_quote_context.OpenQuoteContext object at 0x00000128E6DA4FC0>
2026-04-29 09:20:53,825 | 24936 | 5008 | [open_context_base.py:518] on_disconnect: Disconnected: conn=0(1194) reason=CallClose
2026-04-29 09:20:53,827 | 24936 | 27496 | [open_context_base.py:410] _init_connect_sync: New connect ready: conn=7455063529542325202(1195) context=<futu.quote.open_quote_context.OpenQuoteContext object at 0x00000128E6DA50F0>
  09:20:53 价格更新: 1个持仓
2026-04-29 09:20:53,969 | 24936 | 5008 | [open_context_base.py:518] on_disconnect: Disconnected: conn=0(1195) reason=CallClose
2026-04-29 09:21:53,973 | 24936 | 27496 | [open_context_base.py:410] _init_connect_sync: New connect ready: conn=7455063781819301466(1196) context=<futu.quote.open_quote_context.OpenQuoteContext object at 0x00000128E6DA5220>
2026-04-29 09:21:53,974 | 24936 | 5008 | [open_context_base.py:518] on_disconnect: Disconnected: conn=0(1196) reason=CallClose
2026-04-29 09:21:53,975 | 24936 | 27496 | [open_context_base.py:410] _init_connect_sync: New connect ready: conn=7455063781831691394(1197) context=<futu.quote.open_quote_context.OpenQuoteContext object at 0x00000128E6DA5350>
  09:21:54 价格更新: 1个持仓
2026-04-29 09:21:54,008 | 24936 | 5008 | [open_context_base.py:518] on_disconnect: Disconnected: conn=0(1197) reason=CallClose
2026-04-29 09:22:54,015 | 24936 | 27496 | [open_context_base.py:410] _init_connect_sync: New connect ready: conn=7455064033651829644(1198) context=<futu.quote.open_quote_context.OpenQuoteContext object at 0x00000128E6DA5480>
2026-04-29 09:22:54,016 | 24936 | 5008 | [open_context_base.py:518] on_disconnect: Disconnected: conn=0(1198) reason=CallClose
2026-04-29 09:22:54,019 | 24936 | 27496 | [open_context_base.py:410] _init_connect_sync: New connect ready: conn=7455064033667417434(1199) context=<futu.quote.open_quote_context.OpenQuoteContext object at 0x00000128E6DA55B0>
  09:22:54 价格更新: 1个持仓
2026-04-29 09:22:54,052 | 24936 | 5008 | [open_context_base.py:518] on_disconnect: Disconnected: conn=0(1199) reason=CallClose
2026-04-29 09:23:54,069 | 24936 | 27496 | [open_context_base.py:410] _init_connect_sync: New connect ready: conn=7455064285491419645(1200) context=<futu.quote.open_quote_context.OpenQuoteContext object at 0x00000128E6DA56E0>
2026-04-29 09:23:54,070 | 24936 | 5008 | [open_context_base.py:518] on_disconnect: Disconnected: conn=0(1200) reason=CallClose
2026-04-29 09:23:54,073 | 24936 | 27496 | [open_context_base.py:410] _init_connect_sync: New connect ready: conn=7455064285553579993(1201) context=<futu.quote.open_quote_context.OpenQuoteContext object at 0x00000128E6DA5810>
  09:23:54 价格更新: 1个持仓
2026-04-29 09:23:54,104 | 24936 | 5008 | [open_context_base.py:518] on_disconnect: Disconnected: conn=0(1201) reason=CallClose
2026-04-29 09:24:54,109 | 24936 | 27496 | [open_context_base.py:410] _init_connect_sync: New connect ready: conn=7455064537364875880(1202) context=<futu.quote.open_quote_context.OpenQuoteContext object at 0x00000128E6DA5940>
2026-04-29 09:24:54,110 | 24936 | 5008 | [open_context_base.py:518] on_disconnect: Disconnected: conn=0(1202) reason=CallClose
2026-04-29 09:24:54,122 | 24936 | 27496 | [open_context_base.py:410] _init_connect_sync: New connect ready: conn=7455064537373891836(1203) context=<futu.quote.open_quote_context.OpenQuoteContext object at 0x00000128E6DA5A70>
  09:24:54 价格更新: 1个持仓
2026-04-29 09:24:54,160 | 24936 | 5008 | [open_context_base.py:518] on_disconnect: Disconnected: conn=0(1203) reason=CallClose
2026-04-29 09:25:54,169 | 24936 | 27496 | [open_context_base.py:410] _init_connect_sync: New connect ready: conn=7455064789268333815(1204) context=<futu.quote.open_quote_context.OpenQuoteContext object at 0x00000128E6DA5BA0>
2026-04-29 09:25:54,169 | 24936 | 5008 | [open_context_base.py:518] on_disconnect: Disconnected: conn=0(1204) reason=CallClose
2026-04-29 09:25:54,172 | 24936 | 27496 | [open_context_base.py:410] _init_connect_sync: New connect ready: conn=7455064789284478674(1205) context=<futu.quote.open_quote_context.OpenQuoteContext object at 0x00000128E6DA5CD0>
  09:25:54 价格更新: 1个持仓
2026-04-29 09:25:54,203 | 24936 | 5008 | [open_context_base.py:518] on_disconnect: Disconnected: conn=0(1205) reason=CallClose
2026-04-29 09:26:54,207 | 24936 | 27496 | [open_context_base.py:410] _init_connect_sync: New connect ready: conn=7455065041089181383(1206) context=<futu.quote.open_quote_context.OpenQuoteContext object at 0x00000128E6DA5E00>
2026-04-29 09:26:54,207 | 24936 | 5008 | [open_context_base.py:518] on_disconnect: Disconnected: conn=0(1206) reason=CallClose
2026-04-29 09:26:54,209 | 24936 | 27496 | [open_context_base.py:410] _init_connect_sync: New connect ready: conn=7455065041100822770(1207) context=<futu.quote.open_quote_context.OpenQuoteContext object at 0x00000128E6DA5F30>
  09:26:54 价格更新: 1个持仓
2026-04-29 09:26:54,242 | 24936 | 5008 | [open_context_base.py:518] on_disconnect: Disconnected: conn=0(1207) reason=CallClose
2026-04-29 09:27:54,249 | 24936 | 27496 | [open_context_base.py:410] _init_connect_sync: New connect ready: conn=7455065292925823242(1208) context=<futu.quote.open_quote_context.OpenQuoteContext object at 0x00000128E6DA6060>
2026-04-29 09:27:54,250 | 24936 | 5008 | [open_context_base.py:518] on_disconnect: Disconnected: conn=0(1208) reason=CallClose
2026-04-29 09:27:54,252 | 24936 | 27496 | [open_context_base.py:410] _init_connect_sync: New connect ready: conn=7455065292936760366(1209) context=<futu.quote.open_quote_context.OpenQuoteContext object at 0x00000128E6DA6190>
  09:27:54 价格更新: 1个持仓
2026-04-29 09:27:54,290 | 24936 | 5008 | [open_context_base.py:518] on_disconnect: Disconnected: conn=0(1209) reason=CallClose
2026-04-29 09:28:54,296 | 24936 | 27496 | [open_context_base.py:410] _init_connect_sync: New connect ready: conn=7455065544774756638(1210) context=<futu.quote.open_quote_context.OpenQuoteContext object at 0x00000128E6DA62C0>
2026-04-29 09:28:54,297 | 24936 | 5008 | [open_context_base.py:518] on_disconnect: Disconnected: conn=0(1210) reason=CallClose
2026-04-29 09:28:54,298 | 24936 | 27496 | [open_context_base.py:410] _init_connect_sync: New connect ready: conn=7455065544788379538(1211) context=<futu.quote.open_quote_context.OpenQuoteContext object at 0x00000128E6DA63F0>
  09:28:54 价格更新: 1个持仓
2026-04-29 09:28:54,328 | 24936 | 5008 | [open_context_base.py:518] on_disconnect: Disconnected: conn=0(1211) reason=CallClose
2026-04-29 09:29:54,332 | 24936 | 27496 | [open_context_base.py:410] _init_connect_sync: New connect ready: conn=7455065796590104182(1212) context=<futu.quote.open_quote_context.OpenQuoteContext object at 0x00000128E6DA6520>
2026-04-29 09:29:54,337 | 24936 | 5008 | [open_context_base.py:518] on_disconnect: Disconnected: conn=0(1212) reason=CallClose
2026-04-29 09:29:54,340 | 24936 | 27496 | [open_context_base.py:410] _init_connect_sync: New connect ready: conn=7455065796622283865(1213) context=<futu.quote.open_quote_context.OpenQuoteContext object at 0x00000128E6DA6650>
  09:29:54 价格更新: 1个持仓
2026-04-29 09:29:54,369 | 24936 | 5008 | [open_context_base.py:518] on_disconnect: Disconnected: conn=0(1213) reason=CallClose

--- 第 28 轮A股盘中扫描 (A股30min) ---
2026-04-29 09:30:04,385 | 24936 | 27496 | [open_context_base.py:410] _init_connect_sync: New connect ready: conn=7455065838708865680(1214) context=<futu.quote.open_quote_context.OpenQuoteContext object at 0x00000128E6DA6780>
  扫描 A_SHARE2026-04-29 09:30:04,386 | 24936 | 5008 | [open_context_base.py:518] on_disconnect: Disconnected: conn=0(1214) reason=CallClose
...
2026-04-29 09:30:04,411 | 24936 | 27496 | [open_context_base.py:410] _init_connect_sync: New connect ready: conn=7455065838863980255(1215) context=<futu.quote.open_quote_context.OpenQuoteContext object at 0x00000128E6DA6C40>
  A_SHARE: 无异动
  扫描 HK...
2026-04-29 09:30:04,466 | 24936 | 27496 | [open_context_base.py:410] _init_connect_sync: New connect ready: conn=7455065839095804938(1216) context=<futu.quote.open_quote_context.OpenQuoteContext object at 0x00000128E6DA6B10>
2026-04-29 09:30:04,467 | 24936 | 5008 | [open_context_base.py:518] on_disconnect: Disconnected: conn=0(1215) reason=CallClose
  HK: 无异动

  盘中总计: 0 个补牢机会
2026-04-29 09:30:04,476 | 24936 | 5008 | [open_context_base.py:518] on_disconnect: Disconnected: conn=0(1216) reason=CallClose
2026-04-29 09:30:54,482 | 24936 | 27496 | [open_context_base.py:410] _init_connect_sync: New connect ready: conn=7455066048870824649(1217) context=<futu.quote.open_quote_context.OpenQuoteContext object at 0x00000128E6DA6FD0>
2026-04-29 09:30:54,482 | 24936 | 5008 | [open_context_base.py:518] on_disconnect: Disconnected: conn=0(1217) reason=CallClose
2026-04-29 09:30:54,496 | 24936 | 27496 | [open_context_base.py:410] _init_connect_sync: New connect ready: conn=7455066048886873630(1218) context=<futu.quote.open_quote_context.OpenQuoteContext object at 0x00000128E6DA6EA0>
  09:30:54 价格更新: 1个持仓
2026-04-29 09:30:54,528 | 24936 | 5008 | [open_context_base.py:518] on_disconnect: Disconnected: conn=0(1218) reason=CallClose
2026-04-29 09:31:54,545 | 24936 | 27496 | [open_context_base.py:410] _init_connect_sync: New connect ready: conn=7455066300752339783(1219) context=<futu.quote.open_quote_context.OpenQuoteContext object at 0x00000128E6DA6D70>
2026-04-29 09:31:54,546 | 24936 | 5008 | [open_context_base.py:518] on_disconnect: Disconnected: conn=0(1219) reason=CallClose
2026-04-29 09:31:54,548 | 24936 | 27496 | [open_context_base.py:410] _init_connect_sync: New connect ready: conn=7455066300806829366(1220) context=<futu.quote.open_quote_context.OpenQuoteContext object at 0x00000128E6DA69E0>
  09:31:54 价格更新: 1个持仓
2026-04-29 09:31:54,580 | 24936 | 5008 | [open_context_base.py:518] on_disconnect: Disconnected: conn=0(1220) reason=CallClose
2026-04-29 09:32:54,583 | 24936 | 27496 | [open_context_base.py:410] _init_connect_sync: New connect ready: conn=7455066552617502635(1221) context=<futu.quote.open_quote_context.OpenQuoteContext object at 0x00000128E6DA68B0>
2026-04-29 09:32:54,584 | 24936 | 5008 | [open_context_base.py:518] on_disconnect: Disconnected: conn=0(1221) reason=CallClose
2026-04-29 09:32:54,597 | 24936 | 27496 | [open_context_base.py:410] _init_connect_sync: New connect ready: conn=7455066552629825763(1222) context=<futu.quote.open_quote_context.OpenQuoteContext object at 0x00000128E6DA7100>
  09:32:54 价格更新: 1个持仓
2026-04-29 09:32:54,627 | 24936 | 5008 | [open_context_base.py:518] on_disconnect: Disconnected: conn=0(1222) reason=CallClose
2026-04-29 09:33:54,634 | 24936 | 27496 | [open_context_base.py:410] _init_connect_sync: New connect ready: conn=7455066804489280262(1223) context=<futu.quote.open_quote_context.OpenQuoteContext object at 0x00000128E6DA7230>
2026-04-29 09:33:54,635 | 24936 | 5008 | [open_context_base.py:518] on_disconnect: Disconnected: conn=0(1223) reason=CallClose
2026-04-29 09:33:54,648 | 24936 | 27496 | [open_context_base.py:410] _init_connect_sync: New connect ready: conn=7455066804501190506(1224) context=<futu.quote.open_quote_context.OpenQuoteContext object at 0x00000128E6DA7360>
  09:33:54 价格更新: 1个持仓
2026-04-29 09:33:54,678 | 24936 | 5008 | [open_context_base.py:518] on_disconnect: Disconnected: conn=0(1224) reason=CallClose
2026-04-29 09:34:54,683 | 24936 | 27496 | [open_context_base.py:410] _init_connect_sync: New connect ready: conn=7455067056348193805(1225) context=<futu.quote.open_quote_context.OpenQuoteContext object at 0x00000128E6DA7490>
2026-04-29 09:34:54,683 | 24936 | 5008 | [open_context_base.py:518] on_disconnect: Disconnected: conn=0(1225) reason=CallClose
2026-04-29 09:34:54,687 | 24936 | 27496 | [open_context_base.py:410] _init_connect_sync: New connect ready: conn=7455067056364090363(1226) context=<futu.quote.open_quote_context.OpenQuoteContext object at 0x00000128E6DA75C0>
  09:34:54 价格更新: 1个持仓
2026-04-29 09:34:54,725 | 24936 | 5008 | [open_context_base.py:518] on_disconnect: Disconnected: conn=0(1226) reason=CallClose
2026-04-29 09:35:54,731 | 24936 | 27496 | [open_context_base.py:410] _init_connect_sync: New connect ready: conn=7455067308210999882(1227) context=<futu.quote.open_quote_context.OpenQuoteContext object at 0x00000128E6DA76F0>
2026-04-29 09:35:54,732 | 24936 | 5008 | [open_context_base.py:518] on_disconnect: Disconnected: conn=0(1227) reason=CallClose
2026-04-29 09:35:54,745 | 24936 | 27496 | [open_context_base.py:410] _init_connect_sync: New connect ready: conn=7455067308223479210(1228) context=<futu.quote.open_quote_context.OpenQuoteContext object at 0x00000128E6DA7820>
  09:35:54 价格更新: 1个持仓
2026-04-29 09:35:54,777 | 24936 | 5008 | [open_context_base.py:518] on_disconnect: Disconnected: conn=0(1228) reason=CallClose
2026-04-29 09:36:54,793 | 24936 | 27496 | [open_context_base.py:410] _init_connect_sync: New connect ready: conn=7455067560084673308(1229) context=<futu.quote.open_quote_context.OpenQuoteContext object at 0x00000128E6DA7950>
2026-04-29 09:36:54,794 | 24936 | 5008 | [open_context_base.py:518] on_disconnect: Disconnected: conn=0(1229) reason=CallClose
2026-04-29 09:36:54,806 | 24936 | 27496 | [open_context_base.py:410] _init_connect_sync: New connect ready: conn=7455067560138797942(1230) context=<futu.quote.open_quote_context.OpenQuoteContext object at 0x00000128E6DA7A80>
  09:36:54 价格更新: 1个持仓
2026-04-29 09:36:54,839 | 24936 | 5008 | [open_context_base.py:518] on_disconnect: Disconnected: conn=0(1230) reason=CallClose
2026-04-29 09:37:54,856 | 24936 | 27496 | [open_context_base.py:410] _init_connect_sync: New connect ready: conn=7455067812002490766(1231) context=<futu.quote.open_quote_context.OpenQuoteContext object at 0x00000128E6DA7BB0>
2026-04-29 09:37:54,857 | 24936 | 5008 | [open_context_base.py:518] on_disconnect: Disconnected: conn=0(1231) reason=CallClose
2026-04-29 09:37:54,859 | 24936 | 27496 | [open_context_base.py:410] _init_connect_sync: New connect ready: conn=7455067812066020569(1232) context=<futu.quote.open_quote_context.OpenQuoteContext object at 0x00000128E6DA7CE0>
  09:37:54 价格更新: 1个持仓
2026-04-29 09:37:54,901 | 24936 | 5008 | [open_context_base.py:518] on_disconnect: Disconnected: conn=0(1232) reason=CallClose
2026-04-29 09:38:54,906 | 24936 | 27496 | [open_context_base.py:410] _init_connect_sync: New connect ready: conn=7455068063921038786(1233) context=<futu.quote.open_quote_context.OpenQuoteContext object at 0x00000128E6DA7E10>
2026-04-29 09:38:54,907 | 24936 | 5008 | [open_context_base.py:518] on_disconnect: Disconnected: conn=0(1233) reason=CallClose
2026-04-29 09:38:54,909 | 24936 | 27496 | [open_context_base.py:410] _init_connect_sync: New connect ready: conn=7455068063933668298(1234) context=<futu.quote.open_quote_context.OpenQuoteContext object at 0x00000128E6DDC050>
  09:38:54 价格更新: 1个持仓
2026-04-29 09:38:54,943 | 24936 | 5008 | [open_context_base.py:518] on_disconnect: Disconnected: conn=0(1234) reason=CallClose
2026-04-29 09:39:54,949 | 24936 | 27496 | [open_context_base.py:410] _init_connect_sync: New connect ready: conn=7455068315761215346(1235) context=<futu.quote.open_quote_context.OpenQuoteContext object at 0x00000128E6DDC180>
2026-04-29 09:39:54,950 | 24936 | 5008 | [open_context_base.py:518] on_disconnect: Disconnected: conn=0(1235) reason=CallClose
2026-04-29 09:39:54,952 | 24936 | 27496 | [open_context_base.py:410] _init_connect_sync: New connect ready: conn=7455068315773707202(1236) context=<futu.quote.open_quote_context.OpenQuoteContext object at 0x00000128E6DDC2B0>
  09:39:54 价格更新: 1个持仓
2026-04-29 09:39:54,984 | 24936 | 5008 | [open_context_base.py:518] on_disconnect: Disconnected: conn=0(1236) reason=CallClose
2026-04-29 09:40:54,989 | 24936 | 27496 | [open_context_base.py:410] _init_connect_sync: New connect ready: conn=7455068567585856900(1237) context=<futu.quote.open_quote_context.OpenQuoteContext object at 0x00000128E6DDC3E0>
2026-04-29 09:40:54,990 | 24936 | 5008 | [open_context_base.py:518] on_disconnect: Disconnected: conn=0(1237) reason=CallClose
2026-04-29 09:40:54,992 | 24936 | 27496 | [open_context_base.py:410] _init_connect_sync: New connect ready: conn=7455068567598345037(1238) context=<futu.quote.open_quote_context.OpenQuoteContext object at 0x00000128E6DDC510>
  09:40:55 价格更新: 1个持仓
2026-04-29 09:40:55,021 | 24936 | 5008 | [open_context_base.py:518] on_disconnect: Disconnected: conn=0(1238) reason=CallClose
2026-04-29 09:41:55,039 | 24936 | 27496 | [open_context_base.py:410] _init_connect_sync: New connect ready: conn=7455068819405348223(1239) context=<futu.quote.open_quote_context.OpenQuoteContext object at 0x00000128E6DDC640>
2026-04-29 09:41:55,039 | 24936 | 5008 | [open_context_base.py:518] on_disconnect: Disconnected: conn=0(1239) reason=CallClose
2026-04-29 09:41:55,041 | 24936 | 27496 | [open_context_base.py:410] _init_connect_sync: New connect ready: conn=7455068819462407017(1240) context=<futu.quote.open_quote_context.OpenQuoteContext object at 0x00000128E6DDC770>
  09:41:55 价格更新: 1个持仓
2026-04-29 09:41:55,070 | 24936 | 5008 | [open_context_base.py:518] on_disconnect: Disconnected: conn=0(1240) reason=CallClose
2026-04-29 09:42:55,085 | 24936 | 27496 | [open_context_base.py:410] _init_connect_sync: New connect ready: conn=7455069071263302337(1241) context=<futu.quote.open_quote_context.OpenQuoteContext object at 0x00000128E6DDC8A0>
2026-04-29 09:42:55,086 | 24936 | 5008 | [open_context_base.py:518] on_disconnect: Disconnected: conn=0(1241) reason=CallClose
2026-04-29 09:42:55,098 | 24936 | 27496 | [open_context_base.py:410] _init_connect_sync: New connect ready: conn=7455069071312511401(1242) context=<futu.quote.open_quote_context.OpenQuoteContext object at 0x00000128E6DDC9D0>
  09:42:55 价格更新: 1个持仓
2026-04-29 09:42:55,129 | 24936 | 5008 | [open_context_base.py:518] on_disconnect: Disconnected: conn=0(1242) reason=CallClose
2026-04-29 09:43:55,133 | 24936 | 27496 | [open_context_base.py:410] _init_connect_sync: New connect ready: conn=7455069323163590772(1243) context=<futu.quote.open_quote_context.OpenQuoteContext object at 0x00000128E6DDCB00>
2026-04-29 09:43:55,134 | 24936 | 5008 | [open_context_base.py:518] on_disconnect: Disconnected: conn=0(1243) reason=CallClose
2026-04-29 09:43:55,136 | 24936 | 27496 | [open_context_base.py:410] _init_connect_sync: New connect ready: conn=7455069323175359419(1244) context=<futu.quote.open_quote_context.OpenQuoteContext object at 0x00000128E6DDCC30>
  09:43:55 价格更新: 1个持仓
2026-04-29 09:43:55,166 | 24936 | 5008 | [open_context_base.py:518] on_disconnect: Disconnected: conn=0(1244) reason=CallClose
2026-04-29 09:44:55,182 | 24936 | 27496 | [open_context_base.py:410] _init_connect_sync: New connect ready: conn=7455069574976757942(1245) context=<futu.quote.open_quote_context.OpenQuoteContext object at 0x00000128E6DDCD60>
2026-04-29 09:44:55,183 | 24936 | 5008 | [open_context_base.py:518] on_disconnect: Disconnected: conn=0(1245) reason=CallClose
2026-04-29 09:44:55,185 | 24936 | 27496 | [open_context_base.py:410] _init_connect_sync: New connect ready: conn=7455069575038759873(1246) context=<futu.quote.open_quote_context.OpenQuoteContext object at 0x00000128E6DDCE90>
  09:44:55 价格更新: 1个持仓
2026-04-29 09:44:55,222 | 24936 | 5008 | [open_context_base.py:518] on_disconnect: Disconnected: conn=0(1246) reason=CallClose
2026-04-29 09:45:55,229 | 24936 | 27496 | [open_context_base.py:410] _init_connect_sync: New connect ready: conn=7455069826881298848(1247) context=<futu.quote.open_quote_context.OpenQuoteContext object at 0x00000128E6DDCFC0>
2026-04-29 09:45:55,230 | 24936 | 5008 | [open_context_base.py:518] on_disconnect: Disconnected: conn=0(1247) reason=CallClose
2026-04-29 09:45:55,242 | 24936 | 27496 | [open_context_base.py:410] _init_connect_sync: New connect ready: conn=7455069826895900120(1248) context=<futu.quote.open_quote_context.OpenQuoteContext object at 0x00000128E6DDD0F0>
  09:45:55 价格更新: 1个持仓
2026-04-29 09:45:55,270 | 24936 | 5008 | [open_context_base.py:518] on_disconnect: Disconnected: conn=0(1248) reason=CallClose
2026-04-29 09:46:55,276 | 24936 | 27496 | [open_context_base.py:410] _init_connect_sync: New connect ready: conn=7455070078738624857(1249) context=<futu.quote.open_quote_context.OpenQuoteContext object at 0x00000128E6DDD220>
2026-04-29 09:46:55,277 | 24936 | 5008 | [open_context_base.py:518] on_disconnect: Disconnected: conn=0(1249) reason=CallClose
2026-04-29 09:46:55,290 | 24936 | 27496 | [open_context_base.py:410] _init_connect_sync: New connect ready: conn=7455070078750467291(1250) context=<futu.quote.open_quote_context.OpenQuoteContext object at 0x00000128E6DDD350>
  09:46:55 价格更新: 1个持仓
2026-04-29 09:46:55,323 | 24936 | 5008 | [open_context_base.py:518] on_disconnect: Disconnected: conn=0(1250) reason=CallClose
2026-04-29 09:47:55,328 | 24936 | 27496 | [open_context_base.py:410] _init_connect_sync: New connect ready: conn=7455070330617316088(1251) context=<futu.quote.open_quote_context.OpenQuoteContext object at 0x00000128E6DDD480>
2026-04-29 09:47:55,329 | 24936 | 5008 | [open_context_base.py:518] on_disconnect: Disconnected: conn=0(1251) reason=CallClose
2026-04-29 09:47:55,332 | 24936 | 27496 | [open_context_base.py:410] _init_connect_sync: New connect ready: conn=7455070330630324879(1252) context=<futu.quote.open_quote_context.OpenQuoteContext object at 0x00000128E6DDD5B0>
  09:47:55 价格更新: 1个持仓
2026-04-29 09:47:55,377 | 24936 | 5008 | [open_context_base.py:518] on_disconnect: Disconnected: conn=0(1252) reason=CallClose
2026-04-29 09:48:55,381 | 24936 | 27496 | [open_context_base.py:410] _init_connect_sync: New connect ready: conn=7455070582496006146(1253) context=<futu.quote.open_quote_context.OpenQuoteContext object at 0x00000128E6DDD6E0>
2026-04-29 09:48:55,384 | 24936 | 5008 | [open_context_base.py:518] on_disconnect: Disconnected: conn=0(1253) reason=CallClose
2026-04-29 09:48:55,389 | 24936 | 27496 | [open_context_base.py:410] _init_connect_sync: New connect ready: conn=7455070582519352857(1254) context=<futu.quote.open_quote_context.OpenQuoteContext object at 0x00000128E6DDD810>
[M9] 无法获取价格: 000651.SZ
2026-04-29 09:48:55,392 | 24936 | 5008 | [open_context_base.py:518] on_disconnect: Disconnected: conn=0(1254) reason=CallClose
2026-04-29 09:49:55,407 | 24936 | 27496 | [open_context_base.py:410] _init_connect_sync: New connect ready: conn=7455070834218046089(1255) context=<futu.quote.open_quote_context.OpenQuoteContext object at 0x00000128E6DDD940>
2026-04-29 09:49:55,408 | 24936 | 5008 | [open_context_base.py:518] on_disconnect: Disconnected: conn=0(1255) reason=CallClose
2026-04-29 09:49:55,410 | 24936 | 27496 | [open_context_base.py:410] _init_connect_sync: New connect ready: conn=7455070834275667565(1256) context=<futu.quote.open_quote_context.OpenQuoteContext object at 0x00000128E6DDDA70>
  09:49:55 价格更新: 1个持仓
2026-04-29 09:49:55,450 | 24936 | 5008 | [open_context_base.py:518] on_disconnect: Disconnected: conn=0(1256) reason=CallClose
2026-04-29 09:50:55,461 | 24936 | 27496 | [open_context_base.py:410] _init_connect_sync: New connect ready: conn=7455071086143084566(1257) context=<futu.quote.open_quote_context.OpenQuoteContext object at 0x00000128E6DDDBA0>
2026-04-29 09:50:55,463 | 24936 | 5008 | [open_context_base.py:518] on_disconnect: Disconnected: conn=0(1257) reason=CallClose
2026-04-29 09:50:55,466 | 24936 | 27496 | [open_context_base.py:410] _init_connect_sync: New connect ready: conn=7455071086164353502(1258) context=<futu.quote.open_quote_context.OpenQuoteContext object at 0x00000128E6DDDCD0>
  09:50:55 价格更新: 1个持仓
2026-04-29 09:50:55,502 | 24936 | 5008 | [open_context_base.py:518] on_disconnect: Disconnected: conn=0(1258) reason=CallClose
2026-04-29 09:51:55,506 | 24936 | 27496 | [open_context_base.py:410] _init_connect_sync: New connect ready: conn=7455071337993431322(1259) context=<futu.quote.open_quote_context.OpenQuoteContext object at 0x00000128E6DDDE00>
2026-04-29 09:51:55,507 | 24936 | 5008 | [open_context_base.py:518] on_disconnect: Disconnected: conn=0(1259) reason=CallClose
2026-04-29 09:51:55,509 | 24936 | 27496 | [open_context_base.py:410] _init_connect_sync: New connect ready: conn=7455071338007215740(1260) context=<futu.quote.open_quote_context.OpenQuoteContext object at 0x00000128E6DDDF30>
  09:51:55 价格更新: 1个持仓
2026-04-29 09:51:55,622 | 24936 | 5008 | [open_context_base.py:518] on_disconnect: Disconnected: conn=0(1260) reason=CallClose
2026-04-29 09:52:55,639 | 24936 | 27496 | [open_context_base.py:410] _init_connect_sync: New connect ready: conn=7455071590163566390(1261) context=<futu.quote.open_quote_context.OpenQuoteContext object at 0x00000128E497C770>
2026-04-29 09:52:55,640 | 24936 | 5008 | [open_context_base.py:518] on_disconnect: Disconnected: conn=0(1261) reason=CallClose
2026-04-29 09:52:55,654 | 24936 | 27496 | [open_context_base.py:410] _init_connect_sync: New connect ready: conn=7455071590225076872(1262) context=<futu.quote.open_quote_context.OpenQuoteContext object at 0x00000128E497C2B0>
  09:52:55 价格更新: 1个持仓
2026-04-29 09:52:55,687 | 24936 | 5008 | [open_context_base.py:518] on_disconnect: Disconnected: conn=0(1262) reason=CallClose
2026-04-29 09:53:55,694 | 24936 | 27496 | [open_context_base.py:410] _init_connect_sync: New connect ready: conn=7455071842094190022(1263) context=<futu.quote.open_quote_context.OpenQuoteContext object at 0x00000128E497C640>
2026-04-29 09:53:55,695 | 24936 | 5008 | [open_context_base.py:518] on_disconnect: Disconnected: conn=0(1263) reason=CallClose
2026-04-29 09:53:55,698 | 24936 | 27496 | [open_context_base.py:410] _init_connect_sync: New connect ready: conn=7455071842113224631(1264) context=<futu.quote.open_quote_context.OpenQuoteContext object at 0x00000128E497C3E0>
  09:53:55 价格更新: 1个持仓
2026-04-29 09:53:55,734 | 24936 | 5008 | [open_context_base.py:518] on_disconnect: Disconnected: conn=0(1264) reason=CallClose
2026-04-29 09:54:55,750 | 24936 | 27496 | [open_context_base.py:410] _init_connect_sync: New connect ready: conn=7455072093940519335(1265) context=<futu.quote.open_quote_context.OpenQuoteContext object at 0x00000128E6C0EB10>
2026-04-29 09:54:55,751 | 24936 | 5008 | [open_context_base.py:518] on_disconnect: Disconnected: conn=0(1265) reason=CallClose
2026-04-29 09:54:55,753 | 24936 | 27496 | [open_context_base.py:410] _init_connect_sync: New connect ready: conn=7455072094005771914(1266) context=<futu.quote.open_quote_context.OpenQuoteContext object at 0x00000128E6C0E8B0>
  09:54:55 价格更新: 1个持仓
2026-04-29 09:54:55,785 | 24936 | 5008 | [open_context_base.py:518] on_disconnect: Disconnected: conn=0(1266) reason=CallClose
2026-04-29 09:55:55,789 | 24936 | 27496 | [open_context_base.py:410] _init_connect_sync: New connect ready: conn=7455072345813916291(1267) context=<futu.quote.open_quote_context.OpenQuoteContext object at 0x00000128E6C0FCE0>
2026-04-29 09:55:55,790 | 24936 | 5008 | [open_context_base.py:518] on_disconnect: Disconnected: conn=0(1267) reason=CallClose
2026-04-29 09:55:55,802 | 24936 | 27496 | [open_context_base.py:410] _init_connect_sync: New connect ready: conn=7455072345823248071(1268) context=<futu.quote.open_quote_context.OpenQuoteContext object at 0x00000128E6C0F950>
  09:55:55 价格更新: 1个持仓
2026-04-29 09:55:55,831 | 24936 | 5008 | [open_context_base.py:518] on_disconnect: Disconnected: conn=0(1268) reason=CallClose
2026-04-29 09:56:55,845 | 24936 | 27496 | [open_context_base.py:410] _init_connect_sync: New connect ready: conn=7455072597663960959(1269) context=<futu.quote.open_quote_context.OpenQuoteContext object at 0x00000128E6C0F6F0>
2026-04-29 09:56:55,846 | 24936 | 5008 | [open_context_base.py:518] on_disconnect: Disconnected: conn=0(1269) reason=CallClose
2026-04-29 09:56:55,848 | 24936 | 27496 | [open_context_base.py:410] _init_connect_sync: New connect ready: conn=7455072597722117786(1270) context=<futu.quote.open_quote_context.OpenQuoteContext object at 0x00000128E6C0FE10>
  09:56:55 价格更新: 1个持仓
2026-04-29 09:56:55,878 | 24936 | 5008 | [open_context_base.py:518] on_disconnect: Disconnected: conn=0(1270) reason=CallClose
2026-04-29 09:57:55,882 | 24936 | 27496 | [open_context_base.py:410] _init_connect_sync: New connect ready: conn=7455072849515346444(1271) context=<futu.quote.open_quote_context.OpenQuoteContext object at 0x00000128E6C0FA80>
2026-04-29 09:57:55,882 | 24936 | 5008 | [open_context_base.py:518] on_disconnect: Disconnected: conn=0(1271) reason=CallClose
2026-04-29 09:57:55,884 | 24936 | 27496 | [open_context_base.py:410] _init_connect_sync: New connect ready: conn=7455072849529369357(1272) context=<futu.quote.open_quote_context.OpenQuoteContext object at 0x00000128E6C0FBB0>
  09:57:55 价格更新: 1个持仓
2026-04-29 09:57:55,937 | 24936 | 5008 | [open_context_base.py:518] on_disconnect: Disconnected: conn=0(1272) reason=CallClose
2026-04-29 09:58:55,944 | 24936 | 27496 | [open_context_base.py:410] _init_connect_sync: New connect ready: conn=7455073101436148749(1273) context=<futu.quote.open_quote_context.OpenQuoteContext object at 0x00000128E6C0EFD0>
2026-04-29 09:58:55,945 | 24936 | 5008 | [open_context_base.py:518] on_disconnect: Disconnected: conn=0(1273) reason=CallClose
2026-04-29 09:58:55,948 | 24936 | 27496 | [open_context_base.py:410] _init_connect_sync: New connect ready: conn=7455073101455138289(1274) context=<futu.quote.open_quote_context.OpenQuoteContext object at 0x00000128E6C0F490>
  09:58:55 价格更新: 1个持仓
2026-04-29 09:58:55,988 | 24936 | 5008 | [open_context_base.py:518] on_disconnect: Disconnected: conn=0(1274) reason=CallClose
2026-04-29 09:59:55,992 | 24936 | 27496 | [open_context_base.py:410] _init_connect_sync: New connect ready: conn=7455073353294625833(1275) context=<futu.quote.open_quote_context.OpenQuoteContext object at 0x00000128E6C0F5C0>
2026-04-29 09:59:55,992 | 24936 | 5008 | [open_context_base.py:518] on_disconnect: Disconnected: conn=0(1275) reason=CallClose
2026-04-29 09:59:55,995 | 24936 | 27496 | [open_context_base.py:410] _init_connect_sync: New connect ready: conn=7455073353310808378(1276) context=<futu.quote.open_quote_context.OpenQuoteContext object at 0x00000128E6C0F360>
  09:59:56 价格更新: 1个持仓
2026-04-29 09:59:56,024 | 24936 | 5008 | [open_context_base.py:518] on_disconnect: Disconnected: conn=0(1276) reason=CallClose

--- 第 29 轮A股盘中扫描 (A股30min) ---
2026-04-29 10:00:06,038 | 24936 | 27496 | [open_context_base.py:410] _init_connect_sync: New connect ready: conn=7455073395387185462(1277) context=<futu.quote.open_quote_context.OpenQuoteContext object at 0x00000128E6C0E2C0>
  扫描 A_SHARE...
2026-04-29 10:00:06,040 | 24936 | 5008 | [open_context_base.py:518] on_disconnect: Disconnected: conn=0(1277) reason=CallClose
2026-04-29 10:00:06,052 | 24936 | 27496 | [open_context_base.py:410] _init_connect_sync: New connect ready: conn=7455073395494676160(1278) context=<futu.quote.open_quote_context.OpenQuoteContext object at 0x00000128E6C0ED70>
  A_SHARE: 无异动
  扫描 HK...
2026-04-29 10:00:06,775 | 24936 | 27496 | [open_context_base.py:410] _init_connect_sync: New connect ready: conn=7455073398470249816(1279) context=<futu.quote.open_quote_context.OpenQuoteContext object at 0x00000128E6C0F100>
2026-04-29 10:00:06,775 | 24936 | 5008 | [open_context_base.py:518] on_disconnect: Disconnected: conn=0(1278) reason=CallClose
  HK: 无异动

  盘中总计: 0 个补牢机会
2026-04-29 10:00:06,783 | 24936 | 5008 | [open_context_base.py:518] on_disconnect: Disconnected: conn=0(1279) reason=CallClose
2026-04-29 10:00:56,788 | 24936 | 27496 | [open_context_base.py:410] _init_connect_sync: New connect ready: conn=7455073608297696652(1280) context=<futu.quote.open_quote_context.OpenQuoteContext object at 0x00000128E6C0E9E0>
2026-04-29 10:00:56,789 | 24936 | 5008 | [open_context_base.py:518] on_disconnect: Disconnected: conn=0(1280) reason=CallClose
2026-04-29 10:00:56,791 | 24936 | 27496 | [open_context_base.py:410] _init_connect_sync: New connect ready: conn=7455073608308584179(1281) context=<futu.quote.open_quote_context.OpenQuoteContext object at 0x00000128E6C0EEA0>
  10:00:56 价格更新: 1个持仓
2026-04-29 10:00:56,822 | 24936 | 5008 | [open_context_base.py:518] on_disconnect: Disconnected: conn=0(1281) reason=CallClose
2026-04-29 10:01:56,839 | 24936 | 27496 | [open_context_base.py:410] _init_connect_sync: New connect ready: conn=7455073860122298585(1282) context=<futu.quote.open_quote_context.OpenQuoteContext object at 0x00000128E6C0EC40>
2026-04-29 10:01:56,840 | 24936 | 5008 | [open_context_base.py:518] on_disconnect: Disconnected: conn=0(1282) reason=CallClose
2026-04-29 10:01:56,853 | 24936 | 27496 | [open_context_base.py:410] _init_connect_sync: New connect ready: conn=7455073860181923561(1283) context=<futu.quote.open_quote_context.OpenQuoteContext object at 0x00000128E6C0F230>
  10:01:56 价格更新: 1个持仓
2026-04-29 10:01:56,886 | 24936 | 5008 | [open_context_base.py:518] on_disconnect: Disconnected: conn=0(1283) reason=CallClose
2026-04-29 10:02:56,891 | 24936 | 27496 | [open_context_base.py:410] _init_connect_sync: New connect ready: conn=7455074112044188707(1284) context=<futu.quote.open_quote_context.OpenQuoteContext object at 0x00000128E6C0F820>
2026-04-29 10:02:56,893 | 24936 | 5008 | [open_context_base.py:518] on_disconnect: Disconnected: conn=0(1284) reason=CallClose
2026-04-29 10:02:56,897 | 24936 | 27496 | [open_context_base.py:410] _init_connect_sync: New connect ready: conn=7455074112060711453(1285) context=<futu.quote.open_quote_context.OpenQuoteContext object at 0x00000128E6C0E650>
  10:02:56 价格更新: 1个持仓
2026-04-29 10:02:56,937 | 24936 | 5008 | [open_context_base.py:518] on_disconnect: Disconnected: conn=0(1285) reason=CallClose
2026-04-29 10:03:56,954 | 24936 | 27496 | [open_context_base.py:410] _init_connect_sync: New connect ready: conn=7455074363920871179(1286) context=<futu.quote.open_quote_context.OpenQuoteContext object at 0x00000128E6C0E520>
2026-04-29 10:03:56,955 | 24936 | 5008 | [open_context_base.py:518] on_disconnect: Disconnected: conn=0(1286) reason=CallClose
2026-04-29 10:03:56,967 | 24936 | 27496 | [open_context_base.py:410] _init_connect_sync: New connect ready: conn=7455074363981473036(1287) context=<futu.quote.open_quote_context.OpenQuoteContext object at 0x00000128E6C0E780>
  10:03:57 价格更新: 1个持仓
2026-04-29 10:03:57,047 | 24936 | 5008 | [open_context_base.py:518] on_disconnect: Disconnected: conn=0(1287) reason=CallClose
2026-04-29 10:04:57,053 | 24936 | 27496 | [open_context_base.py:410] _init_connect_sync: New connect ready: conn=7455074616040923640(1288) context=<futu.quote.open_quote_context.OpenQuoteContext object at 0x00000128E6DDDE00>
2026-04-29 10:04:57,053 | 24936 | 5008 | [open_context_base.py:518] on_disconnect: Disconnected: conn=0(1288) reason=CallClose
2026-04-29 10:04:57,055 | 24936 | 27496 | [open_context_base.py:410] _init_connect_sync: New connect ready: conn=7455074616050334385(1289) context=<futu.quote.open_quote_context.OpenQuoteContext object at 0x00000128E6DDDCD0>
  10:04:57 价格更新: 1个持仓
2026-04-29 10:04:57,095 | 24936 | 5008 | [open_context_base.py:518] on_disconnect: Disconnected: conn=0(1289) reason=CallClose
2026-04-29 10:05:57,102 | 24936 | 27496 | [open_context_base.py:410] _init_connect_sync: New connect ready: conn=7455074867904114758(1290) context=<futu.quote.open_quote_context.OpenQuoteContext object at 0x00000128E6DDDBA0>
2026-04-29 10:05:57,102 | 24936 | 5008 | [open_context_base.py:518] on_disconnect: Disconnected: conn=0(1290) reason=CallClose
2026-04-29 10:05:57,104 | 24936 | 27496 | [open_context_base.py:410] _init_connect_sync: New connect ready: conn=7455074867913575761(1291) context=<futu.quote.open_quote_context.OpenQuoteContext object at 0x00000128E6DDDA70>
  10:05:57 价格更新: 1个持仓
2026-04-29 10:05:57,142 | 24936 | 5008 | [open_context_base.py:518] on_disconnect: Disconnected: conn=0(1291) reason=CallClose
2026-04-29 10:06:57,147 | 24936 | 27496 | [open_context_base.py:410] _init_connect_sync: New connect ready: conn=7455075119751907710(1292) context=<futu.quote.open_quote_context.OpenQuoteContext object at 0x00000128E6DDD940>
2026-04-29 10:06:57,149 | 24936 | 5008 | [open_context_base.py:518] on_disconnect: Disconnected: conn=0(1292) reason=CallClose
2026-04-29 10:06:57,150 | 24936 | 27496 | [open_context_base.py:410] _init_connect_sync: New connect ready: conn=7455075119761752480(1293) context=<futu.quote.open_quote_context.OpenQuoteContext object at 0x00000128E6DDD810>
  10:06:57 价格更新: 1个持仓
2026-04-29 10:06:57,181 | 24936 | 5008 | [open_context_base.py:518] on_disconnect: Disconnected: conn=0(1293) reason=CallClose
2026-04-29 10:07:57,186 | 24936 | 27496 | [open_context_base.py:410] _init_connect_sync: New connect ready: conn=7455075371574481502(1294) context=<futu.quote.open_quote_context.OpenQuoteContext object at 0x00000128E6DDD6E0>
2026-04-29 10:07:57,187 | 24936 | 5008 | [open_context_base.py:518] on_disconnect: Disconnected: conn=0(1294) reason=CallClose
2026-04-29 10:07:57,199 | 24936 | 27496 | [open_context_base.py:410] _init_connect_sync: New connect ready: conn=7455075371587175104(1295) context=<futu.quote.open_quote_context.OpenQuoteContext object at 0x00000128E6DDD5B0>
  10:07:57 价格更新: 1个持仓
2026-04-29 10:07:57,228 | 24936 | 5008 | [open_context_base.py:518] on_disconnect: Disconnected: conn=0(1295) reason=CallClose
2026-04-29 10:08:57,240 | 24936 | 27496 | [open_context_base.py:410] _init_connect_sync: New connect ready: conn=7455075623458836216(1296) context=<futu.quote.open_quote_context.OpenQuoteContext object at 0x00000128E6DDD480>
2026-04-29 10:08:57,241 | 24936 | 5008 | [open_context_base.py:518] on_disconnect: Disconnected: conn=0(1296) reason=CallClose
2026-04-29 10:08:57,244 | 24936 | 27496 | [open_context_base.py:410] _init_connect_sync: New connect ready: conn=7455075623472571924(1297) context=<futu.quote.open_quote_context.OpenQuoteContext object at 0x00000128E6DDD350>
  10:08:57 价格更新: 1个持仓
2026-04-29 10:08:57,276 | 24936 | 5008 | [open_context_base.py:518] on_disconnect: Disconnected: conn=0(1297) reason=CallClose
2026-04-29 10:09:57,291 | 24936 | 27496 | [open_context_base.py:410] _init_connect_sync: New connect ready: conn=7455075875284930070(1298) context=<futu.quote.open_quote_context.OpenQuoteContext object at 0x00000128E6DDD220>
2026-04-29 10:09:57,292 | 24936 | 5008 | [open_context_base.py:518] on_disconnect: Disconnected: conn=0(1298) reason=CallClose
2026-04-29 10:09:57,294 | 24936 | 27496 | [open_context_base.py:410] _init_connect_sync: New connect ready: conn=7455075875341891431(1299) context=<futu.quote.open_quote_context.OpenQuoteContext object at 0x00000128E6DDD0F0>
  10:09:57 价格更新: 1个持仓
2026-04-29 10:09:57,323 | 24936 | 5008 | [open_context_base.py:518] on_disconnect: Disconnected: conn=0(1299) reason=CallClose
2026-04-29 10:10:57,339 | 24936 | 27496 | [open_context_base.py:410] _init_connect_sync: New connect ready: conn=7455076127139737613(1300) context=<futu.quote.open_quote_context.OpenQuoteContext object at 0x00000128E6DDCFC0>
2026-04-29 10:10:57,340 | 24936 | 5008 | [open_context_base.py:518] on_disconnect: Disconnected: conn=0(1300) reason=CallClose
2026-04-29 10:10:57,353 | 24936 | 27496 | [open_context_base.py:410] _init_connect_sync: New connect ready: conn=7455076127200122550(1301) context=<futu.quote.open_quote_context.OpenQuoteContext object at 0x00000128E6DDCE90>
  10:10:57 价格更新: 1个持仓
2026-04-29 10:10:57,383 | 24936 | 5008 | [open_context_base.py:518] on_disconnect: Disconnected: conn=0(1301) reason=CallClose
2026-04-29 10:11:57,386 | 24936 | 27496 | [open_context_base.py:410] _init_connect_sync: New connect ready: conn=7455076379042968745(1302) context=<futu.quote.open_quote_context.OpenQuoteContext object at 0x00000128E6DDCD60>
2026-04-29 10:11:57,387 | 24936 | 5008 | [open_context_base.py:518] on_disconnect: Disconnected: conn=0(1302) reason=CallClose
2026-04-29 10:11:57,400 | 24936 | 27496 | [open_context_base.py:410] _init_connect_sync: New connect ready: conn=7455076379057179224(1303) context=<futu.quote.open_quote_context.OpenQuoteContext object at 0x00000128E6DDCC30>
  10:11:57 价格更新: 1个持仓
2026-04-29 10:11:57,429 | 24936 | 5008 | [open_context_base.py:518] on_disconnect: Disconnected: conn=0(1303) reason=CallClose
2026-04-29 10:12:57,444 | 24936 | 27496 | [open_context_base.py:410] _init_connect_sync: New connect ready: conn=7455076630899434399(1304) context=<futu.quote.open_quote_context.OpenQuoteContext object at 0x00000128E6DDCB00>
2026-04-29 10:12:57,445 | 24936 | 5008 | [open_context_base.py:518] on_disconnect: Disconnected: conn=0(1304) reason=CallClose
2026-04-29 10:12:57,446 | 24936 | 27496 | [open_context_base.py:410] _init_connect_sync: New connect ready: conn=7455076630955544105(1305) context=<futu.quote.open_quote_context.OpenQuoteContext object at 0x00000128E6DDC9D0>
  10:12:57 价格更新: 1个持仓
2026-04-29 10:12:57,475 | 24936 | 5008 | [open_context_base.py:518] on_disconnect: Disconnected: conn=0(1305) reason=CallClose
2026-04-29 10:13:57,479 | 24936 | 27496 | [open_context_base.py:410] _init_connect_sync: New connect ready: conn=7455076882750175067(1306) context=<futu.quote.open_quote_context.OpenQuoteContext object at 0x00000128E6DDC8A0>
2026-04-29 10:13:57,480 | 24936 | 5008 | [open_context_base.py:518] on_disconnect: Disconnected: conn=0(1306) reason=CallClose
2026-04-29 10:13:57,493 | 24936 | 27496 | [open_context_base.py:410] _init_connect_sync: New connect ready: conn=7455076882765241829(1307) context=<futu.quote.open_quote_context.OpenQuoteContext object at 0x00000128E6DDC770>
  10:13:57 价格更新: 1个持仓
2026-04-29 10:13:57,527 | 24936 | 5008 | [open_context_base.py:518] on_disconnect: Disconnected: conn=0(1307) reason=CallClose
2026-04-29 10:14:57,545 | 24936 | 27496 | [open_context_base.py:410] _init_connect_sync: New connect ready: conn=7455077134633573625(1308) context=<futu.quote.open_quote_context.OpenQuoteContext object at 0x00000128E6DDC640>
2026-04-29 10:14:57,545 | 24936 | 5008 | [open_context_base.py:518] on_disconnect: Disconnected: conn=0(1308) reason=CallClose
2026-04-29 10:14:57,547 | 24936 | 27496 | [open_context_base.py:410] _init_connect_sync: New connect ready: conn=7455077134695190636(1309) context=<futu.quote.open_quote_context.OpenQuoteContext object at 0x00000128E6DDC510>
  10:14:57 价格更新: 1个持仓
2026-04-29 10:14:57,577 | 24936 | 5008 | [open_context_base.py:518] on_disconnect: Disconnected: conn=0(1309) reason=CallClose
2026-04-29 10:15:57,594 | 24936 | 27496 | [open_context_base.py:410] _init_connect_sync: New connect ready: conn=7455077386503918560(1310) context=<futu.quote.open_quote_context.OpenQuoteContext object at 0x00000128E6DDC3E0>
2026-04-29 10:15:57,595 | 24936 | 5008 | [open_context_base.py:518] on_disconnect: Disconnected: conn=0(1310) reason=CallClose
2026-04-29 10:15:57,597 | 24936 | 27496 | [open_context_base.py:410] _init_connect_sync: New connect ready: conn=7455077386562404026(1311) context=<futu.quote.open_quote_context.OpenQuoteContext object at 0x00000128E6DDC2B0>
[M9] 无法获取价格: 000651.SZ
2026-04-29 10:15:57,598 | 24936 | 5008 | [open_context_base.py:518] on_disconnect: Disconnected: conn=0(1311) reason=CallClose
2026-04-29 10:16:57,603 | 24936 | 27496 | [open_context_base.py:410] _init_connect_sync: New connect ready: conn=7455077638244525602(1312) context=<futu.quote.open_quote_context.OpenQuoteContext object at 0x00000128E6DDC180>
2026-04-29 10:16:57,604 | 24936 | 5008 | [open_context_base.py:518] on_disconnect: Disconnected: conn=0(1312) reason=CallClose
2026-04-29 10:16:57,617 | 24936 | 27496 | [open_context_base.py:410] _init_connect_sync: New connect ready: conn=7455077638258616508(1313) context=<futu.quote.open_quote_context.OpenQuoteContext object at 0x00000128E6DDC050>
  10:16:57 价格更新: 1个持仓
2026-04-29 10:16:57,645 | 24936 | 5008 | [open_context_base.py:518] on_disconnect: Disconnected: conn=0(1313) reason=CallClose
2026-04-29 10:17:57,649 | 24936 | 27496 | [open_context_base.py:410] _init_connect_sync: New connect ready: conn=7455077890096356296(1314) context=<futu.quote.open_quote_context.OpenQuoteContext object at 0x00000128E6DDE060>
2026-04-29 10:17:57,650 | 24936 | 5008 | [open_context_base.py:518] on_disconnect: Disconnected: conn=0(1314) reason=CallClose
2026-04-29 10:17:57,652 | 24936 | 27496 | [open_context_base.py:410] _init_connect_sync: New connect ready: conn=7455077890109427694(1315) context=<futu.quote.open_quote_context.OpenQuoteContext object at 0x00000128E6DDE190>
  10:17:57 价格更新: 1个持仓
2026-04-29 10:17:57,681 | 24936 | 5008 | [open_context_base.py:518] on_disconnect: Disconnected: conn=0(1315) reason=CallClose
2026-04-29 10:18:57,697 | 24936 | 27496 | [open_context_base.py:410] _init_connect_sync: New connect ready: conn=7455078141907565938(1316) context=<futu.quote.open_quote_context.OpenQuoteContext object at 0x00000128E6DDE2C0>
2026-04-29 10:18:57,698 | 24936 | 5008 | [open_context_base.py:518] on_disconnect: Disconnected: conn=0(1316) reason=CallClose
2026-04-29 10:18:57,710 | 24936 | 27496 | [open_context_base.py:410] _init_connect_sync: New connect ready: conn=7455078141964578618(1317) context=<futu.quote.open_quote_context.OpenQuoteContext object at 0x00000128E6DDE3F0>
  10:18:57 价格更新: 1个持仓
2026-04-29 10:18:57,742 | 24936 | 5008 | [open_context_base.py:518] on_disconnect: Disconnected: conn=0(1317) reason=CallClose
2026-04-29 10:19:57,745 | 24936 | 27496 | [open_context_base.py:410] _init_connect_sync: New connect ready: conn=7455078393815832655(1318) context=<futu.quote.open_quote_context.OpenQuoteContext object at 0x00000128E6DDE520>
2026-04-29 10:19:57,746 | 24936 | 5008 | [open_context_base.py:518] on_disconnect: Disconnected: conn=0(1318) reason=CallClose
2026-04-29 10:19:57,759 | 24936 | 27496 | [open_context_base.py:410] _init_connect_sync: New connect ready: conn=7455078393829735419(1319) context=<futu.quote.open_quote_context.OpenQuoteContext object at 0x00000128E6DDE650>
  10:19:57 价格更新: 1个持仓
2026-04-29 10:19:57,789 | 24936 | 5008 | [open_context_base.py:518] on_disconnect: Disconnected: conn=0(1319) reason=CallClose
2026-04-29 10:20:57,794 | 24936 | 27496 | [open_context_base.py:410] _init_connect_sync: New connect ready: conn=7455078645681216913(1320) context=<futu.quote.open_quote_context.OpenQuoteContext object at 0x00000128E6DDE780>
2026-04-29 10:20:57,795 | 24936 | 5008 | [open_context_base.py:518] on_disconnect: Disconnected: conn=0(1320) reason=CallClose
2026-04-29 10:20:57,797 | 24936 | 27496 | [open_context_base.py:410] _init_connect_sync: New connect ready: conn=7455078645693044659(1321) context=<futu.quote.open_quote_context.OpenQuoteContext object at 0x00000128E6DDE8B0>
  10:20:57 价格更新: 1个持仓
2026-04-29 10:20:57,826 | 24936 | 5008 | [open_context_base.py:518] on_disconnect: Disconnected: conn=0(1321) reason=CallClose
2026-04-29 10:21:57,831 | 24936 | 27496 | [open_context_base.py:410] _init_connect_sync: New connect ready: conn=7455078897490045896(1322) context=<futu.quote.open_quote_context.OpenQuoteContext object at 0x00000128E6DDE9E0>
2026-04-29 10:21:57,831 | 24936 | 5008 | [open_context_base.py:518] on_disconnect: Disconnected: conn=0(1322) reason=CallClose
2026-04-29 10:21:57,844 | 24936 | 27496 | [open_context_base.py:410] _init_connect_sync: New connect ready: conn=7455078897500944344(1323) context=<futu.quote.open_quote_context.OpenQuoteContext object at 0x00000128E6DDEB10>
  10:21:57 价格更新: 1个持仓
2026-04-29 10:21:57,876 | 24936 | 5008 | [open_context_base.py:518] on_disconnect: Disconnected: conn=0(1323) reason=CallClose
2026-04-29 10:22:57,893 | 24936 | 27496 | [open_context_base.py:410] _init_connect_sync: New connect ready: conn=7455079149364439841(1324) context=<futu.quote.open_quote_context.OpenQuoteContext object at 0x00000128E6DDEC40>
2026-04-29 10:22:57,894 | 24936 | 5008 | [open_context_base.py:518] on_disconnect: Disconnected: conn=0(1324) reason=CallClose
2026-04-29 10:22:57,897 | 24936 | 27496 | [open_context_base.py:410] _init_connect_sync: New connect ready: conn=7455079149429585725(1325) context=<futu.quote.open_quote_context.OpenQuoteContext object at 0x00000128E6DDED70>
  10:22:57 价格更新: 1个持仓
2026-04-29 10:22:57,926 | 24936 | 5008 | [open_context_base.py:518] on_disconnect: Disconnected: conn=0(1325) reason=CallClose
2026-04-29 10:23:57,930 | 24936 | 27496 | [open_context_base.py:410] _init_connect_sync: New connect ready: conn=7455079401225920525(1326) context=<futu.quote.open_quote_context.OpenQuoteContext object at 0x00000128E6DDEEA0>
2026-04-29 10:23:57,931 | 24936 | 5008 | [open_context_base.py:518] on_disconnect: Disconnected: conn=0(1326) reason=CallClose
2026-04-29 10:23:57,933 | 24936 | 27496 | [open_context_base.py:410] _init_connect_sync: New connect ready: conn=7455079401238653871(1327) context=<futu.quote.open_quote_context.OpenQuoteContext object at 0x00000128E6DDEFD0>
  10:23:57 价格更新: 1个持仓
2026-04-29 10:23:57,966 | 24936 | 5008 | [open_context_base.py:518] on_disconnect: Disconnected: conn=0(1327) reason=CallClose
2026-04-29 10:24:57,971 | 24936 | 27496 | [open_context_base.py:410] _init_connect_sync: New connect ready: conn=7455079653054163448(1328) context=<futu.quote.open_quote_context.OpenQuoteContext object at 0x00000128E6DDF100>
2026-04-29 10:24:57,972 | 24936 | 5008 | [open_context_base.py:518] on_disconnect: Disconnected: conn=0(1328) reason=CallClose
2026-04-29 10:24:57,974 | 24936 | 27496 | [open_context_base.py:410] _init_connect_sync: New connect ready: conn=7455079653067701015(1329) context=<futu.quote.open_quote_context.OpenQuoteContext object at 0x00000128E6DDF230>
  10:24:58 价格更新: 1个持仓
2026-04-29 10:24:58,005 | 24936 | 5008 | [open_context_base.py:518] on_disconnect: Disconnected: conn=0(1329) reason=CallClose
2026-04-29 10:25:58,011 | 24936 | 27496 | [open_context_base.py:410] _init_connect_sync: New connect ready: conn=7455079904879698114(1330) context=<futu.quote.open_quote_context.OpenQuoteContext object at 0x00000128E6DDF360>
2026-04-29 10:25:58,012 | 24936 | 5008 | [open_context_base.py:518] on_disconnect: Disconnected: conn=0(1330) reason=CallClose
2026-04-29 10:25:58,014 | 24936 | 27496 | [open_context_base.py:410] _init_connect_sync: New connect ready: conn=7455079904892962471(1331) context=<futu.quote.open_quote_context.OpenQuoteContext object at 0x00000128E6DDF490>
  10:25:58 价格更新: 1个持仓
2026-04-29 10:25:58,047 | 24936 | 5008 | [open_context_base.py:518] on_disconnect: Disconnected: conn=0(1331) reason=CallClose
2026-04-29 10:26:58,052 | 24936 | 27496 | [open_context_base.py:410] _init_connect_sync: New connect ready: conn=7455080156708062180(1332) context=<futu.quote.open_quote_context.OpenQuoteContext object at 0x00000128E6DDF5C0>
2026-04-29 10:26:58,053 | 24936 | 5008 | [open_context_base.py:518] on_disconnect: Disconnected: conn=0(1332) reason=CallClose
2026-04-29 10:26:58,054 | 24936 | 27496 | [open_context_base.py:410] _init_connect_sync: New connect ready: conn=7455080156718534697(1333) context=<futu.quote.open_quote_context.OpenQuoteContext object at 0x00000128E6DDF6F0>
  10:26:58 价格更新: 1个持仓
2026-04-29 10:26:58,084 | 24936 | 5008 | [open_context_base.py:518] on_disconnect: Disconnected: conn=0(1333) reason=CallClose
2026-04-29 10:27:58,088 | 24936 | 27496 | [open_context_base.py:410] _init_connect_sync: New connect ready: conn=7455080408519969501(1334) context=<futu.quote.open_quote_context.OpenQuoteContext object at 0x00000128E6DDF820>
2026-04-29 10:27:58,089 | 24936 | 5008 | [open_context_base.py:518] on_disconnect: Disconnected: conn=0(1334) reason=CallClose
2026-04-29 10:27:58,091 | 24936 | 27496 | [open_context_base.py:410] _init_connect_sync: New connect ready: conn=7455080408535198471(1335) context=<futu.quote.open_quote_context.OpenQuoteContext object at 0x00000128E6DDF950>
  10:27:58 价格更新: 1个持仓
2026-04-29 10:27:58,128 | 24936 | 5008 | [open_context_base.py:518] on_disconnect: Disconnected: conn=0(1335) reason=CallClose
2026-04-29 10:28:58,133 | 24936 | 27496 | [open_context_base.py:410] _init_connect_sync: New connect ready: conn=7455080660367607833(1336) context=<futu.quote.open_quote_context.OpenQuoteContext object at 0x00000128E6DDFA80>
2026-04-29 10:28:58,134 | 24936 | 5008 | [open_context_base.py:518] on_disconnect: Disconnected: conn=0(1336) reason=CallClose
2026-04-29 10:28:58,136 | 24936 | 27496 | [open_context_base.py:410] _init_connect_sync: New connect ready: conn=7455080660383992843(1337) context=<futu.quote.open_quote_context.OpenQuoteContext object at 0x00000128E6DDFBB0>
  10:28:58 价格更新: 1个持仓
2026-04-29 10:28:58,166 | 24936 | 5008 | [open_context_base.py:518] on_disconnect: Disconnected: conn=0(1337) reason=CallClose
2026-04-29 10:29:58,169 | 24936 | 27496 | [open_context_base.py:410] _init_connect_sync: New connect ready: conn=7455080912177048804(1338) context=<futu.quote.open_quote_context.OpenQuoteContext object at 0x00000128E6DDFCE0>
2026-04-29 10:29:58,170 | 24936 | 5008 | [open_context_base.py:518] on_disconnect: Disconnected: conn=0(1338) reason=CallClose
2026-04-29 10:29:58,171 | 24936 | 27496 | [open_context_base.py:410] _init_connect_sync: New connect ready: conn=7455080912183643572(1339) context=<futu.quote.open_quote_context.OpenQuoteContext object at 0x00000128E6DDFE10>
  10:29:58 价格更新: 1个持仓
2026-04-29 10:29:58,200 | 24936 | 5008 | [open_context_base.py:518] on_disconnect: Disconnected: conn=0(1339) reason=CallClose

--- 第 30 轮A股盘中扫描 (A股30min) ---
2026-04-29 10:30:08,215 | 24936 | 27496 | [open_context_base.py:410] _init_connect_sync: New connect ready: conn=7455080954265631150(1340) context=<futu.quote.open_quote_context.OpenQuoteContext object at 0x00000128E6DC4050>
  扫描 A_SHARE...
2026-04-29 10:30:08,216 | 24936 | 5008 | [open_context_base.py:518] on_disconnect: Disconnected: conn=0(1340) reason=CallClose
2026-04-29 10:30:08,242 | 24936 | 27496 | [open_context_base.py:410] _init_connect_sync: New connect ready: conn=7455080954370767487(1341) context=<futu.quote.open_quote_context.OpenQuoteContext object at 0x00000128E6DC4510>
  A_SHARE: 无异动
  扫描 HK...
2026-04-29 10:30:09,782 | 24936 | 27496 | [open_context_base.py:410] _init_connect_sync: New connect ready: conn=7455080960840814170(1342) context=<futu.quote.open_quote_context.OpenQuoteContext object at 0x00000128E6DC43E0>
2026-04-29 10:30:09,782 | 24936 | 5008 | [open_context_base.py:518] on_disconnect: Disconnected: conn=0(1341) reason=CallClose
  HK: 无异动

  盘中总计: 0 个补牢机会
2026-04-29 10:30:09,841 | 24936 | 5008 | [open_context_base.py:518] on_disconnect: Disconnected: conn=0(1342) reason=CallClose
2026-04-29 10:30:59,846 | 24936 | 27496 | [open_context_base.py:410] _init_connect_sync: New connect ready: conn=7455081170868502161(1343) context=<futu.quote.open_quote_context.OpenQuoteContext object at 0x00000128E6DC48A0>
2026-04-29 10:30:59,846 | 24936 | 5008 | [open_context_base.py:518] on_disconnect: Disconnected: conn=0(1343) reason=CallClose
2026-04-29 10:30:59,859 | 24936 | 27496 | [open_context_base.py:410] _init_connect_sync: New connect ready: conn=7455081170876214370(1344) context=<futu.quote.open_quote_context.OpenQuoteContext object at 0x00000128E6DC4770>
  10:30:59 价格更新: 1个持仓
2026-04-29 10:30:59,887 | 24936 | 5008 | [open_context_base.py:518] on_disconnect: Disconnected: conn=0(1344) reason=CallClose
2026-04-29 10:31:59,892 | 24936 | 27496 | [open_context_base.py:410] _init_connect_sync: New connect ready: conn=7455081422722635899(1345) context=<futu.quote.open_quote_context.OpenQuoteContext object at 0x00000128E6DC4640>
2026-04-29 10:31:59,893 | 24936 | 5008 | [open_context_base.py:518] on_disconnect: Disconnected: conn=0(1345) reason=CallClose
2026-04-29 10:31:59,895 | 24936 | 27496 | [open_context_base.py:410] _init_connect_sync: New connect ready: conn=7455081422731527575(1346) context=<futu.quote.open_quote_context.OpenQuoteContext object at 0x00000128E6DC42B0>
  10:31:59 价格更新: 1个持仓
2026-04-29 10:31:59,924 | 24936 | 5008 | [open_context_base.py:518] on_disconnect: Disconnected: conn=0(1346) reason=CallClose
2026-04-29 10:32:59,939 | 24936 | 27496 | [open_context_base.py:410] _init_connect_sync: New connect ready: conn=7455081674533263497(1347) context=<futu.quote.open_quote_context.OpenQuoteContext object at 0x00000128E6DC4180>
2026-04-29 10:32:59,940 | 24936 | 5008 | [open_context_base.py:518] on_disconnect: Disconnected: conn=0(1347) reason=CallClose
2026-04-29 10:32:59,942 | 24936 | 27496 | [open_context_base.py:410] _init_connect_sync: New connect ready: conn=7455081674590214245(1348) context=<futu.quote.open_quote_context.OpenQuoteContext object at 0x00000128E6DC49D0>
  10:32:59 价格更新: 1个持仓
2026-04-29 10:32:59,971 | 24936 | 5008 | [open_context_base.py:518] on_disconnect: Disconnected: conn=0(1348) reason=CallClose
2026-04-29 10:33:59,977 | 24936 | 27496 | [open_context_base.py:410] _init_connect_sync: New connect ready: conn=7455081926395161593(1349) context=<futu.quote.open_quote_context.OpenQuoteContext object at 0x00000128E6DC4B00>
2026-04-29 10:33:59,978 | 24936 | 5008 | [open_context_base.py:518] on_disconnect: Disconnected: conn=0(1349) reason=CallClose
2026-04-29 10:33:59,980 | 24936 | 27496 | [open_context_base.py:410] _init_connect_sync: New connect ready: conn=7455081926405218159(1350) context=<futu.quote.open_quote_context.OpenQuoteContext object at 0x00000128E6DC4C30>
  10:34:00 价格更新: 1个持仓
2026-04-29 10:34:00,050 | 24936 | 5008 | [open_context_base.py:518] on_disconnect: Disconnected: conn=0(1350) reason=CallClose
2026-04-29 10:35:00,067 | 24936 | 27496 | [open_context_base.py:410] _init_connect_sync: New connect ready: conn=7455082178380787070(1351) context=<futu.quote.open_quote_context.OpenQuoteContext object at 0x00000128E6DC4D60>
2026-04-29 10:35:00,068 | 24936 | 5008 | [open_context_base.py:518] on_disconnect: Disconnected: conn=0(1351) reason=CallClose
2026-04-29 10:35:00,070 | 24936 | 27496 | [open_context_base.py:410] _init_connect_sync: New connect ready: conn=7455082178440134035(1352) context=<futu.quote.open_quote_context.OpenQuoteContext object at 0x00000128E6DC4E90>
  10:35:00 价格更新: 1个持仓
2026-04-29 10:35:00,098 | 24936 | 5008 | [open_context_base.py:518] on_disconnect: Disconnected: conn=0(1352) reason=CallClose
2026-04-29 10:36:00,115 | 24936 | 27496 | [open_context_base.py:410] _init_connect_sync: New connect ready: conn=7455082430242109257(1353) context=<futu.quote.open_quote_context.OpenQuoteContext object at 0x00000128E6DC4FC0>
2026-04-29 10:36:00,116 | 24936 | 5008 | [open_context_base.py:518] on_disconnect: Disconnected: conn=0(1353) reason=CallClose
2026-04-29 10:36:00,128 | 24936 | 27496 | [open_context_base.py:410] _init_connect_sync: New connect ready: conn=7455082430300373211(1354) context=<futu.quote.open_quote_context.OpenQuoteContext object at 0x00000128E6DC50F0>
  10:36:00 价格更新: 1个持仓
2026-04-29 10:36:00,157 | 24936 | 5008 | [open_context_base.py:518] on_disconnect: Disconnected: conn=0(1354) reason=CallClose
2026-04-29 10:37:00,173 | 24936 | 27496 | [open_context_base.py:410] _init_connect_sync: New connect ready: conn=7455082682143877934(1355) context=<futu.quote.open_quote_context.OpenQuoteContext object at 0x00000128E6DC5220>
2026-04-29 10:37:00,174 | 24936 | 5008 | [open_context_base.py:518] on_disconnect: Disconnected: conn=0(1355) reason=CallClose
2026-04-29 10:37:00,188 | 24936 | 27496 | [open_context_base.py:410] _init_connect_sync: New connect ready: conn=7455082682204626028(1356) context=<futu.quote.open_quote_context.OpenQuoteContext object at 0x00000128E6DC5350>
  10:37:00 价格更新: 1个持仓
2026-04-29 10:37:00,220 | 24936 | 5008 | [open_context_base.py:518] on_disconnect: Disconnected: conn=0(1356) reason=CallClose
2026-04-29 10:38:00,234 | 24936 | 27496 | [open_context_base.py:410] _init_connect_sync: New connect ready: conn=7455082934062767382(1357) context=<futu.quote.open_quote_context.OpenQuoteContext object at 0x00000128E6DC5480>
2026-04-29 10:38:00,235 | 24936 | 5008 | [open_context_base.py:518] on_disconnect: Disconnected: conn=0(1357) reason=CallClose
2026-04-29 10:38:00,248 | 24936 | 27496 | [open_context_base.py:410] _init_connect_sync: New connect ready: conn=7455082934115595118(1358) context=<futu.quote.open_quote_context.OpenQuoteContext object at 0x00000128E6DC55B0>
  10:38:00 价格更新: 1个持仓
2026-04-29 10:38:00,278 | 24936 | 5008 | [open_context_base.py:518] on_disconnect: Disconnected: conn=0(1358) reason=CallClose
2026-04-29 10:39:00,284 | 24936 | 27496 | [open_context_base.py:410] _init_connect_sync: New connect ready: conn=7455083185971045141(1359) context=<futu.quote.open_quote_context.OpenQuoteContext object at 0x00000128E6DC56E0>
2026-04-29 10:39:00,284 | 24936 | 5008 | [open_context_base.py:518] on_disconnect: Disconnected: conn=0(1359) reason=CallClose
2026-04-29 10:39:00,286 | 24936 | 27496 | [open_context_base.py:410] _init_connect_sync: New connect ready: conn=7455083185982877455(1360) context=<futu.quote.open_quote_context.OpenQuoteContext object at 0x00000128E6DC5810>
  10:39:00 价格更新: 1个持仓
2026-04-29 10:39:00,322 | 24936 | 5008 | [open_context_base.py:518] on_disconnect: Disconnected: conn=0(1360) reason=CallClose
2026-04-29 10:40:00,337 | 24936 | 27496 | [open_context_base.py:410] _init_connect_sync: New connect ready: conn=7455083437807162060(1361) context=<futu.quote.open_quote_context.OpenQuoteContext object at 0x00000128E6DC5940>
2026-04-29 10:40:00,337 | 24936 | 5008 | [open_context_base.py:518] on_disconnect: Disconnected: conn=0(1361) reason=CallClose
2026-04-29 10:40:00,339 | 24936 | 27496 | [open_context_base.py:410] _init_connect_sync: New connect ready: conn=7455083437859624269(1362) context=<futu.quote.open_quote_context.OpenQuoteContext object at 0x00000128E6DC5A70>
  10:40:00 价格更新: 1个持仓
2026-04-29 10:40:00,370 | 24936 | 5008 | [open_context_base.py:518] on_disconnect: Disconnected: conn=0(1362) reason=CallClose
2026-04-29 10:41:00,375 | 24936 | 27496 | [open_context_base.py:410] _init_connect_sync: New connect ready: conn=7455083689669567087(1363) context=<futu.quote.open_quote_context.OpenQuoteContext object at 0x00000128E6DC5BA0>
2026-04-29 10:41:00,375 | 24936 | 5008 | [open_context_base.py:518] on_disconnect: Disconnected: conn=0(1363) reason=CallClose
2026-04-29 10:41:00,377 | 24936 | 27496 | [open_context_base.py:410] _init_connect_sync: New connect ready: conn=7455083689678534144(1364) context=<futu.quote.open_quote_context.OpenQuoteContext object at 0x00000128E6DC5CD0>
  10:41:00 价格更新: 1个持仓
2026-04-29 10:41:00,406 | 24936 | 5008 | [open_context_base.py:518] on_disconnect: Disconnected: conn=0(1364) reason=CallClose
2026-04-29 10:42:00,411 | 24936 | 27496 | [open_context_base.py:410] _init_connect_sync: New connect ready: conn=7455083941479776662(1365) context=<futu.quote.open_quote_context.OpenQuoteContext object at 0x00000128E6DC5E00>
2026-04-29 10:42:00,412 | 24936 | 5008 | [open_context_base.py:518] on_disconnect: Disconnected: conn=0(1365) reason=CallClose
2026-04-29 10:42:00,425 | 24936 | 27496 | [open_context_base.py:410] _init_connect_sync: New connect ready: conn=7455083941492170293(1366) context=<futu.quote.open_quote_context.OpenQuoteContext object at 0x00000128E6DC5F30>
  10:42:00 价格更新: 1个持仓
2026-04-29 10:42:00,457 | 24936 | 5008 | [open_context_base.py:518] on_disconnect: Disconnected: conn=0(1366) reason=CallClose
2026-04-29 10:43:00,460 | 24936 | 27496 | [open_context_base.py:410] _init_connect_sync: New connect ready: conn=7455084193344449960(1367) context=<futu.quote.open_quote_context.OpenQuoteContext object at 0x00000128E6DC6060>
2026-04-29 10:43:00,461 | 24936 | 5008 | [open_context_base.py:518] on_disconnect: Disconnected: conn=0(1367) reason=CallClose
2026-04-29 10:43:00,462 | 24936 | 27496 | [open_context_base.py:410] _init_connect_sync: New connect ready: conn=7455084193353422728(1368) context=<futu.quote.open_quote_context.OpenQuoteContext object at 0x00000128E6DC6190>
  10:43:00 价格更新: 1个持仓
2026-04-29 10:43:00,498 | 24936 | 5008 | [open_context_base.py:518] on_disconnect: Disconnected: conn=0(1368) reason=CallClose
2026-04-29 10:44:00,503 | 24936 | 27496 | [open_context_base.py:410] _init_connect_sync: New connect ready: conn=7455084445176521890(1369) context=<futu.quote.open_quote_context.OpenQuoteContext object at 0x00000128E6DC62C0>
2026-04-29 10:44:00,504 | 24936 | 5008 | [open_context_base.py:518] on_disconnect: Disconnected: conn=0(1369) reason=CallClose
2026-04-29 10:44:00,505 | 24936 | 27496 | [open_context_base.py:410] _init_connect_sync: New connect ready: conn=7455084445191017288(1370) context=<futu.quote.open_quote_context.OpenQuoteContext object at 0x00000128E6DC63F0>
  10:44:00 价格更新: 1个持仓
2026-04-29 10:44:00,541 | 24936 | 5008 | [open_context_base.py:518] on_disconnect: Disconnected: conn=0(1370) reason=CallClose
2026-04-29 10:45:00,548 | 24936 | 27496 | [open_context_base.py:410] _init_connect_sync: New connect ready: conn=7455084697021435937(1371) context=<futu.quote.open_quote_context.OpenQuoteContext object at 0x00000128E6DC6520>
2026-04-29 10:45:00,549 | 24936 | 5008 | [open_context_base.py:518] on_disconnect: Disconnected: conn=0(1371) reason=CallClose
2026-04-29 10:45:00,552 | 24936 | 27496 | [open_context_base.py:410] _init_connect_sync: New connect ready: conn=7455084697040407528(1372) context=<futu.quote.open_quote_context.OpenQuoteContext object at 0x00000128E6DC6650>
  10:45:00 价格更新: 1个持仓
2026-04-29 10:45:00,583 | 24936 | 5008 | [open_context_base.py:518] on_disconnect: Disconnected: conn=0(1372) reason=CallClose
2026-04-29 10:46:00,587 | 24936 | 27496 | [open_context_base.py:410] _init_connect_sync: New connect ready: conn=7455084948852829024(1373) context=<futu.quote.open_quote_context.OpenQuoteContext object at 0x00000128E6DC6780>
2026-04-29 10:46:00,588 | 24936 | 5008 | [open_context_base.py:518] on_disconnect: Disconnected: conn=0(1373) reason=CallClose
2026-04-29 10:46:00,590 | 24936 | 27496 | [open_context_base.py:410] _init_connect_sync: New connect ready: conn=7455084948861765051(1374) context=<futu.quote.open_quote_context.OpenQuoteContext object at 0x00000128E6DC68B0>
  10:46:00 价格更新: 1个持仓
2026-04-29 10:46:00,622 | 24936 | 5008 | [open_context_base.py:518] on_disconnect: Disconnected: conn=0(1374) reason=CallClose
2026-04-29 10:47:00,626 | 24936 | 27496 | [open_context_base.py:410] _init_connect_sync: New connect ready: conn=7455085200666984763(1375) context=<futu.quote.open_quote_context.OpenQuoteContext object at 0x00000128E6DC69E0>
2026-04-29 10:47:00,627 | 24936 | 5008 | [open_context_base.py:518] on_disconnect: Disconnected: conn=0(1375) reason=CallClose
2026-04-29 10:47:00,629 | 24936 | 27496 | [open_context_base.py:410] _init_connect_sync: New connect ready: conn=7455085200679785175(1376) context=<futu.quote.open_quote_context.OpenQuoteContext object at 0x00000128E6DC6B10>
  10:47:00 价格更新: 1个持仓
2026-04-29 10:47:00,847 | 24936 | 5008 | [open_context_base.py:518] on_disconnect: Disconnected: conn=0(1376) reason=CallClose
2026-04-29 10:48:00,852 | 24936 | 27496 | [open_context_base.py:410] _init_connect_sync: New connect ready: conn=7455085453273607929(1377) context=<futu.quote.open_quote_context.OpenQuoteContext object at 0x00000128E6DC6C40>
2026-04-29 10:48:00,852 | 24936 | 5008 | [open_context_base.py:518] on_disconnect: Disconnected: conn=0(1377) reason=CallClose
2026-04-29 10:48:00,854 | 24936 | 27496 | [open_context_base.py:410] _init_connect_sync: New connect ready: conn=7455085453285360144(1378) context=<futu.quote.open_quote_context.OpenQuoteContext object at 0x00000128E6DC6D70>
  10:48:00 价格更新: 1个持仓
2026-04-29 10:48:00,901 | 24936 | 5008 | [open_context_base.py:518] on_disconnect: Disconnected: conn=0(1378) reason=CallClose
2026-04-29 10:49:00,906 | 24936 | 27496 | [open_context_base.py:410] _init_connect_sync: New connect ready: conn=7455085705164147192(1379) context=<futu.quote.open_quote_context.OpenQuoteContext object at 0x00000128E6DC6EA0>
2026-04-29 10:49:00,907 | 24936 | 5008 | [open_context_base.py:518] on_disconnect: Disconnected: conn=0(1379) reason=CallClose
2026-04-29 10:49:00,909 | 24936 | 27496 | [open_context_base.py:410] _init_connect_sync: New connect ready: conn=7455085705177342698(1380) context=<futu.quote.open_quote_context.OpenQuoteContext object at 0x00000128E6DC6FD0>
  10:49:00 价格更新: 1个持仓
2026-04-29 10:49:00,946 | 24936 | 5008 | [open_context_base.py:518] on_disconnect: Disconnected: conn=0(1380) reason=CallClose
2026-04-29 10:50:00,950 | 24936 | 27496 | [open_context_base.py:410] _init_connect_sync: New connect ready: conn=7455085957003178898(1381) context=<futu.quote.open_quote_context.OpenQuoteContext object at 0x00000128E6DC7100>
2026-04-29 10:50:00,951 | 24936 | 5008 | [open_context_base.py:518] on_disconnect: Disconnected: conn=0(1381) reason=CallClose
2026-04-29 10:50:00,952 | 24936 | 27496 | [open_context_base.py:410] _init_connect_sync: New connect ready: conn=7455085957016406409(1382) context=<futu.quote.open_quote_context.OpenQuoteContext object at 0x00000128E6DC7230>
  10:50:00 价格更新: 1个持仓
2026-04-29 10:50:00,989 | 24936 | 5008 | [open_context_base.py:518] on_disconnect: Disconnected: conn=0(1382) reason=CallClose
2026-04-29 10:51:00,994 | 24936 | 27496 | [open_context_base.py:410] _init_connect_sync: New connect ready: conn=7455086208847591951(1383) context=<futu.quote.open_quote_context.OpenQuoteContext object at 0x00000128E6DC7360>
2026-04-29 10:51:00,995 | 24936 | 5008 | [open_context_base.py:518] on_disconnect: Disconnected: conn=0(1383) reason=CallClose
2026-04-29 10:51:00,997 | 24936 | 27496 | [open_context_base.py:410] _init_connect_sync: New connect ready: conn=7455086208859382139(1384) context=<futu.quote.open_quote_context.OpenQuoteContext object at 0x00000128E6DC7490>
  10:51:01 价格更新: 1个持仓
2026-04-29 10:51:01,051 | 24936 | 5008 | [open_context_base.py:518] on_disconnect: Disconnected: conn=0(1384) reason=CallClose
2026-04-29 10:52:01,068 | 24936 | 27496 | [open_context_base.py:410] _init_connect_sync: New connect ready: conn=7455086460766215697(1385) context=<futu.quote.open_quote_context.OpenQuoteContext object at 0x00000128E6DC75C0>
2026-04-29 10:52:01,069 | 24936 | 5008 | [open_context_base.py:518] on_disconnect: Disconnected: conn=0(1385) reason=CallClose
2026-04-29 10:52:01,071 | 24936 | 27496 | [open_context_base.py:410] _init_connect_sync: New connect ready: conn=7455086460826438544(1386) context=<futu.quote.open_quote_context.OpenQuoteContext object at 0x00000128E6DC76F0>
  10:52:01 价格更新: 1个持仓
2026-04-29 10:52:01,111 | 24936 | 5008 | [open_context_base.py:518] on_disconnect: Disconnected: conn=0(1386) reason=CallClose
2026-04-29 10:53:01,115 | 24936 | 27496 | [open_context_base.py:410] _init_connect_sync: New connect ready: conn=7455086712674647662(1387) context=<futu.quote.open_quote_context.OpenQuoteContext object at 0x00000128E6DC7820>
2026-04-29 10:53:01,116 | 24936 | 5008 | [open_context_base.py:518] on_disconnect: Disconnected: conn=0(1387) reason=CallClose
2026-04-29 10:53:01,119 | 24936 | 27496 | [open_context_base.py:410] _init_connect_sync: New connect ready: conn=7455086712684655236(1388) context=<futu.quote.open_quote_context.OpenQuoteContext object at 0x00000128E6DC7950>
  10:53:01 价格更新: 1个持仓
2026-04-29 10:53:01,162 | 24936 | 5008 | [open_context_base.py:518] on_disconnect: Disconnected: conn=0(1388) reason=CallClose
2026-04-29 10:54:01,167 | 24936 | 27496 | [open_context_base.py:410] _init_connect_sync: New connect ready: conn=7455086964549948190(1389) context=<futu.quote.open_quote_context.OpenQuoteContext object at 0x00000128E6DC7A80>
2026-04-29 10:54:01,168 | 24936 | 5008 | [open_context_base.py:518] on_disconnect: Disconnected: conn=0(1389) reason=CallClose
2026-04-29 10:54:01,169 | 24936 | 27496 | [open_context_base.py:410] _init_connect_sync: New connect ready: conn=7455086964558687184(1390) context=<futu.quote.open_quote_context.OpenQuoteContext object at 0x00000128E6DC7BB0>
  10:54:01 价格更新: 1个持仓
2026-04-29 10:54:01,206 | 24936 | 5008 | [open_context_base.py:518] on_disconnect: Disconnected: conn=0(1390) reason=CallClose
2026-04-29 10:55:01,223 | 24936 | 27496 | [open_context_base.py:410] _init_connect_sync: New connect ready: conn=7455087216395755523(1391) context=<futu.quote.open_quote_context.OpenQuoteContext object at 0x00000128E6DC7CE0>
2026-04-29 10:55:01,231 | 24936 | 5008 | [open_context_base.py:518] on_disconnect: Disconnected: conn=0(1391) reason=CallClose
2026-04-29 10:55:01,233 | 24936 | 27496 | [open_context_base.py:410] _init_connect_sync: New connect ready: conn=7455087216483008900(1392) context=<futu.quote.open_quote_context.OpenQuoteContext object at 0x00000128E6DC7E10>
  10:55:01 价格更新: 1个持仓
2026-04-29 10:55:01,264 | 24936 | 5008 | [open_context_base.py:518] on_disconnect: Disconnected: conn=0(1392) reason=CallClose
2026-04-29 10:56:01,267 | 24936 | 27496 | [open_context_base.py:410] _init_connect_sync: New connect ready: conn=7455087468285272149(1393) context=<futu.quote.open_quote_context.OpenQuoteContext object at 0x00000128E6DA0050>
2026-04-29 10:56:01,268 | 24936 | 5008 | [open_context_base.py:518] on_disconnect: Disconnected: conn=0(1393) reason=CallClose
2026-04-29 10:56:01,281 | 24936 | 27496 | [open_context_base.py:410] _init_connect_sync: New connect ready: conn=7455087468296595032(1394) context=<futu.quote.open_quote_context.OpenQuoteContext object at 0x00000128E6DA0180>
  10:56:01 价格更新: 1个持仓
2026-04-29 10:56:01,314 | 24936 | 5008 | [open_context_base.py:518] on_disconnect: Disconnected: conn=0(1394) reason=CallClose
2026-04-29 10:57:01,319 | 24936 | 27496 | [open_context_base.py:410] _init_connect_sync: New connect ready: conn=7455087720158091503(1395) context=<futu.quote.open_quote_context.OpenQuoteContext object at 0x00000128E6DA02B0>
2026-04-29 10:57:01,320 | 24936 | 5008 | [open_context_base.py:518] on_disconnect: Disconnected: conn=0(1395) reason=CallClose
2026-04-29 10:57:01,333 | 24936 | 27496 | [open_context_base.py:410] _init_connect_sync: New connect ready: conn=7455087720176106300(1396) context=<futu.quote.open_quote_context.OpenQuoteContext object at 0x00000128E6DA03E0>
[M9] 无法获取价格: 000651.SZ
2026-04-29 10:57:01,334 | 24936 | 5008 | [open_context_base.py:518] on_disconnect: Disconnected: conn=0(1396) reason=CallClose
2026-04-29 10:58:01,340 | 24936 | 27496 | [open_context_base.py:410] _init_connect_sync: New connect ready: conn=7455087971902404208(1397) context=<futu.quote.open_quote_context.OpenQuoteContext object at 0x00000128E6DA0510>
2026-04-29 10:58:01,341 | 24936 | 5008 | [open_context_base.py:518] on_disconnect: Disconnected: conn=0(1397) reason=CallClose
2026-04-29 10:58:01,342 | 24936 | 27496 | [open_context_base.py:410] _init_connect_sync: New connect ready: conn=7455087971916632177(1398) context=<futu.quote.open_quote_context.OpenQuoteContext object at 0x00000128E6DA0640>
  10:58:01 价格更新: 1个持仓
2026-04-29 10:58:01,392 | 24936 | 5008 | [open_context_base.py:518] on_disconnect: Disconnected: conn=0(1398) reason=CallClose
2026-04-29 10:59:01,396 | 24936 | 27496 | [open_context_base.py:410] _init_connect_sync: New connect ready: conn=7455088223803288217(1399) context=<futu.quote.open_quote_context.OpenQuoteContext object at 0x00000128E6DA0770>
2026-04-29 10:59:01,397 | 24936 | 5008 | [open_context_base.py:518] on_disconnect: Disconnected: conn=0(1399) reason=CallClose
2026-04-29 10:59:01,399 | 24936 | 27496 | [open_context_base.py:410] _init_connect_sync: New connect ready: conn=7455088223814348106(1400) context=<futu.quote.open_quote_context.OpenQuoteContext object at 0x00000128E6DA08A0>
  10:59:01 价格更新: 1个持仓
2026-04-29 10:59:01,433 | 24936 | 5008 | [open_context_base.py:518] on_disconnect: Disconnected: conn=0(1400) reason=CallClose
2026-04-29 11:00:01,438 | 24936 | 27496 | [open_context_base.py:410] _init_connect_sync: New connect ready: conn=7455088475630037128(1401) context=<futu.quote.open_quote_context.OpenQuoteContext object at 0x00000128E6DA09D0>
2026-04-29 11:00:01,438 | 24936 | 5008 | [open_context_base.py:518] on_disconnect: Disconnected: conn=0(1401) reason=CallClose
2026-04-29 11:00:01,440 | 24936 | 27496 | [open_context_base.py:410] _init_connect_sync: New connect ready: conn=7455088475642049124(1402) context=<futu.quote.open_quote_context.OpenQuoteContext object at 0x00000128E6DA0B00>
  11:00:01 价格更新: 1个持仓
2026-04-29 11:00:01,473 | 24936 | 5008 | [open_context_base.py:518] on_disconnect: Disconnected: conn=0(1402) reason=CallClose

--- 第 31 轮A股盘中扫描 (A股30min) ---
2026-04-29 11:00:11,478 | 24936 | 27496 | [open_context_base.py:410] _init_connect_sync: New connect ready: conn=7455088517748469872(1403) context=<futu.quote.open_quote_context.OpenQuoteContext object at 0x00000128E6DA0C30>
  扫描 A_SHARE...2026-04-29 11:00:11,479 | 24936 | 5008 | [open_context_base.py:518] on_disconnect: Disconnected: conn=0(1403) reason=CallClose

2026-04-29 11:00:11,505 | 24936 | 27496 | [open_context_base.py:410] _init_connect_sync: New connect ready: conn=7455088517857978374(1404) context=<futu.quote.open_quote_context.OpenQuoteContext object at 0x00000128E6DA1220>
  A_SHARE: 无异动
  扫描 HK...
2026-04-29 11:00:13,647 | 24936 | 27496 | [open_context_base.py:410] _init_connect_sync: New connect ready: conn=7455088526839305802(1405) context=<futu.quote.open_quote_context.OpenQuoteContext object at 0x00000128E6DA10F0>
2026-04-29 11:00:13,648 | 24936 | 5008 | [open_context_base.py:518] on_disconnect: Disconnected: conn=0(1404) reason=CallClose
  HK: 无异动

  盘中总计: 0 个补牢机会
2026-04-29 11:00:13,658 | 24936 | 5008 | [open_context_base.py:518] on_disconnect: Disconnected: conn=0(1405) reason=CallClose
2026-04-29 11:01:03,662 | 24936 | 27496 | [open_context_base.py:410] _init_connect_sync: New connect ready: conn=7455088736619561289(1406) context=<futu.quote.open_quote_context.OpenQuoteContext object at 0x00000128E6DA16E0>
2026-04-29 11:01:03,663 | 24936 | 5008 | [open_context_base.py:518] on_disconnect: Disconnected: conn=0(1406) reason=CallClose
2026-04-29 11:01:03,665 | 24936 | 27496 | [open_context_base.py:410] _init_connect_sync: New connect ready: conn=7455088736633685681(1407) context=<futu.quote.open_quote_context.OpenQuoteContext object at 0x00000128E6DA15B0>
  11:01:03 价格更新: 1个持仓
2026-04-29 11:01:03,706 | 24936 | 5008 | [open_context_base.py:518] on_disconnect: Disconnected: conn=0(1407) reason=CallClose
2026-04-29 11:02:03,723 | 24936 | 27496 | [open_context_base.py:410] _init_connect_sync: New connect ready: conn=7455088988480313866(1408) context=<futu.quote.open_quote_context.OpenQuoteContext object at 0x00000128E6DA1480>
2026-04-29 11:02:03,724 | 24936 | 5008 | [open_context_base.py:518] on_disconnect: Disconnected: conn=0(1408) reason=CallClose
2026-04-29 11:02:03,738 | 24936 | 27496 | [open_context_base.py:410] _init_connect_sync: New connect ready: conn=7455088988543464421(1409) context=<futu.quote.open_quote_context.OpenQuoteContext object at 0x00000128E6DA1350>
  11:02:03 价格更新: 1个持仓
2026-04-29 11:02:03,786 | 24936 | 5008 | [open_context_base.py:518] on_disconnect: Disconnected: conn=0(1409) reason=CallClose
2026-04-29 11:03:03,790 | 24936 | 27496 | [open_context_base.py:410] _init_connect_sync: New connect ready: conn=7455089240475695766(1410) context=<futu.quote.open_quote_context.OpenQuoteContext object at 0x00000128E6DA0FC0>
2026-04-29 11:03:03,791 | 24936 | 5008 | [open_context_base.py:518] on_disconnect: Disconnected: conn=0(1410) reason=CallClose
2026-04-29 11:03:03,793 | 24936 | 27496 | [open_context_base.py:410] _init_connect_sync: New connect ready: conn=7455089240489847553(1411) context=<futu.quote.open_quote_context.OpenQuoteContext object at 0x00000128E6DA0E90>
  11:03:03 价格更新: 1个持仓
2026-04-29 11:03:03,832 | 24936 | 5008 | [open_context_base.py:518] on_disconnect: Disconnected: conn=0(1411) reason=CallClose
2026-04-29 11:04:03,849 | 24936 | 27496 | [open_context_base.py:410] _init_connect_sync: New connect ready: conn=7455089492333272298(1412) context=<futu.quote.open_quote_context.OpenQuoteContext object at 0x00000128E6DA0D60>
2026-04-29 11:04:03,850 | 24936 | 5008 | [open_context_base.py:518] on_disconnect: Disconnected: conn=0(1412) reason=CallClose
2026-04-29 11:04:03,852 | 24936 | 27496 | [open_context_base.py:410] _init_connect_sync: New connect ready: conn=7455089492387742632(1413) context=<futu.quote.open_quote_context.OpenQuoteContext object at 0x00000128E6DA1810>
  11:04:03 价格更新: 1个持仓
2026-04-29 11:04:03,885 | 24936 | 5008 | [open_context_base.py:518] on_disconnect: Disconnected: conn=0(1413) reason=CallClose
2026-04-29 11:05:03,889 | 24936 | 27496 | [open_context_base.py:410] _init_connect_sync: New connect ready: conn=7455089744206738845(1414) context=<futu.quote.open_quote_context.OpenQuoteContext object at 0x00000128E6DA1940>
2026-04-29 11:05:03,890 | 24936 | 5008 | [open_context_base.py:518] on_disconnect: Disconnected: conn=0(1414) reason=CallClose
2026-04-29 11:05:03,892 | 24936 | 27496 | [open_context_base.py:410] _init_connect_sync: New connect ready: conn=7455089744220926385(1415) context=<futu.quote.open_quote_context.OpenQuoteContext object at 0x00000128E6DA1A70>
  11:05:03 价格更新: 1个持仓
2026-04-29 11:05:03,937 | 24936 | 5008 | [open_context_base.py:518] on_disconnect: Disconnected: conn=0(1415) reason=CallClose
2026-04-29 11:06:03,946 | 24936 | 27496 | [open_context_base.py:410] _init_connect_sync: New connect ready: conn=7455089996103771243(1416) context=<futu.quote.open_quote_context.OpenQuoteContext object at 0x00000128E6DA1BA0>
2026-04-29 11:06:03,947 | 24936 | 5008 | [open_context_base.py:518] on_disconnect: Disconnected: conn=0(1416) reason=CallClose
2026-04-29 11:06:03,960 | 24936 | 27496 | [open_context_base.py:410] _init_connect_sync: New connect ready: conn=7455089996115823983(1417) context=<futu.quote.open_quote_context.OpenQuoteContext object at 0x00000128E6DA1CD0>
  11:06:03 价格更新: 1个持仓
2026-04-29 11:06:03,991 | 24936 | 5008 | [open_context_base.py:518] on_disconnect: Disconnected: conn=0(1417) reason=CallClose
2026-04-29 11:07:03,996 | 24936 | 27496 | [open_context_base.py:410] _init_connect_sync: New connect ready: conn=7455090247972147974(1418) context=<futu.quote.open_quote_context.OpenQuoteContext object at 0x00000128E6DA1E00>
2026-04-29 11:07:03,997 | 24936 | 5008 | [open_context_base.py:518] on_disconnect: Disconnected: conn=0(1418) reason=CallClose
2026-04-29 11:07:04,000 | 24936 | 27496 | [open_context_base.py:410] _init_connect_sync: New connect ready: conn=7455090247987812813(1419) context=<futu.quote.open_quote_context.OpenQuoteContext object at 0x00000128E6DA1F30>
  11:07:04 价格更新: 1个持仓
2026-04-29 11:07:04,041 | 24936 | 5008 | [open_context_base.py:518] on_disconnect: Disconnected: conn=0(1419) reason=CallClose
2026-04-29 11:08:04,059 | 24936 | 27496 | [open_context_base.py:410] _init_connect_sync: New connect ready: conn=7455090499845557040(1420) context=<futu.quote.open_quote_context.OpenQuoteContext object at 0x00000128E6DA2060>
2026-04-29 11:08:04,059 | 24936 | 5008 | [open_context_base.py:518] on_disconnect: Disconnected: conn=0(1420) reason=CallClose
2026-04-29 11:08:04,073 | 24936 | 27496 | [open_context_base.py:410] _init_connect_sync: New connect ready: conn=7455090499906181027(1421) context=<futu.quote.open_quote_context.OpenQuoteContext object at 0x00000128E6DA2190>
  11:08:04 价格更新: 1个持仓
2026-04-29 11:08:04,120 | 24936 | 5008 | [open_context_base.py:518] on_disconnect: Disconnected: conn=0(1421) reason=CallClose
2026-04-29 11:09:04,125 | 24936 | 27496 | [open_context_base.py:410] _init_connect_sync: New connect ready: conn=7455090751824646790(1422) context=<futu.quote.open_quote_context.OpenQuoteContext object at 0x00000128E6DA22C0>
2026-04-29 11:09:04,125 | 24936 | 5008 | [open_context_base.py:518] on_disconnect: Disconnected: conn=0(1422) reason=CallClose
2026-04-29 11:09:04,127 | 24936 | 27496 | [open_context_base.py:410] _init_connect_sync: New connect ready: conn=7455090751836390420(1423) context=<futu.quote.open_quote_context.OpenQuoteContext object at 0x00000128E6DA23F0>
  11:09:04 价格更新: 1个持仓
2026-04-29 11:09:04,185 | 24936 | 5008 | [open_context_base.py:518] on_disconnect: Disconnected: conn=0(1423) reason=CallClose
2026-04-29 11:10:04,208 | 24936 | 27496 | [open_context_base.py:410] _init_connect_sync: New connect ready: conn=7455091003792168789(1424) context=<futu.quote.open_quote_context.OpenQuoteContext object at 0x00000128E6DA2520>
2026-04-29 11:10:04,208 | 24936 | 5008 | [open_context_base.py:518] on_disconnect: Disconnected: conn=0(1424) reason=CallClose
2026-04-29 11:10:04,211 | 24936 | 27496 | [open_context_base.py:410] _init_connect_sync: New connect ready: conn=7455091003845754237(1425) context=<futu.quote.open_quote_context.OpenQuoteContext object at 0x00000128E6DA2650>
  11:10:04 价格更新: 1个持仓
2026-04-29 11:10:04,254 | 24936 | 5008 | [open_context_base.py:518] on_disconnect: Disconnected: conn=0(1425) reason=CallClose
2026-04-29 11:11:04,260 | 24936 | 27496 | [open_context_base.py:410] _init_connect_sync: New connect ready: conn=7455091255714469086(1426) context=<futu.quote.open_quote_context.OpenQuoteContext object at 0x00000128E6DA2780>
2026-04-29 11:11:04,261 | 24936 | 5008 | [open_context_base.py:518] on_disconnect: Disconnected: conn=0(1426) reason=CallClose
2026-04-29 11:11:04,263 | 24936 | 27496 | [open_context_base.py:410] _init_connect_sync: New connect ready: conn=7455091255726341540(1427) context=<futu.quote.open_quote_context.OpenQuoteContext object at 0x00000128E6DA28B0>
  11:11:04 价格更新: 1个持仓
2026-04-29 11:11:04,298 | 24936 | 5008 | [open_context_base.py:518] on_disconnect: Disconnected: conn=0(1427) reason=CallClose
2026-04-29 11:12:04,320 | 24936 | 27496 | [open_context_base.py:410] _init_connect_sync: New connect ready: conn=7455091507615189112(1428) context=<futu.quote.open_quote_context.OpenQuoteContext object at 0x00000128E6DA29E0>
2026-04-29 11:12:04,321 | 24936 | 5008 | [open_context_base.py:518] on_disconnect: Disconnected: conn=0(1428) reason=CallClose
2026-04-29 11:12:04,324 | 24936 | 27496 | [open_context_base.py:410] _init_connect_sync: New connect ready: conn=7455091507631139136(1429) context=<futu.quote.open_quote_context.OpenQuoteContext object at 0x00000128E6DA2B10>
  11:12:04 价格更新: 1个持仓
2026-04-29 11:12:04,373 | 24936 | 5008 | [open_context_base.py:518] on_disconnect: Disconnected: conn=0(1429) reason=CallClose
2026-04-29 11:13:04,379 | 24936 | 27496 | [open_context_base.py:410] _init_connect_sync: New connect ready: conn=7455091759529569078(1430) context=<futu.quote.open_quote_context.OpenQuoteContext object at 0x00000128E6DA2C40>
2026-04-29 11:13:04,379 | 24936 | 5008 | [open_context_base.py:518] on_disconnect: Disconnected: conn=0(1430) reason=CallClose
2026-04-29 11:13:04,392 | 24936 | 27496 | [open_context_base.py:410] _init_connect_sync: New connect ready: conn=7455091759535349877(1431) context=<futu.quote.open_quote_context.OpenQuoteContext object at 0x00000128E6DA2D70>
  11:13:04 价格更新: 1个持仓
2026-04-29 11:13:04,440 | 24936 | 5008 | [open_context_base.py:518] on_disconnect: Disconnected: conn=0(1431) reason=CallClose
2026-04-29 11:14:04,444 | 24936 | 27496 | [open_context_base.py:410] _init_connect_sync: New connect ready: conn=7455092011454323975(1432) context=<futu.quote.open_quote_context.OpenQuoteContext object at 0x00000128E6DA2EA0>
2026-04-29 11:14:04,445 | 24936 | 5008 | [open_context_base.py:518] on_disconnect: Disconnected: conn=0(1432) reason=CallClose
2026-04-29 11:14:04,447 | 24936 | 27496 | [open_context_base.py:410] _init_connect_sync: New connect ready: conn=7455092011465699740(1433) context=<futu.quote.open_quote_context.OpenQuoteContext object at 0x00000128E6DA2FD0>
  11:14:04 价格更新: 1个持仓
2026-04-29 11:14:04,561 | 24936 | 5008 | [open_context_base.py:518] on_disconnect: Disconnected: conn=0(1433) reason=CallClose
2026-04-29 11:15:04,567 | 24936 | 27496 | [open_context_base.py:410] _init_connect_sync: New connect ready: conn=7455092263627785447(1434) context=<futu.quote.open_quote_context.OpenQuoteContext object at 0x00000128E6DA3100>
2026-04-29 11:15:04,568 | 24936 | 5008 | [open_context_base.py:518] on_disconnect: Disconnected: conn=0(1434) reason=CallClose
2026-04-29 11:15:04,570 | 24936 | 27496 | [open_context_base.py:410] _init_connect_sync: New connect ready: conn=7455092263641283537(1435) context=<futu.quote.open_quote_context.OpenQuoteContext object at 0x00000128E6DA3230>
  11:15:04 价格更新: 1个持仓
2026-04-29 11:15:04,614 | 24936 | 5008 | [open_context_base.py:518] on_disconnect: Disconnected: conn=0(1435) reason=CallClose
2026-04-29 11:16:04,618 | 24936 | 27496 | [open_context_base.py:410] _init_connect_sync: New connect ready: conn=7455092515502808388(1436) context=<futu.quote.open_quote_context.OpenQuoteContext object at 0x00000128E6DA3360>
2026-04-29 11:16:04,619 | 24936 | 5008 | [open_context_base.py:518] on_disconnect: Disconnected: conn=0(1436) reason=CallClose
2026-04-29 11:16:04,621 | 24936 | 27496 | [open_context_base.py:410] _init_connect_sync: New connect ready: conn=7455092515513931846(1437) context=<futu.quote.open_quote_context.OpenQuoteContext object at 0x00000128E6DA3490>
  11:16:04 价格更新: 1个持仓
2026-04-29 11:16:04,655 | 24936 | 5008 | [open_context_base.py:518] on_disconnect: Disconnected: conn=0(1437) reason=CallClose
2026-04-29 11:17:04,660 | 24936 | 27496 | [open_context_base.py:410] _init_connect_sync: New connect ready: conn=7455092767338165451(1438) context=<futu.quote.open_quote_context.OpenQuoteContext object at 0x00000128E6DA35C0>
2026-04-29 11:17:04,660 | 24936 | 5008 | [open_context_base.py:518] on_disconnect: Disconnected: conn=0(1438) reason=CallClose
2026-04-29 11:17:04,662 | 24936 | 27496 | [open_context_base.py:410] _init_connect_sync: New connect ready: conn=7455092767349347579(1439) context=<futu.quote.open_quote_context.OpenQuoteContext object at 0x00000128E6DA36F0>
  11:17:04 价格更新: 1个持仓
2026-04-29 11:17:04,694 | 24936 | 5008 | [open_context_base.py:518] on_disconnect: Disconnected: conn=0(1439) reason=CallClose
2026-04-29 11:18:04,699 | 24936 | 27496 | [open_context_base.py:410] _init_connect_sync: New connect ready: conn=7455093019157543063(1440) context=<futu.quote.open_quote_context.OpenQuoteContext object at 0x00000128E6DA3820>
2026-04-29 11:18:04,700 | 24936 | 5008 | [open_context_base.py:518] on_disconnect: Disconnected: conn=0(1440) reason=CallClose
2026-04-29 11:18:04,702 | 24936 | 27496 | [open_context_base.py:410] _init_connect_sync: New connect ready: conn=7455093019172863457(1441) context=<futu.quote.open_quote_context.OpenQuoteContext object at 0x00000128E6DA3950>
  11:18:04 价格更新: 1个持仓
2026-04-29 11:18:04,740 | 24936 | 5008 | [open_context_base.py:518] on_disconnect: Disconnected: conn=0(1441) reason=CallClose
2026-04-29 11:19:04,744 | 24936 | 27496 | [open_context_base.py:410] _init_connect_sync: New connect ready: conn=7455093271003451971(1442) context=<futu.quote.open_quote_context.OpenQuoteContext object at 0x00000128E6DA3A80>
2026-04-29 11:19:04,744 | 24936 | 5008 | [open_context_base.py:518] on_disconnect: Disconnected: conn=0(1442) reason=CallClose
2026-04-29 11:19:04,757 | 24936 | 27496 | [open_context_base.py:410] _init_connect_sync: New connect ready: conn=7455093271016197788(1443) context=<futu.quote.open_quote_context.OpenQuoteContext object at 0x00000128E6DA3BB0>
  11:19:04 价格更新: 1个持仓
2026-04-29 11:19:04,790 | 24936 | 5008 | [open_context_base.py:518] on_disconnect: Disconnected: conn=0(1443) reason=CallClose
2026-04-29 11:20:04,807 | 24936 | 27496 | [open_context_base.py:410] _init_connect_sync: New connect ready: conn=7455093522885233060(1444) context=<futu.quote.open_quote_context.OpenQuoteContext object at 0x00000128E6DA3CE0>
2026-04-29 11:20:04,809 | 24936 | 5008 | [open_context_base.py:518] on_disconnect: Disconnected: conn=0(1444) reason=CallClose
2026-04-29 11:20:04,810 | 24936 | 27496 | [open_context_base.py:410] _init_connect_sync: New connect ready: conn=7455093522942474853(1445) context=<futu.quote.open_quote_context.OpenQuoteContext object at 0x00000128E6DA3E10>
  11:20:04 价格更新: 1个持仓
2026-04-29 11:20:04,842 | 24936 | 5008 | [open_context_base.py:518] on_disconnect: Disconnected: conn=0(1445) reason=CallClose
2026-04-29 11:21:04,847 | 24936 | 27496 | [open_context_base.py:410] _init_connect_sync: New connect ready: conn=7455093774754958880(1446) context=<futu.quote.open_quote_context.OpenQuoteContext object at 0x00000128E6D80050>
2026-04-29 11:21:04,849 | 24936 | 5008 | [open_context_base.py:518] on_disconnect: Disconnected: conn=0(1446) reason=CallClose
2026-04-29 11:21:04,851 | 24936 | 27496 | [open_context_base.py:410] _init_connect_sync: New connect ready: conn=7455093774768655944(1447) context=<futu.quote.open_quote_context.OpenQuoteContext object at 0x00000128E6D80180>
  11:21:04 价格更新: 1个持仓
2026-04-29 11:21:04,883 | 24936 | 5008 | [open_context_base.py:518] on_disconnect: Disconnected: conn=0(1447) reason=CallClose
2026-04-29 11:22:04,898 | 24936 | 27496 | [open_context_base.py:410] _init_connect_sync: New connect ready: conn=7455094026583220420(1448) context=<futu.quote.open_quote_context.OpenQuoteContext object at 0x00000128E6D802B0>
2026-04-29 11:22:04,899 | 24936 | 5008 | [open_context_base.py:518] on_disconnect: Disconnected: conn=0(1448) reason=CallClose
2026-04-29 11:22:04,911 | 24936 | 27496 | [open_context_base.py:410] _init_connect_sync: New connect ready: conn=7455094026643901436(1449) context=<futu.quote.open_quote_context.OpenQuoteContext object at 0x00000128E6D803E0>
  11:22:04 价格更新: 1个持仓
2026-04-29 11:22:04,965 | 24936 | 5008 | [open_context_base.py:518] on_disconnect: Disconnected: conn=0(1449) reason=CallClose
2026-04-29 11:23:04,969 | 24936 | 27496 | [open_context_base.py:410] _init_connect_sync: New connect ready: conn=7455094278584930795(1450) context=<futu.quote.open_quote_context.OpenQuoteContext object at 0x00000128E6DDFE10>
2026-04-29 11:23:04,970 | 24936 | 5008 | [open_context_base.py:518] on_disconnect: Disconnected: conn=0(1450) reason=CallClose
2026-04-29 11:23:04,972 | 24936 | 27496 | [open_context_base.py:410] _init_connect_sync: New connect ready: conn=7455094278598336909(1451) context=<futu.quote.open_quote_context.OpenQuoteContext object at 0x00000128E6DDFCE0>
  11:23:05 价格更新: 1个持仓
2026-04-29 11:23:05,003 | 24936 | 5008 | [open_context_base.py:518] on_disconnect: Disconnected: conn=0(1451) reason=CallClose
2026-04-29 11:24:05,018 | 24936 | 27496 | [open_context_base.py:410] _init_connect_sync: New connect ready: conn=7455094530412272504(1452) context=<futu.quote.open_quote_context.OpenQuoteContext object at 0x00000128E6DDFBB0>
2026-04-29 11:24:05,019 | 24936 | 5008 | [open_context_base.py:518] on_disconnect: Disconnected: conn=0(1452) reason=CallClose
2026-04-29 11:24:05,021 | 24936 | 27496 | [open_context_base.py:410] _init_connect_sync: New connect ready: conn=7455094530458683437(1453) context=<futu.quote.open_quote_context.OpenQuoteContext object at 0x00000128E6DDFA80>
  11:24:05 价格更新: 1个持仓
2026-04-29 11:24:05,053 | 24936 | 5008 | [open_context_base.py:518] on_disconnect: Disconnected: conn=0(1453) reason=CallClose
2026-04-29 11:25:05,059 | 24936 | 27496 | [open_context_base.py:410] _init_connect_sync: New connect ready: conn=7455094782273632851(1454) context=<futu.quote.open_quote_context.OpenQuoteContext object at 0x00000128E6DDF950>
2026-04-29 11:25:05,060 | 24936 | 5008 | [open_context_base.py:518] on_disconnect: Disconnected: conn=0(1454) reason=CallClose
2026-04-29 11:25:05,062 | 24936 | 27496 | [open_context_base.py:410] _init_connect_sync: New connect ready: conn=7455094782291512525(1455) context=<futu.quote.open_quote_context.OpenQuoteContext object at 0x00000128E6DDF820>
  11:25:05 价格更新: 1个持仓
2026-04-29 11:25:05,097 | 24936 | 5008 | [open_context_base.py:518] on_disconnect: Disconnected: conn=0(1455) reason=CallClose
2026-04-29 11:26:05,101 | 24936 | 27496 | [open_context_base.py:410] _init_connect_sync: New connect ready: conn=7455095034115602001(1456) context=<futu.quote.open_quote_context.OpenQuoteContext object at 0x00000128E6DDF6F0>
2026-04-29 11:26:05,102 | 24936 | 5008 | [open_context_base.py:518] on_disconnect: Disconnected: conn=0(1456) reason=CallClose
2026-04-29 11:26:05,104 | 24936 | 27496 | [open_context_base.py:410] _init_connect_sync: New connect ready: conn=7455095034123106401(1457) context=<futu.quote.open_quote_context.OpenQuoteContext object at 0x00000128E6DDF5C0>
  11:26:05 价格更新: 1个持仓
2026-04-29 11:26:05,135 | 24936 | 5008 | [open_context_base.py:518] on_disconnect: Disconnected: conn=0(1457) reason=CallClose
2026-04-29 11:27:05,140 | 24936 | 27496 | [open_context_base.py:410] _init_connect_sync: New connect ready: conn=7455095285937005760(1458) context=<futu.quote.open_quote_context.OpenQuoteContext object at 0x00000128E6DDF490>
2026-04-29 11:27:05,141 | 24936 | 5008 | [open_context_base.py:518] on_disconnect: Disconnected: conn=0(1458) reason=CallClose
2026-04-29 11:27:05,154 | 24936 | 27496 | [open_context_base.py:410] _init_connect_sync: New connect ready: conn=7455095285949266267(1459) context=<futu.quote.open_quote_context.OpenQuoteContext object at 0x00000128E6DDF360>
  11:27:05 价格更新: 1个持仓
2026-04-29 11:27:05,192 | 24936 | 5008 | [open_context_base.py:518] on_disconnect: Disconnected: conn=0(1459) reason=CallClose
2026-04-29 11:28:05,209 | 24936 | 27496 | [open_context_base.py:410] _init_connect_sync: New connect ready: conn=7455095537831686540(1460) context=<futu.quote.open_quote_context.OpenQuoteContext object at 0x00000128E6DDF230>
2026-04-29 11:28:05,210 | 24936 | 5008 | [open_context_base.py:518] on_disconnect: Disconnected: conn=0(1460) reason=CallClose
2026-04-29 11:28:05,222 | 24936 | 27496 | [open_context_base.py:410] _init_connect_sync: New connect ready: conn=7455095537897167942(1461) context=<futu.quote.open_quote_context.OpenQuoteContext object at 0x00000128E6DDF100>
  11:28:05 价格更新: 1个持仓
2026-04-29 11:28:05,251 | 24936 | 5008 | [open_context_base.py:518] on_disconnect: Disconnected: conn=0(1461) reason=CallClose
2026-04-29 11:29:05,255 | 24936 | 27496 | [open_context_base.py:410] _init_connect_sync: New connect ready: conn=7455095789733254103(1462) context=<futu.quote.open_quote_context.OpenQuoteContext object at 0x00000128E6DDEFD0>
2026-04-29 11:29:05,256 | 24936 | 5008 | [open_context_base.py:518] on_disconnect: Disconnected: conn=0(1462) reason=CallClose
2026-04-29 11:29:05,268 | 24936 | 27496 | [open_context_base.py:410] _init_connect_sync: New connect ready: conn=7455095789744443724(1463) context=<futu.quote.open_quote_context.OpenQuoteContext object at 0x00000128E6DDEEA0>
  11:29:05 价格更新: 1个持仓
2026-04-29 11:29:05,301 | 24936 | 5008 | [open_context_base.py:518] on_disconnect: Disconnected: conn=0(1463) reason=CallClose
2026-04-29 11:30:05,317 | 24936 | 27496 | [open_context_base.py:410] _init_connect_sync: New connect ready: conn=7455096041605924373(1464) context=<futu.quote.open_quote_context.OpenQuoteContext object at 0x00000128E6DDED70>
2026-04-29 11:30:05,318 | 24936 | 5008 | [open_context_base.py:518] on_disconnect: Disconnected: conn=0(1464) reason=CallClose
2026-04-29 11:30:05,320 | 24936 | 27496 | [open_context_base.py:410] _init_connect_sync: New connect ready: conn=7455096041659813480(1465) context=<futu.quote.open_quote_context.OpenQuoteContext object at 0x00000128E6DDEC40>
  11:30:05 价格更新: 1个持仓
2026-04-29 11:30:05,352 | 24936 | 5008 | [open_context_base.py:518] on_disconnect: Disconnected: conn=0(1465) reason=CallClose

--- 第 32 轮A股盘中扫描 (A股30min) ---
2026-04-29 11:30:15,367 | 24936 | 27496 | [open_context_base.py:410] _init_connect_sync: New connect ready: conn=7455096083759568197(1466) context=<futu.quote.open_quote_context.OpenQuoteContext object at 0x00000128E6DDEB10>
  扫描 A_SHARE...
2026-04-29 11:30:15,369 | 24936 | 5008 | [open_context_base.py:518] on_disconnect: Disconnected: conn=0(1466) reason=CallClose
2026-04-29 11:30:15,399 | 24936 | 27496 | [open_context_base.py:410] _init_connect_sync: New connect ready: conn=7455096083899282162(1467) context=<futu.quote.open_quote_context.OpenQuoteContext object at 0x00000128E6DDE520>
  A_SHARE: 无异动
  扫描 HK...
2026-04-29 11:30:16,384 | 24936 | 27496 | [open_context_base.py:410] _init_connect_sync: New connect ready: conn=7455096088067001215(1468) context=<futu.quote.open_quote_context.OpenQuoteContext object at 0x00000128E6DDE650>
2026-04-29 11:30:16,385 | 24936 | 5008 | [open_context_base.py:518] on_disconnect: Disconnected: conn=0(1467) reason=CallClose
  HK: 无异动

  盘中总计: 0 个补牢机会
2026-04-29 11:30:16,393 | 24936 | 5008 | [open_context_base.py:518] on_disconnect: Disconnected: conn=0(1468) reason=CallClose
2026-04-29 11:31:06,408 | 24936 | 27496 | [open_context_base.py:410] _init_connect_sync: New connect ready: conn=7455096297841457444(1469) context=<futu.quote.open_quote_context.OpenQuoteContext object at 0x00000128E6DDE060>
2026-04-29 11:31:06,409 | 24936 | 5008 | [open_context_base.py:518] on_disconnect: Disconnected: conn=0(1469) reason=CallClose
2026-04-29 11:31:06,411 | 24936 | 27496 | [open_context_base.py:410] _init_connect_sync: New connect ready: conn=7455096297894333119(1470) context=<futu.quote.open_quote_context.OpenQuoteContext object at 0x00000128E6DDE190>
  11:31:06 价格更新: 1个持仓
2026-04-29 11:31:06,477 | 24936 | 5008 | [open_context_base.py:518] on_disconnect: Disconnected: conn=0(1470) reason=CallClose
2026-04-29 11:32:06,482 | 24936 | 27496 | [open_context_base.py:410] _init_connect_sync: New connect ready: conn=7455096549854641097(1471) context=<futu.quote.open_quote_context.OpenQuoteContext object at 0x00000128E6DDE2C0>
2026-04-29 11:32:06,483 | 24936 | 5008 | [open_context_base.py:518] on_disconnect: Disconnected: conn=0(1471) reason=CallClose
2026-04-29 11:32:06,486 | 24936 | 27496 | [open_context_base.py:410] _init_connect_sync: New connect ready: conn=7455096549874313113(1472) context=<futu.quote.open_quote_context.OpenQuoteContext object at 0x00000128E6DDE3F0>
  11:32:06 价格更新: 1个持仓
2026-04-29 11:32:06,522 | 24936 | 5008 | [open_context_base.py:518] on_disconnect: Disconnected: conn=0(1472) reason=CallClose
2026-04-29 11:33:06,538 | 24936 | 27496 | [open_context_base.py:410] _init_connect_sync: New connect ready: conn=7455096801696177363(1473) context=<futu.quote.open_quote_context.OpenQuoteContext object at 0x00000128E6DDE780>
2026-04-29 11:33:06,539 | 24936 | 5008 | [open_context_base.py:518] on_disconnect: Disconnected: conn=0(1473) reason=CallClose
2026-04-29 11:33:06,551 | 24936 | 27496 | [open_context_base.py:410] _init_connect_sync: New connect ready: conn=7455096801759032260(1474) context=<futu.quote.open_quote_context.OpenQuoteContext object at 0x00000128E6DDE8B0>
  11:33:06 价格更新: 1个持仓
2026-04-29 11:33:06,589 | 24936 | 5008 | [open_context_base.py:518] on_disconnect: Disconnected: conn=0(1474) reason=CallClose
2026-04-29 11:34:06,594 | 24936 | 27496 | [open_context_base.py:410] _init_connect_sync: New connect ready: conn=7455097053640112463(1475) context=<futu.quote.open_quote_context.OpenQuoteContext object at 0x00000128E6DDE9E0>
2026-04-29 11:34:06,595 | 24936 | 5008 | [open_context_base.py:518] on_disconnect: Disconnected: conn=0(1475) reason=CallClose
2026-04-29 11:34:06,598 | 24936 | 27496 | [open_context_base.py:410] _init_connect_sync: New connect ready: conn=7455097053657934885(1476) context=<futu.quote.open_quote_context.OpenQuoteContext object at 0x00000128E6DDC050>
  11:34:06 价格更新: 1个持仓
2026-04-29 11:34:06,653 | 24936 | 5008 | [open_context_base.py:518] on_disconnect: Disconnected: conn=0(1476) reason=CallClose
2026-04-29 11:35:06,658 | 24936 | 27496 | [open_context_base.py:410] _init_connect_sync: New connect ready: conn=7455097305562765877(1477) context=<futu.quote.open_quote_context.OpenQuoteContext object at 0x00000128E6DDC180>
2026-04-29 11:35:06,659 | 24936 | 5008 | [open_context_base.py:518] on_disconnect: Disconnected: conn=0(1477) reason=CallClose
2026-04-29 11:35:06,660 | 24936 | 27496 | [open_context_base.py:410] _init_connect_sync: New connect ready: conn=7455097305575056297(1478) context=<futu.quote.open_quote_context.OpenQuoteContext object at 0x00000128E6DDC2B0>
  11:35:06 价格更新: 1个持仓
2026-04-29 11:35:06,695 | 24936 | 5008 | [open_context_base.py:518] on_disconnect: Disconnected: conn=0(1478) reason=CallClose
2026-04-29 11:36:06,700 | 24936 | 27496 | [open_context_base.py:410] _init_connect_sync: New connect ready: conn=7455097557396562225(1479) context=<futu.quote.open_quote_context.OpenQuoteContext object at 0x00000128E6DDC3E0>
2026-04-29 11:36:06,700 | 24936 | 5008 | [open_context_base.py:518] on_disconnect: Disconnected: conn=0(1479) reason=CallClose
2026-04-29 11:36:06,703 | 24936 | 27496 | [open_context_base.py:410] _init_connect_sync: New connect ready: conn=7455097557409450188(1480) context=<futu.quote.open_quote_context.OpenQuoteContext object at 0x00000128E6DDC510>
  11:36:06 价格更新: 1个持仓
2026-04-29 11:36:06,748 | 24936 | 5008 | [open_context_base.py:518] on_disconnect: Disconnected: conn=0(1480) reason=CallClose
2026-04-29 11:37:06,753 | 24936 | 27496 | [open_context_base.py:410] _init_connect_sync: New connect ready: conn=7455097809282136039(1481) context=<futu.quote.open_quote_context.OpenQuoteContext object at 0x00000128E6DDC640>
2026-04-29 11:37:06,753 | 24936 | 5008 | [open_context_base.py:518] on_disconnect: Disconnected: conn=0(1481) reason=CallClose
2026-04-29 11:37:06,755 | 24936 | 27496 | [open_context_base.py:410] _init_connect_sync: New connect ready: conn=7455097809290407057(1482) context=<futu.quote.open_quote_context.OpenQuoteContext object at 0x00000128E6DDC770>
  11:37:06 价格更新: 1个持仓
2026-04-29 11:37:06,875 | 24936 | 5008 | [open_context_base.py:518] on_disconnect: Disconnected: conn=0(1482) reason=CallClose
2026-04-29 11:38:06,879 | 24936 | 27496 | [open_context_base.py:410] _init_connect_sync: New connect ready: conn=7455098061469101408(1483) context=<futu.quote.open_quote_context.OpenQuoteContext object at 0x00000128E6DDC8A0>
2026-04-29 11:38:06,880 | 24936 | 5008 | [open_context_base.py:518] on_disconnect: Disconnected: conn=0(1483) reason=CallClose
2026-04-29 11:38:06,882 | 24936 | 27496 | [open_context_base.py:410] _init_connect_sync: New connect ready: conn=7455098061477562053(1484) context=<futu.quote.open_quote_context.OpenQuoteContext object at 0x00000128E6DDC9D0>
  11:38:06 价格更新: 1个持仓
2026-04-29 11:38:06,917 | 24936 | 5008 | [open_context_base.py:518] on_disconnect: Disconnected: conn=0(1484) reason=CallClose
2026-04-29 11:39:06,921 | 24936 | 27496 | [open_context_base.py:410] _init_connect_sync: New connect ready: conn=7455098313305651818(1485) context=<futu.quote.open_quote_context.OpenQuoteContext object at 0x00000128E6DDCB00>
2026-04-29 11:39:06,922 | 24936 | 5008 | [open_context_base.py:518] on_disconnect: Disconnected: conn=0(1485) reason=CallClose
2026-04-29 11:39:06,936 | 24936 | 27496 | [open_context_base.py:410] _init_connect_sync: New connect ready: conn=7455098313315266599(1486) context=<futu.quote.open_quote_context.OpenQuoteContext object at 0x00000128E6DDCC30>
  11:39:06 价格更新: 1个持仓
2026-04-29 11:39:06,967 | 24936 | 5008 | [open_context_base.py:518] on_disconnect: Disconnected: conn=0(1486) reason=CallClose
2026-04-29 11:40:06,971 | 24936 | 27496 | [open_context_base.py:410] _init_connect_sync: New connect ready: conn=7455098565170103956(1487) context=<futu.quote.open_quote_context.OpenQuoteContext object at 0x00000128E6DDCD60>
2026-04-29 11:40:06,972 | 24936 | 5008 | [open_context_base.py:518] on_disconnect: Disconnected: conn=0(1487) reason=CallClose
2026-04-29 11:40:06,973 | 24936 | 27496 | [open_context_base.py:410] _init_connect_sync: New connect ready: conn=7455098565180156827(1488) context=<futu.quote.open_quote_context.OpenQuoteContext object at 0x00000128E6DDCE90>
  11:40:07 价格更新: 1个持仓
2026-04-29 11:40:07,016 | 24936 | 5008 | [open_context_base.py:518] on_disconnect: Disconnected: conn=0(1488) reason=CallClose
2026-04-29 11:41:07,021 | 24936 | 27496 | [open_context_base.py:410] _init_connect_sync: New connect ready: conn=7455098817038253163(1489) context=<futu.quote.open_quote_context.OpenQuoteContext object at 0x00000128E6DDCFC0>
2026-04-29 11:41:07,022 | 24936 | 5008 | [open_context_base.py:518] on_disconnect: Disconnected: conn=0(1489) reason=CallClose
2026-04-29 11:41:07,025 | 24936 | 27496 | [open_context_base.py:410] _init_connect_sync: New connect ready: conn=7455098817052789228(1490) context=<futu.quote.open_quote_context.OpenQuoteContext object at 0x00000128E6DDD0F0>
  11:41:07 价格更新: 1个持仓
2026-04-29 11:41:07,061 | 24936 | 5008 | [open_context_base.py:518] on_disconnect: Disconnected: conn=0(1490) reason=CallClose
2026-04-29 11:42:07,071 | 24936 | 27496 | [open_context_base.py:410] _init_connect_sync: New connect ready: conn=7455099068906280064(1491) context=<futu.quote.open_quote_context.OpenQuoteContext object at 0x00000128E6DDD220>
2026-04-29 11:42:07,072 | 24936 | 5008 | [open_context_base.py:518] on_disconnect: Disconnected: conn=0(1491) reason=CallClose
2026-04-29 11:42:07,074 | 24936 | 27496 | [open_context_base.py:410] _init_connect_sync: New connect ready: conn=7455099068919969685(1492) context=<futu.quote.open_quote_context.OpenQuoteContext object at 0x00000128E6DDD350>
  11:42:07 价格更新: 1个持仓
2026-04-29 11:42:07,124 | 24936 | 5008 | [open_context_base.py:518] on_disconnect: Disconnected: conn=0(1492) reason=CallClose
2026-04-29 11:43:07,132 | 24936 | 27496 | [open_context_base.py:410] _init_connect_sync: New connect ready: conn=7455099320817933105(1493) context=<futu.quote.open_quote_context.OpenQuoteContext object at 0x00000128E6DDD480>
2026-04-29 11:43:07,134 | 24936 | 5008 | [open_context_base.py:518] on_disconnect: Disconnected: conn=0(1493) reason=CallClose
2026-04-29 11:43:07,137 | 24936 | 27496 | [open_context_base.py:410] _init_connect_sync: New connect ready: conn=7455099320838467471(1494) context=<futu.quote.open_quote_context.OpenQuoteContext object at 0x00000128E6DDD5B0>
  11:43:07 价格更新: 1个持仓
2026-04-29 11:43:07,373 | 24936 | 5008 | [open_context_base.py:518] on_disconnect: Disconnected: conn=0(1494) reason=CallClose
2026-04-29 11:44:07,378 | 24936 | 27496 | [open_context_base.py:410] _init_connect_sync: New connect ready: conn=7455099573506201810(1495) context=<futu.quote.open_quote_context.OpenQuoteContext object at 0x00000128E6DDD6E0>
2026-04-29 11:44:07,378 | 24936 | 5008 | [open_context_base.py:518] on_disconnect: Disconnected: conn=0(1495) reason=CallClose
2026-04-29 11:44:07,380 | 24936 | 27496 | [open_context_base.py:410] _init_connect_sync: New connect ready: conn=7455099573521018390(1496) context=<futu.quote.open_quote_context.OpenQuoteContext object at 0x00000128E6DDD810>
  11:44:07 价格更新: 1个持仓
2026-04-29 11:44:07,414 | 24936 | 5008 | [open_context_base.py:518] on_disconnect: Disconnected: conn=0(1496) reason=CallClose
2026-04-29 11:45:07,432 | 24936 | 27496 | [open_context_base.py:410] _init_connect_sync: New connect ready: conn=7455099825350702310(1497) context=<futu.quote.open_quote_context.OpenQuoteContext object at 0x00000128E6DDD940>
2026-04-29 11:45:07,433 | 24936 | 5008 | [open_context_base.py:518] on_disconnect: Disconnected: conn=0(1497) reason=CallClose
2026-04-29 11:45:07,435 | 24936 | 27496 | [open_context_base.py:410] _init_connect_sync: New connect ready: conn=7455099825410298902(1498) context=<futu.quote.open_quote_context.OpenQuoteContext object at 0x00000128E6DDDA70>
  11:45:07 价格更新: 1个持仓
2026-04-29 11:45:07,470 | 24936 | 5008 | [open_context_base.py:518] on_disconnect: Disconnected: conn=0(1498) reason=CallClose
2026-04-29 11:46:07,474 | 24936 | 27496 | [open_context_base.py:410] _init_connect_sync: New connect ready: conn=7455100077227813673(1499) context=<futu.quote.open_quote_context.OpenQuoteContext object at 0x00000128E6DDDBA0>
2026-04-29 11:46:07,475 | 24936 | 5008 | [open_context_base.py:518] on_disconnect: Disconnected: conn=0(1499) reason=CallClose
2026-04-29 11:46:07,477 | 24936 | 27496 | [open_context_base.py:410] _init_connect_sync: New connect ready: conn=7455100077241194164(1500) context=<futu.quote.open_quote_context.OpenQuoteContext object at 0x00000128E6DDDCD0>
  11:46:07 价格更新: 1个持仓
2026-04-29 11:46:07,515 | 24936 | 5008 | [open_context_base.py:518] on_disconnect: Disconnected: conn=0(1500) reason=CallClose
2026-04-29 11:47:07,519 | 24936 | 27496 | [open_context_base.py:410] _init_connect_sync: New connect ready: conn=7455100329080395308(1501) context=<futu.quote.open_quote_context.OpenQuoteContext object at 0x00000128E6DDDE00>
2026-04-29 11:47:07,520 | 24936 | 5008 | [open_context_base.py:518] on_disconnect: Disconnected: conn=0(1501) reason=CallClose
2026-04-29 11:47:07,523 | 24936 | 27496 | [open_context_base.py:410] _init_connect_sync: New connect ready: conn=7455100329091526051(1502) context=<futu.quote.open_quote_context.OpenQuoteContext object at 0x00000128E6C0E780>
  11:47:07 价格更新: 1个持仓
2026-04-29 11:47:07,646 | 24936 | 5008 | [open_context_base.py:518] on_disconnect: Disconnected: conn=0(1502) reason=CallClose
2026-04-29 11:48:07,652 | 24936 | 27496 | [open_context_base.py:410] _init_connect_sync: New connect ready: conn=7455100581295888410(1503) context=<futu.quote.open_quote_context.OpenQuoteContext object at 0x00000128E6C0E520>
2026-04-29 11:48:07,653 | 24936 | 5008 | [open_context_base.py:518] on_disconnect: Disconnected: conn=0(1503) reason=CallClose
2026-04-29 11:48:07,656 | 24936 | 27496 | [open_context_base.py:410] _init_connect_sync: New connect ready: conn=7455100581307406018(1504) context=<futu.quote.open_quote_context.OpenQuoteContext object at 0x00000128E6C0E650>
  11:48:08 价格更新: 1个持仓
2026-04-29 11:48:08,366 | 24936 | 5008 | [open_context_base.py:518] on_disconnect: Disconnected: conn=0(1504) reason=CallClose
2026-04-29 11:49:08,382 | 24936 | 27496 | [open_context_base.py:410] _init_connect_sync: New connect ready: conn=7455100835969098462(1505) context=<futu.quote.open_quote_context.OpenQuoteContext object at 0x00000128E6C0F820>
2026-04-29 11:49:08,383 | 24936 | 5008 | [open_context_base.py:518] on_disconnect: Disconnected: conn=0(1505) reason=CallClose
2026-04-29 11:49:08,385 | 24936 | 27496 | [open_context_base.py:410] _init_connect_sync: New connect ready: conn=7455100836026034363(1506) context=<futu.quote.open_quote_context.OpenQuoteContext object at 0x00000128E6C0F230>
  11:49:08 价格更新: 1个持仓
2026-04-29 11:49:08,432 | 24936 | 5008 | [open_context_base.py:518] on_disconnect: Disconnected: conn=0(1506) reason=CallClose

--- 第 33 轮盘后扫描 ---

═══ 盘后全量扫描 @ 2026-04-29 11:49:48 ═══
2026-04-29 11:49:48,450 | 24936 | 27496 | [open_context_base.py:410] _init_connect_sync: New connect ready: conn=7455101004069895407(1507) context=<futu.quote.open_quote_context.OpenQuoteContext object at 0x00000128E6C0EC40>
2026-04-29 11:49:48,452 | 24936 | 5008 | [open_context_base.py:518] on_disconnect: Disconnected: conn=0(1507) reason=CallClose
  扫描 A_SHARE...
2026-04-29 11:49:48,489 | 24936 | 27496 | [open_context_base.py:410] _init_connect_sync: New connect ready: conn=7455101004236685530(1508) context=<futu.quote.open_quote_context.OpenQuoteContext object at 0x00000128E6C0E2C0>
  A_SHARE: 无异动
  扫描 HK...
2026-04-29 11:49:53,443 | 24936 | 27496 | [open_context_base.py:410] _init_connect_sync: New connect ready: conn=7455101025011874152(1509) context=<futu.quote.open_quote_context.OpenQuoteContext object at 0x00000128E6DDD940>
2026-04-29 11:49:53,444 | 24936 | 5008 | [open_context_base.py:518] on_disconnect: Disconnected: conn=0(1508) reason=CallClose
  HK: 无异动

  盘后总计: 0 个补牢机会

  决策报告: 异动29 无因放弃0 M3否决0 趋势晚放弃28 开仓0
2026-04-29 11:49:54,159 | 24936 | 5008 | [open_context_base.py:518] on_disconnect: Disconnected: conn=0(1509) reason=CallClose
2026-04-29 11:50:14,162 | 24936 | 27496 | [open_context_base.py:410] _init_connect_sync: New connect ready: conn=7455101111910076717(1510) context=<futu.quote.open_quote_context.OpenQuoteContext object at 0x00000128E6DDDA70>
2026-04-29 11:50:14,163 | 24936 | 5008 | [open_context_base.py:518] on_disconnect: Disconnected: conn=0(1510) reason=CallClose
2026-04-29 11:50:14,165 | 24936 | 27496 | [open_context_base.py:410] _init_connect_sync: New connect ready: conn=7455101111929623645(1511) context=<futu.quote.open_quote_context.OpenQuoteContext object at 0x00000128E6DDDBA0>
  11:50:14 价格更新: 1个持仓
2026-04-29 11:50:14,197 | 24936 | 5008 | [open_context_base.py:518] on_disconnect: Disconnected: conn=0(1511) reason=CallClose
2026-04-29 11:51:14,202 | 24936 | 27496 | [open_context_base.py:410] _init_connect_sync: New connect ready: conn=7455101363743898694(1512) context=<futu.quote.open_quote_context.OpenQuoteContext object at 0x00000128E6DDDCD0>
2026-04-29 11:51:14,203 | 24936 | 5008 | [open_context_base.py:518] on_disconnect: Disconnected: conn=0(1512) reason=CallClose
2026-04-29 11:51:14,206 | 24936 | 27496 | [open_context_base.py:410] _init_connect_sync: New connect ready: conn=7455101363758596966(1513) context=<futu.quote.open_quote_context.OpenQuoteContext object at 0x00000128E6DDDE00>
[M9] 无法获取价格: 000651.SZ
2026-04-29 11:51:14,210 | 24936 | 5008 | [open_context_base.py:518] on_disconnect: Disconnected: conn=0(1513) reason=CallClose
2026-04-29 11:52:14,228 | 24936 | 27496 | [open_context_base.py:410] _init_connect_sync: New connect ready: conn=7455101615444366277(1514) context=<futu.quote.open_quote_context.OpenQuoteContext object at 0x00000128E6DDD480>
2026-04-29 11:52:14,229 | 24936 | 5008 | [open_context_base.py:518] on_disconnect: Disconnected: conn=0(1514) reason=CallClose
2026-04-29 11:52:14,230 | 24936 | 27496 | [open_context_base.py:410] _init_connect_sync: New connect ready: conn=7455101615516416006(1515) context=<futu.quote.open_quote_context.OpenQuoteContext object at 0x00000128E6DDD5B0>
  11:52:14 价格更新: 1个持仓
2026-04-29 11:52:14,268 | 24936 | 5008 | [open_context_base.py:518] on_disconnect: Disconnected: conn=0(1515) reason=CallClose
2026-04-29 11:53:14,273 | 24936 | 27496 | [open_context_base.py:410] _init_connect_sync: New connect ready: conn=7455101867351831996(1516) context=<futu.quote.open_quote_context.OpenQuoteContext object at 0x00000128E6DDD6E0>
2026-04-29 11:53:14,274 | 24936 | 5008 | [open_context_base.py:518] on_disconnect: Disconnected: conn=0(1516) reason=CallClose
2026-04-29 11:53:14,275 | 24936 | 27496 | [open_context_base.py:410] _init_connect_sync: New connect ready: conn=7455101867364996550(1517) context=<futu.quote.open_quote_context.OpenQuoteContext object at 0x00000128E6DDD810>
  11:53:14 价格更新: 1个持仓
2026-04-29 11:53:14,305 | 24936 | 5008 | [open_context_base.py:518] on_disconnect: Disconnected: conn=0(1517) reason=CallClose
2026-04-29 11:54:14,312 | 24936 | 27496 | [open_context_base.py:410] _init_connect_sync: New connect ready: conn=7455102119172979843(1518) context=<futu.quote.open_quote_context.OpenQuoteContext object at 0x00000128E6DDD350>
2026-04-29 11:54:14,314 | 24936 | 5008 | [open_context_base.py:518] on_disconnect: Disconnected: conn=0(1518) reason=CallClose
2026-04-29 11:54:14,317 | 24936 | 27496 | [open_context_base.py:410] _init_connect_sync: New connect ready: conn=7455102119195350884(1519) context=<futu.quote.open_quote_context.OpenQuoteContext object at 0x00000128E6DDD220>
  11:54:14 价格更新: 1个持仓
2026-04-29 11:54:14,387 | 24936 | 5008 | [open_context_base.py:518] on_disconnect: Disconnected: conn=0(1519) reason=CallClose
2026-04-29 11:55:14,403 | 24936 | 27496 | [open_context_base.py:410] _init_connect_sync: New connect ready: conn=7455102371172036451(1520) context=<futu.quote.open_quote_context.OpenQuoteContext object at 0x00000128E6DDD0F0>
2026-04-29 11:55:14,404 | 24936 | 5008 | [open_context_base.py:518] on_disconnect: Disconnected: conn=0(1520) reason=CallClose
2026-04-29 11:55:14,417 | 24936 | 27496 | [open_context_base.py:410] _init_connect_sync: New connect ready: conn=7455102371226520951(1521) context=<futu.quote.open_quote_context.OpenQuoteContext object at 0x00000128E6DDCFC0>
  11:55:14 价格更新: 1个持仓
2026-04-29 11:55:14,449 | 24936 | 5008 | [open_context_base.py:518] on_disconnect: Disconnected: conn=0(1521) reason=CallClose
2026-04-29 11:56:14,465 | 24936 | 27496 | [open_context_base.py:410] _init_connect_sync: New connect ready: conn=7455102623094023992(1522) context=<futu.quote.open_quote_context.OpenQuoteContext object at 0x00000128E6DDCE90>
2026-04-29 11:56:14,466 | 24936 | 5008 | [open_context_base.py:518] on_disconnect: Disconnected: conn=0(1522) reason=CallClose
2026-04-29 11:56:14,478 | 24936 | 27496 | [open_context_base.py:410] _init_connect_sync: New connect ready: conn=7455102623147759162(1523) context=<futu.quote.open_quote_context.OpenQuoteContext object at 0x00000128E6DDCD60>
  11:56:14 价格更新: 1个持仓
2026-04-29 11:56:14,509 | 24936 | 5008 | [open_context_base.py:518] on_disconnect: Disconnected: conn=0(1523) reason=CallClose
2026-04-29 11:57:14,524 | 24936 | 27496 | [open_context_base.py:410] _init_connect_sync: New connect ready: conn=7455102874998367766(1524) context=<futu.quote.open_quote_context.OpenQuoteContext object at 0x00000128E6DDCC30>
2026-04-29 11:57:14,525 | 24936 | 5008 | [open_context_base.py:518] on_disconnect: Disconnected: conn=0(1524) reason=CallClose
2026-04-29 11:57:14,539 | 24936 | 27496 | [open_context_base.py:410] _init_connect_sync: New connect ready: conn=7455102875055341866(1525) context=<futu.quote.open_quote_context.OpenQuoteContext object at 0x00000128E6DDCB00>
  11:57:14 价格更新: 1个持仓
2026-04-29 11:57:14,707 | 24936 | 5008 | [open_context_base.py:518] on_disconnect: Disconnected: conn=0(1525) reason=CallClose
2026-04-29 11:58:14,712 | 24936 | 27496 | [open_context_base.py:410] _init_connect_sync: New connect ready: conn=7455103127482996195(1526) context=<futu.quote.open_quote_context.OpenQuoteContext object at 0x00000128E6DDC9D0>
2026-04-29 11:58:14,712 | 24936 | 5008 | [open_context_base.py:518] on_disconnect: Disconnected: conn=0(1526) reason=CallClose
2026-04-29 11:58:14,714 | 24936 | 27496 | [open_context_base.py:410] _init_connect_sync: New connect ready: conn=7455103127498607366(1527) context=<futu.quote.open_quote_context.OpenQuoteContext object at 0x00000128E6DDC8A0>
  11:58:14 价格更新: 1个持仓
2026-04-29 11:58:14,771 | 24936 | 5008 | [open_context_base.py:518] on_disconnect: Disconnected: conn=0(1527) reason=CallClose
2026-04-29 11:59:14,789 | 24936 | 27496 | [open_context_base.py:410] _init_connect_sync: New connect ready: conn=7455103379413605519(1528) context=<futu.quote.open_quote_context.OpenQuoteContext object at 0x00000128E6DDC770>
2026-04-29 11:59:14,790 | 24936 | 5008 | [open_context_base.py:518] on_disconnect: Disconnected: conn=0(1528) reason=CallClose
2026-04-29 11:59:14,792 | 24936 | 27496 | [open_context_base.py:410] _init_connect_sync: New connect ready: conn=7455103379484573867(1529) context=<futu.quote.open_quote_context.OpenQuoteContext object at 0x00000128E6DDC640>
  11:59:14 价格更新: 1个持仓
2026-04-29 11:59:14,841 | 24936 | 5008 | [open_context_base.py:518] on_disconnect: Disconnected: conn=0(1529) reason=CallClose
2026-04-29 12:00:14,859 | 24936 | 27496 | [open_context_base.py:410] _init_connect_sync: New connect ready: conn=7455103631374804976(1530) context=<futu.quote.open_quote_context.OpenQuoteContext object at 0x00000128E6DDC510>
2026-04-29 12:00:14,860 | 24936 | 5008 | [open_context_base.py:518] on_disconnect: Disconnected: conn=0(1530) reason=CallClose
2026-04-29 12:00:14,862 | 24936 | 27496 | [open_context_base.py:410] _init_connect_sync: New connect ready: conn=7455103631436238237(1531) context=<futu.quote.open_quote_context.OpenQuoteContext object at 0x00000128E6DDC3E0>
  12:00:14 价格更新: 1个持仓
2026-04-29 12:00:14,914 | 24936 | 5008 | [open_context_base.py:518] on_disconnect: Disconnected: conn=0(1531) reason=CallClose

--- 第 34 轮A股盘中扫描 (A股30min) ---
2026-04-29 12:00:24,918 | 24936 | 27496 | [open_context_base.py:410] _init_connect_sync: New connect ready: conn=7455103673612645855(1532) context=<futu.quote.open_quote_context.OpenQuoteContext object at 0x00000128E6DDC510>
  扫描 A_SHARE...
2026-04-29 12:00:24,919 | 24936 | 5008 | [open_context_base.py:518] on_disconnect: Disconnected: conn=0(1532) reason=CallClose
2026-04-29 12:00:24,942 | 24936 | 27496 | [open_context_base.py:410] _init_connect_sync: New connect ready: conn=7455103673670337816(1533) context=<futu.quote.open_quote_context.OpenQuoteContext object at 0x00000128E6DDCB00>
  A_SHARE: 无异动
  扫描 HK...
2026-04-29 12:00:25,007 | 24936 | 27496 | [open_context_base.py:410] _init_connect_sync: New connect ready: conn=7455103673937652270(1534) context=<futu.quote.open_quote_context.OpenQuoteContext object at 0x00000128E6DDC9D0>
2026-04-29 12:00:25,008 | 24936 | 5008 | [open_context_base.py:518] on_disconnect: Disconnected: conn=0(1533) reason=CallClose
  HK: 无异动

  盘中总计: 0 个补牢机会
2026-04-29 12:00:25,016 | 24936 | 5008 | [open_context_base.py:518] on_disconnect: Disconnected: conn=0(1534) reason=CallClose
2026-04-29 12:01:15,020 | 24936 | 27496 | [open_context_base.py:410] _init_connect_sync: New connect ready: conn=7455103883757285919(1535) context=<futu.quote.open_quote_context.OpenQuoteContext object at 0x00000128E6DDCFC0>
2026-04-29 12:01:15,021 | 24936 | 5008 | [open_context_base.py:518] on_disconnect: Disconnected: conn=0(1535) reason=CallClose
2026-04-29 12:01:15,023 | 24936 | 27496 | [open_context_base.py:410] _init_connect_sync: New connect ready: conn=7455103883769594406(1536) context=<futu.quote.open_quote_context.OpenQuoteContext object at 0x00000128E6DDCE90>
  12:01:15 价格更新: 1个持仓
2026-04-29 12:01:15,060 | 24936 | 5008 | [open_context_base.py:518] on_disconnect: Disconnected: conn=0(1536) reason=CallClose
2026-04-29 12:02:15,066 | 24936 | 27496 | [open_context_base.py:410] _init_connect_sync: New connect ready: conn=7455104135604945316(1537) context=<futu.quote.open_quote_context.OpenQuoteContext object at 0x00000128E6DDCD60>
2026-04-29 12:02:15,067 | 24936 | 5008 | [open_context_base.py:518] on_disconnect: Disconnected: conn=0(1537) reason=CallClose
2026-04-29 12:02:15,068 | 24936 | 27496 | [open_context_base.py:410] _init_connect_sync: New connect ready: conn=7455104135616168360(1538) context=<futu.quote.open_quote_context.OpenQuoteContext object at 0x00000128E6DDCC30>
  12:02:15 价格更新: 1个持仓
2026-04-29 12:02:15,111 | 24936 | 5008 | [open_context_base.py:518] on_disconnect: Disconnected: conn=0(1538) reason=CallClose
2026-04-29 12:03:15,116 | 24936 | 27496 | [open_context_base.py:410] _init_connect_sync: New connect ready: conn=7455104387473865031(1539) context=<futu.quote.open_quote_context.OpenQuoteContext object at 0x00000128E6DDC8A0>
2026-04-29 12:03:15,117 | 24936 | 5008 | [open_context_base.py:518] on_disconnect: Disconnected: conn=0(1539) reason=CallClose
2026-04-29 12:03:15,118 | 24936 | 27496 | [open_context_base.py:410] _init_connect_sync: New connect ready: conn=7455104387481176629(1540) context=<futu.quote.open_quote_context.OpenQuoteContext object at 0x00000128E6DDC770>
  12:03:15 价格更新: 1个持仓
2026-04-29 12:03:15,363 | 24936 | 5008 | [open_context_base.py:518] on_disconnect: Disconnected: conn=0(1540) reason=CallClose
2026-04-29 12:04:15,368 | 24936 | 27496 | [open_context_base.py:410] _init_connect_sync: New connect ready: conn=7455104640183756752(1541) context=<futu.quote.open_quote_context.OpenQuoteContext object at 0x00000128E6DDC640>
2026-04-29 12:04:15,369 | 24936 | 5008 | [open_context_base.py:518] on_disconnect: Disconnected: conn=0(1541) reason=CallClose
2026-04-29 12:04:15,371 | 24936 | 27496 | [open_context_base.py:410] _init_connect_sync: New connect ready: conn=7455104640197222481(1542) context=<futu.quote.open_quote_context.OpenQuoteContext object at 0x00000128E6DDD0F0>
  12:04:15 价格更新: 1个持仓
2026-04-29 12:04:15,414 | 24936 | 5008 | [open_context_base.py:518] on_disconnect: Disconnected: conn=0(1542) reason=CallClose
2026-04-29 12:05:15,431 | 24936 | 27496 | [open_context_base.py:410] _init_connect_sync: New connect ready: conn=7455104892066373510(1543) context=<futu.quote.open_quote_context.OpenQuoteContext object at 0x00000128E6DDD220>
2026-04-29 12:05:15,432 | 24936 | 5008 | [open_context_base.py:518] on_disconnect: Disconnected: conn=0(1543) reason=CallClose
2026-04-29 12:05:15,434 | 24936 | 27496 | [open_context_base.py:410] _init_connect_sync: New connect ready: conn=7455104892121072705(1544) context=<futu.quote.open_quote_context.OpenQuoteContext object at 0x00000128E6DDD350>
  12:05:15 价格更新: 1个持仓
2026-04-29 12:05:15,466 | 24936 | 5008 | [open_context_base.py:518] on_disconnect: Disconnected: conn=0(1544) reason=CallClose
2026-04-29 12:06:15,482 | 24936 | 27496 | [open_context_base.py:410] _init_connect_sync: New connect ready: conn=7455105143935217248(1545) context=<futu.quote.open_quote_context.OpenQuoteContext object at 0x00000128E6DDD810>
2026-04-29 12:06:15,483 | 24936 | 5008 | [open_context_base.py:518] on_disconnect: Disconnected: conn=0(1545) reason=CallClose
2026-04-29 12:06:15,496 | 24936 | 27496 | [open_context_base.py:410] _init_connect_sync: New connect ready: conn=7455105143994093119(1546) context=<futu.quote.open_quote_context.OpenQuoteContext object at 0x00000128E6DDD6E0>
  12:06:15 价格更新: 1个持仓
2026-04-29 12:06:15,528 | 24936 | 5008 | [open_context_base.py:518] on_disconnect: Disconnected: conn=0(1546) reason=CallClose
2026-04-29 12:07:15,534 | 24936 | 27496 | [open_context_base.py:410] _init_connect_sync: New connect ready: conn=7455105395860605172(1547) context=<futu.quote.open_quote_context.OpenQuoteContext object at 0x00000128E6DDD5B0>
2026-04-29 12:07:15,535 | 24936 | 5008 | [open_context_base.py:518] on_disconnect: Disconnected: conn=0(1547) reason=CallClose
2026-04-29 12:07:15,537 | 24936 | 27496 | [open_context_base.py:410] _init_connect_sync: New connect ready: conn=7455105395872795031(1548) context=<futu.quote.open_quote_context.OpenQuoteContext object at 0x00000128E6DDD480>
  12:07:15 价格更新: 1个持仓
2026-04-29 12:07:15,570 | 24936 | 5008 | [open_context_base.py:518] on_disconnect: Disconnected: conn=0(1548) reason=CallClose
2026-04-29 12:08:15,589 | 24936 | 27496 | [open_context_base.py:410] _init_connect_sync: New connect ready: conn=7455105647697077143(1549) context=<futu.quote.open_quote_context.OpenQuoteContext object at 0x00000128E6DDDE00>
2026-04-29 12:08:15,589 | 24936 | 5008 | [open_context_base.py:518] on_disconnect: Disconnected: conn=0(1549) reason=CallClose
2026-04-29 12:08:15,603 | 24936 | 27496 | [open_context_base.py:410] _init_connect_sync: New connect ready: conn=7455105647759440702(1550) context=<futu.quote.open_quote_context.OpenQuoteContext object at 0x00000128E6DDDCD0>
  12:08:15 价格更新: 1个持仓
2026-04-29 12:08:15,673 | 24936 | 5008 | [open_context_base.py:518] on_disconnect: Disconnected: conn=0(1550) reason=CallClose
2026-04-29 12:09:15,678 | 24936 | 27496 | [open_context_base.py:410] _init_connect_sync: New connect ready: conn=7455105899778736692(1551) context=<futu.quote.open_quote_context.OpenQuoteContext object at 0x00000128E6DDDBA0>
2026-04-29 12:09:15,678 | 24936 | 5008 | [open_context_base.py:518] on_disconnect: Disconnected: conn=0(1551) reason=CallClose
2026-04-29 12:09:15,680 | 24936 | 27496 | [open_context_base.py:410] _init_connect_sync: New connect ready: conn=7455105899788087576(1552) context=<futu.quote.open_quote_context.OpenQuoteContext object at 0x00000128E6DDDA70>
  12:09:15 价格更新: 1个持仓
2026-04-29 12:09:15,764 | 24936 | 5008 | [open_context_base.py:518] on_disconnect: Disconnected: conn=0(1552) reason=CallClose
2026-04-29 12:10:15,770 | 24936 | 27496 | [open_context_base.py:410] _init_connect_sync: New connect ready: conn=7455106151824803822(1553) context=<futu.quote.open_quote_context.OpenQuoteContext object at 0x00000128E6DDDBA0>
2026-04-29 12:10:15,771 | 24936 | 5008 | [open_context_base.py:518] on_disconnect: Disconnected: conn=0(1553) reason=CallClose
2026-04-29 12:10:15,773 | 24936 | 27496 | [open_context_base.py:410] _init_connect_sync: New connect ready: conn=7455106151834455611(1554) context=<futu.quote.open_quote_context.OpenQuoteContext object at 0x00000128E6DDDCD0>
  12:10:15 价格更新: 1个持仓
2026-04-29 12:10:15,802 | 24936 | 5008 | [open_context_base.py:518] on_disconnect: Disconnected: conn=0(1554) reason=CallClose
2026-04-29 12:11:15,818 | 24936 | 27496 | [open_context_base.py:410] _init_connect_sync: New connect ready: conn=7455106403638202908(1555) context=<futu.quote.open_quote_context.OpenQuoteContext object at 0x00000128E6DDDE00>
2026-04-29 12:11:15,819 | 24936 | 5008 | [open_context_base.py:518] on_disconnect: Disconnected: conn=0(1555) reason=CallClose
2026-04-29 12:11:15,832 | 24936 | 27496 | [open_context_base.py:410] _init_connect_sync: New connect ready: conn=7455106403699190676(1556) context=<futu.quote.open_quote_context.OpenQuoteContext object at 0x00000128E6DDD480>
  12:11:15 价格更新: 1个持仓
2026-04-29 12:11:15,868 | 24936 | 5008 | [open_context_base.py:518] on_disconnect: Disconnected: conn=0(1556) reason=CallClose
2026-04-29 12:12:15,885 | 24936 | 27496 | [open_context_base.py:410] _init_connect_sync: New connect ready: conn=7455106655570115667(1557) context=<futu.quote.open_quote_context.OpenQuoteContext object at 0x00000128E6DDD5B0>
2026-04-29 12:12:15,886 | 24936 | 5008 | [open_context_base.py:518] on_disconnect: Disconnected: conn=0(1557) reason=CallClose
2026-04-29 12:12:15,899 | 24936 | 27496 | [open_context_base.py:410] _init_connect_sync: New connect ready: conn=7455106655635462501(1558) context=<futu.quote.open_quote_context.OpenQuoteContext object at 0x00000128E6DDD6E0>
  12:12:15 价格更新: 1个持仓
2026-04-29 12:12:15,936 | 24936 | 5008 | [open_context_base.py:518] on_disconnect: Disconnected: conn=0(1558) reason=CallClose
2026-04-29 12:13:15,942 | 24936 | 27496 | [open_context_base.py:410] _init_connect_sync: New connect ready: conn=7455106907517548238(1559) context=<futu.quote.open_quote_context.OpenQuoteContext object at 0x00000128E6DDD810>
2026-04-29 12:13:15,943 | 24936 | 5008 | [open_context_base.py:518] on_disconnect: Disconnected: conn=0(1559) reason=CallClose
2026-04-29 12:13:15,945 | 24936 | 27496 | [open_context_base.py:410] _init_connect_sync: New connect ready: conn=7455106907527793511(1560) context=<futu.quote.open_quote_context.OpenQuoteContext object at 0x00000128E6DDD350>
  12:13:15 价格更新: 1个持仓
2026-04-29 12:13:15,978 | 24936 | 5008 | [open_context_base.py:518] on_disconnect: Disconnected: conn=0(1560) reason=CallClose
2026-04-29 12:14:15,995 | 24936 | 27496 | [open_context_base.py:410] _init_connect_sync: New connect ready: conn=7455107159351333015(1561) context=<futu.quote.open_quote_context.OpenQuoteContext object at 0x00000128E6DDD220>
2026-04-29 12:14:15,996 | 24936 | 5008 | [open_context_base.py:518] on_disconnect: Disconnected: conn=0(1561) reason=CallClose
2026-04-29 12:14:15,998 | 24936 | 27496 | [open_context_base.py:410] _init_connect_sync: New connect ready: conn=7455107159414974346(1562) context=<futu.quote.open_quote_context.OpenQuoteContext object at 0x00000128E6DDD0F0>
  12:14:16 价格更新: 1个持仓
2026-04-29 12:14:16,027 | 24936 | 5008 | [open_context_base.py:518] on_disconnect: Disconnected: conn=0(1562) reason=CallClose
2026-04-29 12:15:16,031 | 24936 | 27496 | [open_context_base.py:410] _init_connect_sync: New connect ready: conn=7455107411209814009(1563) context=<futu.quote.open_quote_context.OpenQuoteContext object at 0x00000128E6DDC640>
2026-04-29 12:15:16,032 | 24936 | 5008 | [open_context_base.py:518] on_disconnect: Disconnected: conn=0(1563) reason=CallClose
2026-04-29 12:15:16,035 | 24936 | 27496 | [open_context_base.py:410] _init_connect_sync: New connect ready: conn=7455107411224768971(1564) context=<futu.quote.open_quote_context.OpenQuoteContext object at 0x00000128E6DDC770>
  12:15:16 价格更新: 1个持仓
2026-04-29 12:15:16,070 | 24936 | 5008 | [open_context_base.py:518] on_disconnect: Disconnected: conn=0(1564) reason=CallClose
2026-04-29 12:16:16,076 | 24936 | 27496 | [open_context_base.py:410] _init_connect_sync: New connect ready: conn=7455107663058941000(1565) context=<futu.quote.open_quote_context.OpenQuoteContext object at 0x00000128E6DDC8A0>
2026-04-29 12:16:16,077 | 24936 | 5008 | [open_context_base.py:518] on_disconnect: Disconnected: conn=0(1565) reason=CallClose
2026-04-29 12:16:16,079 | 24936 | 27496 | [open_context_base.py:410] _init_connect_sync: New connect ready: conn=7455107663070370195(1566) context=<futu.quote.open_quote_context.OpenQuoteContext object at 0x00000128E6DDCC30>
  12:16:16 价格更新: 1个持仓
2026-04-29 12:16:16,109 | 24936 | 5008 | [open_context_base.py:518] on_disconnect: Disconnected: conn=0(1566) reason=CallClose
2026-04-29 12:17:16,125 | 24936 | 27496 | [open_context_base.py:410] _init_connect_sync: New connect ready: conn=7455107914876847257(1567) context=<futu.quote.open_quote_context.OpenQuoteContext object at 0x00000128E6DDCD60>
2026-04-29 12:17:16,126 | 24936 | 5008 | [open_context_base.py:518] on_disconnect: Disconnected: conn=0(1567) reason=CallClose
2026-04-29 12:17:16,140 | 24936 | 27496 | [open_context_base.py:410] _init_connect_sync: New connect ready: conn=7455107914933236560(1568) context=<futu.quote.open_quote_context.OpenQuoteContext object at 0x00000128E6DDCE90>
  12:17:16 价格更新: 1个持仓
2026-04-29 12:17:16,178 | 24936 | 5008 | [open_context_base.py:518] on_disconnect: Disconnected: conn=0(1568) reason=CallClose
2026-04-29 12:18:16,193 | 24936 | 27496 | [open_context_base.py:410] _init_connect_sync: New connect ready: conn=7455108166813397743(1569) context=<futu.quote.open_quote_context.OpenQuoteContext object at 0x00000128E6DDCFC0>
2026-04-29 12:18:16,194 | 24936 | 5008 | [open_context_base.py:518] on_disconnect: Disconnected: conn=0(1569) reason=CallClose
2026-04-29 12:18:16,196 | 24936 | 27496 | [open_context_base.py:410] _init_connect_sync: New connect ready: conn=7455108166876554295(1570) context=<futu.quote.open_quote_context.OpenQuoteContext object at 0x00000128E6DDC9D0>
  12:18:16 价格更新: 1个持仓
2026-04-29 12:18:16,233 | 24936 | 5008 | [open_context_base.py:518] on_disconnect: Disconnected: conn=0(1570) reason=CallClose
2026-04-29 12:19:16,248 | 24936 | 27496 | [open_context_base.py:410] _init_connect_sync: New connect ready: conn=7455108418707339374(1571) context=<futu.quote.open_quote_context.OpenQuoteContext object at 0x00000128E6DDCB00>
2026-04-29 12:19:16,249 | 24936 | 5008 | [open_context_base.py:518] on_disconnect: Disconnected: conn=0(1571) reason=CallClose
2026-04-29 12:19:16,251 | 24936 | 27496 | [open_context_base.py:410] _init_connect_sync: New connect ready: conn=7455108418768379359(1572) context=<futu.quote.open_quote_context.OpenQuoteContext object at 0x00000128E6DDC510>
  12:19:16 价格更新: 1个持仓
2026-04-29 12:19:16,280 | 24936 | 5008 | [open_context_base.py:518] on_disconnect: Disconnected: conn=0(1572) reason=CallClose
2026-04-29 12:20:16,298 | 24936 | 27496 | [open_context_base.py:410] _init_connect_sync: New connect ready: conn=7455108670571740412(1573) context=<futu.quote.open_quote_context.OpenQuoteContext object at 0x00000128E6DDD940>
2026-04-29 12:20:16,298 | 24936 | 5008 | [open_context_base.py:518] on_disconnect: Disconnected: conn=0(1573) reason=CallClose
2026-04-29 12:20:16,312 | 24936 | 27496 | [open_context_base.py:410] _init_connect_sync: New connect ready: conn=7455108670629011091(1574) context=<futu.quote.open_quote_context.OpenQuoteContext object at 0x00000128E6DDC2B0>
  12:20:16 价格更新: 1个持仓
2026-04-29 12:20:16,404 | 24936 | 5008 | [open_context_base.py:518] on_disconnect: Disconnected: conn=0(1574) reason=CallClose
2026-04-29 12:21:16,410 | 24936 | 27496 | [open_context_base.py:410] _init_connect_sync: New connect ready: conn=7455108922749076086(1575) context=<futu.quote.open_quote_context.OpenQuoteContext object at 0x00000128E6DDD940>
2026-04-29 12:21:16,410 | 24936 | 5008 | [open_context_base.py:518] on_disconnect: Disconnected: conn=0(1575) reason=CallClose
2026-04-29 12:21:16,412 | 24936 | 27496 | [open_context_base.py:410] _init_connect_sync: New connect ready: conn=7455108922754634815(1576) context=<futu.quote.open_quote_context.OpenQuoteContext object at 0x00000128E6DDC510>
[M9] 无法获取价格: 000651.SZ
2026-04-29 12:21:16,413 | 24936 | 5008 | [open_context_base.py:518] on_disconnect: Disconnected: conn=0(1576) reason=CallClose
2026-04-29 12:22:16,416 | 24936 | 27496 | [open_context_base.py:410] _init_connect_sync: New connect ready: conn=7455109174434185764(1577) context=<futu.quote.open_quote_context.OpenQuoteContext object at 0x00000128E6DDCB00>
2026-04-29 12:22:16,417 | 24936 | 5008 | [open_context_base.py:518] on_disconnect: Disconnected: conn=0(1577) reason=CallClose
2026-04-29 12:22:16,430 | 24936 | 27496 | [open_context_base.py:410] _init_connect_sync: New connect ready: conn=7455109174444946892(1578) context=<futu.quote.open_quote_context.OpenQuoteContext object at 0x00000128E6DDC9D0>
  12:22:16 价格更新: 1个持仓
2026-04-29 12:22:16,461 | 24936 | 5008 | [open_context_base.py:518] on_disconnect: Disconnected: conn=0(1578) reason=CallClose
2026-04-29 12:23:16,478 | 24936 | 27496 | [open_context_base.py:410] _init_connect_sync: New connect ready: conn=7455109426305234752(1579) context=<futu.quote.open_quote_context.OpenQuoteContext object at 0x00000128E6DDCFC0>
2026-04-29 12:23:16,479 | 24936 | 5008 | [open_context_base.py:518] on_disconnect: Disconnected: conn=0(1579) reason=CallClose
2026-04-29 12:23:16,481 | 24936 | 27496 | [open_context_base.py:410] _init_connect_sync: New connect ready: conn=7455109426365114764(1580) context=<futu.quote.open_quote_context.OpenQuoteContext object at 0x00000128E6DDCE90>
  12:23:16 价格更新: 1个持仓
2026-04-29 12:23:16,511 | 24936 | 5008 | [open_context_base.py:518] on_disconnect: Disconnected: conn=0(1580) reason=CallClose
2026-04-29 12:24:16,528 | 24936 | 27496 | [open_context_base.py:410] _init_connect_sync: New connect ready: conn=7455109678166025795(1581) context=<futu.quote.open_quote_context.OpenQuoteContext object at 0x00000128E6DDCD60>
2026-04-29 12:24:16,529 | 24936 | 5008 | [open_context_base.py:518] on_disconnect: Disconnected: conn=0(1581) reason=CallClose
2026-04-29 12:24:16,531 | 24936 | 27496 | [open_context_base.py:410] _init_connect_sync: New connect ready: conn=7455109678234275548(1582) context=<futu.quote.open_quote_context.OpenQuoteContext object at 0x00000128E6DDCC30>
  12:24:16 价格更新: 1个持仓
2026-04-29 12:24:16,560 | 24936 | 5008 | [open_context_base.py:518] on_disconnect: Disconnected: conn=0(1582) reason=CallClose
2026-04-29 12:25:16,576 | 24936 | 27496 | [open_context_base.py:410] _init_connect_sync: New connect ready: conn=7455109930034101271(1583) context=<futu.quote.open_quote_context.OpenQuoteContext object at 0x00000128E6DDC8A0>
2026-04-29 12:25:16,577 | 24936 | 5008 | [open_context_base.py:518] on_disconnect: Disconnected: conn=0(1583) reason=CallClose
2026-04-29 12:25:16,589 | 24936 | 27496 | [open_context_base.py:410] _init_connect_sync: New connect ready: conn=7455109930089006325(1584) context=<futu.quote.open_quote_context.OpenQuoteContext object at 0x00000128E6DDC770>
  12:25:16 价格更新: 1个持仓
2026-04-29 12:25:16,627 | 24936 | 5008 | [open_context_base.py:518] on_disconnect: Disconnected: conn=0(1584) reason=CallClose
2026-04-29 12:26:16,643 | 24936 | 27496 | [open_context_base.py:410] _init_connect_sync: New connect ready: conn=7455110181970718095(1585) context=<futu.quote.open_quote_context.OpenQuoteContext object at 0x00000128E6DDC640>
2026-04-29 12:26:16,644 | 24936 | 5008 | [open_context_base.py:518] on_disconnect: Disconnected: conn=0(1585) reason=CallClose
2026-04-29 12:26:16,646 | 24936 | 27496 | [open_context_base.py:410] _init_connect_sync: New connect ready: conn=7455110182029979351(1586) context=<futu.quote.open_quote_context.OpenQuoteContext object at 0x00000128E6DDD0F0>
  12:26:16 价格更新: 1个持仓
2026-04-29 12:26:16,697 | 24936 | 5008 | [open_context_base.py:518] on_disconnect: Disconnected: conn=0(1586) reason=CallClose
2026-04-29 12:27:16,701 | 24936 | 27496 | [open_context_base.py:410] _init_connect_sync: New connect ready: conn=7455110433919982832(1587) context=<futu.quote.open_quote_context.OpenQuoteContext object at 0x00000128E6DDD220>
2026-04-29 12:27:16,702 | 24936 | 5008 | [open_context_base.py:518] on_disconnect: Disconnected: conn=0(1587) reason=CallClose
2026-04-29 12:27:16,713 | 24936 | 27496 | [open_context_base.py:410] _init_connect_sync: New connect ready: conn=7455110433933363842(1588) context=<futu.quote.open_quote_context.OpenQuoteContext object at 0x00000128E6DDD350>
  12:27:16 价格更新: 1个持仓
2026-04-29 12:27:16,749 | 24936 | 5008 | [open_context_base.py:518] on_disconnect: Disconnected: conn=0(1588) reason=CallClose
2026-04-29 12:28:16,765 | 24936 | 27496 | [open_context_base.py:410] _init_connect_sync: New connect ready: conn=7455110685802042802(1589) context=<futu.quote.open_quote_context.OpenQuoteContext object at 0x00000128E6DDD810>
2026-04-29 12:28:16,766 | 24936 | 5008 | [open_context_base.py:518] on_disconnect: Disconnected: conn=0(1589) reason=CallClose
2026-04-29 12:28:16,779 | 24936 | 27496 | [open_context_base.py:410] _init_connect_sync: New connect ready: conn=7455110685858956945(1590) context=<futu.quote.open_quote_context.OpenQuoteContext object at 0x00000128E6DDD6E0>
  12:28:16 价格更新: 1个持仓
2026-04-29 12:28:16,824 | 24936 | 5008 | [open_context_base.py:518] on_disconnect: Disconnected: conn=0(1590) reason=CallClose
2026-04-29 12:29:16,830 | 24936 | 27496 | [open_context_base.py:410] _init_connect_sync: New connect ready: conn=7455110937779354770(1591) context=<futu.quote.open_quote_context.OpenQuoteContext object at 0x00000128E6DDD5B0>
2026-04-29 12:29:16,831 | 24936 | 5008 | [open_context_base.py:518] on_disconnect: Disconnected: conn=0(1591) reason=CallClose
2026-04-29 12:29:16,844 | 24936 | 27496 | [open_context_base.py:410] _init_connect_sync: New connect ready: conn=7455110937790459234(1592) context=<futu.quote.open_quote_context.OpenQuoteContext object at 0x00000128E6DDD480>
  12:29:16 价格更新: 1个持仓
2026-04-29 12:29:16,875 | 24936 | 5008 | [open_context_base.py:518] on_disconnect: Disconnected: conn=0(1592) reason=CallClose
2026-04-29 12:30:16,891 | 24936 | 27496 | [open_context_base.py:410] _init_connect_sync: New connect ready: conn=7455111189644088980(1593) context=<futu.quote.open_quote_context.OpenQuoteContext object at 0x00000128E6DDDE00>
2026-04-29 12:30:16,892 | 24936 | 5008 | [open_context_base.py:518] on_disconnect: Disconnected: conn=0(1593) reason=CallClose
2026-04-29 12:30:16,905 | 24936 | 27496 | [open_context_base.py:410] _init_connect_sync: New connect ready: conn=7455111189706461366(1594) context=<futu.quote.open_quote_context.OpenQuoteContext object at 0x00000128E6DDDCD0>
  12:30:16 价格更新: 1个持仓
2026-04-29 12:30:16,952 | 24936 | 5008 | [open_context_base.py:518] on_disconnect: Disconnected: conn=0(1594) reason=CallClose

--- 第 35 轮A股盘中扫描 (A股30min) ---
2026-04-29 12:30:26,966 | 24936 | 27496 | [open_context_base.py:410] _init_connect_sync: New connect ready: conn=7455111231904431442(1595) context=<futu.quote.open_quote_context.OpenQuoteContext object at 0x00000128E6DDDBA0>
  扫描 A_SHARE...2026-04-29 12:30:26,967 | 24936 | 5008 | [open_context_base.py:518] on_disconnect: Disconnected: conn=0(1595) reason=CallClose

2026-04-29 12:30:27,024 | 24936 | 27496 | [open_context_base.py:410] _init_connect_sync: New connect ready: conn=7455111232147508652(1596) context=<futu.quote.open_quote_context.OpenQuoteContext object at 0x00000128E4138180>
  A_SHARE: 无异动
  扫描 HK...
2026-04-29 12:30:27,076 | 24936 | 27496 | [open_context_base.py:410] _init_connect_sync: New connect ready: conn=7455111232409308485(1597) context=<futu.quote.open_quote_context.OpenQuoteContext object at 0x00000128E4139350>
2026-04-29 12:30:27,077 | 24936 | 5008 | [open_context_base.py:518] on_disconnect: Disconnected: conn=0(1596) reason=CallClose
  HK: 无异动

  盘中总计: 0 个补牢机会
2026-04-29 12:30:27,085 | 24936 | 5008 | [open_context_base.py:518] on_disconnect: Disconnected: conn=0(1597) reason=CallClose
2026-04-29 12:31:17,088 | 24936 | 27496 | [open_context_base.py:410] _init_connect_sync: New connect ready: conn=7455111442175483310(1598) context=<futu.quote.open_quote_context.OpenQuoteContext object at 0x00000128E4139480>
2026-04-29 12:31:17,089 | 24936 | 5008 | [open_context_base.py:518] on_disconnect: Disconnected: conn=0(1598) reason=CallClose
2026-04-29 12:31:17,091 | 24936 | 27496 | [open_context_base.py:410] _init_connect_sync: New connect ready: conn=7455111442189148598(1599) context=<futu.quote.open_quote_context.OpenQuoteContext object at 0x00000128E41395B0>
  12:31:17 价格更新: 1个持仓
2026-04-29 12:31:17,130 | 24936 | 5008 | [open_context_base.py:518] on_disconnect: Disconnected: conn=0(1599) reason=CallClose
2026-04-29 12:32:17,133 | 24936 | 27496 | [open_context_base.py:410] _init_connect_sync: New connect ready: conn=7455111694022873588(1600) context=<futu.quote.open_quote_context.OpenQuoteContext object at 0x00000128E41396E0>
2026-04-29 12:32:17,134 | 24936 | 5008 | [open_context_base.py:518] on_disconnect: Disconnected: conn=0(1600) reason=CallClose
2026-04-29 12:32:17,135 | 24936 | 27496 | [open_context_base.py:410] _init_connect_sync: New connect ready: conn=7455111694033293410(1601) context=<futu.quote.open_quote_context.OpenQuoteContext object at 0x00000128E41388A0>
  12:32:17 价格更新: 1个持仓
2026-04-29 12:32:17,233 | 24936 | 5008 | [open_context_base.py:518] on_disconnect: Disconnected: conn=0(1601) reason=CallClose
2026-04-29 12:33:17,250 | 24936 | 27496 | [open_context_base.py:410] _init_connect_sync: New connect ready: conn=7455111946121481963(1602) context=<futu.quote.open_quote_context.OpenQuoteContext object at 0x00000128E4138510>
2026-04-29 12:33:17,251 | 24936 | 5008 | [open_context_base.py:518] on_disconnect: Disconnected: conn=0(1602) reason=CallClose
2026-04-29 12:33:17,253 | 24936 | 27496 | [open_context_base.py:410] _init_connect_sync: New connect ready: conn=7455111946185602619(1603) context=<futu.quote.open_quote_context.OpenQuoteContext object at 0x00000128E4139220>
  12:33:17 价格更新: 1个持仓
2026-04-29 12:33:17,320 | 24936 | 5008 | [open_context_base.py:518] on_disconnect: Disconnected: conn=0(1603) reason=CallClose
2026-04-29 12:34:17,324 | 24936 | 27496 | [open_context_base.py:410] _init_connect_sync: New connect ready: conn=7455112198139684413(1604) context=<futu.quote.open_quote_context.OpenQuoteContext object at 0x00000128E41390F0>
2026-04-29 12:34:17,324 | 24936 | 5008 | [open_context_base.py:518] on_disconnect: Disconnected: conn=0(1604) reason=CallClose
2026-04-29 12:34:17,326 | 24936 | 27496 | [open_context_base.py:410] _init_connect_sync: New connect ready: conn=7455112198150009077(1605) context=<futu.quote.open_quote_context.OpenQuoteContext object at 0x00000128E4138FC0>
  12:34:17 价格更新: 1个持仓
2026-04-29 12:34:17,390 | 24936 | 5008 | [open_context_base.py:518] on_disconnect: Disconnected: conn=0(1605) reason=CallClose
2026-04-29 12:35:17,397 | 24936 | 27496 | [open_context_base.py:410] _init_connect_sync: New connect ready: conn=7455112450101506759(1606) context=<futu.quote.open_quote_context.OpenQuoteContext object at 0x00000128E4138E90>
2026-04-29 12:35:17,399 | 24936 | 5008 | [open_context_base.py:518] on_disconnect: Disconnected: conn=0(1606) reason=CallClose
2026-04-29 12:35:17,401 | 24936 | 27496 | [open_context_base.py:410] _init_connect_sync: New connect ready: conn=7455112450118512701(1607) context=<futu.quote.open_quote_context.OpenQuoteContext object at 0x00000128E4138D60>
  12:35:17 价格更新: 1个持仓
2026-04-29 12:35:17,449 | 24936 | 5008 | [open_context_base.py:518] on_disconnect: Disconnected: conn=0(1607) reason=CallClose
2026-04-29 12:36:17,464 | 24936 | 27496 | [open_context_base.py:410] _init_connect_sync: New connect ready: conn=7455112702003069467(1608) context=<futu.quote.open_quote_context.OpenQuoteContext object at 0x00000128E4138C30>
2026-04-29 12:36:17,465 | 24936 | 5008 | [open_context_base.py:518] on_disconnect: Disconnected: conn=0(1608) reason=CallClose
2026-04-29 12:36:17,466 | 24936 | 27496 | [open_context_base.py:410] _init_connect_sync: New connect ready: conn=7455112702052586354(1609) context=<futu.quote.open_quote_context.OpenQuoteContext object at 0x00000128E4138B00>
  12:36:17 价格更新: 1个持仓
2026-04-29 12:36:17,497 | 24936 | 5008 | [open_context_base.py:518] on_disconnect: Disconnected: conn=0(1609) reason=CallClose
2026-04-29 12:37:17,512 | 24936 | 27496 | [open_context_base.py:410] _init_connect_sync: New connect ready: conn=7455112953862898480(1610) context=<futu.quote.open_quote_context.OpenQuoteContext object at 0x00000128E41389D0>
2026-04-29 12:37:17,513 | 24936 | 5008 | [open_context_base.py:518] on_disconnect: Disconnected: conn=0(1610) reason=CallClose
2026-04-29 12:37:17,526 | 24936 | 27496 | [open_context_base.py:410] _init_connect_sync: New connect ready: conn=7455112953915223342(1611) context=<futu.quote.open_quote_context.OpenQuoteContext object at 0x00000128E4138770>
  12:37:17 价格更新: 1个持仓
2026-04-29 12:37:17,564 | 24936 | 5008 | [open_context_base.py:518] on_disconnect: Disconnected: conn=0(1611) reason=CallClose
2026-04-29 12:38:17,571 | 24936 | 27496 | [open_context_base.py:410] _init_connect_sync: New connect ready: conn=7455113205808623668(1612) context=<futu.quote.open_quote_context.OpenQuoteContext object at 0x00000128E4138640>
2026-04-29 12:38:17,572 | 24936 | 5008 | [open_context_base.py:518] on_disconnect: Disconnected: conn=0(1612) reason=CallClose
2026-04-29 12:38:17,574 | 24936 | 27496 | [open_context_base.py:410] _init_connect_sync: New connect ready: conn=7455113205821028676(1613) context=<futu.quote.open_quote_context.OpenQuoteContext object at 0x00000128E6DDE780>
  12:38:17 价格更新: 1个持仓
2026-04-29 12:38:17,612 | 24936 | 5008 | [open_context_base.py:518] on_disconnect: Disconnected: conn=0(1613) reason=CallClose
2026-04-29 12:39:17,618 | 24936 | 27496 | [open_context_base.py:410] _init_connect_sync: New connect ready: conn=7455113457661349131(1614) context=<futu.quote.open_quote_context.OpenQuoteContext object at 0x00000128E6DDE8B0>
2026-04-29 12:39:17,619 | 24936 | 5008 | [open_context_base.py:518] on_disconnect: Disconnected: conn=0(1614) reason=CallClose
2026-04-29 12:39:17,621 | 24936 | 27496 | [open_context_base.py:410] _init_connect_sync: New connect ready: conn=7455113457674818602(1615) context=<futu.quote.open_quote_context.OpenQuoteContext object at 0x00000128E6DDE9E0>
  12:39:17 价格更新: 1个持仓
2026-04-29 12:39:17,650 | 24936 | 5008 | [open_context_base.py:518] on_disconnect: Disconnected: conn=0(1615) reason=CallClose
2026-04-29 12:40:17,654 | 24936 | 27496 | [open_context_base.py:410] _init_connect_sync: New connect ready: conn=7455113709472715617(1616) context=<futu.quote.open_quote_context.OpenQuoteContext object at 0x00000128E6DDC050>
2026-04-29 12:40:17,654 | 24936 | 5008 | [open_context_base.py:518] on_disconnect: Disconnected: conn=0(1616) reason=CallClose
2026-04-29 12:40:17,656 | 24936 | 27496 | [open_context_base.py:410] _init_connect_sync: New connect ready: conn=7455113709482890114(1617) context=<futu.quote.open_quote_context.OpenQuoteContext object at 0x00000128E6DDC180>
  12:40:17 价格更新: 1个持仓
2026-04-29 12:40:17,697 | 24936 | 5008 | [open_context_base.py:518] on_disconnect: Disconnected: conn=0(1617) reason=CallClose
2026-04-29 12:41:17,709 | 24936 | 27496 | [open_context_base.py:410] _init_connect_sync: New connect ready: conn=7455113961363120280(1618) context=<futu.quote.open_quote_context.OpenQuoteContext object at 0x00000128E6DDDBA0>
2026-04-29 12:41:17,710 | 24936 | 5008 | [open_context_base.py:518] on_disconnect: Disconnected: conn=0(1618) reason=CallClose
2026-04-29 12:41:17,722 | 24936 | 27496 | [open_context_base.py:410] _init_connect_sync: New connect ready: conn=7455113961371046130(1619) context=<futu.quote.open_quote_context.OpenQuoteContext object at 0x00000128E6DDDCD0>
  12:41:17 价格更新: 1个持仓
2026-04-29 12:41:17,796 | 24936 | 5008 | [open_context_base.py:518] on_disconnect: Disconnected: conn=0(1619) reason=CallClose
2026-04-29 12:42:17,806 | 24936 | 27496 | [open_context_base.py:410] _init_connect_sync: New connect ready: conn=7455114213427290427(1620) context=<futu.quote.open_quote_context.OpenQuoteContext object at 0x00000128E4138050>
2026-04-29 12:42:17,807 | 24936 | 5008 | [open_context_base.py:518] on_disconnect: Disconnected: conn=0(1620) reason=CallClose
2026-04-29 12:42:17,819 | 24936 | 27496 | [open_context_base.py:410] _init_connect_sync: New connect ready: conn=7455114213437991710(1621) context=<futu.quote.open_quote_context.OpenQuoteContext object at 0x00000128E4138640>
  12:42:17 价格更新: 1个持仓
2026-04-29 12:42:17,849 | 24936 | 5008 | [open_context_base.py:518] on_disconnect: Disconnected: conn=0(1621) reason=CallClose
2026-04-29 12:43:17,862 | 24936 | 27496 | [open_context_base.py:410] _init_connect_sync: New connect ready: conn=7455114465322697146(1622) context=<futu.quote.open_quote_context.OpenQuoteContext object at 0x00000128E4138770>
2026-04-29 12:43:17,863 | 24936 | 5008 | [open_context_base.py:518] on_disconnect: Disconnected: conn=0(1622) reason=CallClose
2026-04-29 12:43:17,865 | 24936 | 27496 | [open_context_base.py:410] _init_connect_sync: New connect ready: conn=7455114465335839052(1623) context=<futu.quote.open_quote_context.OpenQuoteContext object at 0x00000128E41389D0>
  12:43:17 价格更新: 1个持仓
2026-04-29 12:43:17,895 | 24936 | 5008 | [open_context_base.py:518] on_disconnect: Disconnected: conn=0(1623) reason=CallClose
