ticker,company_name,exchange,start_date,target_end_date,end_date,start_price,end_price,return_90d,raw_start_price,raw_end_price,raw_return_90d,adjusted_start_price,adjusted_end_price,adjusted_return_90d,qualification_basis,quality_tier,needs_manual_review,market_cap_at_start,industry,episode_id,data_source,data_quality,preliminary,price_basis,notes
AHG,Akso Health,NASDAQ,2021-07-22,2021-10-20,2021-10-20,1.46,18.87,11.924657534246576,1.46,18.87,11.924657534246576,1.46,18.87,11.924657534246576,both,BOTH_QUALIFIED,False,,,AHG_001,opend,POC,True,dual,
AHI,Advanced Health Intelligence,NASDAQ,2023-04-03,2023-07-02,2023-07-03,0.3601,5.7,14.828936406553737,0.3601,5.7,14.828936406553737,1.4404,5.7,2.9572341016384343,raw,RAW_ONLY_REVIEW,True,,,AHI_002,opend,POC,True,dual,raw/adjusted qualification mismatch
AHI,Advanced Health Intelligence,NASDAQ,2023-04-04,2023-07-03,2023-07-03,0.3736,5.7,14.25695931477516,0.3736,5.7,14.25695931477516,1.4944,5.7,2.81423982869379,raw,RAW_ONLY_REVIEW,True,,,AHI_002,opend,POC,True,dual,raw/adjusted qualification mismatch
AHI,Advanced Health Intelligence,NASDAQ,2023-04-05,2023-07-04,2023-07-05,0.361,5.24,13.515235457063714,0.361,5.24,13.515235457063714,1.444,5.24,2.6288088642659284,raw,RAW_ONLY_REVIEW,True,,,AHI_002,opend,POC,True,dual,raw/adjusted qualification mismatch
AHI,Advanced Health Intelligence,NASDAQ,2023-04-06,2023-07-05,2023-07-05,0.363,5.24,13.435261707988982,0.363,5.24,13.435261707988982,1.452,5.24,2.6088154269972454,raw,RAW_ONLY_REVIEW,True,,,AHI_002,opend,POC,True,dual,raw/adjusted qualification mismatch
AHI,Advanced Health Intelligence,NASDAQ,2023-04-10,2023-07-09,2023-07-10,0.3599,4.53,11.586829674909698,0.3599,4.53,11.586829674909698,1.4396,4.53,2.1467074187274244,raw,RAW_ONLY_REVIEW,True,,,AHI_002,opend,POC,True,dual,raw/adjusted qualification mismatch
AHI,Advanced Health Intelligence,NASDAQ,2023-04-11,2023-07-10,2023-07-10,0.3888,4.53,10.651234567901236,0.3888,4.53,10.651234567901236,1.5552,4.53,1.912808641975309,raw,RAW_ONLY_REVIEW,True,,,AHI_002,opend,POC,True,dual,raw/adjusted qualification mismatch
AHI,Advanced Health Intelligence,NASDAQ,2023-04-12,2023-07-11,2023-07-11,0.3845,4.49,10.677503250975294,0.3845,4.49,10.677503250975294,1.538,4.49,1.9193758127438234,raw,RAW_ONLY_REVIEW,True,,,AHI_002,opend,POC,True,dual,raw/adjusted qualification mismatch
AHI,Advanced Health Intelligence,NASDAQ,2023-05-04,2023-08-02,2023-08-02,0.335,4.14,11.358208955223878,0.335,4.14,11.358208955223878,1.34,4.14,2.0895522388059695,raw,RAW_ONLY_REVIEW,True,,,AHI_002,opend,POC,True,dual,raw/adjusted qualification mismatch
AHI,Advanced Health Intelligence,NASDAQ,2023-05-05,2023-08-03,2023-08-04,0.335,4.27,11.746268656716415,0.335,4.27,11.746268656716415,1.34,4.27,2.186567164179104,raw,RAW_ONLY_REVIEW,True,,,AHI_002,opend,POC,True,dual,raw/adjusted qualification mismatch
AHI,Advanced Health Intelligence,NASDAQ,2023-05-09,2023-08-07,2023-08-07,0.34,3.75,10.029411764705882,0.34,3.75,10.029411764705882,1.36,3.75,1.7573529411764706,raw,RAW_ONLY_REVIEW,True,,,AHI_002,opend,POC,True,dual,raw/adjusted qualification mismatch
AHI,Advanced Health Intelligence,NASDAQ,2023-05-10,2023-08-08,2023-08-08,0.3202,4.14,11.92941911305434,0.3202,4.14,11.92941911305434,1.2808,4.14,2.232354778263585,raw,RAW_ONLY_REVIEW,True,,,AHI_002,opend,POC,True,dual,raw/adjusted qualification mismatch
AHI,Advanced Health Intelligence,NASDAQ,2023-05-11,2023-08-09,2023-08-09,0.3202,4.34,12.554028732042473,0.3202,4.34,12.554028732042473,1.2808,4.34,2.3885071830106184,raw,RAW_ONLY_REVIEW,True,,,AHI_002,opend,POC,True,dual,raw/adjusted qualification mismatch
AHI,Advanced Health Intelligence,NASDAQ,2023-05-12,2023-08-10,2023-08-10,0.32,4.05,11.65625,0.32,4.05,11.65625,1.28,4.05,2.1640625,raw,RAW_ONLY_REVIEW,True,,,AHI_002,opend,POC,True,dual,raw/adjusted qualification mismatch
AHI,Advanced Health Intelligence,NASDAQ,2023-05-15,2023-08-13,2023-08-14,0.3451,4.26,11.344248044045203,0.3451,4.26,11.344248044045203,1.3804,4.26,2.086062011011301,raw,RAW_ONLY_REVIEW,True,,,AHI_002,opend,POC,True,dual,raw/adjusted qualification mismatch
AHI,Advanced Health Intelligence,NASDAQ,2023-05-16,2023-08-14,2023-08-14,0.338,4.26,11.603550295857987,0.338,4.26,11.603550295857987,1.352,4.26,2.150887573964497,raw,RAW_ONLY_REVIEW,True,,,AHI_002,opend,POC,True,dual,raw/adjusted qualification mismatch
AHI,Advanced Health Intelligence,NASDAQ,2023-05-17,2023-08-15,2023-08-15,0.347,4.13,10.902017291066283,0.347,4.13,10.902017291066283,1.388,4.13,1.9755043227665707,raw,RAW_ONLY_REVIEW,True,,,AHI_002,opend,POC,True,dual,raw/adjusted qualification mismatch
AHI,Advanced Health Intelligence,NASDAQ,2023-05-18,2023-08-16,2023-08-16,0.33,3.84,10.636363636363635,0.33,3.84,10.636363636363635,1.32,3.84,1.9090909090909087,raw,RAW_ONLY_REVIEW,True,,,AHI_002,opend,POC,True,dual,raw/adjusted qualification mismatch
AHI,Advanced Health Intelligence,NASDAQ,2023-05-19,2023-08-17,2023-08-17,0.315,4.57,13.507936507936508,0.315,4.57,13.507936507936508,1.26,4.57,2.626984126984127,raw,RAW_ONLY_REVIEW,True,,,AHI_002,opend,POC,True,dual,raw/adjusted qualification mismatch
AHI,Advanced Health Intelligence,NASDAQ,2023-05-22,2023-08-20,2023-08-21,0.3389,4.15,11.245500147536148,0.3389,4.15,11.245500147536148,1.3556,4.15,2.061375036884037,raw,RAW_ONLY_REVIEW,True,,,AHI_002,opend,POC,True,dual,raw/adjusted qualification mismatch
AHI,Advanced Health Intelligence,NASDAQ,2023-05-23,2023-08-21,2023-08-21,0.34,4.15,11.205882352941178,0.34,4.15,11.205882352941178,1.36,4.15,2.0514705882352944,raw,RAW_ONLY_REVIEW,True,,,AHI_002,opend,POC,True,dual,raw/adjusted qualification mismatch
AHI,Advanced Health Intelligence,NASDAQ,2023-05-24,2023-08-22,2023-08-22,0.3249,3.93,11.096029547553092,0.3249,3.93,11.096029547553092,1.2996,3.93,2.024007386888273,raw,RAW_ONLY_REVIEW,True,,,AHI_002,opend,POC,True,dual,raw/adjusted qualification mismatch
AHI,Advanced Health Intelligence,NASDAQ,2023-05-25,2023-08-23,2023-08-23,0.3139,3.77,11.010194329404268,0.3139,3.77,11.010194329404268,1.2556,3.77,2.002548582351067,raw,RAW_ONLY_REVIEW,True,,,AHI_002,opend,POC,True,dual,raw/adjusted qualification mismatch
AHI,Advanced Health Intelligence,NASDAQ,2023-05-26,2023-08-24,2023-08-24,0.3292,3.75,10.391251518833537,0.3292,3.75,10.391251518833537,1.3168,3.75,1.8478128797083841,raw,RAW_ONLY_REVIEW,True,,,AHI_002,opend,POC,True,dual,raw/adjusted qualification mismatch
AHI,Advanced Health Intelligence,NASDAQ,2023-05-30,2023-08-28,2023-08-28,0.3101,3.75,11.092873266688166,0.3101,3.75,11.092873266688166,1.2404,3.75,2.0232183166720414,raw,RAW_ONLY_REVIEW,True,,,AHI_002,opend,POC,True,dual,raw/adjusted qualification mismatch
AHI,Advanced Health Intelligence,NASDAQ,2023-05-31,2023-08-29,2023-08-29,0.3257,3.7,10.360147374884864,0.3257,3.7,10.360147374884864,1.3028,3.7,1.840036843721216,raw,RAW_ONLY_REVIEW,True,,,AHI_002,opend,POC,True,dual,raw/adjusted qualification mismatch
AHI,Advanced Health Intelligence,NASDAQ,2023-06-01,2023-08-30,2023-08-30,0.315,3.73,10.841269841269842,0.315,3.73,10.841269841269842,1.26,3.73,1.9603174603174605,raw,RAW_ONLY_REVIEW,True,,,AHI_002,opend,POC,True,dual,raw/adjusted qualification mismatch
AHI,Advanced Health Intelligence,NASDAQ,2023-06-02,2023-08-31,2023-08-31,0.3334,3.76,10.277744451109779,0.3334,3.76,10.277744451109779,1.3336,3.76,1.8194361127774448,raw,RAW_ONLY_REVIEW,True,,,AHI_002,opend,POC,True,dual,raw/adjusted qualification mismatch
AHI,Advanced Health Intelligence,NASDAQ,2023-06-05,2023-09-03,2023-09-05,0.3102,3.65,10.766602192134108,0.3102,3.65,10.766602192134108,1.2408,3.65,1.941650548033527,raw,RAW_ONLY_REVIEW,True,,,AHI_002,opend,POC,True,dual,raw/adjusted qualification mismatch
AHI,Advanced Health Intelligence,NASDAQ,2023-06-06,2023-09-04,2023-09-05,0.321,3.65,10.370716510903426,0.321,3.65,10.370716510903426,1.284,3.65,1.8426791277258565,raw,RAW_ONLY_REVIEW,True,,,AHI_002,opend,POC,True,dual,raw/adjusted qualification mismatch
AHI,Advanced Health Intelligence,NASDAQ,2023-06-07,2023-09-05,2023-09-05,0.31,3.65,10.774193548387096,0.31,3.65,10.774193548387096,1.24,3.65,1.943548387096774,raw,RAW_ONLY_REVIEW,True,,,AHI_002,opend,POC,True,dual,raw/adjusted qualification mismatch
AHI,Advanced Health Intelligence,NASDAQ,2023-06-08,2023-09-06,2023-09-06,0.31,3.64,10.741935483870968,0.31,3.64,10.741935483870968,1.24,3.64,1.935483870967742,raw,RAW_ONLY_REVIEW,True,,,AHI_002,opend,POC,True,dual,raw/adjusted qualification mismatch
AHT,阿什福德信托,NYSE,2024-08-14,2024-11-12,2024-11-12,0.8959,10.7,10.943297242995868,0.8959,10.7,10.943297242995868,8.959,10.7,0.19432972429958695,raw,RAW_ONLY_REVIEW,True,,,AHT_003,opend,POC,True,dual,raw/adjusted qualification mismatch
AHT,阿什福德信托,NYSE,2024-09-10,2024-12-09,2024-12-09,0.8073,8.97,10.111111111111112,0.8073,8.97,10.111111111111112,8.073,8.97,0.11111111111111116,raw,RAW_ONLY_REVIEW,True,,,AHT_003,opend,POC,True,dual,raw/adjusted qualification mismatch
AHT,阿什福德信托,NYSE,2024-10-07,2025-01-05,2025-01-06,0.6997,8.61,11.305273688723737,0.6997,8.61,11.305273688723737,6.997,8.61,0.2305273688723739,raw,RAW_ONLY_REVIEW,True,,,AHT_003,opend,POC,True,dual,raw/adjusted qualification mismatch
AHT,阿什福德信托,NYSE,2024-10-08,2025-01-06,2025-01-06,0.6703,8.61,11.844994778457407,0.6703,8.61,11.844994778457407,6.703,8.61,0.2844994778457406,raw,RAW_ONLY_REVIEW,True,,,AHT_003,opend,POC,True,dual,raw/adjusted qualification mismatch
AHT,阿什福德信托,NYSE,2024-10-09,2025-01-07,2025-01-07,0.5999,8.83,13.719119853308886,0.5999,8.83,13.719119853308886,5.999,8.83,0.47191198533088863,raw,RAW_ONLY_REVIEW,True,,,AHT_003,opend,POC,True,dual,raw/adjusted qualification mismatch
AHT,阿什福德信托,NYSE,2024-10-10,2025-01-08,2025-01-08,0.5785,8.64,13.935177182368195,0.5785,8.64,13.935177182368195,5.785,8.64,0.49351771823681934,raw,RAW_ONLY_REVIEW,True,,,AHT_003,opend,POC,True,dual,raw/adjusted qualification mismatch
AHT,阿什福德信托,NYSE,2024-10-11,2025-01-09,2025-01-10,0.608,8.18,12.453947368421053,0.608,8.18,12.453947368421053,6.08,8.18,0.3453947368421053,raw,RAW_ONLY_REVIEW,True,,,AHT_003,opend,POC,True,dual,raw/adjusted qualification mismatch
AHT,阿什福德信托,NYSE,2024-10-14,2025-01-12,2025-01-13,0.6244,8.67,12.885329916720051,0.6244,8.67,12.885329916720051,6.244,8.67,0.38853299167200506,raw,RAW_ONLY_REVIEW,True,,,AHT_003,opend,POC,True,dual,raw/adjusted qualification mismatch
AHT,阿什福德信托,NYSE,2024-10-15,2025-01-13,2025-01-13,0.6351,8.67,12.65139348134152,0.6351,8.67,12.65139348134152,6.351,8.67,0.36513934813415205,raw,RAW_ONLY_REVIEW,True,,,AHT_003,opend,POC,True,dual,raw/adjusted qualification mismatch
AHT,阿什福德信托,NYSE,2024-10-16,2025-01-14,2025-01-14,0.6212,9.14,13.71345782356729,0.6212,9.14,13.71345782356729,6.212,9.14,0.4713457823567291,raw,RAW_ONLY_REVIEW,True,,,AHT_003,opend,POC,True,dual,raw/adjusted qualification mismatch
AHT,阿什福德信托,NYSE,2024-10-17,2025-01-15,2025-01-15,0.603,8.8,13.593698175787729,0.603,8.8,13.593698175787729,6.03,8.8,0.4593698175787728,raw,RAW_ONLY_REVIEW,True,,,AHT_003,opend,POC,True,dual,raw/adjusted qualification mismatch
AHT,阿什福德信托,NYSE,2024-10-18,2025-01-16,2025-01-16,0.6018,8.65,13.373546028580924,0.6018,8.65,13.373546028580924,6.018,8.65,0.4373546028580926,raw,RAW_ONLY_REVIEW,True,,,AHT_003,opend,POC,True,dual,raw/adjusted qualification mismatch
AHT,阿什福德信托,NYSE,2024-10-21,2025-01-19,2025-01-21,0.5691,8.33,13.637146371463713,0.5691,8.33,13.637146371463713,5.691,8.33,0.4637146371463716,raw,RAW_ONLY_REVIEW,True,,,AHT_003,opend,POC,True,dual,raw/adjusted qualification mismatch
AHT,阿什福德信托,NYSE,2024-10-22,2025-01-20,2025-01-21,0.5666,8.33,13.701729615248853,0.5666,8.33,13.701729615248853,5.666,8.33,0.4701729615248853,raw,RAW_ONLY_REVIEW,True,,,AHT_003,opend,POC,True,dual,raw/adjusted qualification mismatch
AHT,阿什福德信托,NYSE,2024-10-23,2025-01-21,2025-01-21,0.5549,8.33,14.011713822310329,0.5549,8.33,14.011713822310329,5.548999999,8.33,0.5011713825015627,raw,RAW_ONLY_REVIEW,True,,,AHT_003,opend,POC,True,dual,raw/adjusted qualification mismatch
AHT,阿什福德信托,NYSE,2024-10-24,2025-01-22,2025-01-22,0.5498,8.37,14.22371771553292,0.5498,8.37,14.22371771553292,5.498,8.37,0.5223717715532918,raw,RAW_ONLY_REVIEW,True,,,AHT_003,opend,POC,True,dual,raw/adjusted qualification mismatch
AHT,阿什福德信托,NYSE,2024-10-25,2025-01-23,2025-01-23,0.557,8.08,13.506283662477557,0.557,8.08,13.506283662477557,5.57,8.08,0.4506283662477557,raw,RAW_ONLY_REVIEW,True,,,AHT_003,opend,POC,True,dual,raw/adjusted qualification mismatch
AIB,BlockchAIn Digital Infrastructure,AMEX,2024-08-19,2024-11-17,2024-11-18,0.2253,8.4,36.28362183754994,0.2253,8.4,36.28362183754994,10.8144,8.4,-0.22325787838437627,raw,RAW_ONLY_REVIEW,True,,,AIB_004,opend,POC,True,dual,raw/adjusted qualification mismatch
AIB,BlockchAIn Digital Infrastructure,AMEX,2024-08-20,2024-11-18,2024-11-18,0.2208,8.4,37.04347826086957,0.2208,8.4,37.04347826086957,10.5984,8.4,-0.20742753623188404,raw,RAW_ONLY_REVIEW,True,,,AIB_004,opend,POC,True,dual,raw/adjusted qualification mismatch
AIB,BlockchAIn Digital Infrastructure,AMEX,2024-08-21,2024-11-19,2024-11-19,0.22,6.41,28.136363636363637,0.22,6.41,28.136363636363637,10.56,6.41,-0.3929924242424243,raw,RAW_ONLY_REVIEW,True,,,AIB_004,opend,POC,True,dual,raw/adjusted qualification mismatch
AIB,BlockchAIn Digital Infrastructure,AMEX,2024-08-22,2024-11-20,2024-11-20,0.235,6.5226,26.755744680851063,0.235,6.5226,26.755744680851063,11.28,6.5226,-0.42175531914893616,raw,RAW_ONLY_REVIEW,True,,,AIB_004,opend,POC,True,dual,raw/adjusted qualification mismatch
AIB,BlockchAIn Digital Infrastructure,AMEX,2024-08-23,2024-11-21,2024-11-21,0.217,6.3,28.032258064516128,0.217,6.3,28.032258064516128,10.416,6.3,-0.39516129032258074,raw,RAW_ONLY_REVIEW,True,,,AIB_004,opend,POC,True,dual,raw/adjusted qualification mismatch
AIB,BlockchAIn Digital Infrastructure,AMEX,2024-08-26,2024-11-24,2024-11-25,0.2865,7.45,25.003490401396164,0.2865,7.45,25.003490401396164,13.751999999,7.45,-0.4582606165981865,raw,RAW_ONLY_REVIEW,True,,,AIB_004,opend,POC,True,dual,raw/adjusted qualification mismatch
AIB,BlockchAIn Digital Infrastructure,AMEX,2024-08-27,2024-11-25,2024-11-25,0.2002,7.45,36.21278721278721,0.2002,7.45,36.21278721278721,9.6096,7.45,-0.22473359973359974,raw,RAW_ONLY_REVIEW,True,,,AIB_004,opend,POC,True,dual,raw/adjusted qualification mismatch
AIB,BlockchAIn Digital Infrastructure,AMEX,2024-08-28,2024-11-26,2024-11-26,0.1807,7.0,37.7382401770891,0.1807,7.0,37.7382401770891,8.6736,7.0,-0.19295332964397716,raw,RAW_ONLY_REVIEW,True,,,AIB_004,opend,POC,True,dual,raw/adjusted qualification mismatch
AIB,BlockchAIn Digital Infrastructure,AMEX,2024-08-29,2024-11-27,2024-11-27,0.17,7.61,43.76470588235294,0.17,7.61,43.76470588235294,8.16,7.61,-0.06740196078431371,raw,RAW_ONLY_REVIEW,True,,,AIB_004,opend,POC,True,dual,raw/adjusted qualification mismatch
AIB,BlockchAIn Digital Infrastructure,AMEX,2024-08-30,2024-11-28,2024-11-29,0.1495,8.6,56.525083612040135,0.1495,8.6,56.525083612040135,7.176,8.6,0.19843924191750273,raw,RAW_ONLY_REVIEW,True,,,AIB_004,opend,POC,True,dual,raw/adjusted qualification mismatch
AIB,BlockchAIn Digital Infrastructure,AMEX,2024-09-03,2024-12-02,2024-12-02,0.15,7.78,50.86666666666667,0.15,7.78,50.86666666666667,7.2,7.78,0.08055555555555549,raw,RAW_ONLY_REVIEW,True,,,AIB_004,opend,POC,True,dual,raw/adjusted qualification mismatch
AIB,BlockchAIn Digital Infrastructure,AMEX,2024-09-04,2024-12-03,2024-12-03,0.14165,6.28,43.33462760324744,0.14165,6.28,43.33462760324744,6.7992,6.28,-0.07636192493234495,raw,RAW_ONLY_REVIEW,True,,,AIB_004,opend,POC,True,dual,raw/adjusted qualification mismatch
AIB,BlockchAIn Digital Infrastructure,AMEX,2024-09-05,2024-12-04,2024-12-04,0.1375,5.07,35.872727272727275,0.1375,5.07,35.872727272727275,6.6,5.07,-0.2318181818181817,raw,RAW_ONLY_REVIEW,True,,,AIB_004,opend,POC,True,dual,raw/adjusted qualification mismatch
AIB,BlockchAIn Digital Infrastructure,AMEX,2024-09-06,2024-12-05,2024-12-05,0.1283,3.86,29.08573655494934,0.1283,3.86,29.08573655494934,6.1584,3.86,-0.3732138217718889,raw,RAW_ONLY_REVIEW,True,,,AIB_004,opend,POC,True,dual,raw/adjusted qualification mismatch
AIB,BlockchAIn Digital Infrastructure,AMEX,2024-09-09,2024-12-08,2024-12-09,0.1331,3.84,27.850488354620587,0.1331,3.84,27.850488354620587,6.3888,3.84,-0.39894815927873784,raw,RAW_ONLY_REVIEW,True,,,AIB_004,opend,POC,True,dual,raw/adjusted qualification mismatch
AIB,BlockchAIn Digital Infrastructure,AMEX,2024-09-10,2024-12-09,2024-12-09,0.1228,3.84,30.27035830618892,0.1228,3.84,30.27035830618892,5.8944,3.84,-0.34853420195439744,raw,RAW_ONLY_REVIEW,True,,,AIB_004,opend,POC,True,dual,raw/adjusted qualification mismatch
AIB,BlockchAIn Digital Infrastructure,AMEX,2024-09-11,2024-12-10,2024-12-10,0.124,3.59,27.951612903225804,0.124,3.59,27.951612903225804,5.952,3.59,-0.3968413978494624,raw,RAW_ONLY_REVIEW,True,,,AIB_004,opend,POC,True,dual,raw/adjusted qualification mismatch
AIB,BlockchAIn Digital Infrastructure,AMEX,2024-09-12,2024-12-11,2024-12-11,0.1332,3.45,24.9009009009009,0.1332,3.45,24.9009009009009,6.3936,3.45,-0.46039789789789787,raw,RAW_ONLY_REVIEW,True,,,AIB_004,opend,POC,True,dual,raw/adjusted qualification mismatch
AIB,BlockchAIn Digital Infrastructure,AMEX,2024-09-13,2024-12-12,2024-12-12,0.128,3.24,24.3125,0.128,3.24,24.3125,6.144,3.24,-0.47265625,raw,RAW_ONLY_REVIEW,True,,,AIB_004,opend,POC,True,dual,raw/adjusted qualification mismatch
AIB,BlockchAIn Digital Infrastructure,AMEX,2024-09-16,2024-12-15,2024-12-16,0.1278,3.36,25.291079812206572,0.1278,3.36,25.291079812206572,6.1344,3.36,-0.4522691705790298,raw,RAW_ONLY_REVIEW,True,,,AIB_004,opend,POC,True,dual,raw/adjusted qualification mismatch
AIB,BlockchAIn Digital Infrastructure,AMEX,2024-09-17,2024-12-16,2024-12-16,0.114,3.36,28.473684210526315,0.114,3.36,28.473684210526315,5.472,3.36,-0.38596491228070184,raw,RAW_ONLY_REVIEW,True,,,AIB_004,opend,POC,True,dual,raw/adjusted qualification mismatch
AIB,BlockchAIn Digital Infrastructure,AMEX,2024-09-18,2024-12-17,2024-12-17,0.1299,3.31,24.481139337952275,0.1299,3.31,24.481139337952275,6.235199999,3.31,-0.46914293037418897,raw,RAW_ONLY_REVIEW,True,,,AIB_004,opend,POC,True,dual,raw/adjusted qualification mismatch
AIB,BlockchAIn Digital Infrastructure,AMEX,2024-09-20,2024-12-19,2024-12-19,0.26,2.95,10.346153846153847,0.26,2.95,10.346153846153847,12.48,2.95,-0.7636217948717949,raw,RAW_ONLY_REVIEW,True,,,AIB_004,opend,POC,True,dual,raw/adjusted qualification mismatch
AIB,BlockchAIn Digital Infrastructure,AMEX,2024-09-27,2024-12-26,2024-12-26,0.2621,2.98,10.369706219000381,0.2621,2.98,10.369706219000381,12.5808,2.98,-0.763131120437492,raw,RAW_ONLY_REVIEW,True,,,AIB_004,opend,POC,True,dual,raw/adjusted qualification mismatch
AIB,BlockchAIn Digital Infrastructure,AMEX,2024-10-01,2024-12-30,2024-12-30,0.2274,2.67,10.741424802110819,0.2274,2.67,10.741424802110819,10.9152,2.67,-0.7553869832893579,raw,RAW_ONLY_REVIEW,True,,,AIB_004,opend,POC,True,dual,raw/adjusted qualification mismatch
AIB,BlockchAIn Digital Infrastructure,AMEX,2024-10-02,2024-12-31,2024-12-31,0.215,2.63,11.232558139534884,0.215,2.63,11.232558139534884,10.32,2.63,-0.7451550387596899,raw,RAW_ONLY_REVIEW,True,,,AIB_004,opend,POC,True,dual,raw/adjusted qualification mismatch
AIB,BlockchAIn Digital Infrastructure,AMEX,2024-10-03,2025-01-01,2025-01-02,0.224,2.71,11.098214285714285,0.224,2.71,11.098214285714285,10.752,2.71,-0.7479538690476191,raw,RAW_ONLY_REVIEW,True,,,AIB_004,opend,POC,True,dual,raw/adjusted qualification mismatch
AIB,BlockchAIn Digital Infrastructure,AMEX,2024-10-04,2025-01-02,2025-01-02,0.2197,2.71,11.335002275830679,0.2197,2.71,11.335002275830679,10.5456,2.71,-0.7430207859201943,raw,RAW_ONLY_REVIEW,True,,,AIB_004,opend,POC,True,dual,raw/adjusted qualification mismatch
AIB,BlockchAIn Digital Infrastructure,AMEX,2024-10-07,2025-01-05,2025-01-06,0.2122,2.65,11.488218661639962,0.2122,2.65,11.488218661639962,10.1856,2.65,-0.7398287778825008,raw,RAW_ONLY_REVIEW,True,,,AIB_004,opend,POC,True,dual,raw/adjusted qualification mismatch
AIB,BlockchAIn Digital Infrastructure,AMEX,2024-10-08,2025-01-06,2025-01-06,0.224,2.65,10.830357142857142,0.224,2.65,10.830357142857142,10.752,2.65,-0.7535342261904763,raw,RAW_ONLY_REVIEW,True,,,AIB_004,opend,POC,True,dual,raw/adjusted qualification mismatch
AIB,BlockchAIn Digital Infrastructure,AMEX,2024-10-31,2025-01-29,2025-01-29,0.196,4.34,21.142857142857142,0.196,4.34,21.142857142857142,9.408,4.34,-0.5386904761904762,raw,RAW_ONLY_REVIEW,True,,,AIB_004,opend,POC,True,dual,raw/adjusted qualification mismatch
AIB,BlockchAIn Digital Infrastructure,AMEX,2024-11-01,2025-01-30,2025-01-30,0.192,2.56,12.333333333333334,0.192,2.56,12.333333333333334,9.216,2.56,-0.7222222222222222,raw,RAW_ONLY_REVIEW,True,,,AIB_004,opend,POC,True,dual,raw/adjusted qualification mismatch
AIB,BlockchAIn Digital Infrastructure,AMEX,2024-11-04,2025-02-02,2025-02-03,0.188,3.12,15.595744680851066,0.188,3.12,15.595744680851066,9.024,3.12,-0.6542553191489362,raw,RAW_ONLY_REVIEW,True,,,AIB_004,opend,POC,True,dual,raw/adjusted qualification mismatch
AIB,BlockchAIn Digital Infrastructure,AMEX,2024-11-05,2025-02-03,2025-02-03,0.1986,3.12,14.709969788519638,0.1986,3.12,14.709969788519638,9.5328,3.12,-0.6727089627391742,raw,RAW_ONLY_REVIEW,True,,,AIB_004,opend,POC,True,dual,raw/adjusted qualification mismatch
AIB,BlockchAIn Digital Infrastructure,AMEX,2024-11-06,2025-02-04,2025-02-04,0.1999,3.14,14.707853926963482,0.1999,3.14,14.707853926963482,9.5952,3.14,-0.6727530431882608,raw,RAW_ONLY_REVIEW,True,,,AIB_004,opend,POC,True,dual,raw/adjusted qualification mismatch
AIB,BlockchAIn Digital Infrastructure,AMEX,2024-11-07,2025-02-05,2025-02-05,0.1683,3.41,19.26143790849673,0.1683,3.41,19.26143790849673,8.0784,3.41,-0.5778867102396514,raw,RAW_ONLY_REVIEW,True,,,AIB_004,opend,POC,True,dual,raw/adjusted qualification mismatch
AIB,BlockchAIn Digital Infrastructure,AMEX,2024-11-08,2025-02-06,2025-02-06,0.185,3.03,15.378378378378379,0.185,3.03,15.378378378378379,8.88,3.03,-0.6587837837837838,raw,RAW_ONLY_REVIEW,True,,,AIB_004,opend,POC,True,dual,raw/adjusted qualification mismatch
AIB,BlockchAIn Digital Infrastructure,AMEX,2024-11-11,2025-02-09,2025-02-10,0.2495,2.87,10.503006012024048,0.2495,2.87,10.503006012024048,11.976,2.87,-0.7603540414161657,raw,RAW_ONLY_REVIEW,True,,,AIB_004,opend,POC,True,dual,raw/adjusted qualification mismatch
AIB,BlockchAIn Digital Infrastructure,AMEX,2024-11-12,2025-02-10,2025-02-10,0.2399,2.87,10.963318049187162,0.2399,2.87,10.963318049187162,11.5152,2.87,-0.7507642073086008,raw,RAW_ONLY_REVIEW,True,,,AIB_004,opend,POC,True,dual,raw/adjusted qualification mismatch
AIB,BlockchAIn Digital Infrastructure,AMEX,2024-11-13,2025-02-11,2025-02-11,0.2059,2.65,11.870325400679942,0.2059,2.65,11.870325400679942,9.8832,2.65,-0.7318682208191679,raw,RAW_ONLY_REVIEW,True,,,AIB_004,opend,POC,True,dual,raw/adjusted qualification mismatch
AIB,BlockchAIn Digital Infrastructure,AMEX,2024-11-14,2025-02-12,2025-02-12,0.1999,2.46,11.30615307653827,0.1999,2.46,11.30615307653827,9.5952,2.46,-0.7436218109054527,raw,RAW_ONLY_REVIEW,True,,,AIB_004,opend,POC,True,dual,raw/adjusted qualification mismatch
AIB,BlockchAIn Digital Infrastructure,AMEX,2024-11-15,2025-02-13,2025-02-13,0.177,2.4,12.559322033898304,0.177,2.4,12.559322033898304,8.496,2.4,-0.7175141242937854,raw,RAW_ONLY_REVIEW,True,,,AIB_004,opend,POC,True,dual,raw/adjusted qualification mismatch
AIFC,AI Financial,NASDAQ,2019-01-24,2019-04-24,2019-04-24,0.227646651,2.506154101,10.008965385570288,0.52,4.7,8.038461538461538,0.227646651,2.506154101,10.008965385570288,adjusted,ADJUSTED_ONLY_REVIEW,True,,,AIFC_005,opend,POC,True,dual,raw/adjusted qualification mismatch
AIFC,AI Financial,NASDAQ,2019-01-25,2019-04-25,2019-04-25,0.223268831,2.778098483,11.442840635466936,0.51,5.21,9.215686274509803,0.223268831,2.778098483,11.442840635466936,adjusted,ADJUSTED_ONLY_REVIEW,True,,,AIFC_005,opend,POC,True,dual,raw/adjusted qualification mismatch
AIFC,AI Financial,NASDAQ,2019-01-28,2019-04-28,2019-04-29,0.20186129,2.351519061,10.649182768028481,0.4611,4.41,8.564085881587507,0.20186129,2.351519061,10.649182768028481,adjusted,ADJUSTED_ONLY_REVIEW,True,,,AIFC_005,opend,POC,True,dual,raw/adjusted qualification mismatch
AIFC,AI Financial,NASDAQ,2019-01-29,2019-04-29,2019-04-29,0.195163225,2.351519061,11.04898648810502,0.4458,4.41,8.892328398384928,0.195163225,2.351519061,11.04898648810502,adjusted,ADJUSTED_ONLY_REVIEW,True,,,AIFC_005,opend,POC,True,dual,raw/adjusted qualification mismatch
AIFC,AI Financial,NASDAQ,2019-01-30,2019-04-30,2019-04-30,0.193499654,2.399509246,11.40058675247037,0.442,4.5,9.180995475113122,0.193499654,2.399509246,11.40058675247037,adjusted,ADJUSTED_ONLY_REVIEW,True,,,AIFC_005,opend,POC,True,dual,raw/adjusted qualification mismatch
AIFC,AI Financial,NASDAQ,2019-01-31,2019-05-01,2019-05-01,0.194813,2.362183547,11.12538971731866,0.445,4.43,8.95505617977528,0.194813,2.362183547,11.12538971731866,adjusted,ADJUSTED_ONLY_REVIEW,True,,,AIFC_005,opend,POC,True,dual,raw/adjusted qualification mismatch
AIFC,AI Financial,NASDAQ,2019-02-01,2019-05-02,2019-05-02,0.193893657,2.639460171,12.612926858148846,0.4429,4.95,10.17633777376383,0.193893657,2.639460171,12.612926858148846,both,BOTH_QUALIFIED,False,,,AIFC_005,opend,POC,True,dual,
AIFC,AI Financial,NASDAQ,2019-02-04,2019-05-05,2019-05-06,0.193408595,2.527483072,12.068101094473077,0.441792,4.74,9.7290308561495,0.193408595,2.527483072,12.068101094473077,adjusted,ADJUSTED_ONLY_REVIEW,True,,,AIFC_005,opend,POC,True,dual,raw/adjusted qualification mismatch
AIFC,AI Financial,NASDAQ,2019-02-05,2019-05-06,2019-05-06,0.19700191,2.527483072,11.829738919790168,0.45,4.74,9.533333333333333,0.19700191,2.527483072,11.829738919790168,adjusted,ADJUSTED_ONLY_REVIEW,True,,,AIFC_005,opend,POC,True,dual,raw/adjusted qualification mismatch
AIFC,AI Financial,NASDAQ,2019-02-06,2019-05-07,2019-05-07,0.20575755,2.559476529,11.439283656905905,0.47,4.8,9.212765957446809,0.20575755,2.559476529,11.439283656905905,adjusted,ADJUSTED_ONLY_REVIEW,True,,,AIFC_005,opend,POC,True,dual,raw/adjusted qualification mismatch
AIFC,AI Financial,NASDAQ,2019-02-07,2019-05-08,2019-05-08,0.198490369,2.447499431,11.330570210184856,0.4534,4.59,9.12351124834583,0.198490369,2.447499431,11.330570210184856,adjusted,ADJUSTED_ONLY_REVIEW,True,,,AIFC_005,opend,POC,True,dual,raw/adjusted qualification mismatch
AIFC,AI Financial,NASDAQ,2019-02-08,2019-05-09,2019-05-09,0.193061872,2.340854576,11.124893184502012,0.441,4.39,8.954648526077097,0.193061872,2.340854576,11.124893184502012,adjusted,ADJUSTED_ONLY_REVIEW,True,,,AIFC_005,opend,POC,True,dual,raw/adjusted qualification mismatch
AIFC,AI Financial,NASDAQ,2019-02-11,2019-05-12,2019-05-13,0.197877474,2.351519061,10.8837127514575,0.452,4.41,8.756637168141593,0.197877474,2.351519061,10.8837127514575,adjusted,ADJUSTED_ONLY_REVIEW,True,,,AIFC_005,opend,POC,True,dual,raw/adjusted qualification mismatch
AIFC,AI Financial,NASDAQ,2019-02-12,2019-05-13,2019-05-13,0.19700191,2.351519061,10.936529249894074,0.45,4.41,8.8,0.19700191,2.351519061,10.936529249894074,adjusted,ADJUSTED_ONLY_REVIEW,True,,,AIFC_005,opend,POC,True,dual,raw/adjusted qualification mismatch
AIFC,AI Financial,NASDAQ,2019-02-13,2019-05-14,2019-05-14,0.191748526,2.410173732,11.569451157084774,0.438,4.52,9.319634703196346,0.191748526,2.410173732,11.569451157084774,adjusted,ADJUSTED_ONLY_REVIEW,True,,,AIFC_005,opend,POC,True,dual,raw/adjusted qualification mismatch
AIFC,AI Financial,NASDAQ,2019-02-14,2019-05-15,2019-05-15,0.189121833,2.6181312,12.84362216920772,0.432,4.91,10.36574074074074,0.189121833,2.6181312,12.84362216920772,both,BOTH_QUALIFIED,False,,,AIFC_005,opend,POC,True,dual,
AIFC,AI Financial,NASDAQ,2019-02-15,2019-05-16,2019-05-16,0.18872783,2.479492888,12.13792930274247,0.4311,4.65,9.786360473208074,0.18872783,2.479492888,12.13792930274247,adjusted,ADJUSTED_ONLY_REVIEW,True,,,AIFC_005,opend,POC,True,dual,raw/adjusted qualification mismatch
AIFC,AI Financial,NASDAQ,2019-02-19,2019-05-20,2019-05-20,0.186101137,2.420838217,12.008186064978206,0.4251,4.54,9.679840037638204,0.186101137,2.420838217,12.008186064978206,adjusted,ADJUSTED_ONLY_REVIEW,True,,,AIFC_005,opend,POC,True,dual,raw/adjusted qualification mismatch
AIFC,AI Financial,NASDAQ,2019-02-20,2019-05-21,2019-05-21,0.186057359,2.564808772,12.785043417712922,0.425,4.81,10.317647058823528,0.186057359,2.564808772,12.785043417712922,both,BOTH_QUALIFIED,False,,,AIFC_005,opend,POC,True,dual,
AIFC,AI Financial,NASDAQ,2019-02-21,2019-05-22,2019-05-22,0.182992885,2.634127928,13.394701345902055,0.418,4.94,10.81818181818182,0.182992885,2.634127928,13.394701345902055,both,BOTH_QUALIFIED,False,,,AIFC_005,opend,POC,True,dual,
AIFC,AI Financial,NASDAQ,2019-02-22,2019-05-23,2019-05-23,0.184350009,2.740772783,13.867223483563812,0.4211,5.14,11.206126810733792,0.184350009,2.740772783,13.867223483563812,both,BOTH_QUALIFIED,False,,,AIFC_005,opend,POC,True,dual,
AIFC,AI Financial,NASDAQ,2019-02-25,2019-05-26,2019-05-28,0.20794646,3.018049407,13.513588771840597,0.475,5.66,10.915789473684212,0.20794646,3.018049407,13.513588771840597,both,BOTH_QUALIFIED,False,,,AIFC_005,opend,POC,True,dual,
AIFC,AI Financial,NASDAQ,2019-02-26,2019-05-27,2019-05-28,0.218847233,3.018049407,12.790667424157014,0.4999,5.66,10.322264452890579,0.218847233,3.018049407,12.790667424157014,both,BOTH_QUALIFIED,False,,,AIFC_005,opend,POC,True,dual,
AIFC,AI Financial,NASDAQ,2019-02-27,2019-05-28,2019-05-28,0.2142943,3.018049407,13.083666280437697,0.4895,5.66,10.562819203268642,0.2142943,3.018049407,13.083666280437697,both,BOTH_QUALIFIED,False,,,AIFC_005,opend,POC,True,dual,
AIFC,AI Financial,NASDAQ,2019-02-28,2019-05-29,2019-05-29,0.214469413,2.644792413,11.331793032883434,0.4899,4.96,9.124515207185139,0.214469413,2.644792413,11.331793032883434,adjusted,ADJUSTED_ONLY_REVIEW,True,,,AIFC_005,opend,POC,True,dual,raw/adjusted qualification mismatch
AIFC,AI Financial,NASDAQ,2019-03-01,2019-05-30,2019-05-30,0.211886499,2.703447084,11.75893979446043,0.484,5.07,9.475206611570249,0.211886499,2.703447084,11.75893979446043,adjusted,ADJUSTED_ONLY_REVIEW,True,,,AIFC_005,opend,POC,True,dual,raw/adjusted qualification mismatch
AIFC,AI Financial,NASDAQ,2019-03-04,2019-06-02,2019-06-03,0.210135371,2.730108298,11.992140661554785,0.48,5.12,9.666666666666668,0.210135371,2.730108298,11.992140661554785,adjusted,ADJUSTED_ONLY_REVIEW,True,,,AIFC_005,opend,POC,True,dual,raw/adjusted qualification mismatch
AIFC,AI Financial,NASDAQ,2019-03-05,2019-06-03,2019-06-03,0.211010935,2.730108298,11.938231367014227,0.482,5.12,9.62240663900415,0.211010935,2.730108298,11.938231367014227,adjusted,ADJUSTED_ONLY_REVIEW,True,,,AIFC_005,opend,POC,True,dual,raw/adjusted qualification mismatch
AIFC,AI Financial,NASDAQ,2019-03-06,2019-06-04,2019-06-04,0.195688564,2.660789142,12.597059979447751,0.447,4.99,10.16331096196868,0.195688564,2.660789142,12.597059979447751,both,BOTH_QUALIFIED,False,,,AIFC_005,opend,POC,True,dual,
AIFC,AI Financial,NASDAQ,2019-03-07,2019-06-05,2019-06-05,0.193937436,2.543479801,12.114950127524633,0.443,4.77,9.76749435665914,0.193937436,2.543479801,12.114950127524633,adjusted,ADJUSTED_ONLY_REVIEW,True,,,AIFC_005,opend,POC,True,dual,raw/adjusted qualification mismatch
AIFC,AI Financial,NASDAQ,2019-03-08,2019-06-06,2019-06-06,0.19043518,2.442167188,11.82413883821256,0.435,4.58,9.528735632183908,0.19043518,2.442167188,11.82413883821256,adjusted,ADJUSTED_ONLY_REVIEW,True,,,AIFC_005,opend,POC,True,dual,raw/adjusted qualification mismatch
AIFC,AI Financial,NASDAQ,2019-03-11,2019-06-09,2019-06-10,0.204006422,2.468828402,11.10171904294268,0.466,4.63,8.935622317596566,0.204006422,2.468828402,11.10171904294268,adjusted,ADJUSTED_ONLY_REVIEW,True,,,AIFC_005,opend,POC,True,dual,raw/adjusted qualification mismatch
AIFC,AI Financial,NASDAQ,2019-03-13,2019-06-11,2019-06-11,0.218891011,2.511486344,10.473684243707934,0.5,4.71,8.42,0.218891011,2.511486344,10.473684243707934,adjusted,ADJUSTED_ONLY_REVIEW,True,,,AIFC_005,opend,POC,True,dual,raw/adjusted qualification mismatch
AIFC,AI Financial,NASDAQ,2019-03-19,2019-06-17,2019-06-17,0.210135371,2.458163916,10.69800164675751,0.48,4.61,8.604166666666668,0.210135371,2.458163916,10.69800164675751,adjusted,ADJUSTED_ONLY_REVIEW,True,,,AIFC_005,opend,POC,True,dual,raw/adjusted qualification mismatch
AIFC,AI Financial,NASDAQ,2019-03-22,2019-06-20,2019-06-20,0.20356864,2.452831674,11.049162749232888,0.465,4.6,8.892473118279568,0.20356864,2.452831674,11.049162749232888,adjusted,ADJUSTED_ONLY_REVIEW,True,,,AIFC_005,opend,POC,True,dual,raw/adjusted qualification mismatch
AIFC,AI Financial,NASDAQ,2019-03-25,2019-06-23,2019-06-24,0.214513191,2.500821859,10.658126231500608,0.49,4.69,8.571428571428573,0.214513191,2.500821859,10.658126231500608,adjusted,ADJUSTED_ONLY_REVIEW,True,,,AIFC_005,opend,POC,True,dual,raw/adjusted qualification mismatch
AIFC,AI Financial,NASDAQ,2019-03-29,2019-06-27,2019-06-27,0.190872962,2.27153542,10.90077104791825,0.436,4.26,8.770642201834862,0.190872962,2.27153542,10.90077104791825,adjusted,ADJUSTED_ONLY_REVIEW,True,,,AIFC_005,opend,POC,True,dual,raw/adjusted qualification mismatch
AIFF,Firefly Neuroscience,NASDAQ,2023-07-21,2023-10-19,2023-10-19,0.297,3.3,10.11111111111111,0.297,3.3,10.11111111111111,8.91,9.9,0.11111111111111116,raw,RAW_ONLY_REVIEW,True,,,AIFF_006,opend,POC,True,dual,raw/adjusted qualification mismatch
AIFU,智能未来,NASDAQ,2025-03-17,2025-06-15,2025-06-16,0.3002,3.4027,10.334776815456362,0.3002,3.4027,10.334776815456362,6.004,3.4027,-0.4332611592271819,raw,RAW_ONLY_REVIEW,True,,,AIFU_007,opend,POC,True,dual,raw/adjusted qualification mismatch
AIFU,智能未来,NASDAQ,2025-03-20,2025-06-18,2025-06-18,0.3203,3.98,11.4258507649079,0.3203,3.98,11.4258507649079,6.405999999,3.98,-0.37870746165761904,raw,RAW_ONLY_REVIEW,True,,,AIFU_007,opend,POC,True,dual,raw/adjusted qualification mismatch
AIFU,智能未来,NASDAQ,2025-03-21,2025-06-19,2025-06-20,0.3314,4.3,11.975256487628245,0.3314,4.3,11.975256487628245,6.627999999,4.3,-0.35123717552070566,raw,RAW_ONLY_REVIEW,True,,,AIFU_007,opend,POC,True,dual,raw/adjusted qualification mismatch
AIFU,智能未来,NASDAQ,2025-03-24,2025-06-22,2025-06-23,0.3369,4.23,11.555654496883351,0.3369,4.23,11.555654496883351,6.738,4.23,-0.3722172751558326,raw,RAW_ONLY_REVIEW,True,,,AIFU_007,opend,POC,True,dual,raw/adjusted qualification mismatch
AIFU,智能未来,NASDAQ,2025-03-25,2025-06-23,2025-06-23,0.31838,4.23,12.286010427790693,0.31838,4.23,12.286010427790693,6.3676,4.23,-0.33569947861046545,raw,RAW_ONLY_REVIEW,True,,,AIFU_007,opend,POC,True,dual,raw/adjusted qualification mismatch
AIFU,智能未来,NASDAQ,2025-03-26,2025-06-24,2025-06-24,0.2613,6.17,22.612705702257944,0.2613,6.17,22.612705702257944,5.226,6.17,0.18063528511289695,raw,RAW_ONLY_REVIEW,True,,,AIFU_007,opend,POC,True,dual,raw/adjusted qualification mismatch
AIFU,智能未来,NASDAQ,2025-03-27,2025-06-25,2025-06-25,0.2449,5.96,23.336463862801143,0.2449,5.96,23.336463862801143,4.898,5.96,0.21682319314005727,raw,RAW_ONLY_REVIEW,True,,,AIFU_007,opend,POC,True,dual,raw/adjusted qualification mismatch
AIFU,智能未来,NASDAQ,2025-03-28,2025-06-26,2025-06-26,0.2229,4.88,20.89322566173172,0.2229,4.88,20.89322566173172,4.458,4.88,0.09466128308658583,raw,RAW_ONLY_REVIEW,True,,,AIFU_007,opend,POC,True,dual,raw/adjusted qualification mismatch
AIFU,智能未来,NASDAQ,2025-03-31,2025-06-29,2025-06-30,0.2101,6.04,27.74821513564969,0.2101,6.04,27.74821513564969,4.202,6.04,0.43741075678248453,raw,RAW_ONLY_REVIEW,True,,,AIFU_007,opend,POC,True,dual,raw/adjusted qualification mismatch
AIFU,智能未来,NASDAQ,2025-04-01,2025-06-30,2025-06-30,0.2223,6.04,26.170490328385064,0.2223,6.04,26.170490328385064,4.446,6.04,0.3585245164192534,raw,RAW_ONLY_REVIEW,True,,,AIFU_007,opend,POC,True,dual,raw/adjusted qualification mismatch
AIFU,智能未来,NASDAQ,2025-04-02,2025-07-01,2025-07-01,0.2099,6.2,28.537875178656503,0.2099,6.2,28.537875178656503,4.198,6.2,0.47689375893282504,raw,RAW_ONLY_REVIEW,True,,,AIFU_007,opend,POC,True,dual,raw/adjusted qualification mismatch
AIFU,智能未来,NASDAQ,2025-04-03,2025-07-02,2025-07-02,0.194,6.47,32.350515463917525,0.194,6.47,32.350515463917525,3.88,6.47,0.6675257731958764,raw,RAW_ONLY_REVIEW,True,,,AIFU_007,opend,POC,True,dual,raw/adjusted qualification mismatch
AIFU,智能未来,NASDAQ,2025-04-04,2025-07-03,2025-07-03,0.2,6.94,33.7,0.2,6.94,33.7,4.0,6.94,0.7350000000000001,raw,RAW_ONLY_REVIEW,True,,,AIFU_007,opend,POC,True,dual,raw/adjusted qualification mismatch
AIFU,智能未来,NASDAQ,2025-04-07,2025-07-06,2025-07-07,0.1823,5.96,31.693362589138786,0.1823,5.96,31.693362589138786,3.646,5.96,0.6346681294569392,raw,RAW_ONLY_REVIEW,True,,,AIFU_007,opend,POC,True,dual,raw/adjusted qualification mismatch
AIFU,智能未来,NASDAQ,2025-04-08,2025-07-07,2025-07-07,0.1664,5.96,34.81730769230769,0.1664,5.96,34.81730769230769,3.328,5.96,0.7908653846153846,raw,RAW_ONLY_REVIEW,True,,,AIFU_007,opend,POC,True,dual,raw/adjusted qualification mismatch
AIFU,智能未来,NASDAQ,2025-04-09,2025-07-08,2025-07-08,0.1658,5.3,30.966224366706875,0.1658,5.3,30.966224366706875,3.316,5.3,0.5983112183353438,raw,RAW_ONLY_REVIEW,True,,,AIFU_007,opend,POC,True,dual,raw/adjusted qualification mismatch
AIFU,智能未来,NASDAQ,2025-04-10,2025-07-09,2025-07-09,0.1527,5.95,37.9652914210871,0.1527,5.95,37.9652914210871,3.054,5.95,0.9482645710543551,raw,RAW_ONLY_REVIEW,True,,,AIFU_007,opend,POC,True,dual,raw/adjusted qualification mismatch
AIFU,智能未来,NASDAQ,2025-04-11,2025-07-10,2025-07-10,0.145,6.01,40.44827586206897,0.145,6.01,40.44827586206897,2.9,6.01,1.0724137931034483,raw,RAW_ONLY_REVIEW,True,,,AIFU_007,opend,POC,True,dual,raw/adjusted qualification mismatch
AIFU,智能未来,NASDAQ,2025-04-14,2025-07-13,2025-07-14,0.1516,6.01,38.64379947229551,0.1516,6.01,38.64379947229551,3.032,6.01,0.9821899736147757,raw,RAW_ONLY_REVIEW,True,,,AIFU_007,opend,POC,True,dual,raw/adjusted qualification mismatch
AIFU,智能未来,NASDAQ,2025-04-15,2025-07-14,2025-07-14,0.1431,6.01,40.998602375960864,0.1431,6.01,40.998602375960864,2.862,6.01,1.099930118798043,raw,RAW_ONLY_REVIEW,True,,,AIFU_007,opend,POC,True,dual,raw/adjusted qualification mismatch
AIFU,智能未来,NASDAQ,2025-04-16,2025-07-15,2025-07-15,0.1344,7.0,51.083333333333336,0.1344,7.0,51.083333333333336,2.688,7.0,1.6041666666666665,raw,RAW_ONLY_REVIEW,True,,,AIFU_007,opend,POC,True,dual,raw/adjusted qualification mismatch
AIFU,智能未来,NASDAQ,2025-04-17,2025-07-16,2025-07-16,0.127,7.4,57.267716535433074,0.127,7.4,57.267716535433074,2.54,7.4,1.9133858267716537,raw,RAW_ONLY_REVIEW,True,,,AIFU_007,opend,POC,True,dual,raw/adjusted qualification mismatch
AIFU,智能未来,NASDAQ,2025-04-21,2025-07-20,2025-07-21,0.1282,6.78,51.886115444617786,0.1282,6.78,51.886115444617786,2.564,6.78,1.6443057722308891,raw,RAW_ONLY_REVIEW,True,,,AIFU_007,opend,POC,True,dual,raw/adjusted qualification mismatch
AIFU,智能未来,NASDAQ,2025-04-22,2025-07-21,2025-07-21,0.13,6.78,51.15384615384615,0.13,6.78,51.15384615384615,2.6,6.78,1.6076923076923078,raw,RAW_ONLY_REVIEW,True,,,AIFU_007,opend,POC,True,dual,raw/adjusted qualification mismatch
AIFU,智能未来,NASDAQ,2025-04-23,2025-07-22,2025-07-22,0.1281,6.95,53.2544886807182,0.1281,6.95,53.2544886807182,2.562,6.95,1.7127244340359096,raw,RAW_ONLY_REVIEW,True,,,AIFU_007,opend,POC,True,dual,raw/adjusted qualification mismatch
AIFU,智能未来,NASDAQ,2025-04-24,2025-07-23,2025-07-23,0.13,7.68,58.07692307692307,0.13,7.68,58.07692307692307,2.6,7.68,1.9538461538461536,raw,RAW_ONLY_REVIEW,True,,,AIFU_007,opend,POC,True,dual,raw/adjusted qualification mismatch
AIFU,智能未来,NASDAQ,2025-04-25,2025-07-24,2025-07-24,0.123,9.2,73.79674796747967,0.123,9.2,73.79674796747967,2.46,9.2,2.7398373983739837,raw,RAW_ONLY_REVIEW,True,,,AIFU_007,opend,POC,True,dual,raw/adjusted qualification mismatch
AIFU,智能未来,NASDAQ,2025-04-28,2025-07-27,2025-07-28,0.1157,7.98,67.97147796024201,0.1157,7.98,67.97147796024201,2.314,7.98,2.4485738980121003,raw,RAW_ONLY_REVIEW,True,,,AIFU_007,opend,POC,True,dual,raw/adjusted qualification mismatch
AIFU,智能未来,NASDAQ,2025-04-29,2025-07-28,2025-07-28,0.114,7.98,69.0,0.114,7.98,69.0,2.28,7.98,2.5000000000000004,raw,RAW_ONLY_REVIEW,True,,,AIFU_007,opend,POC,True,dual,raw/adjusted qualification mismatch
AIFU,智能未来,NASDAQ,2025-04-30,2025-07-29,2025-07-29,0.1379,7.91,56.360406091370564,0.1379,7.91,56.360406091370564,2.758,7.91,1.8680203045685277,raw,RAW_ONLY_REVIEW,True,,,AIFU_007,opend,POC,True,dual,raw/adjusted qualification mismatch
AIFU,智能未来,NASDAQ,2025-05-01,2025-07-30,2025-07-30,0.1561,7.53,47.23830877642537,0.1561,7.53,47.23830877642537,3.122,7.53,1.4119154388212687,raw,RAW_ONLY_REVIEW,True,,,AIFU_007,opend,POC,True,dual,raw/adjusted qualification mismatch
AIFU,智能未来,NASDAQ,2025-05-02,2025-07-31,2025-07-31,0.1389,7.51,53.06767458603312,0.1389,7.51,53.06767458603312,2.778,7.51,1.7033837293016556,raw,RAW_ONLY_REVIEW,True,,,AIFU_007,opend,POC,True,dual,raw/adjusted qualification mismatch
AIFU,智能未来,NASDAQ,2025-05-05,2025-08-03,2025-08-04,0.1235,7.02,55.84210526315789,0.1235,7.02,55.84210526315789,2.47,7.02,1.8421052631578942,raw,RAW_ONLY_REVIEW,True,,,AIFU_007,opend,POC,True,dual,raw/adjusted qualification mismatch
AIFU,智能未来,NASDAQ,2025-05-06,2025-08-04,2025-08-04,0.2249,7.02,30.21387283236994,0.2249,7.02,30.21387283236994,4.498,7.02,0.5606936416184969,raw,RAW_ONLY_REVIEW,True,,,AIFU_007,opend,POC,True,dual,raw/adjusted qualification mismatch
AIFU,智能未来,NASDAQ,2025-05-07,2025-08-05,2025-08-05,0.1746,6.855,38.261168384879724,0.1746,6.855,38.261168384879724,3.492,6.855,0.9630584192439864,raw,RAW_ONLY_REVIEW,True,,,AIFU_007,opend,POC,True,dual,raw/adjusted qualification mismatch
AIFU,智能未来,NASDAQ,2025-05-08,2025-08-06,2025-08-06,0.1699,7.5,43.14361389052384,0.1699,7.5,43.14361389052384,3.398,7.5,1.2071806945261918,raw,RAW_ONLY_REVIEW,True,,,AIFU_007,opend,POC,True,dual,raw/adjusted qualification mismatch
AIFU,智能未来,NASDAQ,2025-05-09,2025-08-07,2025-08-07,0.1703,7.39,42.39401056958309,0.1703,7.39,42.39401056958309,3.406,7.39,1.1697005284791544,raw,RAW_ONLY_REVIEW,True,,,AIFU_007,opend,POC,True,dual,raw/adjusted qualification mismatch
AIFU,智能未来,NASDAQ,2025-05-12,2025-08-10,2025-08-11,0.18,5.97,32.166666666666664,0.18,5.97,32.166666666666664,3.6,5.97,0.6583333333333332,raw,RAW_ONLY_REVIEW,True,,,AIFU_007,opend,POC,True,dual,raw/adjusted qualification mismatch
AIFU,智能未来,NASDAQ,2025-05-13,2025-08-11,2025-08-11,0.172,5.97,33.7093023255814,0.172,5.97,33.7093023255814,3.439999999,5.97,0.7354651167835655,raw,RAW_ONLY_REVIEW,True,,,AIFU_007,opend,POC,True,dual,raw/adjusted qualification mismatch
AIFU,智能未来,NASDAQ,2025-05-14,2025-08-12,2025-08-12,0.1727,6.15,34.61088592935727,0.1727,6.15,34.61088592935727,3.454,6.15,0.7805442964678633,raw,RAW_ONLY_REVIEW,True,,,AIFU_007,opend,POC,True,dual,raw/adjusted qualification mismatch
AIFU,智能未来,NASDAQ,2025-05-15,2025-08-13,2025-08-13,0.174,5.82,32.44827586206897,0.174,5.82,32.44827586206897,3.479999999,5.82,0.6724137935840271,raw,RAW_ONLY_REVIEW,True,,,AIFU_007,opend,POC,True,dual,raw/adjusted qualification mismatch
AIFU,智能未来,NASDAQ,2025-05-16,2025-08-14,2025-08-14,0.1751,5.47,30.23929183323815,0.1751,5.47,30.23929183323815,3.502,5.47,0.5619645916619076,raw,RAW_ONLY_REVIEW,True,,,AIFU_007,opend,POC,True,dual,raw/adjusted qualification mismatch
AIFU,智能未来,NASDAQ,2025-05-19,2025-08-17,2025-08-18,0.1772,4.9,26.652370203160274,0.1772,4.9,26.652370203160274,3.544,4.9,0.38261851015801374,raw,RAW_ONLY_REVIEW,True,,,AIFU_007,opend,POC,True,dual,raw/adjusted qualification mismatch
AIFU,智能未来,NASDAQ,2025-05-20,2025-08-18,2025-08-18,0.1724,4.9,27.422273781902554,0.1724,4.9,27.422273781902554,3.448,4.9,0.4211136890951277,raw,RAW_ONLY_REVIEW,True,,,AIFU_007,opend,POC,True,dual,raw/adjusted qualification mismatch
AIMD,Ainos,NASDAQ,2022-05-20,2022-08-18,2022-08-18,0.1254,2.45,18.537480063795854,0.1254,2.45,18.537480063795854,47.025,61.25,0.3024986709197235,raw,RAW_ONLY_REVIEW,True,,,AIMD_008,opend,POC,True,dual,raw/adjusted qualification mismatch
AIMD,Ainos,NASDAQ,2022-05-26,2022-08-24,2022-08-24,0.201,2.38,10.840796019900496,0.201,2.38,10.840796019900496,75.375,59.5,-0.2106135986733002,raw,RAW_ONLY_REVIEW,True,,,AIMD_008,opend,POC,True,dual,raw/adjusted qualification mismatch
AIMD,Ainos,NASDAQ,2022-06-29,2022-09-27,2022-09-27,0.1024,1.56,14.234375,0.1024,1.56,14.234375,38.4,39.0,0.015625,raw,RAW_ONLY_REVIEW,True,,,AIMD_008,opend,POC,True,dual,raw/adjusted qualification mismatch
AIRTP,AIR T FUNDING 8% ALPHA INCOME TR PFD SECS NEW(R/S),NASDAQ,2019-10-16,2020-01-14,2020-01-14,2.46,27.3999,10.138170731707318,2.46,27.3999,10.138170731707318,13.333592401,15.111888383,0.13336960726852798,raw,RAW_ONLY_REVIEW,True,,,AIRTP_009,opend,POC,True,dual,raw/adjusted qualification mismatch
AIXC,AIxCrypto,NASDAQ,2018-02-22,2018-05-23,2018-05-23,0.299,3.32,10.103678929765886,0.299,3.32,10.103678929765886,37375.0,41500.0,0.11036789297658856,raw,RAW_ONLY_REVIEW,True,,,AIXC_010,opend,POC,True,dual,raw/adjusted qualification mismatch
AIXC,AIxCrypto,NASDAQ,2018-02-23,2018-05-24,2018-05-24,0.29,3.37,10.620689655172415,0.29,3.37,10.620689655172415,36250.0,42125.0,0.16206896551724137,raw,RAW_ONLY_REVIEW,True,,,AIXC_010,opend,POC,True,dual,raw/adjusted qualification mismatch
AIXC,AIxCrypto,NASDAQ,2018-02-27,2018-05-28,2018-05-29,0.271,3.12,10.512915129151292,0.271,3.12,10.512915129151292,33875.0,39000.0,0.1512915129151291,raw,RAW_ONLY_REVIEW,True,,,AIXC_010,opend,POC,True,dual,raw/adjusted qualification mismatch
AIXC,AIxCrypto,NASDAQ,2018-02-28,2018-05-29,2018-05-29,0.269,3.12,10.598513011152416,0.269,3.12,10.598513011152416,33625.0,39000.0,0.1598513011152416,raw,RAW_ONLY_REVIEW,True,,,AIXC_010,opend,POC,True,dual,raw/adjusted qualification mismatch
AIXC,AIxCrypto,NASDAQ,2018-03-01,2018-05-30,2018-05-30,0.25,3.35,12.4,0.25,3.35,12.4,31250.0,41875.0,0.3400000000000001,raw,RAW_ONLY_REVIEW,True,,,AIXC_010,opend,POC,True,dual,raw/adjusted qualification mismatch
AIXC,AIxCrypto,NASDAQ,2018-03-02,2018-05-31,2018-05-31,0.217,3.6,15.589861751152075,0.217,3.6,15.589861751152075,27125.0,45000.0,0.6589861751152073,raw,RAW_ONLY_REVIEW,True,,,AIXC_010,opend,POC,True,dual,raw/adjusted qualification mismatch
AIXC,AIxCrypto,NASDAQ,2018-03-05,2018-06-03,2018-06-04,0.23,3.7,15.086956521739129,0.23,3.7,15.086956521739129,28750.0,46250.0,0.6086956521739131,raw,RAW_ONLY_REVIEW,True,,,AIXC_010,opend,POC,True,dual,raw/adjusted qualification mismatch
AIXC,AIxCrypto,NASDAQ,2018-03-06,2018-06-04,2018-06-04,0.237,3.7,14.611814345991563,0.237,3.7,14.611814345991563,29625.0,46250.0,0.5611814345991561,raw,RAW_ONLY_REVIEW,True,,,AIXC_010,opend,POC,True,dual,raw/adjusted qualification mismatch
AIXC,AIxCrypto,NASDAQ,2018-03-07,2018-06-05,2018-06-05,0.24,3.43,13.291666666666668,0.24,3.43,13.291666666666668,30000.0,42875.0,0.4291666666666667,raw,RAW_ONLY_REVIEW,True,,,AIXC_010,opend,POC,True,dual,raw/adjusted qualification mismatch
AIXC,AIxCrypto,NASDAQ,2018-03-08,2018-06-06,2018-06-06,0.28,3.18,10.357142857142856,0.28,3.18,10.357142857142856,35000.0,39750.0,0.13571428571428568,raw,RAW_ONLY_REVIEW,True,,,AIXC_010,opend,POC,True,dual,raw/adjusted qualification mismatch
AIXC,AIxCrypto,NASDAQ,2020-02-24,2020-05-24,2020-05-26,0.2175,7.8,34.86206896551724,0.2175,7.8,34.86206896551724,2718.75,3900.0,0.43448275862068964,raw,RAW_ONLY_REVIEW,True,,,AIXC_011,opend,POC,True,dual,raw/adjusted qualification mismatch
AIXC,AIxCrypto,NASDAQ,2020-02-25,2020-05-25,2020-05-26,0.205,7.8,37.048780487804876,0.205,7.8,37.048780487804876,2562.5,3900.0,0.5219512195121951,raw,RAW_ONLY_REVIEW,True,,,AIXC_011,opend,POC,True,dual,raw/adjusted qualification mismatch
AIXC,AIxCrypto,NASDAQ,2020-02-26,2020-05-26,2020-05-26,0.21,7.8,36.142857142857146,0.21,7.8,36.142857142857146,2625.0,3900.0,0.48571428571428577,raw,RAW_ONLY_REVIEW,True,,,AIXC_011,opend,POC,True,dual,raw/adjusted qualification mismatch
AIXC,AIxCrypto,NASDAQ,2020-02-27,2020-05-27,2020-05-27,0.2837,6.4,21.55904124074727,0.2837,6.4,21.55904124074727,3546.25,3200.0,-0.09763835037010926,raw,RAW_ONLY_REVIEW,True,,,AIXC_011,opend,POC,True,dual,raw/adjusted qualification mismatch
AIXC,AIxCrypto,NASDAQ,2020-03-03,2020-06-01,2020-06-01,0.4692,5.89,11.553282182438192,0.4692,5.89,11.553282182438192,5865.0,2945.0,-0.49786871270247224,raw,RAW_ONLY_REVIEW,True,,,AIXC_011,opend,POC,True,dual,raw/adjusted qualification mismatch
AIXC,AIxCrypto,NASDAQ,2020-03-04,2020-06-02,2020-06-02,0.4499,5.59,11.424983329628805,0.4499,5.59,11.424983329628805,5623.75,2795.0,-0.5030006668148477,raw,RAW_ONLY_REVIEW,True,,,AIXC_011,opend,POC,True,dual,raw/adjusted qualification mismatch
AIXC,AIxCrypto,NASDAQ,2020-03-06,2020-06-04,2020-06-04,0.406,5.0,11.31527093596059,0.406,5.0,11.31527093596059,5075.0,2500.0,-0.5073891625615763,raw,RAW_ONLY_REVIEW,True,,,AIXC_011,opend,POC,True,dual,raw/adjusted qualification mismatch
AIXC,AIxCrypto,NASDAQ,2020-03-09,2020-06-07,2020-06-08,0.36,5.89,15.36111111111111,0.36,5.89,15.36111111111111,4500.0,2945.0,-0.3455555555555555,raw,RAW_ONLY_REVIEW,True,,,AIXC_011,opend,POC,True,dual,raw/adjusted qualification mismatch
AIXC,AIxCrypto,NASDAQ,2020-03-10,2020-06-08,2020-06-08,0.302,5.89,18.503311258278146,0.302,5.89,18.503311258278146,3775.0,2945.0,-0.21986754966887412,raw,RAW_ONLY_REVIEW,True,,,AIXC_011,opend,POC,True,dual,raw/adjusted qualification mismatch
AIXC,AIxCrypto,NASDAQ,2020-03-11,2020-06-09,2020-06-09,0.268,5.39,19.11194029850746,0.268,5.39,19.11194029850746,3350.0,2695.0,-0.19552238805970146,raw,RAW_ONLY_REVIEW,True,,,AIXC_011,opend,POC,True,dual,raw/adjusted qualification mismatch
AIXC,AIxCrypto,NASDAQ,2020-03-12,2020-06-10,2020-06-10,0.2232,5.42,23.2831541218638,0.2232,5.42,23.2831541218638,2790.0,2710.0,-0.028673835125448077,raw,RAW_ONLY_REVIEW,True,,,AIXC_011,opend,POC,True,dual,raw/adjusted qualification mismatch
AIXC,AIxCrypto,NASDAQ,2020-03-13,2020-06-11,2020-06-11,0.23001,4.85,20.08603973740272,0.23001,4.85,20.08603973740272,2875.125,2425.0,-0.1565584105038912,raw,RAW_ONLY_REVIEW,True,,,AIXC_011,opend,POC,True,dual,raw/adjusted qualification mismatch
AIXC,AIxCrypto,NASDAQ,2020-03-16,2020-06-14,2020-06-15,0.204,4.91,23.068627450980394,0.204,4.91,23.068627450980394,2550.0,2455.0,-0.03725490196078429,raw,RAW_ONLY_REVIEW,True,,,AIXC_011,opend,POC,True,dual,raw/adjusted qualification mismatch
AIXC,AIxCrypto,NASDAQ,2020-03-17,2020-06-15,2020-06-15,0.2189,4.91,21.430333485609868,0.2189,4.91,21.430333485609868,2736.25,2455.0,-0.10278666057560526,raw,RAW_ONLY_REVIEW,True,,,AIXC_011,opend,POC,True,dual,raw/adjusted qualification mismatch
AIXC,AIxCrypto,NASDAQ,2020-03-18,2020-06-16,2020-06-16,0.189,4.99,25.402116402116402,0.189,4.99,25.402116402116402,2362.5,2495.0,0.05608465608465618,raw,RAW_ONLY_REVIEW,True,,,AIXC_011,opend,POC,True,dual,raw/adjusted qualification mismatch
AIXC,AIxCrypto,NASDAQ,2020-03-19,2020-06-17,2020-06-17,0.1895,4.99,25.33245382585752,0.1895,4.99,25.33245382585752,2368.75,2495.0,0.053298153034300855,raw,RAW_ONLY_REVIEW,True,,,AIXC_011,opend,POC,True,dual,raw/adjusted qualification mismatch
AIXC,AIxCrypto,NASDAQ,2020-03-20,2020-06-18,2020-06-18,0.278,5.11,17.381294964028775,0.278,5.11,17.381294964028775,3475.0,2555.0,-0.2647482014388489,raw,RAW_ONLY_REVIEW,True,,,AIXC_011,opend,POC,True,dual,raw/adjusted qualification mismatch
AIXC,AIxCrypto,NASDAQ,2020-03-23,2020-06-21,2020-06-22,0.449,4.97,10.06904231625835,0.449,4.97,10.06904231625835,5612.5,2485.0,-0.557238307349666,raw,RAW_ONLY_REVIEW,True,,,AIXC_011,opend,POC,True,dual,raw/adjusted qualification mismatch
AIXC,AIxCrypto,NASDAQ,2020-03-24,2020-06-22,2020-06-22,0.315,4.97,14.777777777777777,0.315,4.97,14.777777777777777,3937.5,2485.0,-0.36888888888888893,raw,RAW_ONLY_REVIEW,True,,,AIXC_011,opend,POC,True,dual,raw/adjusted qualification mismatch
AIXC,AIxCrypto,NASDAQ,2020-03-25,2020-06-23,2020-06-23,0.31,4.93,14.903225806451612,0.31,4.93,14.903225806451612,3875.0,2465.0,-0.3638709677419355,raw,RAW_ONLY_REVIEW,True,,,AIXC_011,opend,POC,True,dual,raw/adjusted qualification mismatch
AIXC,AIxCrypto,NASDAQ,2020-03-26,2020-06-24,2020-06-24,0.33,4.75,13.393939393939393,0.33,4.75,13.393939393939393,4125.0,2375.0,-0.4242424242424242,raw,RAW_ONLY_REVIEW,True,,,AIXC_011,opend,POC,True,dual,raw/adjusted qualification mismatch
AIXC,AIxCrypto,NASDAQ,2020-03-27,2020-06-25,2020-06-25,0.3176,4.7,13.798488664987406,0.3176,4.7,13.798488664987406,3970.0,2350.0,-0.4080604534005038,raw,RAW_ONLY_REVIEW,True,,,AIXC_011,opend,POC,True,dual,raw/adjusted qualification mismatch
AIXC,AIxCrypto,NASDAQ,2020-03-30,2020-06-28,2020-06-29,0.3025,4.4,13.545454545454547,0.3025,4.4,13.545454545454547,3781.25,2200.0,-0.4181818181818182,raw,RAW_ONLY_REVIEW,True,,,AIXC_011,opend,POC,True,dual,raw/adjusted qualification mismatch
AIXC,AIxCrypto,NASDAQ,2020-03-31,2020-06-29,2020-06-29,0.267,4.4,15.479400749063672,0.267,4.4,15.479400749063672,3337.5,2200.0,-0.34082397003745324,raw,RAW_ONLY_REVIEW,True,,,AIXC_011,opend,POC,True,dual,raw/adjusted qualification mismatch
AIXC,AIxCrypto,NASDAQ,2020-04-01,2020-06-30,2020-06-30,0.26,3.97,14.26923076923077,0.26,3.97,14.26923076923077,3250.0,1985.0,-0.38923076923076927,raw,RAW_ONLY_REVIEW,True,,,AIXC_011,opend,POC,True,dual,raw/adjusted qualification mismatch
AIXC,AIxCrypto,NASDAQ,2020-04-02,2020-07-01,2020-07-01,0.241,4.57,17.96265560165975,0.241,4.57,17.96265560165975,3012.5,2285.0,-0.24149377593361,raw,RAW_ONLY_REVIEW,True,,,AIXC_011,opend,POC,True,dual,raw/adjusted qualification mismatch
AIXC,AIxCrypto,NASDAQ,2020-04-03,2020-07-02,2020-07-02,0.262,4.1,14.64885496183206,0.262,4.1,14.64885496183206,3275.0,2049.999999999,-0.37404580152702294,raw,RAW_ONLY_REVIEW,True,,,AIXC_011,opend,POC,True,dual,raw/adjusted qualification mismatch
AIXC,AIxCrypto,NASDAQ,2020-04-06,2020-07-05,2020-07-06,0.2645,4.04,14.274102079395085,0.2645,4.04,14.274102079395085,3306.25,2020.0,-0.3890359168241966,raw,RAW_ONLY_REVIEW,True,,,AIXC_011,opend,POC,True,dual,raw/adjusted qualification mismatch
AIXC,AIxCrypto,NASDAQ,2020-04-07,2020-07-06,2020-07-06,0.2466,4.04,15.38280616382806,0.2466,4.04,15.38280616382806,3082.5,2020.0,-0.3446877534468775,raw,RAW_ONLY_REVIEW,True,,,AIXC_011,opend,POC,True,dual,raw/adjusted qualification mismatch
AIXC,AIxCrypto,NASDAQ,2020-04-08,2020-07-07,2020-07-07,0.267,4.04,14.131086142322097,0.267,4.04,14.131086142322097,3337.5,2020.0,-0.3947565543071161,raw,RAW_ONLY_REVIEW,True,,,AIXC_011,opend,POC,True,dual,raw/adjusted qualification mismatch
AIXC,AIxCrypto,NASDAQ,2020-04-09,2020-07-08,2020-07-08,0.247,4.11,15.639676113360327,0.247,4.11,15.639676113360327,3087.5,2055.0,-0.334412955465587,raw,RAW_ONLY_REVIEW,True,,,AIXC_011,opend,POC,True,dual,raw/adjusted qualification mismatch
AIXC,AIxCrypto,NASDAQ,2020-04-13,2020-07-12,2020-07-13,0.2783,4.2,14.091627739849084,0.2783,4.2,14.091627739849084,3478.75,2100.0,-0.39633489040603664,raw,RAW_ONLY_REVIEW,True,,,AIXC_011,opend,POC,True,dual,raw/adjusted qualification mismatch
AIXC,AIxCrypto,NASDAQ,2020-04-14,2020-07-13,2020-07-13,0.299,4.2,13.046822742474918,0.299,4.2,13.046822742474918,3737.5,2100.0,-0.4381270903010034,raw,RAW_ONLY_REVIEW,True,,,AIXC_011,opend,POC,True,dual,raw/adjusted qualification mismatch
AIXC,AIxCrypto,NASDAQ,2020-04-15,2020-07-14,2020-07-14,0.3097,4.2,12.561511139812724,0.3097,4.2,12.561511139812724,3871.249999999,2100.0,-0.45753955440735095,raw,RAW_ONLY_REVIEW,True,,,AIXC_011,opend,POC,True,dual,raw/adjusted qualification mismatch
AIXC,AIxCrypto,NASDAQ,2020-04-16,2020-07-15,2020-07-15,0.2839,4.3,14.146178231771751,0.2839,4.3,14.146178231771751,3548.75,2150.0,-0.39415287072912997,raw,RAW_ONLY_REVIEW,True,,,AIXC_011,opend,POC,True,dual,raw/adjusted qualification mismatch
AIXC,AIxCrypto,NASDAQ,2020-04-17,2020-07-16,2020-07-16,0.27,4.3,14.925925925925924,0.27,4.3,14.925925925925924,3375.0,2150.0,-0.36296296296296293,raw,RAW_ONLY_REVIEW,True,,,AIXC_011,opend,POC,True,dual,raw/adjusted qualification mismatch
AIXC,AIxCrypto,NASDAQ,2020-04-20,2020-07-19,2020-07-20,0.2834,4.96,16.501764290755116,0.2834,4.96,16.501764290755116,3542.5,2480.0,-0.2999294283697953,raw,RAW_ONLY_REVIEW,True,,,AIXC_011,opend,POC,True,dual,raw/adjusted qualification mismatch
AIXC,AIxCrypto,NASDAQ,2020-04-21,2020-07-20,2020-07-20,0.2714,4.96,17.2756079587325,0.2714,4.96,17.2756079587325,3392.499999999,2480.0,-0.2689756816504846,raw,RAW_ONLY_REVIEW,True,,,AIXC_011,opend,POC,True,dual,raw/adjusted qualification mismatch
AIXC,AIxCrypto,NASDAQ,2020-04-22,2020-07-21,2020-07-21,0.294,5.79,18.69387755102041,0.294,5.79,18.69387755102041,3675.0,2895.0,-0.21224489795918366,raw,RAW_ONLY_REVIEW,True,,,AIXC_011,opend,POC,True,dual,raw/adjusted qualification mismatch
AIXC,AIxCrypto,NASDAQ,2020-04-23,2020-07-22,2020-07-22,0.309,5.3,16.15210355987055,0.309,5.3,16.15210355987055,3862.5,2650.0,-0.31391585760517804,raw,RAW_ONLY_REVIEW,True,,,AIXC_011,opend,POC,True,dual,raw/adjusted qualification mismatch
AIXC,AIxCrypto,NASDAQ,2020-04-24,2020-07-23,2020-07-23,0.3595,4.99,12.88038942976356,0.3595,4.99,12.88038942976356,4493.75,2495.0,-0.4447844228094576,raw,RAW_ONLY_REVIEW,True,,,AIXC_011,opend,POC,True,dual,raw/adjusted qualification mismatch
AIXC,AIxCrypto,NASDAQ,2020-04-27,2020-07-26,2020-07-27,0.33,5.36,15.242424242424242,0.33,5.36,15.242424242424242,4125.0,2680.0,-0.35030303030303034,raw,RAW_ONLY_REVIEW,True,,,AIXC_011,opend,POC,True,dual,raw/adjusted qualification mismatch
AIXC,AIxCrypto,NASDAQ,2020-04-28,2020-07-27,2020-07-27,0.32,5.36,15.75,0.32,5.36,15.75,4000.0,2680.0,-0.32999999999999996,raw,RAW_ONLY_REVIEW,True,,,AIXC_011,opend,POC,True,dual,raw/adjusted qualification mismatch
AIXC,AIxCrypto,NASDAQ,2020-04-29,2020-07-28,2020-07-28,0.3465,5.05,13.574314574314576,0.3465,5.05,13.574314574314576,4331.249999999,2525.0,-0.4170274170272824,raw,RAW_ONLY_REVIEW,True,,,AIXC_011,opend,POC,True,dual,raw/adjusted qualification mismatch
AIXC,AIxCrypto,NASDAQ,2020-04-30,2020-07-29,2020-07-29,0.3244,6.42,18.790382244143032,0.3244,6.42,18.790382244143032,4055.0,3210.0,-0.20838471023427863,raw,RAW_ONLY_REVIEW,True,,,AIXC_011,opend,POC,True,dual,raw/adjusted qualification mismatch
AIXC,AIxCrypto,NASDAQ,2020-05-01,2020-07-30,2020-07-30,0.3793,5.93,14.63406274716583,0.3793,5.93,14.63406274716583,4741.25,2965.0,-0.3746374901133668,raw,RAW_ONLY_REVIEW,True,,,AIXC_011,opend,POC,True,dual,raw/adjusted qualification mismatch
AIXC,AIxCrypto,NASDAQ,2020-05-04,2020-08-02,2020-08-03,0.341,5.48,15.070381231671554,0.341,5.48,15.070381231671554,4262.5,2740.0,-0.3571847507331378,raw,RAW_ONLY_REVIEW,True,,,AIXC_011,opend,POC,True,dual,raw/adjusted qualification mismatch
AIXC,AIxCrypto,NASDAQ,2020-05-06,2020-08-04,2020-08-04,0.44,5.51,11.522727272727272,0.44,5.51,11.522727272727272,5500.0,2755.0,-0.49909090909090914,raw,RAW_ONLY_REVIEW,True,,,AIXC_011,opend,POC,True,dual,raw/adjusted qualification mismatch
AIXC,AIxCrypto,NASDAQ,2020-05-07,2020-08-05,2020-08-05,0.48,5.88,11.25,0.48,5.88,11.25,6000.0,2940.0,-0.51,raw,RAW_ONLY_REVIEW,True,,,AIXC_011,opend,POC,True,dual,raw/adjusted qualification mismatch
AIXC,AIxCrypto,NASDAQ,2020-05-08,2020-08-06,2020-08-06,0.489,5.78,10.820040899795503,0.489,5.78,10.820040899795503,6112.5,2890.0,-0.5271983640081799,raw,RAW_ONLY_REVIEW,True,,,AIXC_011,opend,POC,True,dual,raw/adjusted qualification mismatch
AIXC,AIxCrypto,NASDAQ,2020-05-20,2020-08-18,2020-08-18,0.453,5.6,11.362030905077262,0.453,5.6,11.362030905077262,5662.5,2800.0,-0.5055187637969094,raw,RAW_ONLY_REVIEW,True,,,AIXC_011,opend,POC,True,dual,raw/adjusted qualification mismatch
AIXC,AIxCrypto,NASDAQ,2020-05-21,2020-08-19,2020-08-19,0.44,5.23,10.886363636363637,0.44,5.23,10.886363636363637,5500.0,2615.0,-0.5245454545454545,raw,RAW_ONLY_REVIEW,True,,,AIXC_011,opend,POC,True,dual,raw/adjusted qualification mismatch
AIXC,AIxCrypto,NASDAQ,2020-05-22,2020-08-20,2020-08-20,0.448,5.16,10.517857142857142,0.448,5.16,10.517857142857142,5600.0,2580.0,-0.5392857142857144,raw,RAW_ONLY_REVIEW,True,,,AIXC_011,opend,POC,True,dual,raw/adjusted qualification mismatch
AIXC,AIxCrypto,NASDAQ,2024-08-07,2024-11-05,2024-11-05,0.2088,5.08,23.32950191570881,0.2088,5.08,23.32950191570881,10.44,5.08,-0.5134099616858236,raw,RAW_ONLY_REVIEW,True,,,AIXC_012,opend,POC,True,dual,raw/adjusted qualification mismatch
AIXC,AIxCrypto,NASDAQ,2024-08-08,2024-11-06,2024-11-06,0.2094,4.69,21.397325692454633,0.2094,4.69,21.397325692454633,10.47,4.69,-0.5520534861509073,raw,RAW_ONLY_REVIEW,True,,,AIXC_012,opend,POC,True,dual,raw/adjusted qualification mismatch
AIXC,AIxCrypto,NASDAQ,2024-08-09,2024-11-07,2024-11-07,0.2111,4.53,20.459024159166272,0.2111,4.53,20.459024159166272,10.555,4.53,-0.5708195168166745,raw,RAW_ONLY_REVIEW,True,,,AIXC_012,opend,POC,True,dual,raw/adjusted qualification mismatch
AIXC,AIxCrypto,NASDAQ,2024-08-12,2024-11-10,2024-11-11,0.2031,4.29,20.122599704579024,0.2031,4.29,20.122599704579024,10.155,4.29,-0.5775480059084195,raw,RAW_ONLY_REVIEW,True,,,AIXC_012,opend,POC,True,dual,raw/adjusted qualification mismatch
AIXC,AIxCrypto,NASDAQ,2024-08-13,2024-11-11,2024-11-11,0.2004,4.29,20.407185628742514,0.2004,4.29,20.407185628742514,10.02,4.29,-0.5718562874251496,raw,RAW_ONLY_REVIEW,True,,,AIXC_012,opend,POC,True,dual,raw/adjusted qualification mismatch
AIXC,AIxCrypto,NASDAQ,2024-08-14,2024-11-12,2024-11-12,0.2035,3.9299,18.311547911547912,0.2035,3.9299,18.311547911547912,10.175,3.9299,-0.6137690417690418,raw,RAW_ONLY_REVIEW,True,,,AIXC_012,opend,POC,True,dual,raw/adjusted qualification mismatch
AIXC,AIxCrypto,NASDAQ,2024-08-15,2024-11-13,2024-11-13,0.197,4.12,19.913705583756347,0.197,4.12,19.913705583756347,9.85,4.12,-0.581725888324873,raw,RAW_ONLY_REVIEW,True,,,AIXC_012,opend,POC,True,dual,raw/adjusted qualification mismatch
AIXC,AIxCrypto,NASDAQ,2024-08-16,2024-11-14,2024-11-14,0.1942,4.06,19.906282183316165,0.1942,4.06,19.906282183316165,9.71,4.06,-0.5818743563336767,raw,RAW_ONLY_REVIEW,True,,,AIXC_012,opend,POC,True,dual,raw/adjusted qualification mismatch
AIXC,AIxCrypto,NASDAQ,2024-08-19,2024-11-17,2024-11-18,0.2165,3.64,15.812933025404156,0.2165,3.64,15.812933025404156,10.825,3.64,-0.6637413394919168,raw,RAW_ONLY_REVIEW,True,,,AIXC_012,opend,POC,True,dual,raw/adjusted qualification mismatch
AIXC,AIxCrypto,NASDAQ,2024-08-20,2024-11-18,2024-11-18,0.207,3.64,16.584541062801932,0.207,3.64,16.584541062801932,10.35,3.64,-0.6483091787439613,raw,RAW_ONLY_REVIEW,True,,,AIXC_012,opend,POC,True,dual,raw/adjusted qualification mismatch
AIXC,AIxCrypto,NASDAQ,2024-08-21,2024-11-19,2024-11-19,0.2011,3.86,18.194430631526604,0.2011,3.86,18.194430631526604,10.055,3.86,-0.6161113873694679,raw,RAW_ONLY_REVIEW,True,,,AIXC_012,opend,POC,True,dual,raw/adjusted qualification mismatch
AIXC,AIxCrypto,NASDAQ,2024-08-22,2024-11-20,2024-11-20,0.2097,3.87,17.454935622317596,0.2097,3.87,17.454935622317596,10.485,3.87,-0.630901287553648,raw,RAW_ONLY_REVIEW,True,,,AIXC_012,opend,POC,True,dual,raw/adjusted qualification mismatch
AIXC,AIxCrypto,NASDAQ,2024-08-23,2024-11-21,2024-11-21,0.2027,4.42,20.805624074987666,0.2027,4.42,20.805624074987666,10.135,4.42,-0.5638875185002467,raw,RAW_ONLY_REVIEW,True,,,AIXC_012,opend,POC,True,dual,raw/adjusted qualification mismatch
AIXC,AIxCrypto,NASDAQ,2024-08-26,2024-11-24,2024-11-25,0.2023,4.7808,22.632229362333167,0.2023,4.7808,22.632229362333167,10.115,4.7808,-0.5273554127533366,raw,RAW_ONLY_REVIEW,True,,,AIXC_012,opend,POC,True,dual,raw/adjusted qualification mismatch
AIXC,AIxCrypto,NASDAQ,2024-08-27,2024-11-25,2024-11-25,0.2008,4.7808,22.808764940239044,0.2008,4.7808,22.808764940239044,10.04,4.7808,-0.5238247011952191,raw,RAW_ONLY_REVIEW,True,,,AIXC_012,opend,POC,True,dual,raw/adjusted qualification mismatch
AIXC,AIxCrypto,NASDAQ,2024-08-28,2024-11-26,2024-11-26,0.186,4.47,23.032258064516128,0.186,4.47,23.032258064516128,9.3,4.47,-0.5193548387096775,raw,RAW_ONLY_REVIEW,True,,,AIXC_012,opend,POC,True,dual,raw/adjusted qualification mismatch
AIXC,AIxCrypto,NASDAQ,2024-08-29,2024-11-27,2024-11-27,0.185,4.66,24.18918918918919,0.185,4.66,24.18918918918919,9.25,4.66,-0.49621621621621625,raw,RAW_ONLY_REVIEW,True,,,AIXC_012,opend,POC,True,dual,raw/adjusted qualification mismatch
AIXC,AIxCrypto,NASDAQ,2024-08-30,2024-11-28,2024-11-29,0.1876,4.6172,23.611940298507466,0.1876,4.6172,23.611940298507466,9.38,4.6172,-0.5077611940298508,raw,RAW_ONLY_REVIEW,True,,,AIXC_012,opend,POC,True,dual,raw/adjusted qualification mismatch
AIXC,AIxCrypto,NASDAQ,2024-09-03,2024-12-02,2024-12-02,0.1866,4.69,24.133976420150056,0.1866,4.69,24.133976420150056,9.33,4.69,-0.4973204715969989,raw,RAW_ONLY_REVIEW,True,,,AIXC_012,opend,POC,True,dual,raw/adjusted qualification mismatch
AIXC,AIxCrypto,NASDAQ,2024-09-04,2024-12-03,2024-12-03,0.1836,4.528,23.662309368191718,0.1836,4.528,23.662309368191718,9.18,4.528,-0.5067538126361656,raw,RAW_ONLY_REVIEW,True,,,AIXC_012,opend,POC,True,dual,raw/adjusted qualification mismatch
AIXC,AIxCrypto,NASDAQ,2024-09-05,2024-12-04,2024-12-04,0.164,4.7437,27.924999999999997,0.164,4.7437,27.924999999999997,8.2,4.7437,-0.4215,raw,RAW_ONLY_REVIEW,True,,,AIXC_012,opend,POC,True,dual,raw/adjusted qualification mismatch
AIXC,AIxCrypto,NASDAQ,2024-09-06,2024-12-05,2024-12-05,0.1598,4.53,27.347934918648313,0.1598,4.53,27.347934918648313,7.99,4.53,-0.4330413016270338,raw,RAW_ONLY_REVIEW,True,,,AIXC_012,opend,POC,True,dual,raw/adjusted qualification mismatch
AIXC,AIxCrypto,NASDAQ,2024-09-09,2024-12-08,2024-12-09,0.155,4.5,28.032258064516128,0.155,4.5,28.032258064516128,7.75,4.5,-0.4193548387096774,raw,RAW_ONLY_REVIEW,True,,,AIXC_012,opend,POC,True,dual,raw/adjusted qualification mismatch
AIXC,AIxCrypto,NASDAQ,2024-09-10,2024-12-09,2024-12-09,0.1541,4.5,28.20181700194679,0.1541,4.5,28.20181700194679,7.704999999,4.5,-0.4159636598852646,raw,RAW_ONLY_REVIEW,True,,,AIXC_012,opend,POC,True,dual,raw/adjusted qualification mismatch
AIXC,AIxCrypto,NASDAQ,2024-09-11,2024-12-10,2024-12-10,0.155,4.28,26.612903225806452,0.155,4.28,26.612903225806452,7.75,4.28,-0.447741935483871,raw,RAW_ONLY_REVIEW,True,,,AIXC_012,opend,POC,True,dual,raw/adjusted qualification mismatch
AIXC,AIxCrypto,NASDAQ,2024-09-12,2024-12-11,2024-12-11,0.1627,3.9,22.97049784880147,0.1627,3.9,22.97049784880147,8.135,3.9,-0.5205900430239705,raw,RAW_ONLY_REVIEW,True,,,AIXC_012,opend,POC,True,dual,raw/adjusted qualification mismatch
AIXC,AIxCrypto,NASDAQ,2024-09-13,2024-12-12,2024-12-12,0.1646,3.76,21.84325637910085,0.1646,3.76,21.84325637910085,8.23,3.76,-0.543134872417983,raw,RAW_ONLY_REVIEW,True,,,AIXC_012,opend,POC,True,dual,raw/adjusted qualification mismatch
AIXC,AIxCrypto,NASDAQ,2024-09-16,2024-12-15,2024-12-16,0.1707,4.39,24.717633274751023,0.1707,4.39,24.717633274751023,8.535,4.39,-0.48564733450497954,raw,RAW_ONLY_REVIEW,True,,,AIXC_012,opend,POC,True,dual,raw/adjusted qualification mismatch
AIXC,AIxCrypto,NASDAQ,2024-09-17,2024-12-16,2024-12-16,0.1777,4.39,23.70455824423185,0.1777,4.39,23.70455824423185,8.885,4.39,-0.505908835115363,raw,RAW_ONLY_REVIEW,True,,,AIXC_012,opend,POC,True,dual,raw/adjusted qualification mismatch
AIXC,AIxCrypto,NASDAQ,2024-09-18,2024-12-17,2024-12-17,0.1741,4.23,23.296381390005745,0.1741,4.23,23.296381390005745,8.705,4.23,-0.514072372199885,raw,RAW_ONLY_REVIEW,True,,,AIXC_012,opend,POC,True,dual,raw/adjusted qualification mismatch
AIXC,AIxCrypto,NASDAQ,2024-09-19,2024-12-18,2024-12-18,0.1776,3.9,20.95945945945946,0.1776,3.9,20.95945945945946,8.88,3.9,-0.5608108108108109,raw,RAW_ONLY_REVIEW,True,,,AIXC_012,opend,POC,True,dual,raw/adjusted qualification mismatch
AIXC,AIxCrypto,NASDAQ,2024-09-20,2024-12-19,2024-12-19,0.169,4.04,22.90532544378698,0.169,4.04,22.90532544378698,8.45,4.04,-0.5218934911242603,raw,RAW_ONLY_REVIEW,True,,,AIXC_012,opend,POC,True,dual,raw/adjusted qualification mismatch
AIXC,AIxCrypto,NASDAQ,2024-09-23,2024-12-22,2024-12-23,0.167,4.04,23.191616766467064,0.167,4.04,23.191616766467064,8.35,4.04,-0.5161676646706587,raw,RAW_ONLY_REVIEW,True,,,AIXC_012,opend,POC,True,dual,raw/adjusted qualification mismatch
AIXC,AIxCrypto,NASDAQ,2024-09-24,2024-12-23,2024-12-23,0.1702,4.04,22.736780258519392,0.1702,4.04,22.736780258519392,8.509999999,4.04,-0.5252643947738266,raw,RAW_ONLY_REVIEW,True,,,AIXC_012,opend,POC,True,dual,raw/adjusted qualification mismatch
AIXC,AIxCrypto,NASDAQ,2024-09-25,2024-12-24,2024-12-24,0.1721,4.03,22.416618245206276,0.1721,4.03,22.416618245206276,8.605,4.03,-0.5316676350958744,raw,RAW_ONLY_REVIEW,True,,,AIXC_012,opend,POC,True,dual,raw/adjusted qualification mismatch
AIXC,AIxCrypto,NASDAQ,2024-09-26,2024-12-25,2024-12-26,0.173,4.3,23.85549132947977,0.173,4.3,23.85549132947977,8.65,4.3,-0.5028901734104047,raw,RAW_ONLY_REVIEW,True,,,AIXC_012,opend,POC,True,dual,raw/adjusted qualification mismatch
AIXC,AIxCrypto,NASDAQ,2024-09-27,2024-12-26,2024-12-26,0.173,4.3,23.85549132947977,0.173,4.3,23.85549132947977,8.65,4.3,-0.5028901734104047,raw,RAW_ONLY_REVIEW,True,,,AIXC_012,opend,POC,True,dual,raw/adjusted qualification mismatch
AIXC,AIxCrypto,NASDAQ,2024-09-30,2024-12-29,2024-12-30,0.1705,4.11,23.10557184750733,0.1705,4.11,23.10557184750733,8.525,4.11,-0.5178885630498533,raw,RAW_ONLY_REVIEW,True,,,AIXC_012,opend,POC,True,dual,raw/adjusted qualification mismatch
AIXC,AIxCrypto,NASDAQ,2024-10-01,2024-12-30,2024-12-30,0.164,4.11,24.0609756097561,0.164,4.11,24.0609756097561,8.2,4.11,-0.49878048780487794,raw,RAW_ONLY_REVIEW,True,,,AIXC_012,opend,POC,True,dual,raw/adjusted qualification mismatch
AIXC,AIxCrypto,NASDAQ,2024-10-02,2024-12-31,2024-12-31,0.1612,4.21,25.116625310173696,0.1612,4.21,25.116625310173696,8.06,4.21,-0.47766749379652607,raw,RAW_ONLY_REVIEW,True,,,AIXC_012,opend,POC,True,dual,raw/adjusted qualification mismatch
AIXC,AIxCrypto,NASDAQ,2024-10-03,2025-01-01,2025-01-02,0.16,4.2014,25.258749999999996,0.16,4.2014,25.258749999999996,8.0,4.2014,-0.47482500000000005,raw,RAW_ONLY_REVIEW,True,,,AIXC_012,opend,POC,True,dual,raw/adjusted qualification mismatch
AIXC,AIxCrypto,NASDAQ,2024-10-04,2025-01-02,2025-01-02,0.1655,4.2014,24.38610271903323,0.1655,4.2014,24.38610271903323,8.275,4.2014,-0.49227794561933547,raw,RAW_ONLY_REVIEW,True,,,AIXC_012,opend,POC,True,dual,raw/adjusted qualification mismatch
AIXC,AIxCrypto,NASDAQ,2024-10-07,2025-01-05,2025-01-06,0.1695,4.51,25.60766961651917,0.1695,4.51,25.60766961651917,8.475,4.51,-0.4678466076696165,raw,RAW_ONLY_REVIEW,True,,,AIXC_012,opend,POC,True,dual,raw/adjusted qualification mismatch
AIXC,AIxCrypto,NASDAQ,2024-10-08,2025-01-06,2025-01-06,0.1616,4.51,26.90841584158416,0.1616,4.51,26.90841584158416,8.08,4.51,-0.4418316831683169,raw,RAW_ONLY_REVIEW,True,,,AIXC_012,opend,POC,True,dual,raw/adjusted qualification mismatch
AIXC,AIxCrypto,NASDAQ,2024-10-09,2025-01-07,2025-01-07,0.16,4.4,26.5,0.16,4.4,26.5,8.0,4.4,-0.44999999999999996,raw,RAW_ONLY_REVIEW,True,,,AIXC_012,opend,POC,True,dual,raw/adjusted qualification mismatch
AIXC,AIxCrypto,NASDAQ,2024-10-10,2025-01-08,2025-01-08,0.1694,4.17,23.61629279811098,0.1694,4.17,23.61629279811098,8.47,4.17,-0.5076741440377804,raw,RAW_ONLY_REVIEW,True,,,AIXC_012,opend,POC,True,dual,raw/adjusted qualification mismatch
AIXC,AIxCrypto,NASDAQ,2024-10-11,2025-01-09,2025-01-10,0.1679,4.28,24.491363907087553,0.1679,4.28,24.491363907087553,8.395,4.28,-0.4901727218582489,raw,RAW_ONLY_REVIEW,True,,,AIXC_012,opend,POC,True,dual,raw/adjusted qualification mismatch
AIXC,AIxCrypto,NASDAQ,2024-10-14,2025-01-12,2025-01-13,0.1684,4.1,23.346793349168646,0.1684,4.1,23.346793349168646,8.42,4.1,-0.5130641330166271,raw,RAW_ONLY_REVIEW,True,,,AIXC_012,opend,POC,True,dual,raw/adjusted qualification mismatch
AIXC,AIxCrypto,NASDAQ,2024-10-15,2025-01-13,2025-01-13,0.1629,4.1,24.16881522406384,0.1629,4.1,24.16881522406384,8.144999999,4.1,-0.4966236954569213,raw,RAW_ONLY_REVIEW,True,,,AIXC_012,opend,POC,True,dual,raw/adjusted qualification mismatch
AIXC,AIxCrypto,NASDAQ,2024-10-16,2025-01-14,2025-01-14,0.1611,4.05,24.139664804469273,0.1611,4.05,24.139664804469273,8.055,4.05,-0.4972067039106145,raw,RAW_ONLY_REVIEW,True,,,AIXC_012,opend,POC,True,dual,raw/adjusted qualification mismatch
AIXC,AIxCrypto,NASDAQ,2024-10-17,2025-01-15,2025-01-15,0.1602,3.95,23.656679151061173,0.1602,3.95,23.656679151061173,8.01,3.95,-0.5068664169787764,raw,RAW_ONLY_REVIEW,True,,,AIXC_012,opend,POC,True,dual,raw/adjusted qualification mismatch
AIXC,AIxCrypto,NASDAQ,2024-10-18,2025-01-16,2025-01-16,0.1672,4.0,22.923444976076556,0.1672,4.0,22.923444976076556,8.359999999,4.0,-0.5215311004212357,raw,RAW_ONLY_REVIEW,True,,,AIXC_012,opend,POC,True,dual,raw/adjusted qualification mismatch
AIXC,AIxCrypto,NASDAQ,2024-10-21,2025-01-19,2025-01-21,0.1825,4.18,21.904109589041095,0.1825,4.18,21.904109589041095,9.125,4.18,-0.5419178082191781,raw,RAW_ONLY_REVIEW,True,,,AIXC_012,opend,POC,True,dual,raw/adjusted qualification mismatch
AIXC,AIxCrypto,NASDAQ,2024-10-22,2025-01-20,2025-01-21,0.1768,4.18,22.64253393665158,0.1768,4.18,22.64253393665158,8.84,4.18,-0.5271493212669683,raw,RAW_ONLY_REVIEW,True,,,AIXC_012,opend,POC,True,dual,raw/adjusted qualification mismatch
AIXC,AIxCrypto,NASDAQ,2024-10-23,2025-01-21,2025-01-21,0.174,4.18,23.022988505747126,0.174,4.18,23.022988505747126,8.7,4.18,-0.5195402298850575,raw,RAW_ONLY_REVIEW,True,,,AIXC_012,opend,POC,True,dual,raw/adjusted qualification mismatch
AIXC,AIxCrypto,NASDAQ,2024-10-24,2025-01-22,2025-01-22,0.1081,4.21,37.94542090656799,0.1081,4.21,37.94542090656799,5.405,4.21,-0.2210915818686402,raw,RAW_ONLY_REVIEW,True,,,AIXC_012,opend,POC,True,dual,raw/adjusted qualification mismatch
AIXC,AIxCrypto,NASDAQ,2024-10-25,2025-01-23,2025-01-23,0.1215,4.34,34.7201646090535,0.1215,4.34,34.7201646090535,6.075,4.34,-0.2855967078189301,raw,RAW_ONLY_REVIEW,True,,,AIXC_012,opend,POC,True,dual,raw/adjusted qualification mismatch
AIXC,AIxCrypto,NASDAQ,2024-10-28,2025-01-26,2025-01-27,0.1122,3.9703,34.38591800356507,0.1122,3.9703,34.38591800356507,5.61,3.9703,-0.2922816399286988,raw,RAW_ONLY_REVIEW,True,,,AIXC_012,opend,POC,True,dual,raw/adjusted qualification mismatch
AIXC,AIxCrypto,NASDAQ,2024-10-29,2025-01-27,2025-01-27,0.105,3.9703,36.812380952380956,0.105,3.9703,36.812380952380956,5.25,3.9703,-0.24375238095238094,raw,RAW_ONLY_REVIEW,True,,,AIXC_012,opend,POC,True,dual,raw/adjusted qualification mismatch
AIXC,AIxCrypto,NASDAQ,2024-10-30,2025-01-28,2025-01-28,0.1029,3.12,29.32069970845481,0.1029,3.12,29.32069970845481,5.145,3.12,-0.39358600583090375,raw,RAW_ONLY_REVIEW,True,,,AIXC_012,opend,POC,True,dual,raw/adjusted qualification mismatch
AIXC,AIxCrypto,NASDAQ,2024-10-31,2025-01-29,2025-01-29,0.0986,3.34,32.87423935091278,0.0986,3.34,32.87423935091278,4.93,3.34,-0.32251521298174446,raw,RAW_ONLY_REVIEW,True,,,AIXC_012,opend,POC,True,dual,raw/adjusted qualification mismatch
AIXC,AIxCrypto,NASDAQ,2024-11-01,2025-01-30,2025-01-30,0.0984,3.405,33.603658536585364,0.0984,3.405,33.603658536585364,4.92,3.405,-0.30792682926829273,raw,RAW_ONLY_REVIEW,True,,,AIXC_012,opend,POC,True,dual,raw/adjusted qualification mismatch
AIXC,AIxCrypto,NASDAQ,2024-11-04,2025-02-02,2025-02-03,0.1011,3.5,33.619188921859546,0.1011,3.5,33.619188921859546,5.055,3.5,-0.3076162215628091,raw,RAW_ONLY_REVIEW,True,,,AIXC_012,opend,POC,True,dual,raw/adjusted qualification mismatch
AIXI,小i机器人,NASDAQ,2024-07-08,2024-10-06,2024-10-07,0.66,7.97,11.075757575757574,0.66,7.97,11.075757575757574,118.8,159.4,0.3417508417508419,raw,RAW_ONLY_REVIEW,True,,,AIXI_013,opend,POC,True,dual,raw/adjusted qualification mismatch
AIXI,小i机器人,NASDAQ,2024-07-09,2024-10-07,2024-10-07,0.663,7.97,11.021116138763196,0.663,7.97,11.021116138763196,119.34,159.4,0.3356795709736886,raw,RAW_ONLY_REVIEW,True,,,AIXI_013,opend,POC,True,dual,raw/adjusted qualification mismatch
AIXI,小i机器人,NASDAQ,2024-08-05,2024-11-03,2024-11-04,0.485,6.28,11.948453608247423,0.485,6.28,11.948453608247423,87.3,125.6,0.43871706758304696,raw,RAW_ONLY_REVIEW,True,,,AIXI_013,opend,POC,True,dual,raw/adjusted qualification mismatch
AIXI,小i机器人,NASDAQ,2024-08-06,2024-11-04,2024-11-04,0.5,6.28,11.56,0.5,6.28,11.56,90.0,125.6,0.39555555555555544,raw,RAW_ONLY_REVIEW,True,,,AIXI_013,opend,POC,True,dual,raw/adjusted qualification mismatch
AIXI,小i机器人,NASDAQ,2024-08-07,2024-11-05,2024-11-05,0.4422,5.83,12.184079601990051,0.4422,5.83,12.184079601990051,79.596,116.6,0.46489773355444974,raw,RAW_ONLY_REVIEW,True,,,AIXI_013,opend,POC,True,dual,raw/adjusted qualification mismatch
AIXI,小i机器人,NASDAQ,2024-08-08,2024-11-06,2024-11-06,0.4249,6.45,14.180042362908921,0.4249,6.45,14.180042362908921,76.482,129.0,0.6866713736565466,raw,RAW_ONLY_REVIEW,True,,,AIXI_013,opend,POC,True,dual,raw/adjusted qualification mismatch
AIXI,小i机器人,NASDAQ,2024-08-09,2024-11-07,2024-11-07,0.3741,6.6,16.64234161988773,0.3741,6.6,16.64234161988773,67.338,132.0,0.9602601799875259,raw,RAW_ONLY_REVIEW,True,,,AIXI_013,opend,POC,True,dual,raw/adjusted qualification mismatch
AIXI,小i机器人,NASDAQ,2024-08-12,2024-11-10,2024-11-11,0.3549,5.92,15.680755142293602,0.3549,5.92,15.680755142293602,63.882,118.4,0.8534172380326228,raw,RAW_ONLY_REVIEW,True,,,AIXI_013,opend,POC,True,dual,raw/adjusted qualification mismatch
AIXI,小i机器人,NASDAQ,2024-08-13,2024-11-11,2024-11-11,0.2967,5.92,18.95281429052915,0.2967,5.92,18.95281429052915,53.406,118.4,1.2169793656143506,raw,RAW_ONLY_REVIEW,True,,,AIXI_013,opend,POC,True,dual,raw/adjusted qualification mismatch
AIXI,小i机器人,NASDAQ,2024-08-14,2024-11-12,2024-11-12,0.2826,5.39,18.072894550601553,0.2826,5.39,18.072894550601553,50.868,107.8,1.1192105056223949,raw,RAW_ONLY_REVIEW,True,,,AIXI_013,opend,POC,True,dual,raw/adjusted qualification mismatch
AIXI,小i机器人,NASDAQ,2024-08-15,2024-11-13,2024-11-13,0.25,5.54,21.16,0.25,5.54,21.16,45.0,110.8,1.462222222222222,raw,RAW_ONLY_REVIEW,True,,,AIXI_013,opend,POC,True,dual,raw/adjusted qualification mismatch
AIXI,小i机器人,NASDAQ,2024-08-16,2024-11-14,2024-11-14,0.2501,5.57,21.271091563374654,0.2501,5.57,21.271091563374654,45.018,111.4,1.4745657292638503,raw,RAW_ONLY_REVIEW,True,,,AIXI_013,opend,POC,True,dual,raw/adjusted qualification mismatch
AIXI,小i机器人,NASDAQ,2024-08-19,2024-11-17,2024-11-18,0.3268,5.79,16.717258261933907,0.3268,5.79,16.717258261933907,58.824,115.8,0.9685842513259895,raw,RAW_ONLY_REVIEW,True,,,AIXI_013,opend,POC,True,dual,raw/adjusted qualification mismatch
AIXI,小i机器人,NASDAQ,2024-08-20,2024-11-18,2024-11-18,0.3801,5.79,14.232833464877665,0.3801,5.79,14.232833464877665,68.418,115.8,0.6925370516530736,raw,RAW_ONLY_REVIEW,True,,,AIXI_013,opend,POC,True,dual,raw/adjusted qualification mismatch
AIXI,小i机器人,NASDAQ,2024-08-21,2024-11-19,2024-11-19,0.4454,5.32,10.944319712617872,0.4454,5.32,10.944319712617872,80.172,106.4,0.32714663473531913,raw,RAW_ONLY_REVIEW,True,,,AIXI_013,opend,POC,True,dual,raw/adjusted qualification mismatch
AIXI,小i机器人,NASDAQ,2024-08-22,2024-11-20,2024-11-20,0.3977,5.46,12.72894141312547,0.3977,5.46,12.72894141312547,71.586,109.2,0.5254379347917191,raw,RAW_ONLY_REVIEW,True,,,AIXI_013,opend,POC,True,dual,raw/adjusted qualification mismatch
AKA,a.k.a. Brands,NYSE,2023-07-05,2023-10-03,2023-10-03,0.415,4.62,10.13253012048193,0.415,4.62,10.13253012048193,4.98,4.62,-0.07228915662650603,raw,RAW_ONLY_REVIEW,True,,,AKA_014,opend,POC,True,dual,raw/adjusted qualification mismatch
AKA,a.k.a. Brands,NYSE,2023-07-10,2023-10-08,2023-10-09,0.4025,4.5,10.180124223602483,0.4025,4.5,10.180124223602483,4.83,4.5,-0.06832298136645965,raw,RAW_ONLY_REVIEW,True,,,AKA_014,opend,POC,True,dual,raw/adjusted qualification mismatch
AKA,a.k.a. Brands,NYSE,2023-07-11,2023-10-09,2023-10-09,0.4,4.5,10.25,0.4,4.5,10.25,4.8,4.5,-0.0625,raw,RAW_ONLY_REVIEW,True,,,AKA_014,opend,POC,True,dual,raw/adjusted qualification mismatch
AKA,a.k.a. Brands,NYSE,2023-07-12,2023-10-10,2023-10-10,0.41,4.71,10.487804878048781,0.41,4.71,10.487804878048781,4.92,4.71,-0.04268292682926833,raw,RAW_ONLY_REVIEW,True,,,AKA_014,opend,POC,True,dual,raw/adjusted qualification mismatch
AKA,a.k.a. Brands,NYSE,2023-07-13,2023-10-11,2023-10-11,0.41,4.9202,11.00048780487805,0.41,4.9202,11.00048780487805,4.92,4.9202,4.0650406504250114e-05,raw,RAW_ONLY_REVIEW,True,,,AKA_014,opend,POC,True,dual,raw/adjusted qualification mismatch
AKA,a.k.a. Brands,NYSE,2023-07-14,2023-10-12,2023-10-12,0.3999,5.11,11.778194548637162,0.3999,5.11,11.778194548637162,4.7988,5.11,0.06484954571976331,raw,RAW_ONLY_REVIEW,True,,,AKA_014,opend,POC,True,dual,raw/adjusted qualification mismatch
AKA,a.k.a. Brands,NYSE,2023-07-17,2023-10-15,2023-10-16,0.4098,6.98,16.032698877501222,0.4098,6.98,16.032698877501222,4.9176,6.98,0.41939157312510167,raw,RAW_ONLY_REVIEW,True,,,AKA_014,opend,POC,True,dual,raw/adjusted qualification mismatch
AKA,a.k.a. Brands,NYSE,2023-07-18,2023-10-16,2023-10-16,0.43,6.98,15.232558139534884,0.43,6.98,15.232558139534884,5.16,6.98,0.3527131782945736,raw,RAW_ONLY_REVIEW,True,,,AKA_014,opend,POC,True,dual,raw/adjusted qualification mismatch
AKA,a.k.a. Brands,NYSE,2023-07-19,2023-10-17,2023-10-17,0.46,6.79,13.76086956521739,0.46,6.79,13.76086956521739,5.52,6.79,0.23007246376811596,raw,RAW_ONLY_REVIEW,True,,,AKA_014,opend,POC,True,dual,raw/adjusted qualification mismatch
AKA,a.k.a. Brands,NYSE,2023-07-20,2023-10-18,2023-10-18,0.4734,6.25,12.202365863962822,0.4734,6.25,12.202365863962822,5.6808,6.25,0.10019715533023521,raw,RAW_ONLY_REVIEW,True,,,AKA_014,opend,POC,True,dual,raw/adjusted qualification mismatch
AKA,a.k.a. Brands,NYSE,2023-07-21,2023-10-19,2023-10-19,0.4684,6.86,13.645602049530318,0.4684,6.86,13.645602049530318,5.6208,6.86,0.22046683746085982,raw,RAW_ONLY_REVIEW,True,,,AKA_014,opend,POC,True,dual,raw/adjusted qualification mismatch
AKA,a.k.a. Brands,NYSE,2023-07-24,2023-10-22,2023-10-23,0.4601,8.51,17.495979134970657,0.4601,8.51,17.495979134970657,5.5212,8.51,0.5413315945808881,raw,RAW_ONLY_REVIEW,True,,,AKA_014,opend,POC,True,dual,raw/adjusted qualification mismatch
AKA,a.k.a. Brands,NYSE,2023-07-25,2023-10-23,2023-10-23,0.4565,8.51,17.64184008762322,0.4565,8.51,17.64184008762322,5.478,8.51,0.5534866739686017,raw,RAW_ONLY_REVIEW,True,,,AKA_014,opend,POC,True,dual,raw/adjusted qualification mismatch
AKA,a.k.a. Brands,NYSE,2023-07-26,2023-10-24,2023-10-24,0.4805,6.78,13.110301768990636,0.4805,6.78,13.110301768990636,5.766,6.78,0.17585848074921961,raw,RAW_ONLY_REVIEW,True,,,AKA_014,opend,POC,True,dual,raw/adjusted qualification mismatch
AKA,a.k.a. Brands,NYSE,2023-07-27,2023-10-25,2023-10-25,0.48,7.05,13.6875,0.48,7.05,13.6875,5.76,7.05,0.22395833333333326,raw,RAW_ONLY_REVIEW,True,,,AKA_014,opend,POC,True,dual,raw/adjusted qualification mismatch
AKA,a.k.a. Brands,NYSE,2023-07-28,2023-10-26,2023-10-26,0.485,6.58,12.56701030927835,0.485,6.58,12.56701030927835,5.82,6.58,0.13058419243986252,raw,RAW_ONLY_REVIEW,True,,,AKA_014,opend,POC,True,dual,raw/adjusted qualification mismatch
AKA,a.k.a. Brands,NYSE,2023-07-31,2023-10-29,2023-10-30,0.51,6.93,12.588235294117647,0.51,6.93,12.588235294117647,6.12,6.93,0.13235294117647056,raw,RAW_ONLY_REVIEW,True,,,AKA_014,opend,POC,True,dual,raw/adjusted qualification mismatch
AKA,a.k.a. Brands,NYSE,2023-08-01,2023-10-30,2023-10-30,0.51,6.93,12.588235294117647,0.51,6.93,12.588235294117647,6.12,6.93,0.13235294117647056,raw,RAW_ONLY_REVIEW,True,,,AKA_014,opend,POC,True,dual,raw/adjusted qualification mismatch
AKA,a.k.a. Brands,NYSE,2023-08-02,2023-10-31,2023-10-31,0.4882,6.53,12.375665710774273,0.4882,6.53,12.375665710774273,5.8584,6.53,0.11463880923118963,raw,RAW_ONLY_REVIEW,True,,,AKA_014,opend,POC,True,dual,raw/adjusted qualification mismatch
AKA,a.k.a. Brands,NYSE,2023-08-03,2023-11-01,2023-11-01,0.524,6.0,10.450381679389313,0.524,6.0,10.450381679389313,6.288,6.0,-0.04580152671755733,raw,RAW_ONLY_REVIEW,True,,,AKA_014,opend,POC,True,dual,raw/adjusted qualification mismatch
AKA,a.k.a. Brands,NYSE,2023-08-04,2023-11-02,2023-11-02,0.5355,7.15,12.352007469654529,0.5355,7.15,12.352007469654529,6.426,7.15,0.11266728913787749,raw,RAW_ONLY_REVIEW,True,,,AKA_014,opend,POC,True,dual,raw/adjusted qualification mismatch
AKA,a.k.a. Brands,NYSE,2023-08-07,2023-11-05,2023-11-06,0.5399,7.8,13.447119837006852,0.5399,7.8,13.447119837006852,6.4788,7.8,0.20392665308390456,raw,RAW_ONLY_REVIEW,True,,,AKA_014,opend,POC,True,dual,raw/adjusted qualification mismatch
AKA,a.k.a. Brands,NYSE,2023-08-08,2023-11-06,2023-11-06,0.5603,7.8,12.921113689095126,0.5603,7.8,12.921113689095126,6.7236,7.8,0.16009280742459397,raw,RAW_ONLY_REVIEW,True,,,AKA_014,opend,POC,True,dual,raw/adjusted qualification mismatch
AKA,a.k.a. Brands,NYSE,2023-08-09,2023-11-07,2023-11-07,0.64,8.155,11.742187499999998,0.64,8.155,11.742187499999998,7.68,8.155,0.06184895833333326,raw,RAW_ONLY_REVIEW,True,,,AKA_014,opend,POC,True,dual,raw/adjusted qualification mismatch
AKA,a.k.a. Brands,NYSE,2023-08-10,2023-11-08,2023-11-08,0.4375,7.67,16.53142857142857,0.4375,7.67,16.53142857142857,5.25,7.67,0.460952380952381,raw,RAW_ONLY_REVIEW,True,,,AKA_014,opend,POC,True,dual,raw/adjusted qualification mismatch
AKA,a.k.a. Brands,NYSE,2023-08-11,2023-11-09,2023-11-09,0.421,6.41,14.225653206650833,0.421,6.41,14.225653206650833,5.052,6.41,0.26880443388756947,raw,RAW_ONLY_REVIEW,True,,,AKA_014,opend,POC,True,dual,raw/adjusted qualification mismatch
AKA,a.k.a. Brands,NYSE,2023-08-14,2023-11-12,2023-11-13,0.39,6.5025,15.673076923076923,0.39,6.5025,15.673076923076923,4.68,6.5025,0.3894230769230771,raw,RAW_ONLY_REVIEW,True,,,AKA_014,opend,POC,True,dual,raw/adjusted qualification mismatch
AKA,a.k.a. Brands,NYSE,2023-08-15,2023-11-13,2023-11-13,0.3612,6.5025,17.00249169435216,0.3612,6.5025,17.00249169435216,4.3344,6.5025,0.5002076411960135,raw,RAW_ONLY_REVIEW,True,,,AKA_014,opend,POC,True,dual,raw/adjusted qualification mismatch
AKA,a.k.a. Brands,NYSE,2023-08-16,2023-11-14,2023-11-14,0.366,6.66,17.19672131147541,0.366,6.66,17.19672131147541,4.392,6.66,0.5163934426229508,raw,RAW_ONLY_REVIEW,True,,,AKA_014,opend,POC,True,dual,raw/adjusted qualification mismatch
AKA,a.k.a. Brands,NYSE,2023-08-17,2023-11-15,2023-11-15,0.4022,7.3,17.150174042764792,0.4022,7.3,17.150174042764792,4.8264,7.3,0.5125145035637328,raw,RAW_ONLY_REVIEW,True,,,AKA_014,opend,POC,True,dual,raw/adjusted qualification mismatch
AKA,a.k.a. Brands,NYSE,2023-08-18,2023-11-16,2023-11-16,0.43,7.49,16.41860465116279,0.43,7.49,16.41860465116279,5.16,7.49,0.45155038759689914,raw,RAW_ONLY_REVIEW,True,,,AKA_014,opend,POC,True,dual,raw/adjusted qualification mismatch
AKA,a.k.a. Brands,NYSE,2023-08-21,2023-11-19,2023-11-20,0.4382,8.2686,17.869465997261525,0.4382,8.2686,17.869465997261525,5.2584,8.2686,0.5724554997717937,raw,RAW_ONLY_REVIEW,True,,,AKA_014,opend,POC,True,dual,raw/adjusted qualification mismatch
AKA,a.k.a. Brands,NYSE,2023-08-22,2023-11-20,2023-11-20,0.4488,8.2686,17.42379679144385,0.4488,8.2686,17.42379679144385,5.3856,8.2686,0.5353163992869874,raw,RAW_ONLY_REVIEW,True,,,AKA_014,opend,POC,True,dual,raw/adjusted qualification mismatch
AKA,a.k.a. Brands,NYSE,2023-08-23,2023-11-21,2023-11-21,0.4798,9.0,17.757815756565236,0.4798,9.0,17.757815756565236,5.7576,9.0,0.5631513130471029,raw,RAW_ONLY_REVIEW,True,,,AKA_014,opend,POC,True,dual,raw/adjusted qualification mismatch
AKA,a.k.a. Brands,NYSE,2023-08-24,2023-11-22,2023-11-22,0.4669,9.52,19.389805097451273,0.4669,9.52,19.389805097451273,5.6028,9.52,0.6991504247876061,raw,RAW_ONLY_REVIEW,True,,,AKA_014,opend,POC,True,dual,raw/adjusted qualification mismatch
AKA,a.k.a. Brands,NYSE,2023-08-25,2023-11-23,2023-11-24,0.44,9.85,21.386363636363637,0.44,9.85,21.386363636363637,5.28,9.85,0.865530303030303,raw,RAW_ONLY_REVIEW,True,,,AKA_014,opend,POC,True,dual,raw/adjusted qualification mismatch
AKA,a.k.a. Brands,NYSE,2023-08-28,2023-11-26,2023-11-27,0.439,9.11,19.751708428246012,0.439,9.11,19.751708428246012,5.268,9.11,0.7293090356871679,raw,RAW_ONLY_REVIEW,True,,,AKA_014,opend,POC,True,dual,raw/adjusted qualification mismatch
AKA,a.k.a. Brands,NYSE,2023-08-29,2023-11-27,2023-11-27,0.444,9.11,19.518018018018015,0.444,9.11,19.518018018018015,5.328,9.11,0.7098348348348347,raw,RAW_ONLY_REVIEW,True,,,AKA_014,opend,POC,True,dual,raw/adjusted qualification mismatch
AKA,a.k.a. Brands,NYSE,2023-08-30,2023-11-28,2023-11-28,0.48,9.26,18.291666666666668,0.48,9.26,18.291666666666668,5.76,9.26,0.6076388888888888,raw,RAW_ONLY_REVIEW,True,,,AKA_014,opend,POC,True,dual,raw/adjusted qualification mismatch
AKA,a.k.a. Brands,NYSE,2023-08-31,2023-11-29,2023-11-29,0.503,9.18,17.250497017892645,0.503,9.18,17.250497017892645,6.036,9.18,0.5208747514910537,raw,RAW_ONLY_REVIEW,True,,,AKA_014,opend,POC,True,dual,raw/adjusted qualification mismatch
AKA,a.k.a. Brands,NYSE,2023-09-01,2023-11-30,2023-11-30,0.5005,9.665,18.310689310689312,0.5005,9.665,18.310689310689312,6.005999999,9.665,0.6092241094920452,raw,RAW_ONLY_REVIEW,True,,,AKA_014,opend,POC,True,dual,raw/adjusted qualification mismatch
AKA,a.k.a. Brands,NYSE,2023-09-05,2023-12-04,2023-12-04,0.52,9.12,16.538461538461537,0.52,9.12,16.538461538461537,6.24,9.12,0.46153846153846145,raw,RAW_ONLY_REVIEW,True,,,AKA_014,opend,POC,True,dual,raw/adjusted qualification mismatch
AKA,a.k.a. Brands,NYSE,2023-09-06,2023-12-05,2023-12-05,0.5317,9.0575,16.034982132781643,0.5317,9.0575,16.034982132781643,6.380399999,9.0575,0.4195818446209614,raw,RAW_ONLY_REVIEW,True,,,AKA_014,opend,POC,True,dual,raw/adjusted qualification mismatch
AKA,a.k.a. Brands,NYSE,2023-09-07,2023-12-06,2023-12-06,0.5131,9.49,17.495419996102125,0.5131,9.49,17.495419996102125,6.1572,9.49,0.5412849996751772,raw,RAW_ONLY_REVIEW,True,,,AKA_014,opend,POC,True,dual,raw/adjusted qualification mismatch
AKA,a.k.a. Brands,NYSE,2023-09-08,2023-12-07,2023-12-07,0.525,9.8,17.666666666666668,0.525,9.8,17.666666666666668,6.3,9.8,0.5555555555555558,raw,RAW_ONLY_REVIEW,True,,,AKA_014,opend,POC,True,dual,raw/adjusted qualification mismatch
AKA,a.k.a. Brands,NYSE,2023-09-11,2023-12-10,2023-12-11,0.5367,9.075,15.908887646730015,0.5367,9.075,15.908887646730015,6.440399999,9.075,0.4090739707796214,raw,RAW_ONLY_REVIEW,True,,,AKA_014,opend,POC,True,dual,raw/adjusted qualification mismatch
AKA,a.k.a. Brands,NYSE,2023-09-12,2023-12-11,2023-12-11,0.523,9.075,16.351816443594643,0.523,9.075,16.351816443594643,6.276,9.075,0.4459847036328872,raw,RAW_ONLY_REVIEW,True,,,AKA_014,opend,POC,True,dual,raw/adjusted qualification mismatch
AKA,a.k.a. Brands,NYSE,2023-09-13,2023-12-12,2023-12-12,0.521,9.19,16.63915547024952,0.521,9.19,16.63915547024952,6.252,9.19,0.4699296225207934,raw,RAW_ONLY_REVIEW,True,,,AKA_014,opend,POC,True,dual,raw/adjusted qualification mismatch
AKA,a.k.a. Brands,NYSE,2023-09-14,2023-12-13,2023-12-13,0.511,9.09,16.788649706457925,0.511,9.09,16.788649706457925,6.132,9.09,0.4823874755381605,raw,RAW_ONLY_REVIEW,True,,,AKA_014,opend,POC,True,dual,raw/adjusted qualification mismatch
AKA,a.k.a. Brands,NYSE,2023-09-15,2023-12-14,2023-12-14,0.516,9.9115,18.208333333333332,0.516,9.9115,18.208333333333332,6.192,9.9115,0.6006944444444444,raw,RAW_ONLY_REVIEW,True,,,AKA_014,opend,POC,True,dual,raw/adjusted qualification mismatch
AKA,a.k.a. Brands,NYSE,2023-09-18,2023-12-17,2023-12-18,0.515,10.2,18.805825242718445,0.515,10.2,18.805825242718445,6.18,10.2,0.6504854368932038,raw,RAW_ONLY_REVIEW,True,,,AKA_014,opend,POC,True,dual,raw/adjusted qualification mismatch
AKA,a.k.a. Brands,NYSE,2023-09-19,2023-12-18,2023-12-18,0.52,10.2,18.615384615384613,0.52,10.2,18.615384615384613,6.24,10.2,0.6346153846153844,raw,RAW_ONLY_REVIEW,True,,,AKA_014,opend,POC,True,dual,raw/adjusted qualification mismatch
AKA,a.k.a. Brands,NYSE,2023-09-20,2023-12-19,2023-12-19,0.51,9.8,18.215686274509807,0.51,9.8,18.215686274509807,6.12,9.8,0.6013071895424837,raw,RAW_ONLY_REVIEW,True,,,AKA_014,opend,POC,True,dual,raw/adjusted qualification mismatch
AKA,a.k.a. Brands,NYSE,2023-09-21,2023-12-20,2023-12-20,0.491,9.715,18.786150712830956,0.491,9.715,18.786150712830956,5.892,9.715,0.6488458927359131,raw,RAW_ONLY_REVIEW,True,,,AKA_014,opend,POC,True,dual,raw/adjusted qualification mismatch
AKA,a.k.a. Brands,NYSE,2023-09-22,2023-12-21,2023-12-21,0.4911,9.555,18.456322541233966,0.4911,9.555,18.456322541233966,5.8932,9.555,0.621360211769497,raw,RAW_ONLY_REVIEW,True,,,AKA_014,opend,POC,True,dual,raw/adjusted qualification mismatch
AKA,a.k.a. Brands,NYSE,2023-09-25,2023-12-24,2023-12-26,0.48,9.4,18.583333333333336,0.48,9.4,18.583333333333336,5.76,9.4,0.6319444444444446,raw,RAW_ONLY_REVIEW,True,,,AKA_014,opend,POC,True,dual,raw/adjusted qualification mismatch
AKA,a.k.a. Brands,NYSE,2023-09-26,2023-12-25,2023-12-26,0.4101,9.4,21.921238722262864,0.4101,9.4,21.921238722262864,4.9212,9.4,0.9101032268552387,raw,RAW_ONLY_REVIEW,True,,,AKA_014,opend,POC,True,dual,raw/adjusted qualification mismatch
AKA,a.k.a. Brands,NYSE,2023-09-27,2023-12-26,2023-12-26,0.4627,9.4,19.315539226280528,0.4627,9.4,19.315539226280528,5.5524,9.4,0.6929616021900442,raw,RAW_ONLY_REVIEW,True,,,AKA_014,opend,POC,True,dual,raw/adjusted qualification mismatch
AKA,a.k.a. Brands,NYSE,2023-09-28,2023-12-27,2023-12-27,0.51,9.275,17.186274509803923,0.51,9.275,17.186274509803923,6.12,9.275,0.5155228758169934,raw,RAW_ONLY_REVIEW,True,,,AKA_014,opend,POC,True,dual,raw/adjusted qualification mismatch
AKA,a.k.a. Brands,NYSE,2023-09-29,2023-12-28,2023-12-28,0.4349,8.8301,19.303747988043227,0.4349,8.8301,19.303747988043227,5.2188,8.8301,0.6919789990036023,raw,RAW_ONLY_REVIEW,True,,,AKA_014,opend,POC,True,dual,raw/adjusted qualification mismatch
AKAN,Akanda,NASDAQ,2024-02-26,2024-05-26,2024-05-28,0.2903,3.52,11.125387530141234,0.2903,3.52,11.125387530141234,1632.9375,495.0,-0.6968653117464692,raw,RAW_ONLY_REVIEW,True,,,AKAN_015,opend,POC,True,dual,raw/adjusted qualification mismatch
AKAN,Akanda,NASDAQ,2024-02-27,2024-05-27,2024-05-28,0.2805,3.52,11.549019607843135,0.2805,3.52,11.549019607843135,1577.8125,495.0,-0.6862745098039216,raw,RAW_ONLY_REVIEW,True,,,AKAN_015,opend,POC,True,dual,raw/adjusted qualification mismatch
AKAN,Akanda,NASDAQ,2024-02-28,2024-05-28,2024-05-28,0.2665,3.52,12.208255159474671,0.2665,3.52,12.208255159474671,1499.0625,495.0,-0.6697936210131332,raw,RAW_ONLY_REVIEW,True,,,AKAN_015,opend,POC,True,dual,raw/adjusted qualification mismatch
AKAN,Akanda,NASDAQ,2024-02-29,2024-05-29,2024-05-29,0.2568,2.99,10.64330218068536,0.2568,2.99,10.64330218068536,1444.499999999,420.46875,-0.7089174454826646,raw,RAW_ONLY_REVIEW,True,,,AKAN_015,opend,POC,True,dual,raw/adjusted qualification mismatch
AKAN,Akanda,NASDAQ,2024-03-01,2024-05-30,2024-05-30,0.22,2.87,12.045454545454547,0.22,2.87,12.045454545454547,1237.5,403.59375,-0.6738636363636363,raw,RAW_ONLY_REVIEW,True,,,AKAN_015,opend,POC,True,dual,raw/adjusted qualification mismatch
AKAN,Akanda,NASDAQ,2024-03-04,2024-06-02,2024-06-03,0.210949,2.65,11.562278086172487,0.210949,2.65,11.562278086172487,1186.588125,372.65625,-0.6859430478456878,raw,RAW_ONLY_REVIEW,True,,,AKAN_015,opend,POC,True,dual,raw/adjusted qualification mismatch
AKAN,Akanda,NASDAQ,2024-03-05,2024-06-03,2024-06-03,0.195,2.65,12.58974358974359,0.195,2.65,12.58974358974359,1096.875,372.65625,-0.6602564102564102,raw,RAW_ONLY_REVIEW,True,,,AKAN_015,opend,POC,True,dual,raw/adjusted qualification mismatch
AKAN,Akanda,NASDAQ,2024-03-06,2024-06-04,2024-06-04,0.181,2.51,12.867403314917127,0.181,2.51,12.867403314917127,1018.125,352.96875,-0.6533149171270718,raw,RAW_ONLY_REVIEW,True,,,AKAN_015,opend,POC,True,dual,raw/adjusted qualification mismatch
AKAN,Akanda,NASDAQ,2024-03-07,2024-06-05,2024-06-05,0.1769,2.44,12.793103448275861,0.1769,2.44,12.793103448275861,995.0625,343.125,-0.6551724137931034,raw,RAW_ONLY_REVIEW,True,,,AKAN_015,opend,POC,True,dual,raw/adjusted qualification mismatch
AKAN,Akanda,NASDAQ,2024-03-08,2024-06-06,2024-06-06,0.1795,2.46,12.70473537604457,0.1795,2.46,12.70473537604457,1009.6875,345.9375,-0.6573816155988859,raw,RAW_ONLY_REVIEW,True,,,AKAN_015,opend,POC,True,dual,raw/adjusted qualification mismatch
AKAN,Akanda,NASDAQ,2024-03-11,2024-06-09,2024-06-10,0.1837,2.71,13.752313554708763,0.1837,2.71,13.752313554708763,1033.3125,381.09375,-0.6311921611322808,raw,RAW_ONLY_REVIEW,True,,,AKAN_015,opend,POC,True,dual,raw/adjusted qualification mismatch
AKAN,Akanda,NASDAQ,2024-03-12,2024-06-10,2024-06-10,0.1622,2.71,15.707768187422932,0.1622,2.71,15.707768187422932,912.375,381.09375,-0.5823057953144266,raw,RAW_ONLY_REVIEW,True,,,AKAN_015,opend,POC,True,dual,raw/adjusted qualification mismatch
AKAN,Akanda,NASDAQ,2024-03-13,2024-06-11,2024-06-11,0.1641,2.62,14.965874466788545,0.1641,2.62,14.965874466788545,923.0625,368.4375,-0.6008531383302864,raw,RAW_ONLY_REVIEW,True,,,AKAN_015,opend,POC,True,dual,raw/adjusted qualification mismatch
AKAN,Akanda,NASDAQ,2024-03-14,2024-06-12,2024-06-12,0.1569,2.45,14.61504142766093,0.1569,2.45,14.61504142766093,882.5625,344.53125,-0.6096239643084768,raw,RAW_ONLY_REVIEW,True,,,AKAN_015,opend,POC,True,dual,raw/adjusted qualification mismatch
AKAN,Akanda,NASDAQ,2024-03-15,2024-06-13,2024-06-13,0.17,2.52,13.823529411764705,0.17,2.52,13.823529411764705,956.25,354.375,-0.6294117647058823,raw,RAW_ONLY_REVIEW,True,,,AKAN_015,opend,POC,True,dual,raw/adjusted qualification mismatch
AKAN,Akanda,NASDAQ,2024-03-18,2024-06-16,2024-06-17,0.1737,2.27,12.068508923431203,0.1737,2.27,12.068508923431203,977.0625,319.21875,-0.67328727691422,raw,RAW_ONLY_REVIEW,True,,,AKAN_015,opend,POC,True,dual,raw/adjusted qualification mismatch
AKAN,Akanda,NASDAQ,2024-03-19,2024-06-17,2024-06-17,0.17845,2.27,11.720650042028579,0.17845,2.27,11.720650042028579,1003.78125,319.21875,-0.6819837489492855,raw,RAW_ONLY_REVIEW,True,,,AKAN_015,opend,POC,True,dual,raw/adjusted qualification mismatch
AKAN,Akanda,NASDAQ,2024-03-25,2024-06-23,2024-06-24,0.165,2.35,13.242424242424242,0.165,2.35,13.242424242424242,928.125,330.46875,-0.6439393939393939,raw,RAW_ONLY_REVIEW,True,,,AKAN_015,opend,POC,True,dual,raw/adjusted qualification mismatch
AKAN,Akanda,NASDAQ,2024-03-26,2024-06-24,2024-06-24,0.1646,2.35,13.277035236938033,0.1646,2.35,13.277035236938033,925.875,330.46875,-0.6430741190765492,raw,RAW_ONLY_REVIEW,True,,,AKAN_015,opend,POC,True,dual,raw/adjusted qualification mismatch
AKAN,Akanda,NASDAQ,2024-03-27,2024-06-25,2024-06-25,0.1649,2.39,13.493632504548213,0.1649,2.39,13.493632504548213,927.5625,336.09375,-0.6376591873862947,raw,RAW_ONLY_REVIEW,True,,,AKAN_015,opend,POC,True,dual,raw/adjusted qualification mismatch
AKAN,Akanda,NASDAQ,2024-03-28,2024-06-26,2024-06-26,0.1166,2.35,19.154373927958837,0.1166,2.35,19.154373927958837,655.875,330.46875,-0.4961406518010292,raw,RAW_ONLY_REVIEW,True,,,AKAN_015,opend,POC,True,dual,raw/adjusted qualification mismatch
AKAN,Akanda,NASDAQ,2024-04-01,2024-06-30,2024-07-01,0.1476,2.26,14.311653116531163,0.1476,2.26,14.311653116531163,830.25,317.8125,-0.6172086720867209,raw,RAW_ONLY_REVIEW,True,,,AKAN_015,opend,POC,True,dual,raw/adjusted qualification mismatch
AKAN,Akanda,NASDAQ,2024-04-02,2024-07-01,2024-07-01,0.1276,2.26,16.711598746081503,0.1276,2.26,16.711598746081503,717.75,317.8125,-0.5572100313479624,raw,RAW_ONLY_REVIEW,True,,,AKAN_015,opend,POC,True,dual,raw/adjusted qualification mismatch
AKAN,Akanda,NASDAQ,2024-04-03,2024-07-02,2024-07-02,0.1265,2.23,16.628458498023715,0.1265,2.23,16.628458498023715,711.5625,313.59375,-0.5592885375494071,raw,RAW_ONLY_REVIEW,True,,,AKAN_015,opend,POC,True,dual,raw/adjusted qualification mismatch
AKAN,Akanda,NASDAQ,2024-04-04,2024-07-03,2024-07-03,0.1203,2.23,17.53699085619285,0.1203,2.23,17.53699085619285,676.6875,313.59375,-0.5365752285951787,raw,RAW_ONLY_REVIEW,True,,,AKAN_015,opend,POC,True,dual,raw/adjusted qualification mismatch
AKAN,Akanda,NASDAQ,2024-04-05,2024-07-04,2024-07-05,0.1225,2.19,16.877551020408163,0.1225,2.19,16.877551020408163,689.0625,307.96875,-0.5530612244897959,raw,RAW_ONLY_REVIEW,True,,,AKAN_015,opend,POC,True,dual,raw/adjusted qualification mismatch
AKAN,Akanda,NASDAQ,2024-04-08,2024-07-07,2024-07-08,0.1201,2.27,17.90091590341382,0.1201,2.27,17.90091590341382,675.5625,319.21875,-0.5274771024146545,raw,RAW_ONLY_REVIEW,True,,,AKAN_015,opend,POC,True,dual,raw/adjusted qualification mismatch
AKAN,Akanda,NASDAQ,2024-04-09,2024-07-08,2024-07-08,0.1207,2.27,17.806959403479702,0.1207,2.27,17.806959403479702,678.9375,319.21875,-0.5298260149130074,raw,RAW_ONLY_REVIEW,True,,,AKAN_015,opend,POC,True,dual,raw/adjusted qualification mismatch
AKAN,Akanda,NASDAQ,2024-04-10,2024-07-09,2024-07-09,0.1196,2.25,17.812709030100336,0.1196,2.25,17.812709030100336,672.75,316.40625,-0.5296822742474916,raw,RAW_ONLY_REVIEW,True,,,AKAN_015,opend,POC,True,dual,raw/adjusted qualification mismatch
AKAN,Akanda,NASDAQ,2024-04-11,2024-07-10,2024-07-10,0.151,2.22,13.701986754966889,0.151,2.22,13.701986754966889,849.375,312.1875,-0.6324503311258278,raw,RAW_ONLY_REVIEW,True,,,AKAN_015,opend,POC,True,dual,raw/adjusted qualification mismatch
AKAN,Akanda,NASDAQ,2024-04-12,2024-07-11,2024-07-11,0.1544,2.18,13.119170984455959,0.1544,2.18,13.119170984455959,868.5,306.5625,-0.6470207253886011,raw,RAW_ONLY_REVIEW,True,,,AKAN_015,opend,POC,True,dual,raw/adjusted qualification mismatch
AKAN,Akanda,NASDAQ,2024-04-15,2024-07-14,2024-07-15,0.113,2.27,19.088495575221238,0.113,2.27,19.088495575221238,635.625,319.21875,-0.4977876106194691,raw,RAW_ONLY_REVIEW,True,,,AKAN_015,opend,POC,True,dual,raw/adjusted qualification mismatch
AKAN,Akanda,NASDAQ,2024-04-16,2024-07-15,2024-07-15,0.102,2.27,21.254901960784316,0.102,2.27,21.254901960784316,573.75,319.21875,-0.44362745098039214,raw,RAW_ONLY_REVIEW,True,,,AKAN_015,opend,POC,True,dual,raw/adjusted qualification mismatch
AKAN,Akanda,NASDAQ,2024-04-17,2024-07-16,2024-07-16,0.1045,2.24,20.435406698564595,0.1045,2.24,20.435406698564595,587.8125,315.0,-0.46411483253588515,raw,RAW_ONLY_REVIEW,True,,,AKAN_015,opend,POC,True,dual,raw/adjusted qualification mismatch
AKAN,Akanda,NASDAQ,2024-04-18,2024-07-17,2024-07-17,0.0941,2.31,23.548352816153027,0.0941,2.31,23.548352816153027,529.3125,324.84375,-0.3862911795961743,raw,RAW_ONLY_REVIEW,True,,,AKAN_015,opend,POC,True,dual,raw/adjusted qualification mismatch
AKAN,Akanda,NASDAQ,2024-04-19,2024-07-18,2024-07-18,0.0944,2.14,21.66949152542373,0.0944,2.14,21.66949152542373,531.0,300.9375,-0.4332627118644068,raw,RAW_ONLY_REVIEW,True,,,AKAN_015,opend,POC,True,dual,raw/adjusted qualification mismatch
AKAN,Akanda,NASDAQ,2024-04-22,2024-07-21,2024-07-22,0.0913,2.02,21.12486308871851,0.0913,2.02,21.12486308871851,513.5625,284.0625,-0.44687842278203727,raw,RAW_ONLY_REVIEW,True,,,AKAN_015,opend,POC,True,dual,raw/adjusted qualification mismatch
AKAN,Akanda,NASDAQ,2024-04-23,2024-07-22,2024-07-22,0.0919,2.02,20.980413492927095,0.0919,2.02,20.980413492927095,516.9375,284.0625,-0.45048966267682267,raw,RAW_ONLY_REVIEW,True,,,AKAN_015,opend,POC,True,dual,raw/adjusted qualification mismatch
AKAN,Akanda,NASDAQ,2024-04-24,2024-07-23,2024-07-23,0.0897,2.03,21.630992196209586,0.0897,2.03,21.630992196209586,504.5625,285.46875,-0.4342251950947603,raw,RAW_ONLY_REVIEW,True,,,AKAN_015,opend,POC,True,dual,raw/adjusted qualification mismatch
AKAN,Akanda,NASDAQ,2024-04-25,2024-07-24,2024-07-24,0.0915,1.61,16.59562841530055,0.0915,1.61,16.59562841530055,514.6875,226.40625,-0.5601092896174864,raw,RAW_ONLY_REVIEW,True,,,AKAN_015,opend,POC,True,dual,raw/adjusted qualification mismatch
AKAN,Akanda,NASDAQ,2024-04-26,2024-07-25,2024-07-25,0.103,1.64,14.922330097087379,0.103,1.64,14.922330097087379,579.375,230.625,-0.6019417475728155,raw,RAW_ONLY_REVIEW,True,,,AKAN_015,opend,POC,True,dual,raw/adjusted qualification mismatch
AKAN,Akanda,NASDAQ,2024-04-29,2024-07-28,2024-07-29,0.09,1.57,16.444444444444446,0.09,1.57,16.444444444444446,506.25,220.78125,-0.5638888888888889,raw,RAW_ONLY_REVIEW,True,,,AKAN_015,opend,POC,True,dual,raw/adjusted qualification mismatch
AKAN,Akanda,NASDAQ,2024-04-30,2024-07-29,2024-07-29,0.093,1.57,15.881720430107528,0.093,1.57,15.881720430107528,523.125,220.78125,-0.5779569892473118,raw,RAW_ONLY_REVIEW,True,,,AKAN_015,opend,POC,True,dual,raw/adjusted qualification mismatch
AKAN,Akanda,NASDAQ,2024-05-01,2024-07-30,2024-07-30,0.1166,1.46,11.521440823327616,0.1166,1.46,11.521440823327616,655.875,205.3125,-0.6869639794168096,raw,RAW_ONLY_REVIEW,True,,,AKAN_015,opend,POC,True,dual,raw/adjusted qualification mismatch
AKAN,Akanda,NASDAQ,2024-05-02,2024-07-31,2024-07-31,0.0969,1.5,14.479876160990711,0.0969,1.5,14.479876160990711,545.0625,210.9375,-0.6130030959752322,raw,RAW_ONLY_REVIEW,True,,,AKAN_015,opend,POC,True,dual,raw/adjusted qualification mismatch
AKAN,Akanda,NASDAQ,2024-05-03,2024-08-01,2024-08-01,0.0905,1.45,15.022099447513813,0.0905,1.45,15.022099447513813,509.0625,203.90625,-0.5994475138121547,raw,RAW_ONLY_REVIEW,True,,,AKAN_015,opend,POC,True,dual,raw/adjusted qualification mismatch
AKAN,Akanda,NASDAQ,2024-05-06,2024-08-04,2024-08-05,0.091,1.44,14.824175824175825,0.091,1.44,14.824175824175825,511.875,202.5,-0.6043956043956045,raw,RAW_ONLY_REVIEW,True,,,AKAN_015,opend,POC,True,dual,raw/adjusted qualification mismatch
AKAN,Akanda,NASDAQ,2024-05-07,2024-08-05,2024-08-05,0.0905,1.44,14.911602209944752,0.0905,1.44,14.911602209944752,509.0625,202.5,-0.6022099447513812,raw,RAW_ONLY_REVIEW,True,,,AKAN_015,opend,POC,True,dual,raw/adjusted qualification mismatch
AKAN,Akanda,NASDAQ,2024-05-08,2024-08-06,2024-08-06,0.0891,1.37,14.37598204264871,0.0891,1.37,14.37598204264871,501.1875,192.65625,-0.6156004489337823,raw,RAW_ONLY_REVIEW,True,,,AKAN_015,opend,POC,True,dual,raw/adjusted qualification mismatch
AKAN,Akanda,NASDAQ,2024-05-09,2024-08-07,2024-08-07,0.0915,1.32,13.426229508196723,0.0915,1.32,13.426229508196723,514.6875,185.625,-0.639344262295082,raw,RAW_ONLY_REVIEW,True,,,AKAN_015,opend,POC,True,dual,raw/adjusted qualification mismatch
AKAN,Akanda,NASDAQ,2024-05-10,2024-08-08,2024-08-08,0.0982,1.24,11.627291242362526,0.0982,1.24,11.627291242362526,552.375,174.375,-0.6843177189409368,raw,RAW_ONLY_REVIEW,True,,,AKAN_015,opend,POC,True,dual,raw/adjusted qualification mismatch
AKAN,Akanda,NASDAQ,2024-05-13,2024-08-11,2024-08-12,0.0926,1.36,13.686825053995682,0.0926,1.36,13.686825053995682,520.875,191.25,-0.632829373650108,raw,RAW_ONLY_REVIEW,True,,,AKAN_015,opend,POC,True,dual,raw/adjusted qualification mismatch
AKAN,Akanda,NASDAQ,2024-05-14,2024-08-12,2024-08-12,0.088,1.36,14.454545454545457,0.088,1.36,14.454545454545457,495.0,191.25,-0.6136363636363636,raw,RAW_ONLY_REVIEW,True,,,AKAN_015,opend,POC,True,dual,raw/adjusted qualification mismatch
AKAN,Akanda,NASDAQ,2024-05-15,2024-08-13,2024-08-13,0.104,1.46,13.038461538461538,0.104,1.46,13.038461538461538,585.0,205.3125,-0.6490384615384616,raw,RAW_ONLY_REVIEW,True,,,AKAN_015,opend,POC,True,dual,raw/adjusted qualification mismatch
AKAN,Akanda,NASDAQ,2024-05-16,2024-08-14,2024-08-14,0.1325,1.49,10.245283018867925,0.1325,1.49,10.245283018867925,745.3125,209.53125,-0.7188679245283018,raw,RAW_ONLY_REVIEW,True,,,AKAN_015,opend,POC,True,dual,raw/adjusted qualification mismatch
AKAN,Akanda,NASDAQ,2024-05-21,2024-08-19,2024-08-19,0.093,1.43,14.376344086021504,0.093,1.43,14.376344086021504,523.125,201.09375,-0.6155913978494624,raw,RAW_ONLY_REVIEW,True,,,AKAN_015,opend,POC,True,dual,raw/adjusted qualification mismatch
AKAN,Akanda,NASDAQ,2024-05-22,2024-08-20,2024-08-20,0.0916,1.4,14.283842794759824,0.0916,1.4,14.283842794759824,515.25,196.875,-0.6179039301310043,raw,RAW_ONLY_REVIEW,True,,,AKAN_015,opend,POC,True,dual,raw/adjusted qualification mismatch
AKTX,Akari Therapeutics,NASDAQ,2015-06-19,2015-09-17,2015-09-17,0.61,19.675,31.25409836065574,0.61,19.675,31.25409836065574,4880.0,15740.0,2.2254098360655736,raw,RAW_ONLY_REVIEW,True,,,AKTX_016,opend,POC,True,dual,raw/adjusted qualification mismatch
AKTX,Akari Therapeutics,NASDAQ,2015-06-22,2015-09-20,2015-09-21,0.61,31.5,50.63934426229508,0.61,31.5,50.63934426229508,4880.0,25200.0,4.163934426229508,raw,RAW_ONLY_REVIEW,True,,,AKTX_016,opend,POC,True,dual,raw/adjusted qualification mismatch
AKTX,Akari Therapeutics,NASDAQ,2015-06-23,2015-09-21,2015-09-21,0.635,31.5,48.60629921259842,0.635,31.5,48.60629921259842,5080.0,25200.0,3.9606299212598426,raw,RAW_ONLY_REVIEW,True,,,AKTX_016,opend,POC,True,dual,raw/adjusted qualification mismatch
AKTX,Akari Therapeutics,NASDAQ,2015-06-24,2015-09-22,2015-09-22,0.62,24.25,38.11290322580645,0.62,24.25,38.11290322580645,4960.0,19400.0,2.911290322580645,raw,RAW_ONLY_REVIEW,True,,,AKTX_016,opend,POC,True,dual,raw/adjusted qualification mismatch
AKTX,Akari Therapeutics,NASDAQ,2015-06-25,2015-09-23,2015-09-23,0.64,28.63,43.734375,0.64,28.63,43.734375,5120.0,22904.0,3.4734375,raw,RAW_ONLY_REVIEW,True,,,AKTX_016,opend,POC,True,dual,raw/adjusted qualification mismatch
AKTX,Akari Therapeutics,NASDAQ,2015-06-26,2015-09-24,2015-09-24,0.65,26.2,39.30769230769231,0.65,26.2,39.30769230769231,5200.0,20960.0,3.0307692307692307,raw,RAW_ONLY_REVIEW,True,,,AKTX_016,opend,POC,True,dual,raw/adjusted qualification mismatch
AKTX,Akari Therapeutics,NASDAQ,2015-06-29,2015-09-27,2015-09-28,0.59,24.75,40.949152542372886,0.59,24.75,40.949152542372886,4720.0,19800.0,3.194915254237288,raw,RAW_ONLY_REVIEW,True,,,AKTX_016,opend,POC,True,dual,raw/adjusted qualification mismatch
AKTX,Akari Therapeutics,NASDAQ,2015-06-30,2015-09-28,2015-09-28,0.58,24.75,41.67241379310345,0.58,24.75,41.67241379310345,4640.0,19800.0,3.267241379310345,raw,RAW_ONLY_REVIEW,True,,,AKTX_016,opend,POC,True,dual,raw/adjusted qualification mismatch
AKTX,Akari Therapeutics,NASDAQ,2015-07-01,2015-09-29,2015-09-29,0.58,23.09,38.810344827586206,0.58,23.09,38.810344827586206,4640.0,18472.0,2.981034482758621,raw,RAW_ONLY_REVIEW,True,,,AKTX_016,opend,POC,True,dual,raw/adjusted qualification mismatch
AKTX,Akari Therapeutics,NASDAQ,2015-07-02,2015-09-30,2015-09-30,0.6199,23.995,37.707856105823524,0.6199,23.995,37.707856105823524,4959.2,19196.0,2.870785610582352,raw,RAW_ONLY_REVIEW,True,,,AKTX_016,opend,POC,True,dual,raw/adjusted qualification mismatch
AKTX,Akari Therapeutics,NASDAQ,2015-07-06,2015-10-04,2015-10-05,0.5972,19.4202,31.51875418620228,0.5972,19.4202,31.51875418620228,4777.6,15536.16,2.2518754186202274,raw,RAW_ONLY_REVIEW,True,,,AKTX_016,opend,POC,True,dual,raw/adjusted qualification mismatch
AKTX,Akari Therapeutics,NASDAQ,2015-07-07,2015-10-05,2015-10-05,0.5901,19.4202,31.91001525165227,0.5901,19.4202,31.91001525165227,4720.8,15536.16,2.291001525165226,raw,RAW_ONLY_REVIEW,True,,,AKTX_016,opend,POC,True,dual,raw/adjusted qualification mismatch
AKTX,Akari Therapeutics,NASDAQ,2015-07-08,2015-10-06,2015-10-06,0.56,19.39,33.625,0.56,19.39,33.625,4480.0,15512.0,2.4625,raw,RAW_ONLY_REVIEW,True,,,AKTX_016,opend,POC,True,dual,raw/adjusted qualification mismatch
AKTX,Akari Therapeutics,NASDAQ,2015-07-09,2015-10-07,2015-10-07,0.51,20.09,38.3921568627451,0.51,20.09,38.3921568627451,4080.0,16072.0,2.93921568627451,raw,RAW_ONLY_REVIEW,True,,,AKTX_016,opend,POC,True,dual,raw/adjusted qualification mismatch
AKTX,Akari Therapeutics,NASDAQ,2015-07-10,2015-10-08,2015-10-08,0.49,19.6344,39.07020408163265,0.49,19.6344,39.07020408163265,3920.0,15707.52,3.0070204081632657,raw,RAW_ONLY_REVIEW,True,,,AKTX_016,opend,POC,True,dual,raw/adjusted qualification mismatch
AKTX,Akari Therapeutics,NASDAQ,2015-07-13,2015-10-11,2015-10-12,0.65,21.25,31.692307692307693,0.65,21.25,31.692307692307693,5200.0,17000.0,2.269230769230769,raw,RAW_ONLY_REVIEW,True,,,AKTX_016,opend,POC,True,dual,raw/adjusted qualification mismatch
AKTX,Akari Therapeutics,NASDAQ,2015-07-14,2015-10-12,2015-10-12,0.69,21.25,29.797101449275363,0.69,21.25,29.797101449275363,5520.0,17000.0,2.079710144927536,raw,RAW_ONLY_REVIEW,True,,,AKTX_016,opend,POC,True,dual,raw/adjusted qualification mismatch
AKTX,Akari Therapeutics,NASDAQ,2015-07-15,2015-10-13,2015-10-13,0.632,18.3,27.955696202531648,0.632,18.3,27.955696202531648,5056.0,14640.0,1.8955696202531644,raw,RAW_ONLY_REVIEW,True,,,AKTX_016,opend,POC,True,dual,raw/adjusted qualification mismatch
AKTX,Akari Therapeutics,NASDAQ,2015-07-16,2015-10-14,2015-10-14,0.6,18.99,30.65,0.6,18.99,30.65,4800.0,15191.999999999,2.1649999999997918,raw,RAW_ONLY_REVIEW,True,,,AKTX_016,opend,POC,True,dual,raw/adjusted qualification mismatch
AKTX,Akari Therapeutics,NASDAQ,2015-07-17,2015-10-15,2015-10-15,0.64,18.6,28.0625,0.64,18.6,28.0625,5120.0,14880.0,1.90625,raw,RAW_ONLY_REVIEW,True,,,AKTX_016,opend,POC,True,dual,raw/adjusted qualification mismatch
AKTX,Akari Therapeutics,NASDAQ,2015-07-20,2015-10-18,2015-10-20,0.61,18.53,29.377049180327873,0.61,18.53,29.377049180327873,4880.0,14824.0,2.037704918032787,raw,RAW_ONLY_REVIEW,True,,,AKTX_016,opend,POC,True,dual,raw/adjusted qualification mismatch
AKTX,Akari Therapeutics,NASDAQ,2015-07-21,2015-10-19,2015-10-20,0.565,18.53,31.796460176991154,0.565,18.53,31.796460176991154,4520.0,14824.0,2.279646017699115,raw,RAW_ONLY_REVIEW,True,,,AKTX_016,opend,POC,True,dual,raw/adjusted qualification mismatch
AKTX,Akari Therapeutics,NASDAQ,2015-07-22,2015-10-20,2015-10-20,0.6,18.53,29.883333333333336,0.6,18.53,29.883333333333336,4800.0,14824.0,2.0883333333333334,raw,RAW_ONLY_REVIEW,True,,,AKTX_016,opend,POC,True,dual,raw/adjusted qualification mismatch
AKTX,Akari Therapeutics,NASDAQ,2015-07-23,2015-10-21,2015-10-21,0.61,19.1,30.311475409836067,0.61,19.1,30.311475409836067,4880.0,15280.0,2.1311475409836067,raw,RAW_ONLY_REVIEW,True,,,AKTX_016,opend,POC,True,dual,raw/adjusted qualification mismatch
AKTX,Akari Therapeutics,NASDAQ,2015-07-24,2015-10-22,2015-10-22,0.5644,18.99,32.64635010630758,0.5644,18.99,32.64635010630758,4515.2,15191.999999999,2.3646350106305367,raw,RAW_ONLY_REVIEW,True,,,AKTX_016,opend,POC,True,dual,raw/adjusted qualification mismatch
AKTX,Akari Therapeutics,NASDAQ,2015-07-27,2015-10-25,2015-10-26,0.525,19.94,36.98095238095238,0.525,19.94,36.98095238095238,4200.0,15952.0,2.798095238095238,raw,RAW_ONLY_REVIEW,True,,,AKTX_016,opend,POC,True,dual,raw/adjusted qualification mismatch
AKTX,Akari Therapeutics,NASDAQ,2015-07-28,2015-10-26,2015-10-26,0.57,19.94,33.982456140350884,0.57,19.94,33.982456140350884,4560.0,15952.0,2.498245614035088,raw,RAW_ONLY_REVIEW,True,,,AKTX_016,opend,POC,True,dual,raw/adjusted qualification mismatch
AKTX,Akari Therapeutics,NASDAQ,2015-07-29,2015-10-27,2015-10-27,0.5899,18.1,29.683166638413294,0.5899,18.1,29.683166638413294,4719.2,14480.0,2.0683166638413293,raw,RAW_ONLY_REVIEW,True,,,AKTX_016,opend,POC,True,dual,raw/adjusted qualification mismatch
AKTX,Akari Therapeutics,NASDAQ,2015-07-30,2015-10-28,2015-10-28,0.58,18.79,31.39655172413793,0.58,18.79,31.39655172413793,4640.0,15032.0,2.239655172413793,raw,RAW_ONLY_REVIEW,True,,,AKTX_016,opend,POC,True,dual,raw/adjusted qualification mismatch
AKTX,Akari Therapeutics,NASDAQ,2015-07-31,2015-10-29,2015-10-29,0.57,18.473,31.40877192982456,0.57,18.473,31.40877192982456,4560.0,14778.4,2.240877192982456,raw,RAW_ONLY_REVIEW,True,,,AKTX_016,opend,POC,True,dual,raw/adjusted qualification mismatch
AKTX,Akari Therapeutics,NASDAQ,2015-08-03,2015-11-01,2015-11-02,0.5401,19.29,34.71560822069987,0.5401,19.29,34.71560822069987,4320.8,15432.0,2.571560822069987,raw,RAW_ONLY_REVIEW,True,,,AKTX_016,opend,POC,True,dual,raw/adjusted qualification mismatch
AKTX,Akari Therapeutics,NASDAQ,2015-08-04,2015-11-02,2015-11-02,0.5541,19.29,33.81321061180292,0.5541,19.29,33.81321061180292,4432.8,15432.0,2.4813210611802923,raw,RAW_ONLY_REVIEW,True,,,AKTX_016,opend,POC,True,dual,raw/adjusted qualification mismatch
AKTX,Akari Therapeutics,NASDAQ,2015-08-05,2015-11-03,2015-11-03,0.54,19.11,34.388888888888886,0.54,19.11,34.388888888888886,4320.0,15288.0,2.5388888888888888,raw,RAW_ONLY_REVIEW,True,,,AKTX_016,opend,POC,True,dual,raw/adjusted qualification mismatch
AKTX,Akari Therapeutics,NASDAQ,2015-08-06,2015-11-04,2015-11-04,0.5501,19.1,33.720959825486275,0.5501,19.1,33.720959825486275,4400.8,15280.0,2.4720959825486273,raw,RAW_ONLY_REVIEW,True,,,AKTX_016,opend,POC,True,dual,raw/adjusted qualification mismatch
AKTX,Akari Therapeutics,NASDAQ,2015-08-07,2015-11-05,2015-11-05,0.64,19.2,29.0,0.64,19.2,29.0,5120.0,15360.0,2.0,raw,RAW_ONLY_REVIEW,True,,,AKTX_016,opend,POC,True,dual,raw/adjusted qualification mismatch
AKTX,Akari Therapeutics,NASDAQ,2015-08-10,2015-11-08,2015-11-09,0.677,19.3,27.50812407680945,0.677,19.3,27.50812407680945,5416.0,15440.0,1.8508124076809453,raw,RAW_ONLY_REVIEW,True,,,AKTX_016,opend,POC,True,dual,raw/adjusted qualification mismatch
AKTX,Akari Therapeutics,NASDAQ,2015-08-11,2015-11-09,2015-11-09,0.65,19.3,28.692307692307693,0.65,19.3,28.692307692307693,5200.0,15440.0,1.9692307692307693,raw,RAW_ONLY_REVIEW,True,,,AKTX_016,opend,POC,True,dual,raw/adjusted qualification mismatch
AKTX,Akari Therapeutics,NASDAQ,2015-08-12,2015-11-10,2015-11-10,0.6489,19.125,28.472954230235782,0.6489,19.125,28.472954230235782,5191.2,15300.0,1.9472954230235784,raw,RAW_ONLY_REVIEW,True,,,AKTX_016,opend,POC,True,dual,raw/adjusted qualification mismatch
AKTX,Akari Therapeutics,NASDAQ,2015-08-13,2015-11-11,2015-11-11,0.64,19.03,28.734375,0.64,19.03,28.734375,5120.0,15224.0,1.9734375000000002,raw,RAW_ONLY_REVIEW,True,,,AKTX_016,opend,POC,True,dual,raw/adjusted qualification mismatch
AKTX,Akari Therapeutics,NASDAQ,2015-08-14,2015-11-12,2015-11-12,0.5832,19.03,31.630315500685867,0.5832,19.03,31.630315500685867,4665.6,15224.0,2.263031550068587,raw,RAW_ONLY_REVIEW,True,,,AKTX_016,opend,POC,True,dual,raw/adjusted qualification mismatch
AKTX,Akari Therapeutics,NASDAQ,2015-08-17,2015-11-15,2015-11-16,0.6101,19.0,30.142435666284218,0.6101,19.0,30.142435666284218,4880.8,15200.0,2.1142435666284216,raw,RAW_ONLY_REVIEW,True,,,AKTX_016,opend,POC,True,dual,raw/adjusted qualification mismatch
AKTX,Akari Therapeutics,NASDAQ,2015-08-18,2015-11-16,2015-11-16,1.02,19.0,17.627450980392158,1.02,19.0,17.627450980392158,8160.0,15200.0,0.8627450980392157,raw,RAW_ONLY_REVIEW,True,,,AKTX_016,opend,POC,True,dual,raw/adjusted qualification mismatch
AKTX,Akari Therapeutics,NASDAQ,2023-05-19,2023-08-17,2023-08-17,0.2078,3.1,13.918190567853705,0.2078,3.1,13.918190567853705,166.24,124.0,-0.2540904716073148,raw,RAW_ONLY_REVIEW,True,,,AKTX_017,opend,POC,True,dual,raw/adjusted qualification mismatch
AKTX,Akari Therapeutics,NASDAQ,2023-05-22,2023-08-20,2023-08-21,0.203,3.55,16.487684729064036,0.203,3.55,16.487684729064036,162.4,142.0,-0.12561576354679804,raw,RAW_ONLY_REVIEW,True,,,AKTX_017,opend,POC,True,dual,raw/adjusted qualification mismatch
AKTX,Akari Therapeutics,NASDAQ,2023-05-23,2023-08-21,2023-08-21,0.1877,3.55,17.91315929675013,0.1877,3.55,17.91315929675013,150.16,142.0,-0.05434203516249336,raw,RAW_ONLY_REVIEW,True,,,AKTX_017,opend,POC,True,dual,raw/adjusted qualification mismatch
AKTX,Akari Therapeutics,NASDAQ,2023-05-24,2023-08-22,2023-08-22,0.19,3.55,17.684210526315788,0.19,3.55,17.684210526315788,152.0,142.0,-0.06578947368421051,raw,RAW_ONLY_REVIEW,True,,,AKTX_017,opend,POC,True,dual,raw/adjusted qualification mismatch
AKTX,Akari Therapeutics,NASDAQ,2023-05-25,2023-08-23,2023-08-23,0.1734,3.645,20.02076124567474,0.1734,3.645,20.02076124567474,138.72,145.8,0.051038062283737196,raw,RAW_ONLY_REVIEW,True,,,AKTX_017,opend,POC,True,dual,raw/adjusted qualification mismatch
AKTX,Akari Therapeutics,NASDAQ,2023-05-26,2023-08-24,2023-08-24,0.1851,3.43,17.53052404105889,0.1851,3.43,17.53052404105889,148.08,137.2,-0.07347379794705577,raw,RAW_ONLY_REVIEW,True,,,AKTX_017,opend,POC,True,dual,raw/adjusted qualification mismatch
AKTX,Akari Therapeutics,NASDAQ,2023-05-30,2023-08-28,2023-08-28,0.1854,3.5746,18.28047464940669,0.1854,3.5746,18.28047464940669,148.32,142.984,-0.03597626752966543,raw,RAW_ONLY_REVIEW,True,,,AKTX_017,opend,POC,True,dual,raw/adjusted qualification mismatch
AKTX,Akari Therapeutics,NASDAQ,2023-05-31,2023-08-29,2023-08-29,0.1769,3.58,19.237422272470322,0.1769,3.58,19.237422272470322,141.52,143.2,0.011871113623515894,raw,RAW_ONLY_REVIEW,True,,,AKTX_017,opend,POC,True,dual,raw/adjusted qualification mismatch
AKTX,Akari Therapeutics,NASDAQ,2023-06-01,2023-08-30,2023-08-30,0.1611,3.37,19.91868404717567,0.1611,3.37,19.91868404717567,128.88,134.8,0.04593420235878343,raw,RAW_ONLY_REVIEW,True,,,AKTX_017,opend,POC,True,dual,raw/adjusted qualification mismatch
AKTX,Akari Therapeutics,NASDAQ,2023-06-02,2023-08-31,2023-08-31,0.1621,3.15,18.432449105490438,0.1621,3.15,18.432449105490438,129.68,126.0,-0.028377544725478154,raw,RAW_ONLY_REVIEW,True,,,AKTX_017,opend,POC,True,dual,raw/adjusted qualification mismatch
AKTX,Akari Therapeutics,NASDAQ,2023-06-05,2023-09-03,2023-09-05,0.1609,3.12,18.39092604101927,0.1609,3.12,18.39092604101927,128.719999999,124.8,-0.030453697941504543,raw,RAW_ONLY_REVIEW,True,,,AKTX_017,opend,POC,True,dual,raw/adjusted qualification mismatch
AKTX,Akari Therapeutics,NASDAQ,2023-06-06,2023-09-04,2023-09-05,0.1602,3.12,18.47565543071161,0.1602,3.12,18.47565543071161,128.16,124.8,-0.02621722846441943,raw,RAW_ONLY_REVIEW,True,,,AKTX_017,opend,POC,True,dual,raw/adjusted qualification mismatch
AKTX,Akari Therapeutics,NASDAQ,2023-06-07,2023-09-05,2023-09-05,0.1629,3.12,18.152854511970535,0.1629,3.12,18.152854511970535,130.319999999,124.8,-0.042357274394124955,raw,RAW_ONLY_REVIEW,True,,,AKTX_017,opend,POC,True,dual,raw/adjusted qualification mismatch
AKTX,Akari Therapeutics,NASDAQ,2023-06-08,2023-09-06,2023-09-06,0.162,3.18,18.62962962962963,0.162,3.18,18.62962962962963,129.6,127.2,-0.01851851851851849,raw,RAW_ONLY_REVIEW,True,,,AKTX_017,opend,POC,True,dual,raw/adjusted qualification mismatch
AKTX,Akari Therapeutics,NASDAQ,2023-06-09,2023-09-07,2023-09-07,0.156,3.63,22.26923076923077,0.156,3.63,22.26923076923077,124.8,145.2,0.16346153846153832,raw,RAW_ONLY_REVIEW,True,,,AKTX_017,opend,POC,True,dual,raw/adjusted qualification mismatch
AKTX,Akari Therapeutics,NASDAQ,2023-06-12,2023-09-10,2023-09-11,0.1592,3.5074,21.031407035175878,0.1592,3.5074,21.031407035175878,127.36,140.296,0.10157035175879381,raw,RAW_ONLY_REVIEW,True,,,AKTX_017,opend,POC,True,dual,raw/adjusted qualification mismatch
AKTX,Akari Therapeutics,NASDAQ,2023-06-13,2023-09-11,2023-09-11,0.158,3.5074,21.19873417721519,0.158,3.5074,21.19873417721519,126.4,140.296,0.10993670886075946,raw,RAW_ONLY_REVIEW,True,,,AKTX_017,opend,POC,True,dual,raw/adjusted qualification mismatch
AKTX,Akari Therapeutics,NASDAQ,2023-06-14,2023-09-12,2023-09-12,0.1629,3.68,21.590546347452428,0.1629,3.68,21.590546347452428,130.319999999,147.2,0.12952731738128853,raw,RAW_ONLY_REVIEW,True,,,AKTX_017,opend,POC,True,dual,raw/adjusted qualification mismatch
AKTX,Akari Therapeutics,NASDAQ,2023-06-15,2023-09-13,2023-09-13,0.159,3.58,21.51572327044025,0.159,3.58,21.51572327044025,127.2,143.2,0.12578616352201255,raw,RAW_ONLY_REVIEW,True,,,AKTX_017,opend,POC,True,dual,raw/adjusted qualification mismatch
AKTX,Akari Therapeutics,NASDAQ,2023-06-16,2023-09-14,2023-09-14,0.1571,3.65,22.23360916613622,0.1571,3.65,22.23360916613622,125.679999999,146.0,0.16168045831605404,raw,RAW_ONLY_REVIEW,True,,,AKTX_017,opend,POC,True,dual,raw/adjusted qualification mismatch
AKTX,Akari Therapeutics,NASDAQ,2023-06-20,2023-09-18,2023-09-18,0.16,3.695,22.09375,0.16,3.695,22.09375,128.0,147.8,0.1546875000000001,raw,RAW_ONLY_REVIEW,True,,,AKTX_017,opend,POC,True,dual,raw/adjusted qualification mismatch
AKTX,Akari Therapeutics,NASDAQ,2023-06-21,2023-09-19,2023-09-19,0.1557,3.65,22.44251766217084,0.1557,3.65,22.44251766217084,124.56,146.0,0.17212588310854215,raw,RAW_ONLY_REVIEW,True,,,AKTX_017,opend,POC,True,dual,raw/adjusted qualification mismatch
AKTX,Akari Therapeutics,NASDAQ,2023-06-22,2023-09-20,2023-09-20,0.1649,3.6058,20.866585809581565,0.1649,3.6058,20.866585809581565,131.92,144.232,0.09332929047907834,raw,RAW_ONLY_REVIEW,True,,,AKTX_017,opend,POC,True,dual,raw/adjusted qualification mismatch
AKTX,Akari Therapeutics,NASDAQ,2023-06-23,2023-09-21,2023-09-21,0.1613,3.485,20.605703657780534,0.1613,3.485,20.605703657780534,129.04,139.4,0.08028518288902675,raw,RAW_ONLY_REVIEW,True,,,AKTX_017,opend,POC,True,dual,raw/adjusted qualification mismatch
AKTX,Akari Therapeutics,NASDAQ,2023-06-26,2023-09-24,2023-09-25,0.1605,3.85,22.98753894080997,0.1605,3.85,22.98753894080997,128.4,154.0,0.19937694704049846,raw,RAW_ONLY_REVIEW,True,,,AKTX_017,opend,POC,True,dual,raw/adjusted qualification mismatch
AKTX,Akari Therapeutics,NASDAQ,2023-06-27,2023-09-25,2023-09-25,0.1629,3.85,22.634131368938,0.1629,3.85,22.634131368938,130.319999999,154.0,0.18170656845596755,raw,RAW_ONLY_REVIEW,True,,,AKTX_017,opend,POC,True,dual,raw/adjusted qualification mismatch
AKTX,Akari Therapeutics,NASDAQ,2023-06-28,2023-09-26,2023-09-26,0.1624,4.05,23.9384236453202,0.1624,4.05,23.9384236453202,129.919999999,162.0,0.24692118227560744,raw,RAW_ONLY_REVIEW,True,,,AKTX_017,opend,POC,True,dual,raw/adjusted qualification mismatch
AKTX,Akari Therapeutics,NASDAQ,2023-06-29,2023-09-27,2023-09-27,0.1652,4.05,23.515738498789343,0.1652,4.05,23.515738498789343,132.16,162.0,0.22578692493946728,raw,RAW_ONLY_REVIEW,True,,,AKTX_017,opend,POC,True,dual,raw/adjusted qualification mismatch
AKTX,Akari Therapeutics,NASDAQ,2023-06-30,2023-09-28,2023-09-28,0.17,4.08,23.0,0.17,4.08,23.0,136.0,163.2,0.19999999999999996,raw,RAW_ONLY_REVIEW,True,,,AKTX_017,opend,POC,True,dual,raw/adjusted qualification mismatch
AKTX,Akari Therapeutics,NASDAQ,2023-07-03,2023-10-01,2023-10-02,0.1656,3.6123,20.81340579710145,0.1656,3.6123,20.81340579710145,132.48,144.492,0.09067028985507242,raw,RAW_ONLY_REVIEW,True,,,AKTX_017,opend,POC,True,dual,raw/adjusted qualification mismatch
AKTX,Akari Therapeutics,NASDAQ,2023-07-05,2023-10-03,2023-10-03,0.1702,3.84,21.56169212690952,0.1702,3.84,21.56169212690952,136.159999999,153.6,0.12808460635376084,raw,RAW_ONLY_REVIEW,True,,,AKTX_017,opend,POC,True,dual,raw/adjusted qualification mismatch
AKTX,Akari Therapeutics,NASDAQ,2023-07-06,2023-10-04,2023-10-04,0.1735,3.64,19.979827089337178,0.1735,3.64,19.979827089337178,138.8,145.6,0.04899135446685876,raw,RAW_ONLY_REVIEW,True,,,AKTX_017,opend,POC,True,dual,raw/adjusted qualification mismatch
AKTX,Akari Therapeutics,NASDAQ,2023-07-07,2023-10-05,2023-10-05,0.1789,3.64,19.346562325321408,0.1789,3.64,19.346562325321408,143.12,145.6,0.017328116266070337,raw,RAW_ONLY_REVIEW,True,,,AKTX_017,opend,POC,True,dual,raw/adjusted qualification mismatch
AKTX,Akari Therapeutics,NASDAQ,2023-07-10,2023-10-08,2023-10-09,0.18,3.67,19.38888888888889,0.18,3.67,19.38888888888889,144.0,146.8,0.019444444444444597,raw,RAW_ONLY_REVIEW,True,,,AKTX_017,opend,POC,True,dual,raw/adjusted qualification mismatch
AKTX,Akari Therapeutics,NASDAQ,2023-07-11,2023-10-09,2023-10-09,0.18,3.67,19.38888888888889,0.18,3.67,19.38888888888889,144.0,146.8,0.019444444444444597,raw,RAW_ONLY_REVIEW,True,,,AKTX_017,opend,POC,True,dual,raw/adjusted qualification mismatch
AKTX,Akari Therapeutics,NASDAQ,2023-07-12,2023-10-10,2023-10-10,0.1707,3.5699,19.91329818394845,0.1707,3.5699,19.91329818394845,136.56,142.796,0.04566490919742239,raw,RAW_ONLY_REVIEW,True,,,AKTX_017,opend,POC,True,dual,raw/adjusted qualification mismatch
AKTX,Akari Therapeutics,NASDAQ,2023-07-13,2023-10-11,2023-10-11,0.1812,3.61,18.922737306843267,0.1812,3.61,18.922737306843267,144.96,144.4,-0.003863134657836609,raw,RAW_ONLY_REVIEW,True,,,AKTX_017,opend,POC,True,dual,raw/adjusted qualification mismatch
AKTX,Akari Therapeutics,NASDAQ,2023-07-14,2023-10-12,2023-10-12,0.1713,3.51,19.49036777583187,0.1713,3.51,19.49036777583187,137.04,140.4,0.024518388791593848,raw,RAW_ONLY_REVIEW,True,,,AKTX_017,opend,POC,True,dual,raw/adjusted qualification mismatch
AKTX,Akari Therapeutics,NASDAQ,2023-07-17,2023-10-15,2023-10-16,0.171,3.447,19.157894736842103,0.171,3.447,19.157894736842103,136.8,137.88,0.007894736842105177,raw,RAW_ONLY_REVIEW,True,,,AKTX_017,opend,POC,True,dual,raw/adjusted qualification mismatch
AKTX,Akari Therapeutics,NASDAQ,2023-07-18,2023-10-16,2023-10-16,0.174,3.447,18.81034482758621,0.174,3.447,18.81034482758621,139.2,137.88,-0.00948275862068959,raw,RAW_ONLY_REVIEW,True,,,AKTX_017,opend,POC,True,dual,raw/adjusted qualification mismatch
AKTX,Akari Therapeutics,NASDAQ,2023-07-19,2023-10-17,2023-10-17,0.176,3.41,18.375000000000004,0.176,3.41,18.375000000000004,140.8,136.4,-0.03125,raw,RAW_ONLY_REVIEW,True,,,AKTX_017,opend,POC,True,dual,raw/adjusted qualification mismatch
AKTX,Akari Therapeutics,NASDAQ,2023-07-20,2023-10-18,2023-10-18,0.1753,3.45,18.68054763262978,0.1753,3.45,18.68054763262978,140.24,138.0,-0.01597261836851116,raw,RAW_ONLY_REVIEW,True,,,AKTX_017,opend,POC,True,dual,raw/adjusted qualification mismatch
AKTX,Akari Therapeutics,NASDAQ,2023-07-21,2023-10-19,2023-10-19,0.174,3.55,19.402298850574713,0.174,3.55,19.402298850574713,139.2,142.0,0.02011494252873569,raw,RAW_ONLY_REVIEW,True,,,AKTX_017,opend,POC,True,dual,raw/adjusted qualification mismatch
AKTX,Akari Therapeutics,NASDAQ,2023-07-24,2023-10-22,2023-10-23,0.1744,3.43,18.66743119266055,0.1744,3.43,18.66743119266055,139.52,137.2,-0.01662844036697264,raw,RAW_ONLY_REVIEW,True,,,AKTX_017,opend,POC,True,dual,raw/adjusted qualification mismatch
AKTX,Akari Therapeutics,NASDAQ,2023-07-25,2023-10-23,2023-10-23,0.1882,3.43,17.22529224229543,0.1882,3.43,17.22529224229543,150.56,137.2,-0.08873538788522861,raw,RAW_ONLY_REVIEW,True,,,AKTX_017,opend,POC,True,dual,raw/adjusted qualification mismatch
AKTX,Akari Therapeutics,NASDAQ,2023-07-26,2023-10-24,2023-10-24,0.1964,3.5,16.820773930753564,0.1964,3.5,16.820773930753564,157.12,140.0,-0.1089613034623218,raw,RAW_ONLY_REVIEW,True,,,AKTX_017,opend,POC,True,dual,raw/adjusted qualification mismatch
AKTX,Akari Therapeutics,NASDAQ,2023-07-27,2023-10-25,2023-10-25,0.212,3.6,15.981132075471699,0.212,3.6,15.981132075471699,169.6,144.0,-0.15094339622641506,raw,RAW_ONLY_REVIEW,True,,,AKTX_017,opend,POC,True,dual,raw/adjusted qualification mismatch
AKTX,Akari Therapeutics,NASDAQ,2023-07-28,2023-10-26,2023-10-26,0.218,3.6,15.513761467889907,0.218,3.6,15.513761467889907,174.4,144.0,-0.17431192660550465,raw,RAW_ONLY_REVIEW,True,,,AKTX_017,opend,POC,True,dual,raw/adjusted qualification mismatch
AKTX,Akari Therapeutics,NASDAQ,2023-07-31,2023-10-29,2023-10-30,0.2496,3.7,13.82371794871795,0.2496,3.7,13.82371794871795,199.68,148.0,-0.25881410256410264,raw,RAW_ONLY_REVIEW,True,,,AKTX_017,opend,POC,True,dual,raw/adjusted qualification mismatch
AKTX,Akari Therapeutics,NASDAQ,2023-08-01,2023-10-30,2023-10-30,0.2674,3.7,12.836948391922213,0.2674,3.7,12.836948391922213,213.92,148.0,-0.30815258040388926,raw,RAW_ONLY_REVIEW,True,,,AKTX_017,opend,POC,True,dual,raw/adjusted qualification mismatch
AKTX,Akari Therapeutics,NASDAQ,2023-08-02,2023-10-31,2023-10-31,0.2566,3.4101,12.289555728760718,0.2566,3.4101,12.289555728760718,205.28,136.404,-0.3355222135619642,raw,RAW_ONLY_REVIEW,True,,,AKTX_017,opend,POC,True,dual,raw/adjusted qualification mismatch
AKTX,Akari Therapeutics,NASDAQ,2023-08-03,2023-11-01,2023-11-01,0.265,3.59,12.547169811320753,0.265,3.59,12.547169811320753,212.0,143.6,-0.3226415094339623,raw,RAW_ONLY_REVIEW,True,,,AKTX_017,opend,POC,True,dual,raw/adjusted qualification mismatch
AKTX,Akari Therapeutics,NASDAQ,2023-08-04,2023-11-02,2023-11-02,0.2652,3.54,12.34841628959276,0.2652,3.54,12.34841628959276,212.16,141.6,-0.33257918552036203,raw,RAW_ONLY_REVIEW,True,,,AKTX_017,opend,POC,True,dual,raw/adjusted qualification mismatch
AKTX,Akari Therapeutics,NASDAQ,2023-08-07,2023-11-05,2023-11-06,0.2652,3.685,12.895173453996984,0.2652,3.685,12.895173453996984,212.16,147.4,-0.30524132730015074,raw,RAW_ONLY_REVIEW,True,,,AKTX_017,opend,POC,True,dual,raw/adjusted qualification mismatch
AKTX,Akari Therapeutics,NASDAQ,2023-08-08,2023-11-06,2023-11-06,0.2504,3.685,13.716453674121405,0.2504,3.685,13.716453674121405,200.32,147.4,-0.2641773162939297,raw,RAW_ONLY_REVIEW,True,,,AKTX_017,opend,POC,True,dual,raw/adjusted qualification mismatch
AKTX,Akari Therapeutics,NASDAQ,2023-08-09,2023-11-07,2023-11-07,0.251,3.61,13.382470119521912,0.251,3.61,13.382470119521912,200.8,144.4,-0.28087649402390436,raw,RAW_ONLY_REVIEW,True,,,AKTX_017,opend,POC,True,dual,raw/adjusted qualification mismatch
AKTX,Akari Therapeutics,NASDAQ,2023-08-10,2023-11-08,2023-11-08,0.2573,3.52,12.68052856587641,0.2573,3.52,12.68052856587641,205.839999999,140.8,-0.31597357170285645,raw,RAW_ONLY_REVIEW,True,,,AKTX_017,opend,POC,True,dual,raw/adjusted qualification mismatch
AKTX,Akari Therapeutics,NASDAQ,2023-08-11,2023-11-09,2023-11-09,0.2496,3.505,13.042467948717949,0.2496,3.505,13.042467948717949,199.68,140.2,-0.29787660256410264,raw,RAW_ONLY_REVIEW,True,,,AKTX_017,opend,POC,True,dual,raw/adjusted qualification mismatch
AKTX,Akari Therapeutics,NASDAQ,2023-08-14,2023-11-12,2023-11-13,0.2425,3.4,13.02061855670103,0.2425,3.4,13.02061855670103,194.0,136.0,-0.2989690721649485,raw,RAW_ONLY_REVIEW,True,,,AKTX_017,opend,POC,True,dual,raw/adjusted qualification mismatch
AKTX,Akari Therapeutics,NASDAQ,2023-08-15,2023-11-13,2023-11-13,0.1911,3.4,16.791732077446362,0.1911,3.4,16.791732077446362,152.88,136.0,-0.11041339612768186,raw,RAW_ONLY_REVIEW,True,,,AKTX_017,opend,POC,True,dual,raw/adjusted qualification mismatch
AKTX,Akari Therapeutics,NASDAQ,2023-08-16,2023-11-14,2023-11-14,0.1888,3.2009,15.953919491525422,0.1888,3.2009,15.953919491525422,151.04,128.036,-0.15230402542372878,raw,RAW_ONLY_REVIEW,True,,,AKTX_017,opend,POC,True,dual,raw/adjusted qualification mismatch
AKTX,Akari Therapeutics,NASDAQ,2025-12-31,2026-03-31,2026-03-31,0.289,5.15,16.82006920415225,0.289,5.15,16.82006920415225,11.56,5.15,-0.5544982698961938,raw,RAW_ONLY_REVIEW,True,,,AKTX_018,opend,POC,True,dual,raw/adjusted qualification mismatch
ALBT,Avalon GloboCare,NASDAQ,2024-07-29,2024-10-27,2024-10-28,0.383,4.3,10.227154046997388,0.383,4.3,10.227154046997388,5.745,4.3,-0.2515230635335074,raw,RAW_ONLY_REVIEW,True,,,ALBT_019,opend,POC,True,dual,raw/adjusted qualification mismatch
ALBT,Avalon GloboCare,NASDAQ,2024-07-30,2024-10-28,2024-10-28,0.35,4.3,11.285714285714286,0.35,4.3,11.285714285714286,5.25,4.3,-0.18095238095238098,raw,RAW_ONLY_REVIEW,True,,,ALBT_019,opend,POC,True,dual,raw/adjusted qualification mismatch
ALBT,Avalon GloboCare,NASDAQ,2024-08-07,2024-11-05,2024-11-05,0.2724,3.6,12.215859030837006,0.2724,3.6,12.215859030837006,4.085999999,3.6,-0.11894273106190478,raw,RAW_ONLY_REVIEW,True,,,ALBT_019,opend,POC,True,dual,raw/adjusted qualification mismatch
ALBT,Avalon GloboCare,NASDAQ,2024-08-08,2024-11-06,2024-11-06,0.271,3.04,10.21771217712177,0.271,3.04,10.21771217712177,4.065,3.04,-0.2521525215252153,raw,RAW_ONLY_REVIEW,True,,,ALBT_019,opend,POC,True,dual,raw/adjusted qualification mismatch
ALBT,Avalon GloboCare,NASDAQ,2024-08-09,2024-11-07,2024-11-07,0.2692,3.44,11.778603268945023,0.2692,3.44,11.778603268945023,4.038,3.44,-0.1480931154036652,raw,RAW_ONLY_REVIEW,True,,,ALBT_019,opend,POC,True,dual,raw/adjusted qualification mismatch
ALBT,Avalon GloboCare,NASDAQ,2024-08-12,2024-11-10,2024-11-11,0.2584,3.42,12.235294117647058,0.2584,3.42,12.235294117647058,3.876,3.42,-0.11764705882352944,raw,RAW_ONLY_REVIEW,True,,,ALBT_019,opend,POC,True,dual,raw/adjusted qualification mismatch
ALBT,Avalon GloboCare,NASDAQ,2024-08-13,2024-11-11,2024-11-11,0.255,3.42,12.411764705882353,0.255,3.42,12.411764705882353,3.825,3.42,-0.10588235294117654,raw,RAW_ONLY_REVIEW,True,,,ALBT_019,opend,POC,True,dual,raw/adjusted qualification mismatch
ALBT,Avalon GloboCare,NASDAQ,2024-08-29,2024-11-27,2024-11-27,0.246,2.8,10.38211382113821,0.246,2.8,10.38211382113821,3.69,2.8,-0.24119241192411933,raw,RAW_ONLY_REVIEW,True,,,ALBT_019,opend,POC,True,dual,raw/adjusted qualification mismatch
ALBT,Avalon GloboCare,NASDAQ,2024-08-30,2024-11-28,2024-11-29,0.2458,2.8,10.391375101708705,0.2458,2.8,10.391375101708705,3.687,2.8,-0.24057499321941955,raw,RAW_ONLY_REVIEW,True,,,ALBT_019,opend,POC,True,dual,raw/adjusted qualification mismatch
ALBT,Avalon GloboCare,NASDAQ,2024-09-09,2024-12-08,2024-12-09,0.366,4.05,10.065573770491802,0.366,4.05,10.065573770491802,5.49,4.05,-0.2622950819672132,raw,RAW_ONLY_REVIEW,True,,,ALBT_019,opend,POC,True,dual,raw/adjusted qualification mismatch
ALBT,Avalon GloboCare,NASDAQ,2024-09-10,2024-12-09,2024-12-09,0.3482,4.05,10.631246410109132,0.3482,4.05,10.631246410109132,5.223,4.05,-0.22458357265939122,raw,RAW_ONLY_REVIEW,True,,,ALBT_019,opend,POC,True,dual,raw/adjusted qualification mismatch
ALBT,Avalon GloboCare,NASDAQ,2024-09-11,2024-12-10,2024-12-10,0.3,4.19,12.966666666666669,0.3,4.19,12.966666666666669,4.5,4.19,-0.06888888888888878,raw,RAW_ONLY_REVIEW,True,,,ALBT_019,opend,POC,True,dual,raw/adjusted qualification mismatch
ALBT,Avalon GloboCare,NASDAQ,2024-09-12,2024-12-11,2024-12-11,0.2475,4.73,18.111111111111114,0.2475,4.73,18.111111111111114,3.7125,4.73,0.27407407407407414,raw,RAW_ONLY_REVIEW,True,,,ALBT_019,opend,POC,True,dual,raw/adjusted qualification mismatch
ALBT,Avalon GloboCare,NASDAQ,2024-09-13,2024-12-12,2024-12-12,0.25,4.83,18.32,0.25,4.83,18.32,3.75,4.83,0.28800000000000003,raw,RAW_ONLY_REVIEW,True,,,ALBT_019,opend,POC,True,dual,raw/adjusted qualification mismatch
ALBT,Avalon GloboCare,NASDAQ,2024-09-16,2024-12-15,2024-12-16,0.2423,3.86,14.93066446553859,0.2423,3.86,14.93066446553859,3.6345,3.86,0.06204429770257258,raw,RAW_ONLY_REVIEW,True,,,ALBT_019,opend,POC,True,dual,raw/adjusted qualification mismatch
ALBT,Avalon GloboCare,NASDAQ,2024-09-17,2024-12-16,2024-12-16,0.206,3.86,17.737864077669904,0.206,3.86,17.737864077669904,3.09,3.86,0.2491909385113269,raw,RAW_ONLY_REVIEW,True,,,ALBT_019,opend,POC,True,dual,raw/adjusted qualification mismatch
ALBT,Avalon GloboCare,NASDAQ,2024-09-18,2024-12-17,2024-12-17,0.1951,3.13,15.043054843669914,0.1951,3.13,15.043054843669914,2.9265,3.13,0.06953698957799426,raw,RAW_ONLY_REVIEW,True,,,ALBT_019,opend,POC,True,dual,raw/adjusted qualification mismatch
ALBT,Avalon GloboCare,NASDAQ,2024-09-19,2024-12-18,2024-12-18,0.2081,2.68,11.878423834694859,0.2081,2.68,11.878423834694859,3.1215,2.68,-0.14143841102034282,raw,RAW_ONLY_REVIEW,True,,,ALBT_019,opend,POC,True,dual,raw/adjusted qualification mismatch
ALBT,Avalon GloboCare,NASDAQ,2024-09-20,2024-12-19,2024-12-19,0.205,3.89,17.975609756097562,0.205,3.89,17.975609756097562,3.075,3.89,0.26504065040650393,raw,RAW_ONLY_REVIEW,True,,,ALBT_019,opend,POC,True,dual,raw/adjusted qualification mismatch
ALBT,Avalon GloboCare,NASDAQ,2024-09-23,2024-12-22,2024-12-23,0.206,3.57,16.33009708737864,0.206,3.57,16.33009708737864,3.09,3.57,0.15533980582524265,raw,RAW_ONLY_REVIEW,True,,,ALBT_019,opend,POC,True,dual,raw/adjusted qualification mismatch
ALBT,Avalon GloboCare,NASDAQ,2024-09-24,2024-12-23,2024-12-23,0.219,3.57,15.301369863013697,0.219,3.57,15.301369863013697,3.285,3.57,0.08675799086757974,raw,RAW_ONLY_REVIEW,True,,,ALBT_019,opend,POC,True,dual,raw/adjusted qualification mismatch
ALBT,Avalon GloboCare,NASDAQ,2024-09-25,2024-12-24,2024-12-24,0.215,4.1,18.069767441860463,0.215,4.1,18.069767441860463,3.225,4.1,0.27131782945736416,raw,RAW_ONLY_REVIEW,True,,,ALBT_019,opend,POC,True,dual,raw/adjusted qualification mismatch
ALBT,Avalon GloboCare,NASDAQ,2024-09-26,2024-12-25,2024-12-26,0.219,3.55,15.210045662100455,0.219,3.55,15.210045662100455,3.285,3.55,0.08066971080669694,raw,RAW_ONLY_REVIEW,True,,,ALBT_019,opend,POC,True,dual,raw/adjusted qualification mismatch
ALBT,Avalon GloboCare,NASDAQ,2024-09-27,2024-12-26,2024-12-26,0.217,3.55,15.359447004608295,0.217,3.55,15.359447004608295,3.255,3.55,0.09062980030721968,raw,RAW_ONLY_REVIEW,True,,,ALBT_019,opend,POC,True,dual,raw/adjusted qualification mismatch
ALBT,Avalon GloboCare,NASDAQ,2024-09-30,2024-12-29,2024-12-30,0.2082,3.43,15.474543707973105,0.2082,3.43,15.474543707973105,3.123,3.43,0.09830291386487344,raw,RAW_ONLY_REVIEW,True,,,ALBT_019,opend,POC,True,dual,raw/adjusted qualification mismatch
ALBT,Avalon GloboCare,NASDAQ,2024-10-01,2024-12-30,2024-12-30,0.2034,3.43,15.863323500491642,0.2034,3.43,15.863323500491642,3.051,3.43,0.12422156669944284,raw,RAW_ONLY_REVIEW,True,,,ALBT_019,opend,POC,True,dual,raw/adjusted qualification mismatch
ALBT,Avalon GloboCare,NASDAQ,2024-10-02,2024-12-31,2024-12-31,0.2,3.26,15.299999999999997,0.2,3.26,15.299999999999997,3.0,3.26,0.08666666666666667,raw,RAW_ONLY_REVIEW,True,,,ALBT_019,opend,POC,True,dual,raw/adjusted qualification mismatch
ALBT,Avalon GloboCare,NASDAQ,2024-10-03,2025-01-01,2025-01-02,0.1998,3.43,16.167167167167168,0.1998,3.43,16.167167167167168,2.997,3.43,0.144477811144478,raw,RAW_ONLY_REVIEW,True,,,ALBT_019,opend,POC,True,dual,raw/adjusted qualification mismatch
ALBT,Avalon GloboCare,NASDAQ,2024-10-04,2025-01-02,2025-01-02,0.2137,3.43,15.05053813757604,0.2137,3.43,15.05053813757604,3.2055,3.43,0.07003587583840276,raw,RAW_ONLY_REVIEW,True,,,ALBT_019,opend,POC,True,dual,raw/adjusted qualification mismatch
ALBT,Avalon GloboCare,NASDAQ,2024-10-07,2025-01-05,2025-01-06,0.209,3.91,17.70813397129187,0.209,3.91,17.70813397129187,3.135,3.91,0.24720893141945788,raw,RAW_ONLY_REVIEW,True,,,ALBT_019,opend,POC,True,dual,raw/adjusted qualification mismatch
ALBT,Avalon GloboCare,NASDAQ,2024-10-08,2025-01-06,2025-01-06,0.227,3.91,16.22466960352423,0.227,3.91,16.22466960352423,3.405,3.91,0.14831130690161531,raw,RAW_ONLY_REVIEW,True,,,ALBT_019,opend,POC,True,dual,raw/adjusted qualification mismatch
ALBT,Avalon GloboCare,NASDAQ,2024-10-09,2025-01-07,2025-01-07,0.2117,3.78,16.85545583372697,0.2117,3.78,16.85545583372697,3.1755,3.78,0.19036372224846465,raw,RAW_ONLY_REVIEW,True,,,ALBT_019,opend,POC,True,dual,raw/adjusted qualification mismatch
ALBT,Avalon GloboCare,NASDAQ,2024-10-10,2025-01-08,2025-01-08,0.211,3.54,15.777251184834125,0.211,3.54,15.777251184834125,3.165,3.54,0.11848341232227488,raw,RAW_ONLY_REVIEW,True,,,ALBT_019,opend,POC,True,dual,raw/adjusted qualification mismatch
ALBT,Avalon GloboCare,NASDAQ,2024-10-11,2025-01-09,2025-01-10,0.2152,3.45,15.031598513011154,0.2152,3.45,15.031598513011154,3.228,3.45,0.06877323420074344,raw,RAW_ONLY_REVIEW,True,,,ALBT_019,opend,POC,True,dual,raw/adjusted qualification mismatch
ALBT,Avalon GloboCare,NASDAQ,2024-10-14,2025-01-12,2025-01-13,0.2151,3.25,14.10925151092515,0.2151,3.25,14.10925151092515,3.2265,3.25,0.007283434061676752,raw,RAW_ONLY_REVIEW,True,,,ALBT_019,opend,POC,True,dual,raw/adjusted qualification mismatch
ALBT,Avalon GloboCare,NASDAQ,2024-10-15,2025-01-13,2025-01-13,0.217,3.25,13.976958525345623,0.217,3.25,13.976958525345623,3.255,3.25,-0.001536098310291778,raw,RAW_ONLY_REVIEW,True,,,ALBT_019,opend,POC,True,dual,raw/adjusted qualification mismatch
ALBT,Avalon GloboCare,NASDAQ,2024-10-16,2025-01-14,2025-01-14,0.2172,3.35,14.423572744014733,0.2172,3.35,14.423572744014733,3.258,3.35,0.02823818293431546,raw,RAW_ONLY_REVIEW,True,,,ALBT_019,opend,POC,True,dual,raw/adjusted qualification mismatch
ALBT,Avalon GloboCare,NASDAQ,2024-10-17,2025-01-15,2025-01-15,0.176,3.77,20.420454545454547,0.176,3.77,20.420454545454547,2.64,3.77,0.428030303030303,raw,RAW_ONLY_REVIEW,True,,,ALBT_019,opend,POC,True,dual,raw/adjusted qualification mismatch
ALBT,Avalon GloboCare,NASDAQ,2024-10-18,2025-01-16,2025-01-16,0.18,3.4666,18.25888888888889,0.18,3.4666,18.25888888888889,2.7,3.4666,0.2839259259259259,raw,RAW_ONLY_REVIEW,True,,,ALBT_019,opend,POC,True,dual,raw/adjusted qualification mismatch
ALBT,Avalon GloboCare,NASDAQ,2024-10-21,2025-01-19,2025-01-21,0.2,3.73,17.65,0.2,3.73,17.65,3.0,3.73,0.2433333333333334,raw,RAW_ONLY_REVIEW,True,,,ALBT_019,opend,POC,True,dual,raw/adjusted qualification mismatch
ALBT,Avalon GloboCare,NASDAQ,2024-10-22,2025-01-20,2025-01-21,0.198,3.73,17.838383838383837,0.198,3.73,17.838383838383837,2.97,3.73,0.25589225589225584,raw,RAW_ONLY_REVIEW,True,,,ALBT_019,opend,POC,True,dual,raw/adjusted qualification mismatch
ALBT,Avalon GloboCare,NASDAQ,2024-10-23,2025-01-21,2025-01-21,0.2018,3.73,17.483647175421208,0.2018,3.73,17.483647175421208,3.027,3.73,0.23224314502808063,raw,RAW_ONLY_REVIEW,True,,,ALBT_019,opend,POC,True,dual,raw/adjusted qualification mismatch
ALBT,Avalon GloboCare,NASDAQ,2024-10-24,2025-01-22,2025-01-22,0.2022,3.4,15.815034619188921,0.2022,3.4,15.815034619188921,3.033,3.4,0.12100230794592814,raw,RAW_ONLY_REVIEW,True,,,ALBT_019,opend,POC,True,dual,raw/adjusted qualification mismatch
ALBT,Avalon GloboCare,NASDAQ,2024-10-25,2025-01-23,2025-01-23,0.23,3.46,14.043478260869565,0.23,3.46,14.043478260869565,3.45,3.46,0.0028985507246375164,raw,RAW_ONLY_REVIEW,True,,,ALBT_019,opend,POC,True,dual,raw/adjusted qualification mismatch
ALGS,Aligos Therapeutics,NASDAQ,2024-05-20,2024-08-18,2024-08-19,0.6711,14.25,20.233795261510952,0.6711,14.25,20.233795261510952,16.7775,14.25,-0.15064818953956194,raw,RAW_ONLY_REVIEW,True,,,ALGS_020,opend,POC,True,dual,raw/adjusted qualification mismatch
ALGS,Aligos Therapeutics,NASDAQ,2024-05-21,2024-08-19,2024-08-19,0.6385,14.25,21.31793265465936,0.6385,14.25,21.31793265465936,15.962499999,14.25,-0.10728269375769983,raw,RAW_ONLY_REVIEW,True,,,ALGS_020,opend,POC,True,dual,raw/adjusted qualification mismatch
ALGS,Aligos Therapeutics,NASDAQ,2024-05-22,2024-08-20,2024-08-20,0.659,14.48,20.97268588770865,0.659,14.48,20.97268588770865,16.475,14.48,-0.12109256449165406,raw,RAW_ONLY_REVIEW,True,,,ALGS_020,opend,POC,True,dual,raw/adjusted qualification mismatch
ALGS,Aligos Therapeutics,NASDAQ,2024-05-23,2024-08-21,2024-08-21,0.6,13.75,21.916666666666668,0.6,13.75,21.916666666666668,15.0,13.75,-0.08333333333333337,raw,RAW_ONLY_REVIEW,True,,,ALGS_020,opend,POC,True,dual,raw/adjusted qualification mismatch
ALGS,Aligos Therapeutics,NASDAQ,2024-05-24,2024-08-22,2024-08-22,0.58,13.84,22.862068965517242,0.58,13.84,22.862068965517242,14.499999999,13.84,-0.045517241313484,raw,RAW_ONLY_REVIEW,True,,,ALGS_020,opend,POC,True,dual,raw/adjusted qualification mismatch
ALGS,Aligos Therapeutics,NASDAQ,2024-05-28,2024-08-26,2024-08-26,0.613,13.36,20.794453507340947,0.613,13.36,20.794453507340947,15.325,13.36,-0.12822185970636213,raw,RAW_ONLY_REVIEW,True,,,ALGS_020,opend,POC,True,dual,raw/adjusted qualification mismatch
ALGS,Aligos Therapeutics,NASDAQ,2024-05-29,2024-08-27,2024-08-27,0.61,13.1,20.475409836065573,0.61,13.1,20.475409836065573,15.25,13.1,-0.14098360655737707,raw,RAW_ONLY_REVIEW,True,,,ALGS_020,opend,POC,True,dual,raw/adjusted qualification mismatch
ALGS,Aligos Therapeutics,NASDAQ,2024-05-30,2024-08-28,2024-08-28,0.6,13.05,20.750000000000004,0.6,13.05,20.750000000000004,15.0,13.05,-0.13,raw,RAW_ONLY_REVIEW,True,,,ALGS_020,opend,POC,True,dual,raw/adjusted qualification mismatch
ALGS,Aligos Therapeutics,NASDAQ,2024-05-31,2024-08-29,2024-08-29,0.59,13.16,21.305084745762713,0.59,13.16,21.305084745762713,14.75,13.16,-0.10779661016949149,raw,RAW_ONLY_REVIEW,True,,,ALGS_020,opend,POC,True,dual,raw/adjusted qualification mismatch
ALGS,Aligos Therapeutics,NASDAQ,2024-06-03,2024-09-01,2024-09-03,0.6167,11.97,18.409761634506243,0.6167,11.97,18.409761634506243,15.4175,11.97,-0.2236095346197503,raw,RAW_ONLY_REVIEW,True,,,ALGS_020,opend,POC,True,dual,raw/adjusted qualification mismatch
ALGS,Aligos Therapeutics,NASDAQ,2024-06-04,2024-09-02,2024-09-03,0.6,11.97,18.950000000000003,0.6,11.97,18.950000000000003,15.0,11.97,-0.20199999999999996,raw,RAW_ONLY_REVIEW,True,,,ALGS_020,opend,POC,True,dual,raw/adjusted qualification mismatch
ALGS,Aligos Therapeutics,NASDAQ,2024-06-05,2024-09-03,2024-09-03,0.5995,11.97,18.966638865721436,0.5995,11.97,18.966638865721436,14.9875,11.97,-0.20133444537114265,raw,RAW_ONLY_REVIEW,True,,,ALGS_020,opend,POC,True,dual,raw/adjusted qualification mismatch
ALGS,Aligos Therapeutics,NASDAQ,2024-06-06,2024-09-04,2024-09-04,0.578,11.74,19.311418685121108,0.578,11.74,19.311418685121108,14.449999999,11.74,-0.18754325253893023,raw,RAW_ONLY_REVIEW,True,,,ALGS_020,opend,POC,True,dual,raw/adjusted qualification mismatch
ALGS,Aligos Therapeutics,NASDAQ,2024-06-07,2024-09-05,2024-09-05,0.5401,11.94,21.107017219033512,0.5401,11.94,21.107017219033512,13.5025,11.94,-0.11571931123865953,raw,RAW_ONLY_REVIEW,True,,,ALGS_020,opend,POC,True,dual,raw/adjusted qualification mismatch
ALGS,Aligos Therapeutics,NASDAQ,2024-06-10,2024-09-08,2024-09-09,0.5399,19.43,34.98814595295425,0.5399,19.43,34.98814595295425,13.4975,19.43,0.4395258381181699,raw,RAW_ONLY_REVIEW,True,,,ALGS_020,opend,POC,True,dual,raw/adjusted qualification mismatch
ALGS,Aligos Therapeutics,NASDAQ,2024-06-11,2024-09-09,2024-09-09,0.521,19.43,36.2936660268714,0.521,19.43,36.2936660268714,13.025,19.43,0.4917466410748559,raw,RAW_ONLY_REVIEW,True,,,ALGS_020,opend,POC,True,dual,raw/adjusted qualification mismatch
ALGS,Aligos Therapeutics,NASDAQ,2024-06-12,2024-09-10,2024-09-10,0.51,13.79,26.039215686274506,0.51,13.79,26.039215686274506,12.75,13.79,0.08156862745098037,raw,RAW_ONLY_REVIEW,True,,,ALGS_020,opend,POC,True,dual,raw/adjusted qualification mismatch
ALGS,Aligos Therapeutics,NASDAQ,2024-06-13,2024-09-11,2024-09-11,0.5081,13.8,26.16000787246605,0.5081,13.8,26.16000787246605,12.7025,13.8,0.08640031489864208,raw,RAW_ONLY_REVIEW,True,,,ALGS_020,opend,POC,True,dual,raw/adjusted qualification mismatch
ALGS,Aligos Therapeutics,NASDAQ,2024-06-14,2024-09-12,2024-09-12,0.5,14.03,27.06,0.5,14.03,27.06,12.5,14.03,0.12239999999999984,raw,RAW_ONLY_REVIEW,True,,,ALGS_020,opend,POC,True,dual,raw/adjusted qualification mismatch
ALGS,Aligos Therapeutics,NASDAQ,2024-06-17,2024-09-15,2024-09-16,0.4712,14.22,29.178268251273344,0.4712,14.22,29.178268251273344,11.78,14.22,0.20713073005093396,raw,RAW_ONLY_REVIEW,True,,,ALGS_020,opend,POC,True,dual,raw/adjusted qualification mismatch
ALGS,Aligos Therapeutics,NASDAQ,2024-06-18,2024-09-16,2024-09-16,0.4206,14.22,32.80884450784594,0.4206,14.22,32.80884450784594,10.515,14.22,0.35235378031383746,raw,RAW_ONLY_REVIEW,True,,,ALGS_020,opend,POC,True,dual,raw/adjusted qualification mismatch
ALGS,Aligos Therapeutics,NASDAQ,2024-06-20,2024-09-18,2024-09-18,0.4161,14.16,33.030281182408075,0.4161,14.16,33.030281182408075,10.4025,14.16,0.3612112472963229,raw,RAW_ONLY_REVIEW,True,,,ALGS_020,opend,POC,True,dual,raw/adjusted qualification mismatch
ALGS,Aligos Therapeutics,NASDAQ,2024-06-21,2024-09-19,2024-09-19,0.451,10.18,21.572062084257205,0.451,10.18,21.572062084257205,11.275,10.18,-0.0971175166297118,raw,RAW_ONLY_REVIEW,True,,,ALGS_020,opend,POC,True,dual,raw/adjusted qualification mismatch
ALGS,Aligos Therapeutics,NASDAQ,2024-06-24,2024-09-22,2024-09-23,0.429,8.1,17.88111888111888,0.429,8.1,17.88111888111888,10.725,8.1,-0.2447552447552448,raw,RAW_ONLY_REVIEW,True,,,ALGS_020,opend,POC,True,dual,raw/adjusted qualification mismatch
ALGS,Aligos Therapeutics,NASDAQ,2024-06-25,2024-09-23,2024-09-23,0.403,8.1,19.09925558312655,0.403,8.1,19.09925558312655,10.075,8.1,-0.19602977667493793,raw,RAW_ONLY_REVIEW,True,,,ALGS_020,opend,POC,True,dual,raw/adjusted qualification mismatch
ALGS,Aligos Therapeutics,NASDAQ,2024-06-26,2024-09-24,2024-09-24,0.3986,8.15,19.44656297039639,0.3986,8.15,19.44656297039639,9.965,8.15,-0.1821374811841444,raw,RAW_ONLY_REVIEW,True,,,ALGS_020,opend,POC,True,dual,raw/adjusted qualification mismatch
ALGS,Aligos Therapeutics,NASDAQ,2024-06-27,2024-09-25,2024-09-25,0.3784,8.22,20.723044397463003,0.3784,8.22,20.723044397463003,9.46,8.22,-0.13107822410147996,raw,RAW_ONLY_REVIEW,True,,,ALGS_020,opend,POC,True,dual,raw/adjusted qualification mismatch
ALGS,Aligos Therapeutics,NASDAQ,2024-06-28,2024-09-26,2024-09-26,0.35,8.02,21.914285714285715,0.35,8.02,21.914285714285715,8.75,8.02,-0.08342857142857152,raw,RAW_ONLY_REVIEW,True,,,ALGS_020,opend,POC,True,dual,raw/adjusted qualification mismatch
ALGS,Aligos Therapeutics,NASDAQ,2024-07-01,2024-09-29,2024-09-30,0.369,8.66,22.468834688346885,0.369,8.66,22.468834688346885,9.225,8.66,-0.06124661246612462,raw,RAW_ONLY_REVIEW,True,,,ALGS_020,opend,POC,True,dual,raw/adjusted qualification mismatch
ALGS,Aligos Therapeutics,NASDAQ,2024-07-02,2024-09-30,2024-09-30,0.4,8.66,20.65,0.4,8.66,20.65,10.0,8.66,-0.134,raw,RAW_ONLY_REVIEW,True,,,ALGS_020,opend,POC,True,dual,raw/adjusted qualification mismatch
ALGS,Aligos Therapeutics,NASDAQ,2024-07-03,2024-10-01,2024-10-01,0.4225,8.62,19.402366863905325,0.4225,8.62,19.402366863905325,10.5625,8.62,-0.18390532544378702,raw,RAW_ONLY_REVIEW,True,,,ALGS_020,opend,POC,True,dual,raw/adjusted qualification mismatch
ALGS,Aligos Therapeutics,NASDAQ,2024-07-05,2024-10-03,2024-10-03,0.4041,8.19,19.267260579064587,0.4041,8.19,19.267260579064587,10.1025,8.19,-0.18930957683741645,raw,RAW_ONLY_REVIEW,True,,,ALGS_020,opend,POC,True,dual,raw/adjusted qualification mismatch
ALGS,Aligos Therapeutics,NASDAQ,2024-07-08,2024-10-06,2024-10-07,0.412,7.5,17.203883495145632,0.412,7.5,17.203883495145632,10.3,7.5,-0.27184466019417486,raw,RAW_ONLY_REVIEW,True,,,ALGS_020,opend,POC,True,dual,raw/adjusted qualification mismatch
ALGS,Aligos Therapeutics,NASDAQ,2024-07-09,2024-10-07,2024-10-07,0.4725,7.5,14.873015873015873,0.4725,7.5,14.873015873015873,11.8125,7.5,-0.3650793650793651,raw,RAW_ONLY_REVIEW,True,,,ALGS_020,opend,POC,True,dual,raw/adjusted qualification mismatch
ALGS,Aligos Therapeutics,NASDAQ,2024-07-10,2024-10-08,2024-10-08,0.5098,7.32,13.3585719890153,0.5098,7.32,13.3585719890153,12.745,7.32,-0.42565712043938797,raw,RAW_ONLY_REVIEW,True,,,ALGS_020,opend,POC,True,dual,raw/adjusted qualification mismatch
ALGS,Aligos Therapeutics,NASDAQ,2024-07-11,2024-10-09,2024-10-09,0.5114,7.76,14.17403206883066,0.5114,7.76,14.17403206883066,12.785,7.76,-0.39303871724677364,raw,RAW_ONLY_REVIEW,True,,,ALGS_020,opend,POC,True,dual,raw/adjusted qualification mismatch
ALGS,Aligos Therapeutics,NASDAQ,2024-07-12,2024-10-10,2024-10-10,0.5199,6.89,12.25254856703212,0.5199,6.89,12.25254856703212,12.9975,6.89,-0.46989805731871515,raw,RAW_ONLY_REVIEW,True,,,ALGS_020,opend,POC,True,dual,raw/adjusted qualification mismatch
ALGS,Aligos Therapeutics,NASDAQ,2024-07-15,2024-10-13,2024-10-14,0.5099,7.23,13.179250833496765,0.5099,7.23,13.179250833496765,12.7475,7.23,-0.4328299666601294,raw,RAW_ONLY_REVIEW,True,,,ALGS_020,opend,POC,True,dual,raw/adjusted qualification mismatch
ALGS,Aligos Therapeutics,NASDAQ,2024-07-16,2024-10-14,2024-10-14,0.5258,7.23,12.750475465956637,0.5258,7.23,12.750475465956637,13.145,7.23,-0.4499809813617345,raw,RAW_ONLY_REVIEW,True,,,ALGS_020,opend,POC,True,dual,raw/adjusted qualification mismatch
ALGS,Aligos Therapeutics,NASDAQ,2024-07-17,2024-10-15,2024-10-15,0.5153,7.27,13.108286435086358,0.5153,7.27,13.108286435086358,12.8825,7.27,-0.43566854259654575,raw,RAW_ONLY_REVIEW,True,,,ALGS_020,opend,POC,True,dual,raw/adjusted qualification mismatch
ALGS,Aligos Therapeutics,NASDAQ,2024-07-18,2024-10-16,2024-10-16,0.493,7.38,13.969574036511156,0.493,7.38,13.969574036511156,12.325,7.38,-0.4012170385395537,raw,RAW_ONLY_REVIEW,True,,,ALGS_020,opend,POC,True,dual,raw/adjusted qualification mismatch
ALGS,Aligos Therapeutics,NASDAQ,2024-07-19,2024-10-17,2024-10-17,0.5037,7.21,13.314075838792931,0.5037,7.21,13.314075838792931,12.5925,7.21,-0.42743696644828266,raw,RAW_ONLY_REVIEW,True,,,ALGS_020,opend,POC,True,dual,raw/adjusted qualification mismatch
ALGS,Aligos Therapeutics,NASDAQ,2024-07-22,2024-10-20,2024-10-21,0.5595,7.29,12.029490616621985,0.5595,7.29,12.029490616621985,13.9875,7.29,-0.4788203753351207,raw,RAW_ONLY_REVIEW,True,,,ALGS_020,opend,POC,True,dual,raw/adjusted qualification mismatch
ALGS,Aligos Therapeutics,NASDAQ,2024-07-23,2024-10-21,2024-10-21,0.55,7.29,12.254545454545454,0.55,7.29,12.254545454545454,13.75,7.29,-0.4698181818181818,raw,RAW_ONLY_REVIEW,True,,,ALGS_020,opend,POC,True,dual,raw/adjusted qualification mismatch
ALGS,Aligos Therapeutics,NASDAQ,2024-07-24,2024-10-22,2024-10-22,0.539,7.34,12.617810760667902,0.539,7.34,12.617810760667902,13.475,7.34,-0.45528756957328387,raw,RAW_ONLY_REVIEW,True,,,ALGS_020,opend,POC,True,dual,raw/adjusted qualification mismatch
ALGS,Aligos Therapeutics,NASDAQ,2024-07-25,2024-10-23,2024-10-23,0.54,7.21,12.351851851851851,0.54,7.21,12.351851851851851,13.5,7.21,-0.46592592592592597,raw,RAW_ONLY_REVIEW,True,,,ALGS_020,opend,POC,True,dual,raw/adjusted qualification mismatch
ALGS,Aligos Therapeutics,NASDAQ,2024-07-26,2024-10-24,2024-10-24,0.5399,9.03,15.725319503611779,0.5399,9.03,15.725319503611779,13.4975,9.03,-0.3309872198555289,raw,RAW_ONLY_REVIEW,True,,,ALGS_020,opend,POC,True,dual,raw/adjusted qualification mismatch
ALGS,Aligos Therapeutics,NASDAQ,2024-07-29,2024-10-27,2024-10-28,0.53,8.87,15.735849056603772,0.53,8.87,15.735849056603772,13.25,8.87,-0.33056603773584914,raw,RAW_ONLY_REVIEW,True,,,ALGS_020,opend,POC,True,dual,raw/adjusted qualification mismatch
ALGS,Aligos Therapeutics,NASDAQ,2024-07-30,2024-10-28,2024-10-28,0.52,8.87,16.057692307692307,0.52,8.87,16.057692307692307,13.0,8.87,-0.3176923076923077,raw,RAW_ONLY_REVIEW,True,,,ALGS_020,opend,POC,True,dual,raw/adjusted qualification mismatch
ALGS,Aligos Therapeutics,NASDAQ,2024-07-31,2024-10-29,2024-10-29,0.52,9.36,17.0,0.52,9.36,17.0,13.0,9.36,-0.28,raw,RAW_ONLY_REVIEW,True,,,ALGS_020,opend,POC,True,dual,raw/adjusted qualification mismatch
ALGS,Aligos Therapeutics,NASDAQ,2024-08-01,2024-10-30,2024-10-30,0.53,9.77,17.433962264150942,0.53,9.77,17.433962264150942,13.25,9.77,-0.26264150943396225,raw,RAW_ONLY_REVIEW,True,,,ALGS_020,opend,POC,True,dual,raw/adjusted qualification mismatch
ALGS,Aligos Therapeutics,NASDAQ,2024-08-02,2024-10-31,2024-10-31,0.485,9.78,19.164948453608247,0.485,9.78,19.164948453608247,12.125,9.78,-0.1934020618556701,raw,RAW_ONLY_REVIEW,True,,,ALGS_020,opend,POC,True,dual,raw/adjusted qualification mismatch
ALGS,Aligos Therapeutics,NASDAQ,2024-08-05,2024-11-03,2024-11-04,0.4598,9.48,19.617659852109615,0.4598,9.48,19.617659852109615,11.495,9.48,-0.17529360591561538,raw,RAW_ONLY_REVIEW,True,,,ALGS_020,opend,POC,True,dual,raw/adjusted qualification mismatch
ALGS,Aligos Therapeutics,NASDAQ,2024-08-06,2024-11-04,2024-11-04,0.447,9.48,20.20805369127517,0.447,9.48,20.20805369127517,11.175,9.48,-0.15167785234899334,raw,RAW_ONLY_REVIEW,True,,,ALGS_020,opend,POC,True,dual,raw/adjusted qualification mismatch
ALGS,Aligos Therapeutics,NASDAQ,2024-08-07,2024-11-05,2024-11-05,0.5451,9.83,17.033388369106586,0.5451,9.83,17.033388369106586,13.6275,9.83,-0.2786644652357365,raw,RAW_ONLY_REVIEW,True,,,ALGS_020,opend,POC,True,dual,raw/adjusted qualification mismatch
ALGS,Aligos Therapeutics,NASDAQ,2024-08-08,2024-11-06,2024-11-06,0.5451,9.35,16.152815997064756,0.5451,9.35,16.152815997064756,13.6275,9.35,-0.3138873601174097,raw,RAW_ONLY_REVIEW,True,,,ALGS_020,opend,POC,True,dual,raw/adjusted qualification mismatch
ALGS,Aligos Therapeutics,NASDAQ,2024-08-09,2024-11-07,2024-11-07,0.55,9.92,17.036363636363635,0.55,9.92,17.036363636363635,13.75,9.92,-0.27854545454545454,raw,RAW_ONLY_REVIEW,True,,,ALGS_020,opend,POC,True,dual,raw/adjusted qualification mismatch
ALGS,Aligos Therapeutics,NASDAQ,2024-08-12,2024-11-10,2024-11-11,0.542,13.99,24.811808118081178,0.542,13.99,24.811808118081178,13.55,13.99,0.03247232472324724,raw,RAW_ONLY_REVIEW,True,,,ALGS_020,opend,POC,True,dual,raw/adjusted qualification mismatch
ALGS,Aligos Therapeutics,NASDAQ,2024-08-13,2024-11-11,2024-11-11,0.539,13.99,24.95547309833024,0.539,13.99,24.95547309833024,13.475,13.99,0.03821892393320958,raw,RAW_ONLY_REVIEW,True,,,ALGS_020,opend,POC,True,dual,raw/adjusted qualification mismatch
ALGS,Aligos Therapeutics,NASDAQ,2024-08-14,2024-11-12,2024-11-12,0.493,17.85,35.20689655172414,0.493,17.85,35.20689655172414,12.325,17.85,0.44827586206896575,raw,RAW_ONLY_REVIEW,True,,,ALGS_020,opend,POC,True,dual,raw/adjusted qualification mismatch
ALGS,Aligos Therapeutics,NASDAQ,2024-08-15,2024-11-13,2024-11-13,0.4801,19.58,39.783170172880645,0.4801,19.58,39.783170172880645,12.0025,19.58,0.631326806915226,raw,RAW_ONLY_REVIEW,True,,,ALGS_020,opend,POC,True,dual,raw/adjusted qualification mismatch
ALGS,Aligos Therapeutics,NASDAQ,2024-08-16,2024-11-14,2024-11-14,0.5251,19.46,36.05960769377261,0.5251,19.46,36.05960769377261,13.1275,19.46,0.4823843077509047,raw,RAW_ONLY_REVIEW,True,,,ALGS_020,opend,POC,True,dual,raw/adjusted qualification mismatch
