ticker,company_name,exchange,start_date,target_end_date,end_date,start_price,end_price,return_90d,raw_start_price,raw_end_price,raw_return_90d,adjusted_start_price,adjusted_end_price,adjusted_return_90d,qualification_basis,quality_tier,needs_manual_review,market_cap_at_start,industry,episode_id,data_source,data_quality,preliminary,price_basis,notes
AACG,ATA Creativity Global,NASDAQ,2020-11-06,2021-02-04,2021-02-04,1.155,14.3,11.38095238095238,1.155,14.3,11.38095238095238,1.155,14.3,11.38095238095238,both,BOTH_QUALIFIED,False,,,AACG_001,opend,POC,True,dual,
ABEO,Abeona Therapeutics,NASDAQ,2022-04-04,2022-07-03,2022-07-05,0.329,4.08,11.401215805471123,0.329,4.08,11.401215805471123,8.225,4.08,-0.5039513677811549,raw,RAW_ONLY_REVIEW,True,,,ABEO_002,opend,POC,True,dual,raw/adjusted qualification mismatch
ABEO,Abeona Therapeutics,NASDAQ,2022-04-05,2022-07-04,2022-07-05,0.3411,4.08,10.961301671064204,0.3411,4.08,10.961301671064204,8.5275,4.08,-0.5215479331574318,raw,RAW_ONLY_REVIEW,True,,,ABEO_002,opend,POC,True,dual,raw/adjusted qualification mismatch
ABEO,Abeona Therapeutics,NASDAQ,2022-04-06,2022-07-05,2022-07-05,0.325,4.08,11.553846153846154,0.325,4.08,11.553846153846154,8.125,4.08,-0.4978461538461538,raw,RAW_ONLY_REVIEW,True,,,ABEO_002,opend,POC,True,dual,raw/adjusted qualification mismatch
ABEO,Abeona Therapeutics,NASDAQ,2022-04-07,2022-07-06,2022-07-06,0.3254,3.8,10.677934849416102,0.3254,3.8,10.677934849416102,8.135,3.8,-0.5328826060233558,raw,RAW_ONLY_REVIEW,True,,,ABEO_002,opend,POC,True,dual,raw/adjusted qualification mismatch
ABEO,Abeona Therapeutics,NASDAQ,2022-04-08,2022-07-07,2022-07-07,0.3033,4.52,13.90273656445763,0.3033,4.52,13.90273656445763,7.5825,4.52,-0.4038905374216947,raw,RAW_ONLY_REVIEW,True,,,ABEO_002,opend,POC,True,dual,raw/adjusted qualification mismatch
ABEO,Abeona Therapeutics,NASDAQ,2022-04-11,2022-07-10,2022-07-11,0.2846,5.56,18.53619114546732,0.2846,5.56,18.53619114546732,7.115,5.56,-0.2185523541813071,raw,RAW_ONLY_REVIEW,True,,,ABEO_002,opend,POC,True,dual,raw/adjusted qualification mismatch
ABEO,Abeona Therapeutics,NASDAQ,2022-04-12,2022-07-11,2022-07-11,0.2726,5.56,19.396184886280263,0.2726,5.56,19.396184886280263,6.815,5.56,-0.1841526045487895,raw,RAW_ONLY_REVIEW,True,,,ABEO_002,opend,POC,True,dual,raw/adjusted qualification mismatch
ABEO,Abeona Therapeutics,NASDAQ,2022-04-13,2022-07-12,2022-07-12,0.2765,5.46,18.746835443037973,0.2765,5.46,18.746835443037973,6.9125,5.46,-0.210126582278481,raw,RAW_ONLY_REVIEW,True,,,ABEO_002,opend,POC,True,dual,raw/adjusted qualification mismatch
ABEO,Abeona Therapeutics,NASDAQ,2022-04-14,2022-07-13,2022-07-13,0.2725,5.05,17.532110091743117,0.2725,5.05,17.532110091743117,6.8125,5.05,-0.2587155963302753,raw,RAW_ONLY_REVIEW,True,,,ABEO_002,opend,POC,True,dual,raw/adjusted qualification mismatch
ABEO,Abeona Therapeutics,NASDAQ,2022-04-18,2022-07-17,2022-07-18,0.2679,4.7,16.543859649122805,0.2679,4.7,16.543859649122805,6.6975,4.7,-0.2982456140350876,raw,RAW_ONLY_REVIEW,True,,,ABEO_002,opend,POC,True,dual,raw/adjusted qualification mismatch
ABEO,Abeona Therapeutics,NASDAQ,2022-04-19,2022-07-18,2022-07-18,0.2614,4.7,16.98010711553175,0.2614,4.7,16.98010711553175,6.535,4.7,-0.2807957153787299,raw,RAW_ONLY_REVIEW,True,,,ABEO_002,opend,POC,True,dual,raw/adjusted qualification mismatch
ABEO,Abeona Therapeutics,NASDAQ,2022-04-20,2022-07-19,2022-07-19,0.2564,4.86,17.954758190327613,0.2564,4.86,17.954758190327613,6.41,4.86,-0.2418096723868954,raw,RAW_ONLY_REVIEW,True,,,ABEO_002,opend,POC,True,dual,raw/adjusted qualification mismatch
ABEO,Abeona Therapeutics,NASDAQ,2022-04-21,2022-07-20,2022-07-20,0.246,5.08,19.65040650406504,0.246,5.08,19.65040650406504,6.15,5.08,-0.1739837398373984,raw,RAW_ONLY_REVIEW,True,,,ABEO_002,opend,POC,True,dual,raw/adjusted qualification mismatch
ABEO,Abeona Therapeutics,NASDAQ,2022-04-22,2022-07-21,2022-07-21,0.2492,5.1,19.46548956661316,0.2492,5.1,19.46548956661316,6.23,5.1,-0.1813804173354736,raw,RAW_ONLY_REVIEW,True,,,ABEO_002,opend,POC,True,dual,raw/adjusted qualification mismatch
ABEO,Abeona Therapeutics,NASDAQ,2022-04-25,2022-07-24,2022-07-25,0.24,4.29,16.875,0.24,4.29,16.875,6.0,4.29,-0.285,raw,RAW_ONLY_REVIEW,True,,,ABEO_002,opend,POC,True,dual,raw/adjusted qualification mismatch
ABEO,Abeona Therapeutics,NASDAQ,2022-04-26,2022-07-25,2022-07-25,0.2239,4.29,18.160339437248773,0.2239,4.29,18.160339437248773,5.5975,4.29,-0.2335864225100491,raw,RAW_ONLY_REVIEW,True,,,ABEO_002,opend,POC,True,dual,raw/adjusted qualification mismatch
ABEO,Abeona Therapeutics,NASDAQ,2022-04-27,2022-07-26,2022-07-26,0.22,4.0,17.181818181818183,0.22,4.0,17.181818181818183,5.5,4.0,-0.2727272727272727,raw,RAW_ONLY_REVIEW,True,,,ABEO_002,opend,POC,True,dual,raw/adjusted qualification mismatch
ABEO,Abeona Therapeutics,NASDAQ,2022-04-28,2022-07-27,2022-07-27,0.2222,3.91,16.596759675967597,0.2222,3.91,16.596759675967597,5.555,3.91,-0.296129612961296,raw,RAW_ONLY_REVIEW,True,,,ABEO_002,opend,POC,True,dual,raw/adjusted qualification mismatch
ABEO,Abeona Therapeutics,NASDAQ,2022-04-29,2022-07-28,2022-07-28,0.2065,4.14,19.048426150121063,0.2065,4.14,19.048426150121063,5.1625,4.14,-0.1980629539951574,raw,RAW_ONLY_REVIEW,True,,,ABEO_002,opend,POC,True,dual,raw/adjusted qualification mismatch
ABEO,Abeona Therapeutics,NASDAQ,2022-05-02,2022-07-31,2022-08-01,0.2156,3.9,17.089053803339517,0.2156,3.9,17.089053803339517,5.39,3.9,-0.2764378478664192,raw,RAW_ONLY_REVIEW,True,,,ABEO_002,opend,POC,True,dual,raw/adjusted qualification mismatch
ABEO,Abeona Therapeutics,NASDAQ,2022-05-03,2022-08-01,2022-08-01,0.21,3.9,17.571428571428573,0.21,3.9,17.571428571428573,5.25,3.9,-0.2571428571428571,raw,RAW_ONLY_REVIEW,True,,,ABEO_002,opend,POC,True,dual,raw/adjusted qualification mismatch
ABEO,Abeona Therapeutics,NASDAQ,2022-05-04,2022-08-02,2022-08-02,0.1999,3.91,18.559779889944974,0.1999,3.91,18.559779889944974,4.9975,3.91,-0.2176088044022009,raw,RAW_ONLY_REVIEW,True,,,ABEO_002,opend,POC,True,dual,raw/adjusted qualification mismatch
ABEO,Abeona Therapeutics,NASDAQ,2022-05-05,2022-08-03,2022-08-03,0.1814,4.01,21.105843439911794,0.1814,4.01,21.105843439911794,4.535,4.01,-0.1157662624035281,raw,RAW_ONLY_REVIEW,True,,,ABEO_002,opend,POC,True,dual,raw/adjusted qualification mismatch
ABEO,Abeona Therapeutics,NASDAQ,2022-05-06,2022-08-04,2022-08-04,0.1644,4.26,24.912408759124087,0.1644,4.26,24.912408759124087,4.11,4.26,0.0364963503649633,raw,RAW_ONLY_REVIEW,True,,,ABEO_002,opend,POC,True,dual,raw/adjusted qualification mismatch
ABEO,Abeona Therapeutics,NASDAQ,2022-05-09,2022-08-07,2022-08-08,0.1545,4.02,25.019417475728154,0.1545,4.02,25.019417475728154,3.8625,4.02,0.040776699029126,raw,RAW_ONLY_REVIEW,True,,,ABEO_002,opend,POC,True,dual,raw/adjusted qualification mismatch
ABEO,Abeona Therapeutics,NASDAQ,2022-05-10,2022-08-08,2022-08-08,0.16,4.02,24.125,0.16,4.02,24.125,4.0,4.02,0.0049999999999998,raw,RAW_ONLY_REVIEW,True,,,ABEO_002,opend,POC,True,dual,raw/adjusted qualification mismatch
ABEO,Abeona Therapeutics,NASDAQ,2022-05-11,2022-08-09,2022-08-09,0.1365,3.95,27.937728937728934,0.1365,3.95,27.937728937728934,3.4125,3.95,0.1575091575091576,raw,RAW_ONLY_REVIEW,True,,,ABEO_002,opend,POC,True,dual,raw/adjusted qualification mismatch
ABEO,Abeona Therapeutics,NASDAQ,2022-05-12,2022-08-10,2022-08-10,0.1571,4.16,25.479949077021008,0.1571,4.16,25.479949077021008,3.927499999,4.16,0.0591979633505277,raw,RAW_ONLY_REVIEW,True,,,ABEO_002,opend,POC,True,dual,raw/adjusted qualification mismatch
ABEO,Abeona Therapeutics,NASDAQ,2022-05-13,2022-08-11,2022-08-11,0.1619,4.66,27.783199505867824,0.1619,4.66,27.783199505867824,4.047499999,4.66,0.1513279805191669,raw,RAW_ONLY_REVIEW,True,,,ABEO_002,opend,POC,True,dual,raw/adjusted qualification mismatch
ABEO,Abeona Therapeutics,NASDAQ,2022-05-16,2022-08-14,2022-08-15,0.18,4.65,24.833333333333336,0.18,4.65,24.833333333333336,4.5,4.65,0.0333333333333334,raw,RAW_ONLY_REVIEW,True,,,ABEO_002,opend,POC,True,dual,raw/adjusted qualification mismatch
ABEO,Abeona Therapeutics,NASDAQ,2022-05-17,2022-08-15,2022-08-15,0.1749,4.65,25.58662092624357,0.1749,4.65,25.58662092624357,4.3725,4.65,0.0634648370497428,raw,RAW_ONLY_REVIEW,True,,,ABEO_002,opend,POC,True,dual,raw/adjusted qualification mismatch
ABEO,Abeona Therapeutics,NASDAQ,2022-05-18,2022-08-16,2022-08-16,0.1626,4.77,28.33579335793358,0.1626,4.77,28.33579335793358,4.065,4.77,0.173431734317343,raw,RAW_ONLY_REVIEW,True,,,ABEO_002,opend,POC,True,dual,raw/adjusted qualification mismatch
ABEO,Abeona Therapeutics,NASDAQ,2022-05-19,2022-08-17,2022-08-17,0.1695,4.6,26.138643067846605,0.1695,4.6,26.138643067846605,4.2375,4.6,0.0855457227138642,raw,RAW_ONLY_REVIEW,True,,,ABEO_002,opend,POC,True,dual,raw/adjusted qualification mismatch
ABEO,Abeona Therapeutics,NASDAQ,2022-05-20,2022-08-18,2022-08-18,0.156,4.36,26.948717948717952,0.156,4.36,26.948717948717952,3.9,4.36,0.1179487179487179,raw,RAW_ONLY_REVIEW,True,,,ABEO_002,opend,POC,True,dual,raw/adjusted qualification mismatch
ABEO,Abeona Therapeutics,NASDAQ,2022-05-23,2022-08-21,2022-08-22,0.1565,4.01,24.623003194888177,0.1565,4.01,24.623003194888177,3.9125,4.01,0.0249201277955271,raw,RAW_ONLY_REVIEW,True,,,ABEO_002,opend,POC,True,dual,raw/adjusted qualification mismatch
ABEO,Abeona Therapeutics,NASDAQ,2022-05-24,2022-08-22,2022-08-22,0.1527,4.01,25.260641781270465,0.1527,4.01,25.260641781270465,3.8175,4.01,0.0504256712508186,raw,RAW_ONLY_REVIEW,True,,,ABEO_002,opend,POC,True,dual,raw/adjusted qualification mismatch
ABEO,Abeona Therapeutics,NASDAQ,2022-05-25,2022-08-23,2022-08-23,0.1533,4.1,25.74494455316373,0.1533,4.1,25.74494455316373,3.8325,4.1,0.0697977821265491,raw,RAW_ONLY_REVIEW,True,,,ABEO_002,opend,POC,True,dual,raw/adjusted qualification mismatch
ABEO,Abeona Therapeutics,NASDAQ,2022-05-26,2022-08-24,2022-08-24,0.1541,4.36,27.29331602855289,0.1541,4.36,27.29331602855289,3.852499999,4.36,0.1317326414358814,raw,RAW_ONLY_REVIEW,True,,,ABEO_002,opend,POC,True,dual,raw/adjusted qualification mismatch
ABEO,Abeona Therapeutics,NASDAQ,2022-05-27,2022-08-25,2022-08-25,0.168,4.51,25.84523809523809,0.168,4.51,25.84523809523809,4.2,4.51,0.0738095238095237,raw,RAW_ONLY_REVIEW,True,,,ABEO_002,opend,POC,True,dual,raw/adjusted qualification mismatch
ABEO,Abeona Therapeutics,NASDAQ,2022-05-31,2022-08-29,2022-08-29,0.1683,4.08,23.24242424242424,0.1683,4.08,23.24242424242424,4.2075,4.08,-0.0303030303030301,raw,RAW_ONLY_REVIEW,True,,,ABEO_002,opend,POC,True,dual,raw/adjusted qualification mismatch
ABEO,Abeona Therapeutics,NASDAQ,2022-06-01,2022-08-30,2022-08-30,0.1551,3.83,23.69374597034172,0.1551,3.83,23.69374597034172,3.877499999,3.83,-0.0122501609315924,raw,RAW_ONLY_REVIEW,True,,,ABEO_002,opend,POC,True,dual,raw/adjusted qualification mismatch
ABEO,Abeona Therapeutics,NASDAQ,2022-06-02,2022-08-31,2022-08-31,0.155,3.64,22.483870967741936,0.155,3.64,22.483870967741936,3.875,3.64,-0.0606451612903226,raw,RAW_ONLY_REVIEW,True,,,ABEO_002,opend,POC,True,dual,raw/adjusted qualification mismatch
ABEO,Abeona Therapeutics,NASDAQ,2022-06-03,2022-09-01,2022-09-01,0.1594,3.48,20.831869510664998,0.1594,3.48,20.831869510664998,3.984999999,3.48,-0.1267252193542597,raw,RAW_ONLY_REVIEW,True,,,ABEO_002,opend,POC,True,dual,raw/adjusted qualification mismatch
ABEO,Abeona Therapeutics,NASDAQ,2022-06-06,2022-09-04,2022-09-06,0.1577,3.73,22.652504755865568,0.1577,3.73,22.652504755865568,3.9425,3.73,-0.0538998097653772,raw,RAW_ONLY_REVIEW,True,,,ABEO_002,opend,POC,True,dual,raw/adjusted qualification mismatch
ABEO,Abeona Therapeutics,NASDAQ,2022-06-07,2022-09-05,2022-09-06,0.1567,3.73,22.803446075303125,0.1567,3.73,22.803446075303125,3.9175,3.73,-0.0478621569878748,raw,RAW_ONLY_REVIEW,True,,,ABEO_002,opend,POC,True,dual,raw/adjusted qualification mismatch
ABEO,Abeona Therapeutics,NASDAQ,2022-06-08,2022-09-06,2022-09-06,0.17,3.73,20.941176470588232,0.17,3.73,20.941176470588232,4.25,3.73,-0.1223529411764705,raw,RAW_ONLY_REVIEW,True,,,ABEO_002,opend,POC,True,dual,raw/adjusted qualification mismatch
ABEO,Abeona Therapeutics,NASDAQ,2022-06-09,2022-09-07,2022-09-07,0.17,3.76,21.117647058823525,0.17,3.76,21.117647058823525,4.25,3.76,-0.1152941176470588,raw,RAW_ONLY_REVIEW,True,,,ABEO_002,opend,POC,True,dual,raw/adjusted qualification mismatch
ABEO,Abeona Therapeutics,NASDAQ,2022-06-10,2022-09-08,2022-09-08,0.1699,3.85,21.66038846380224,0.1699,3.85,21.66038846380224,4.2475,3.85,-0.0935844614479104,raw,RAW_ONLY_REVIEW,True,,,ABEO_002,opend,POC,True,dual,raw/adjusted qualification mismatch
ABEO,Abeona Therapeutics,NASDAQ,2022-06-13,2022-09-11,2022-09-12,0.1594,3.94,23.717691342534508,0.1594,3.94,23.717691342534508,3.984999999,3.94,-0.0112923460505124,raw,RAW_ONLY_REVIEW,True,,,ABEO_002,opend,POC,True,dual,raw/adjusted qualification mismatch
ABEO,Abeona Therapeutics,NASDAQ,2022-06-14,2022-09-12,2022-09-12,0.1554,3.94,24.35392535392535,0.1554,3.94,24.35392535392535,3.885,3.94,0.0141570141570142,raw,RAW_ONLY_REVIEW,True,,,ABEO_002,opend,POC,True,dual,raw/adjusted qualification mismatch
ABEO,Abeona Therapeutics,NASDAQ,2022-06-15,2022-09-13,2022-09-13,0.1617,3.85,22.80952380952381,0.1617,3.85,22.80952380952381,4.0425,3.85,-0.0476190476190476,raw,RAW_ONLY_REVIEW,True,,,ABEO_002,opend,POC,True,dual,raw/adjusted qualification mismatch
ABEO,Abeona Therapeutics,NASDAQ,2022-06-16,2022-09-14,2022-09-14,0.1562,3.73,22.87964148527529,0.1562,3.73,22.87964148527529,3.905,3.73,-0.0448143405889884,raw,RAW_ONLY_REVIEW,True,,,ABEO_002,opend,POC,True,dual,raw/adjusted qualification mismatch
ABEO,Abeona Therapeutics,NASDAQ,2022-06-17,2022-09-15,2022-09-15,0.16,4.07,24.4375,0.16,4.07,24.4375,4.0,4.07,0.0175,raw,RAW_ONLY_REVIEW,True,,,ABEO_002,opend,POC,True,dual,raw/adjusted qualification mismatch
ABEO,Abeona Therapeutics,NASDAQ,2022-06-21,2022-09-19,2022-09-19,0.1676,3.86,22.03102625298329,0.1676,3.86,22.03102625298329,4.19,3.86,-0.0787589498806683,raw,RAW_ONLY_REVIEW,True,,,ABEO_002,opend,POC,True,dual,raw/adjusted qualification mismatch
ABEO,Abeona Therapeutics,NASDAQ,2022-06-22,2022-09-20,2022-09-20,0.1727,3.72,20.540243196294156,0.1727,3.72,20.540243196294156,4.3175,3.72,-0.1383902721482338,raw,RAW_ONLY_REVIEW,True,,,ABEO_002,opend,POC,True,dual,raw/adjusted qualification mismatch
ABEO,Abeona Therapeutics,NASDAQ,2022-06-23,2022-09-21,2022-09-21,0.1867,3.58,18.17514729512587,0.1867,3.58,18.17514729512587,4.6675,3.58,-0.2329941081949652,raw,RAW_ONLY_REVIEW,True,,,ABEO_002,opend,POC,True,dual,raw/adjusted qualification mismatch
ABEO,Abeona Therapeutics,NASDAQ,2022-06-24,2022-09-22,2022-09-22,0.17,3.25,18.11764705882353,0.17,3.25,18.11764705882353,4.25,3.25,-0.2352941176470588,raw,RAW_ONLY_REVIEW,True,,,ABEO_002,opend,POC,True,dual,raw/adjusted qualification mismatch
ABEO,Abeona Therapeutics,NASDAQ,2022-06-27,2022-09-25,2022-09-26,0.1831,2.79,14.237575095576188,0.1831,2.79,14.237575095576188,4.5775,2.79,-0.3904969961769524,raw,RAW_ONLY_REVIEW,True,,,ABEO_002,opend,POC,True,dual,raw/adjusted qualification mismatch
ABEO,Abeona Therapeutics,NASDAQ,2022-06-28,2022-09-26,2022-09-26,0.1842,2.79,14.14657980456026,0.1842,2.79,14.14657980456026,4.605,2.79,-0.3941368078175896,raw,RAW_ONLY_REVIEW,True,,,ABEO_002,opend,POC,True,dual,raw/adjusted qualification mismatch
ABEO,Abeona Therapeutics,NASDAQ,2022-06-29,2022-09-27,2022-09-27,0.2,3.0,14.0,0.2,3.0,14.0,5.0,3.0,-0.4,raw,RAW_ONLY_REVIEW,True,,,ABEO_002,opend,POC,True,dual,raw/adjusted qualification mismatch
ABEO,Abeona Therapeutics,NASDAQ,2022-06-30,2022-09-28,2022-09-28,0.208,3.08,13.807692307692308,0.208,3.08,13.807692307692308,5.2,3.08,-0.4076923076923077,raw,RAW_ONLY_REVIEW,True,,,ABEO_002,opend,POC,True,dual,raw/adjusted qualification mismatch
ABEO,Abeona Therapeutics,NASDAQ,2022-07-01,2022-09-29,2022-09-29,0.1916,2.96,14.448851774530272,0.1916,2.96,14.448851774530272,4.79,2.96,-0.3820459290187892,raw,RAW_ONLY_REVIEW,True,,,ABEO_002,opend,POC,True,dual,raw/adjusted qualification mismatch
ABTC,American Bitcoin,NASDAQ,2022-10-14,2023-01-12,2023-01-12,9.26,165.0,16.81857451403888,0.0926,1.65,16.818574514038875,9.26,165.0,16.81857451403888,both,BOTH_QUALIFIED,False,,,ABTC_003,opend,POC,True,dual,
ABTC,American Bitcoin,NASDAQ,2022-10-17,2023-01-15,2023-01-17,9.52,170.0,16.857142857142858,0.0952,1.7,16.857142857142854,9.52,170.0,16.857142857142858,both,BOTH_QUALIFIED,False,,,ABTC_003,opend,POC,True,dual,
ABTC,American Bitcoin,NASDAQ,2022-10-18,2023-01-16,2023-01-17,10.1,170.0,15.831683168316832,0.101,1.7,15.831683168316829,10.1,170.0,15.831683168316832,both,BOTH_QUALIFIED,False,,,ABTC_003,opend,POC,True,dual,
ABTC,American Bitcoin,NASDAQ,2022-10-19,2023-01-17,2023-01-17,9.22,170.0,17.43817787418655,0.0922,1.7,17.43817787418655,9.22,170.0,17.43817787418655,both,BOTH_QUALIFIED,False,,,ABTC_003,opend,POC,True,dual,
ABTC,American Bitcoin,NASDAQ,2022-10-20,2023-01-18,2023-01-18,9.5,157.0,15.526315789473683,0.095,1.57,15.526315789473683,9.5,157.0,15.526315789473683,both,BOTH_QUALIFIED,False,,,ABTC_003,opend,POC,True,dual,
ABTC,American Bitcoin,NASDAQ,2022-10-21,2023-01-19,2023-01-19,9.65,153.0,14.854922279792746,0.0965,1.53,14.854922279792746,9.65,153.0,14.854922279792746,both,BOTH_QUALIFIED,False,,,ABTC_003,opend,POC,True,dual,
ABTC,American Bitcoin,NASDAQ,2022-10-24,2023-01-22,2023-01-23,9.45,154.0,15.296296296296298,0.0945,1.54,15.296296296296298,9.45,154.0,15.296296296296298,both,BOTH_QUALIFIED,False,,,ABTC_003,opend,POC,True,dual,
ABTC,American Bitcoin,NASDAQ,2022-10-25,2023-01-23,2023-01-23,9.9,154.0,14.555555555555555,0.099,1.54,14.555555555555555,9.9,154.0,14.555555555555555,both,BOTH_QUALIFIED,False,,,ABTC_003,opend,POC,True,dual,
ABTC,American Bitcoin,NASDAQ,2022-10-26,2023-01-24,2023-01-24,10.1,151.0,13.950495049504951,0.101,1.51,13.95049504950495,10.1,151.0,13.950495049504951,both,BOTH_QUALIFIED,False,,,ABTC_003,opend,POC,True,dual,
ABTC,American Bitcoin,NASDAQ,2022-10-27,2023-01-25,2023-01-25,10.06,169.0,15.79920477137177,0.1006,1.69,15.79920477137177,10.06,169.0,15.79920477137177,both,BOTH_QUALIFIED,False,,,ABTC_003,opend,POC,True,dual,
ABTC,American Bitcoin,NASDAQ,2022-10-28,2023-01-26,2023-01-26,9.92,178.0,16.943548387096776,0.0992,1.78,16.943548387096776,9.92,178.0,16.943548387096776,both,BOTH_QUALIFIED,False,,,ABTC_003,opend,POC,True,dual,
ABTC,American Bitcoin,NASDAQ,2022-11-02,2023-01-31,2023-01-31,9.9,110.0,10.11111111111111,0.099,1.1,10.11111111111111,9.9,110.0,10.11111111111111,both,BOTH_QUALIFIED,False,,,ABTC_003,opend,POC,True,dual,
ABTC,American Bitcoin,NASDAQ,2022-11-03,2023-02-01,2023-02-01,9.79,109.0,10.133810010214503,0.0979,1.09,10.133810010214503,9.79,109.0,10.133810010214503,both,BOTH_QUALIFIED,False,,,ABTC_003,opend,POC,True,dual,
ABTC,American Bitcoin,NASDAQ,2022-11-04,2023-02-02,2023-02-02,10.09,112.0,10.10009910802775,0.1009,1.12,10.10009910802775,10.09,112.0,10.10009910802775,both,BOTH_QUALIFIED,False,,,ABTC_003,opend,POC,True,dual,
ABTC,American Bitcoin,NASDAQ,2022-11-07,2023-02-05,2023-02-06,7.9,104.0,12.164556962025316,0.079,1.04,12.164556962025316,7.9,104.0,12.164556962025316,both,BOTH_QUALIFIED,False,,,ABTC_003,opend,POC,True,dual,
ABTC,American Bitcoin,NASDAQ,2023-11-13,2024-02-11,2024-02-12,0.2397,4.09,16.06299541093033,0.2397,4.09,16.06299541093033,23.97,20.45,-0.1468502294534834,raw,RAW_ONLY_REVIEW,True,,,ABTC_004,opend,POC,True,dual,raw/adjusted qualification mismatch
ABTC,American Bitcoin,NASDAQ,2023-11-14,2024-02-12,2024-02-12,0.238,4.09,16.18487394957983,0.238,4.09,16.18487394957983,23.8,20.45,-0.1407563025210084,raw,RAW_ONLY_REVIEW,True,,,ABTC_004,opend,POC,True,dual,raw/adjusted qualification mismatch
ABTC,American Bitcoin,NASDAQ,2023-11-15,2024-02-13,2024-02-13,0.2409,2.7,10.207970112079702,0.2409,2.7,10.207970112079702,24.09,13.5,-0.4396014943960149,raw,RAW_ONLY_REVIEW,True,,,ABTC_004,opend,POC,True,dual,raw/adjusted qualification mismatch
ABTS,Abits,NASDAQ,2025-03-04,2025-06-02,2025-06-02,0.3515,4.0999,10.664011379800854,0.3515,4.0999,10.664011379800854,5.2725,4.0999,-0.2223992413466098,raw,RAW_ONLY_REVIEW,True,,,ABTS_005,opend,POC,True,dual,raw/adjusted qualification mismatch
ABTS,Abits,NASDAQ,2025-03-06,2025-06-04,2025-06-04,0.3201,4.2891,12.399250234301782,0.3201,4.2891,12.399250234301782,4.8015,4.2891,-0.1067166510465478,raw,RAW_ONLY_REVIEW,True,,,ABTS_005,opend,POC,True,dual,raw/adjusted qualification mismatch
ABTS,Abits,NASDAQ,2025-03-07,2025-06-05,2025-06-05,0.2515,4.11,15.341948310139166,0.2515,4.11,15.341948310139166,3.7725,4.11,0.0894632206759444,raw,RAW_ONLY_REVIEW,True,,,ABTS_005,opend,POC,True,dual,raw/adjusted qualification mismatch
ABVX,Abivax S.A.,NASDAQ,2025-05-13,2025-08-11,2025-08-11,6.04,69.0,10.42384105960265,6.04,69.0,10.42384105960265,6.04,69.0,10.42384105960265,both,BOTH_QUALIFIED,False,,,ABVX_006,opend,POC,True,dual,
ABVX,Abivax S.A.,NASDAQ,2025-05-14,2025-08-12,2025-08-12,6.1,71.91,10.788524590163934,6.1,71.91,10.788524590163934,6.1,71.91,10.788524590163934,both,BOTH_QUALIFIED,False,,,ABVX_006,opend,POC,True,dual,
ABVX,Abivax S.A.,NASDAQ,2025-05-15,2025-08-13,2025-08-13,5.99,69.89,10.6677796327212,5.99,69.89,10.6677796327212,5.99,69.89,10.6677796327212,both,BOTH_QUALIFIED,False,,,ABVX_006,opend,POC,True,dual,
ABVX,Abivax S.A.,NASDAQ,2025-05-16,2025-08-14,2025-08-14,6.01,69.56,10.574043261231282,6.01,69.56,10.574043261231282,6.01,69.56,10.574043261231282,both,BOTH_QUALIFIED,False,,,ABVX_006,opend,POC,True,dual,
ABVX,Abivax S.A.,NASDAQ,2025-05-19,2025-08-17,2025-08-18,5.88,70.01,10.906462585034015,5.88,70.01,10.906462585034015,5.88,70.01,10.906462585034015,both,BOTH_QUALIFIED,False,,,ABVX_006,opend,POC,True,dual,
ABVX,Abivax S.A.,NASDAQ,2025-05-20,2025-08-18,2025-08-18,5.8,70.01,11.070689655172416,5.8,70.01,11.070689655172416,5.8,70.01,11.070689655172416,both,BOTH_QUALIFIED,False,,,ABVX_006,opend,POC,True,dual,
ABVX,Abivax S.A.,NASDAQ,2025-05-21,2025-08-19,2025-08-19,5.82,68.96,10.848797250859104,5.82,68.96,10.848797250859104,5.82,68.96,10.848797250859104,both,BOTH_QUALIFIED,False,,,ABVX_006,opend,POC,True,dual,
ABVX,Abivax S.A.,NASDAQ,2025-05-22,2025-08-20,2025-08-20,6.05,71.89,10.882644628099174,6.05,71.89,10.882644628099174,6.05,71.89,10.882644628099174,both,BOTH_QUALIFIED,False,,,ABVX_006,opend,POC,True,dual,
ABVX,Abivax S.A.,NASDAQ,2025-05-23,2025-08-21,2025-08-21,5.67,74.43,12.126984126984128,5.67,74.43,12.126984126984128,5.67,74.43,12.126984126984128,both,BOTH_QUALIFIED,False,,,ABVX_006,opend,POC,True,dual,
ABVX,Abivax S.A.,NASDAQ,2025-05-27,2025-08-25,2025-08-25,5.69,77.46,12.613356766256588,5.69,77.46,12.613356766256588,5.69,77.46,12.613356766256588,both,BOTH_QUALIFIED,False,,,ABVX_006,opend,POC,True,dual,
ABVX,Abivax S.A.,NASDAQ,2025-05-28,2025-08-26,2025-08-26,5.68,79.7,13.031690140845072,5.68,79.7,13.031690140845072,5.68,79.7,13.031690140845072,both,BOTH_QUALIFIED,False,,,ABVX_006,opend,POC,True,dual,
ABVX,Abivax S.A.,NASDAQ,2025-05-29,2025-08-27,2025-08-27,6.015,79.43,12.20532003325021,6.015,79.43,12.20532003325021,6.015,79.43,12.20532003325021,both,BOTH_QUALIFIED,False,,,ABVX_006,opend,POC,True,dual,
ABVX,Abivax S.A.,NASDAQ,2025-05-30,2025-08-28,2025-08-28,6.02,81.64,12.561461794019934,6.02,81.64,12.561461794019934,6.02,81.64,12.561461794019934,both,BOTH_QUALIFIED,False,,,ABVX_006,opend,POC,True,dual,
ABVX,Abivax S.A.,NASDAQ,2025-06-02,2025-08-31,2025-09-02,6.35,81.99,11.911811023622048,6.35,81.99,11.911811023622048,6.35,81.99,11.911811023622048,both,BOTH_QUALIFIED,False,,,ABVX_006,opend,POC,True,dual,
ABVX,Abivax S.A.,NASDAQ,2025-06-09,2025-09-07,2025-09-08,7.8,90.0,10.538461538461538,7.8,90.0,10.538461538461538,7.8,90.0,10.538461538461538,both,BOTH_QUALIFIED,False,,,ABVX_006,opend,POC,True,dual,
ABVX,Abivax S.A.,NASDAQ,2025-06-10,2025-09-08,2025-09-08,7.87,90.0,10.435832274459974,7.87,90.0,10.435832274459974,7.87,90.0,10.435832274459974,both,BOTH_QUALIFIED,False,,,ABVX_006,opend,POC,True,dual,
ABVX,Abivax S.A.,NASDAQ,2025-06-11,2025-09-09,2025-09-09,7.42,89.25,11.028301886792454,7.42,89.25,11.028301886792454,7.42,89.25,11.028301886792454,both,BOTH_QUALIFIED,False,,,ABVX_006,opend,POC,True,dual,
ABVX,Abivax S.A.,NASDAQ,2025-06-12,2025-09-10,2025-09-10,7.02,87.63,11.482905982905985,7.02,87.63,11.482905982905985,7.02,87.63,11.482905982905985,both,BOTH_QUALIFIED,False,,,ABVX_006,opend,POC,True,dual,
ABVX,Abivax S.A.,NASDAQ,2025-06-13,2025-09-11,2025-09-11,6.98,85.96,11.315186246418335,6.98,85.96,11.315186246418335,6.98,85.96,11.315186246418335,both,BOTH_QUALIFIED,False,,,ABVX_006,opend,POC,True,dual,
ABVX,Abivax S.A.,NASDAQ,2025-06-16,2025-09-14,2025-09-15,6.72,85.87,11.77827380952381,6.72,85.87,11.77827380952381,6.72,85.87,11.77827380952381,both,BOTH_QUALIFIED,False,,,ABVX_006,opend,POC,True,dual,
ABVX,Abivax S.A.,NASDAQ,2025-06-17,2025-09-15,2025-09-15,6.06,85.87,13.16996699669967,6.06,85.87,13.16996699669967,6.06,85.87,13.16996699669967,both,BOTH_QUALIFIED,False,,,ABVX_006,opend,POC,True,dual,
ABVX,Abivax S.A.,NASDAQ,2025-06-18,2025-09-16,2025-09-16,6.05,82.28,12.6,6.05,82.28,12.6,6.05,82.28,12.6,both,BOTH_QUALIFIED,False,,,ABVX_006,opend,POC,True,dual,
ABVX,Abivax S.A.,NASDAQ,2025-06-20,2025-09-18,2025-09-18,5.97,83.31,12.954773869346734,5.97,83.31,12.954773869346734,5.97,83.31,12.954773869346734,both,BOTH_QUALIFIED,False,,,ABVX_006,opend,POC,True,dual,
ABVX,Abivax S.A.,NASDAQ,2025-06-23,2025-09-21,2025-09-22,6.11,82.21,12.454991816693942,6.11,82.21,12.454991816693942,6.11,82.21,12.454991816693942,both,BOTH_QUALIFIED,False,,,ABVX_006,opend,POC,True,dual,
ABVX,Abivax S.A.,NASDAQ,2025-06-24,2025-09-22,2025-09-22,6.65,82.21,11.362406015037593,6.65,82.21,11.362406015037593,6.65,82.21,11.362406015037593,both,BOTH_QUALIFIED,False,,,ABVX_006,opend,POC,True,dual,
ABVX,Abivax S.A.,NASDAQ,2025-06-25,2025-09-23,2025-09-23,7.05,82.02,10.63404255319149,7.05,82.02,10.63404255319149,7.05,82.02,10.63404255319149,both,BOTH_QUALIFIED,False,,,ABVX_006,opend,POC,True,dual,
ABVX,Abivax S.A.,NASDAQ,2025-06-26,2025-09-24,2025-09-24,7.18,82.55,10.497214484679668,7.18,82.55,10.497214484679668,7.18,82.55,10.497214484679668,both,BOTH_QUALIFIED,False,,,ABVX_006,opend,POC,True,dual,
ABVX,Abivax S.A.,NASDAQ,2025-06-27,2025-09-25,2025-09-25,7.4,82.0,10.08108108108108,7.4,82.0,10.08108108108108,7.4,82.0,10.08108108108108,both,BOTH_QUALIFIED,False,,,ABVX_006,opend,POC,True,dual,
ABVX,Abivax S.A.,NASDAQ,2025-07-08,2025-10-06,2025-10-06,7.75,86.67,10.183225806451611,7.75,86.67,10.183225806451611,7.75,86.67,10.183225806451611,both,BOTH_QUALIFIED,False,,,ABVX_006,opend,POC,True,dual,
ACB,极光大麻,NASDAQ,2020-02-28,2020-05-28,2020-05-28,1.34,15.34,10.44776119402985,1.34,15.34,10.44776119402985,160.8,153.4,-0.0460199004975124,raw,RAW_ONLY_REVIEW,True,,,ACB_007,opend,POC,True,dual,raw/adjusted qualification mismatch
ACB,极光大麻,NASDAQ,2020-03-06,2020-06-04,2020-06-04,1.17,14.23,11.162393162393164,1.17,14.23,11.162393162393164,140.4,142.3,0.0135327635327635,raw,RAW_ONLY_REVIEW,True,,,ACB_007,opend,POC,True,dual,raw/adjusted qualification mismatch
ACB,极光大麻,NASDAQ,2020-03-09,2020-06-07,2020-06-08,0.949,15.74,15.585879873551107,0.949,15.74,15.585879873551107,113.88,157.4,0.3821566561292588,raw,RAW_ONLY_REVIEW,True,,,ACB_007,opend,POC,True,dual,raw/adjusted qualification mismatch
ACB,极光大麻,NASDAQ,2020-03-10,2020-06-08,2020-06-08,0.9802,15.74,15.057947357682108,0.9802,15.74,15.057947357682108,117.624,157.4,0.3381622798068422,raw,RAW_ONLY_REVIEW,True,,,ACB_007,opend,POC,True,dual,raw/adjusted qualification mismatch
ACB,极光大麻,NASDAQ,2020-03-11,2020-06-09,2020-06-09,0.8587,14.81,16.247001281006174,0.8587,14.81,16.247001281006174,103.044,148.1,0.4372501067505143,raw,RAW_ONLY_REVIEW,True,,,ACB_007,opend,POC,True,dual,raw/adjusted qualification mismatch
ACB,极光大麻,NASDAQ,2020-03-12,2020-06-10,2020-06-10,0.7001,14.29,19.41136980431367,0.7001,14.29,19.41136980431367,84.012,142.9,0.7009474836928058,raw,RAW_ONLY_REVIEW,True,,,ACB_007,opend,POC,True,dual,raw/adjusted qualification mismatch
ACB,极光大麻,NASDAQ,2020-03-13,2020-06-11,2020-06-11,0.77,12.91,15.766233766233768,0.77,12.91,15.766233766233768,92.4,129.1,0.3971861471861471,raw,RAW_ONLY_REVIEW,True,,,ACB_007,opend,POC,True,dual,raw/adjusted qualification mismatch
ACB,极光大麻,NASDAQ,2020-03-16,2020-06-14,2020-06-15,0.6921,13.25,18.14463227857246,0.6921,13.25,18.14463227857246,83.052,132.5,0.5953860232143715,raw,RAW_ONLY_REVIEW,True,,,ACB_007,opend,POC,True,dual,raw/adjusted qualification mismatch
ACB,极光大麻,NASDAQ,2020-03-17,2020-06-15,2020-06-15,0.7095,13.25,17.675123326286116,0.7095,13.25,17.675123326286116,85.14,132.5,0.5562602771905096,raw,RAW_ONLY_REVIEW,True,,,ACB_007,opend,POC,True,dual,raw/adjusted qualification mismatch
ACB,极光大麻,NASDAQ,2020-03-18,2020-06-16,2020-06-16,0.625,13.11,19.976,0.625,13.11,19.976,75.0,131.1,0.748,raw,RAW_ONLY_REVIEW,True,,,ACB_007,opend,POC,True,dual,raw/adjusted qualification mismatch
ACB,极光大麻,NASDAQ,2020-03-19,2020-06-17,2020-06-17,0.6617,13.19,18.93350460933958,0.6617,13.19,18.93350460933958,79.404,131.9,0.6611253841116318,raw,RAW_ONLY_REVIEW,True,,,ACB_007,opend,POC,True,dual,raw/adjusted qualification mismatch
ACB,极光大麻,NASDAQ,2020-03-20,2020-06-18,2020-06-18,0.73,13.01,16.82191780821918,0.73,13.01,16.82191780821918,87.6,130.1,0.4851598173515983,raw,RAW_ONLY_REVIEW,True,,,ACB_007,opend,POC,True,dual,raw/adjusted qualification mismatch
ACB,极光大麻,NASDAQ,2020-03-23,2020-06-21,2020-06-22,0.6826,13.72,19.099619103428072,0.6826,13.72,19.099619103428072,81.912,137.2,0.6749682586190056,raw,RAW_ONLY_REVIEW,True,,,ACB_007,opend,POC,True,dual,raw/adjusted qualification mismatch
ACB,极光大麻,NASDAQ,2020-03-24,2020-06-22,2020-06-22,0.717,13.72,18.135285913528595,0.717,13.72,18.135285913528595,86.04,137.2,0.5946071594607156,raw,RAW_ONLY_REVIEW,True,,,ACB_007,opend,POC,True,dual,raw/adjusted qualification mismatch
ACB,极光大麻,NASDAQ,2020-03-25,2020-06-23,2020-06-23,0.7461,13.58,17.20131349685029,0.7461,13.58,17.20131349685029,89.532,135.8,0.5167761247375242,raw,RAW_ONLY_REVIEW,True,,,ACB_007,opend,POC,True,dual,raw/adjusted qualification mismatch
ACB,极光大麻,NASDAQ,2020-03-26,2020-06-24,2020-06-24,0.905,13.67,14.104972375690608,0.905,13.67,14.104972375690608,108.6,136.7,0.2587476979742173,raw,RAW_ONLY_REVIEW,True,,,ACB_007,opend,POC,True,dual,raw/adjusted qualification mismatch
ACB,极光大麻,NASDAQ,2020-03-27,2020-06-25,2020-06-25,1.03,13.2,11.815533980582524,1.03,13.2,11.815533980582524,123.6,132.0,0.0679611650485436,raw,RAW_ONLY_REVIEW,True,,,ACB_007,opend,POC,True,dual,raw/adjusted qualification mismatch
ACB,极光大麻,NASDAQ,2020-03-30,2020-06-28,2020-06-29,0.8875,12.36,12.92676056338028,0.8875,12.36,12.92676056338028,106.5,123.6,0.1605633802816901,raw,RAW_ONLY_REVIEW,True,,,ACB_007,opend,POC,True,dual,raw/adjusted qualification mismatch
ACB,极光大麻,NASDAQ,2020-03-31,2020-06-29,2020-06-29,0.9059,12.36,12.643890054089852,0.9059,12.36,12.643890054089852,108.708,123.6,0.1369908378408213,raw,RAW_ONLY_REVIEW,True,,,ACB_007,opend,POC,True,dual,raw/adjusted qualification mismatch
ACB,极光大麻,NASDAQ,2020-04-01,2020-06-30,2020-06-30,0.809,12.42,14.352286773794807,0.809,12.42,14.352286773794807,97.08,124.2,0.2793572311495673,raw,RAW_ONLY_REVIEW,True,,,ACB_007,opend,POC,True,dual,raw/adjusted qualification mismatch
ACB,极光大麻,NASDAQ,2020-04-02,2020-07-01,2020-07-01,0.8333,12.27,13.72458898355934,0.8333,12.27,13.72458898355934,99.996,122.7,0.2270490819632786,raw,RAW_ONLY_REVIEW,True,,,ACB_007,opend,POC,True,dual,raw/adjusted qualification mismatch
ACB,极光大麻,NASDAQ,2020-04-03,2020-07-02,2020-07-02,0.8096,12.27,14.155632411067192,0.8096,12.27,14.155632411067192,97.152,122.7,0.2629693675889328,raw,RAW_ONLY_REVIEW,True,,,ACB_007,opend,POC,True,dual,raw/adjusted qualification mismatch
ACB,极光大麻,NASDAQ,2020-04-06,2020-07-05,2020-07-06,0.7995,12.18,14.23452157598499,0.7995,12.18,14.23452157598499,95.94,121.8,0.2695434646654158,raw,RAW_ONLY_REVIEW,True,,,ACB_007,opend,POC,True,dual,raw/adjusted qualification mismatch
ACB,极光大麻,NASDAQ,2020-04-07,2020-07-06,2020-07-06,0.8001,12.18,14.223097112860891,0.8001,12.18,14.223097112860891,96.012,121.8,0.268591426071741,raw,RAW_ONLY_REVIEW,True,,,ACB_007,opend,POC,True,dual,raw/adjusted qualification mismatch
ACB,极光大麻,NASDAQ,2020-04-08,2020-07-07,2020-07-07,0.8522,12.42,13.574043651724947,0.8522,12.42,13.574043651724947,102.264,124.2,0.2145036376437457,raw,RAW_ONLY_REVIEW,True,,,ACB_007,opend,POC,True,dual,raw/adjusted qualification mismatch
ACB,极光大麻,NASDAQ,2020-04-09,2020-07-08,2020-07-08,0.8763,12.16,12.876526303777243,0.8763,12.16,12.876526303777243,105.156,121.6,0.1563771919814369,raw,RAW_ONLY_REVIEW,True,,,ACB_007,opend,POC,True,dual,raw/adjusted qualification mismatch
ACB,极光大麻,NASDAQ,2020-04-13,2020-07-12,2020-07-13,0.7598,12.08,14.898920768623322,0.7598,12.08,14.898920768623322,91.176,120.8,0.3249100640519433,raw,RAW_ONLY_REVIEW,True,,,ACB_007,opend,POC,True,dual,raw/adjusted qualification mismatch
ACB,极光大麻,NASDAQ,2020-04-14,2020-07-13,2020-07-13,0.7502,12.08,15.10237270061317,0.7502,12.08,15.10237270061317,90.024,120.8,0.3418643917177641,raw,RAW_ONLY_REVIEW,True,,,ACB_007,opend,POC,True,dual,raw/adjusted qualification mismatch
ACB,极光大麻,NASDAQ,2020-04-15,2020-07-14,2020-07-14,0.7086,11.75,15.581992661586227,0.7086,11.75,15.581992661586227,85.032,117.5,0.3818327217988522,raw,RAW_ONLY_REVIEW,True,,,ACB_007,opend,POC,True,dual,raw/adjusted qualification mismatch
ACB,极光大麻,NASDAQ,2020-04-16,2020-07-15,2020-07-15,0.6686,12.87,18.249177385581813,0.6686,12.87,18.249177385581813,80.232,128.699999999,0.6040981154526872,raw,RAW_ONLY_REVIEW,True,,,ACB_007,opend,POC,True,dual,raw/adjusted qualification mismatch
ACB,极光大麻,NASDAQ,2020-04-17,2020-07-16,2020-07-16,0.69,12.05,16.46376811594203,0.69,12.05,16.46376811594203,82.8,120.5,0.4553140096618358,raw,RAW_ONLY_REVIEW,True,,,ACB_007,opend,POC,True,dual,raw/adjusted qualification mismatch
ACB,极光大麻,NASDAQ,2020-04-20,2020-07-19,2020-07-20,0.715,11.54,15.13986013986014,0.715,11.54,15.13986013986014,85.8,115.399999999,0.3449883449766899,raw,RAW_ONLY_REVIEW,True,,,ACB_007,opend,POC,True,dual,raw/adjusted qualification mismatch
ACB,极光大麻,NASDAQ,2020-04-21,2020-07-20,2020-07-20,0.72,11.54,15.02777777777778,0.72,11.54,15.02777777777778,86.4,115.399999999,0.335648148136574,raw,RAW_ONLY_REVIEW,True,,,ACB_007,opend,POC,True,dual,raw/adjusted qualification mismatch
ACB,极光大麻,NASDAQ,2020-04-22,2020-07-21,2020-07-21,0.7179,11.61,15.172168825741746,0.7179,11.61,15.172168825741746,86.148,116.1,0.347680735478479,raw,RAW_ONLY_REVIEW,True,,,ACB_007,opend,POC,True,dual,raw/adjusted qualification mismatch
ACB,极光大麻,NASDAQ,2020-04-23,2020-07-22,2020-07-22,0.7156,11.16,14.595304639463388,0.7156,11.16,14.595304639463388,85.872,111.6,0.2996087199552821,raw,RAW_ONLY_REVIEW,True,,,ACB_007,opend,POC,True,dual,raw/adjusted qualification mismatch
ACB,极光大麻,NASDAQ,2020-04-24,2020-07-23,2020-07-23,0.73,10.78,13.767123287671232,0.73,10.78,13.767123287671232,87.6,107.8,0.230593607305936,raw,RAW_ONLY_REVIEW,True,,,ACB_007,opend,POC,True,dual,raw/adjusted qualification mismatch
ACB,极光大麻,NASDAQ,2020-04-27,2020-07-26,2020-07-27,0.76,10.67,13.039473684210526,0.76,10.67,13.039473684210526,91.2,106.7,0.1699561403508771,raw,RAW_ONLY_REVIEW,True,,,ACB_007,opend,POC,True,dual,raw/adjusted qualification mismatch
ACB,极光大麻,NASDAQ,2020-04-28,2020-07-27,2020-07-27,0.7575,10.67,13.085808580858089,0.7575,10.67,13.085808580858089,90.9,106.7,0.1738173817381738,raw,RAW_ONLY_REVIEW,True,,,ACB_007,opend,POC,True,dual,raw/adjusted qualification mismatch
ACB,极光大麻,NASDAQ,2020-04-29,2020-07-28,2020-07-28,0.7538,11.7,14.521358450517376,0.7538,11.7,14.521358450517376,90.456,117.0,0.2934465375431148,raw,RAW_ONLY_REVIEW,True,,,ACB_007,opend,POC,True,dual,raw/adjusted qualification mismatch
ACB,极光大麻,NASDAQ,2020-04-30,2020-07-29,2020-07-29,0.74,10.7,13.459459459459458,0.74,10.7,13.459459459459458,88.8,107.0,0.2049549549549549,raw,RAW_ONLY_REVIEW,True,,,ACB_007,opend,POC,True,dual,raw/adjusted qualification mismatch
ACB,极光大麻,NASDAQ,2020-05-01,2020-07-30,2020-07-30,0.7031,10.54,13.99075522685251,0.7031,10.54,13.99075522685251,84.372,105.399999999,0.2492296022258568,raw,RAW_ONLY_REVIEW,True,,,ACB_007,opend,POC,True,dual,raw/adjusted qualification mismatch
ACB,极光大麻,NASDAQ,2020-05-04,2020-08-02,2020-08-03,0.71,10.42,13.67605633802817,0.71,10.42,13.67605633802817,85.2,104.2,0.2230046948356807,raw,RAW_ONLY_REVIEW,True,,,ACB_007,opend,POC,True,dual,raw/adjusted qualification mismatch
ACB,极光大麻,NASDAQ,2020-05-05,2020-08-03,2020-08-03,0.699,10.42,13.907010014306152,0.699,10.42,13.907010014306152,83.88,104.2,0.2422508345255127,raw,RAW_ONLY_REVIEW,True,,,ACB_007,opend,POC,True,dual,raw/adjusted qualification mismatch
ACB,极光大麻,NASDAQ,2020-05-06,2020-08-04,2020-08-04,0.6915,10.73,14.516992046276211,0.6915,10.73,14.516992046276211,82.98,107.3,0.2930826705230174,raw,RAW_ONLY_REVIEW,True,,,ACB_007,opend,POC,True,dual,raw/adjusted qualification mismatch
ACB,极光大麻,NASDAQ,2020-05-07,2020-08-05,2020-08-05,0.6937,10.71,14.438950554994957,0.6937,10.71,14.438950554994957,83.244,107.1,0.2865792129162461,raw,RAW_ONLY_REVIEW,True,,,ACB_007,opend,POC,True,dual,raw/adjusted qualification mismatch
ACB,极光大麻,NASDAQ,2020-05-08,2020-08-06,2020-08-06,0.6716,10.31,14.351399642644433,0.6716,10.31,14.351399642644433,80.592,103.1,0.2792833035537025,raw,RAW_ONLY_REVIEW,True,,,ACB_007,opend,POC,True,dual,raw/adjusted qualification mismatch
ACB,极光大麻,NASDAQ,2024-01-04,2024-04-03,2024-04-03,0.4754,7.21,14.166175851914176,0.4754,7.21,14.166175851914176,4.754,7.21,0.5166175851914179,raw,RAW_ONLY_REVIEW,True,,,ACB_008,opend,POC,True,dual,raw/adjusted qualification mismatch
ACB,极光大麻,NASDAQ,2024-01-05,2024-04-04,2024-04-04,0.475,7.06,13.863157894736842,0.475,7.06,13.863157894736842,4.75,7.06,0.486315789473684,raw,RAW_ONLY_REVIEW,True,,,ACB_008,opend,POC,True,dual,raw/adjusted qualification mismatch
ACB,极光大麻,NASDAQ,2024-01-08,2024-04-07,2024-04-08,0.4774,7.01,13.683703393380812,0.4774,7.01,13.683703393380812,4.774,7.01,0.4683703393380811,raw,RAW_ONLY_REVIEW,True,,,ACB_008,opend,POC,True,dual,raw/adjusted qualification mismatch
ACB,极光大麻,NASDAQ,2024-01-09,2024-04-08,2024-04-08,0.463,7.01,14.140388768898488,0.463,7.01,14.140388768898488,4.63,7.01,0.5140388768898487,raw,RAW_ONLY_REVIEW,True,,,ACB_008,opend,POC,True,dual,raw/adjusted qualification mismatch
ACB,极光大麻,NASDAQ,2024-01-10,2024-04-09,2024-04-09,0.4578,6.355,12.88160768894714,0.4578,6.355,12.88160768894714,4.578,6.355,0.3881607688947139,raw,RAW_ONLY_REVIEW,True,,,ACB_008,opend,POC,True,dual,raw/adjusted qualification mismatch
ACB,极光大麻,NASDAQ,2024-01-11,2024-04-10,2024-04-10,0.45,6.76,14.022222222222222,0.45,6.76,14.022222222222222,4.5,6.76,0.5022222222222221,raw,RAW_ONLY_REVIEW,True,,,ACB_008,opend,POC,True,dual,raw/adjusted qualification mismatch
ACB,极光大麻,NASDAQ,2024-01-12,2024-04-11,2024-04-11,0.4581,6.83,13.909408426107836,0.4581,6.83,13.909408426107836,4.581,6.83,0.4909408426107835,raw,RAW_ONLY_REVIEW,True,,,ACB_008,opend,POC,True,dual,raw/adjusted qualification mismatch
ACB,极光大麻,NASDAQ,2024-01-16,2024-04-15,2024-04-15,0.4551,6.28,12.799165018677217,0.4551,6.28,12.799165018677217,4.551,6.28,0.3799165018677213,raw,RAW_ONLY_REVIEW,True,,,ACB_008,opend,POC,True,dual,raw/adjusted qualification mismatch
ACB,极光大麻,NASDAQ,2024-01-17,2024-04-16,2024-04-16,0.4438,5.9,12.294276701216766,0.4438,5.9,12.294276701216766,4.438,5.9,0.3294276701216765,raw,RAW_ONLY_REVIEW,True,,,ACB_008,opend,POC,True,dual,raw/adjusted qualification mismatch
ACB,极光大麻,NASDAQ,2024-01-18,2024-04-17,2024-04-17,0.41,5.79,13.121951219512196,0.41,5.79,13.121951219512196,4.099999999,5.79,0.4121951222956574,raw,RAW_ONLY_REVIEW,True,,,ACB_008,opend,POC,True,dual,raw/adjusted qualification mismatch
ACB,极光大麻,NASDAQ,2024-01-19,2024-04-18,2024-04-18,0.4114,6.535,14.88478366553233,0.4114,6.535,14.88478366553233,4.114,6.535,0.5884783665532329,raw,RAW_ONLY_REVIEW,True,,,ACB_008,opend,POC,True,dual,raw/adjusted qualification mismatch
ACB,极光大麻,NASDAQ,2024-01-22,2024-04-21,2024-04-22,0.42,6.28,13.952380952380954,0.42,6.28,13.952380952380954,4.2,6.28,0.4952380952380952,raw,RAW_ONLY_REVIEW,True,,,ACB_008,opend,POC,True,dual,raw/adjusted qualification mismatch
ACB,极光大麻,NASDAQ,2024-01-23,2024-04-22,2024-04-22,0.412,6.28,14.242718446601945,0.412,6.28,14.242718446601945,4.12,6.28,0.5242718446601942,raw,RAW_ONLY_REVIEW,True,,,ACB_008,opend,POC,True,dual,raw/adjusted qualification mismatch
ACB,极光大麻,NASDAQ,2024-01-24,2024-04-23,2024-04-23,0.386,7.42,18.22279792746114,0.386,7.42,18.22279792746114,3.86,7.42,0.922279792746114,raw,RAW_ONLY_REVIEW,True,,,ACB_008,opend,POC,True,dual,raw/adjusted qualification mismatch
ACB,极光大麻,NASDAQ,2024-01-25,2024-04-24,2024-04-24,0.405,7.2,16.77777777777778,0.405,7.2,16.77777777777778,4.05,7.2,0.7777777777777779,raw,RAW_ONLY_REVIEW,True,,,ACB_008,opend,POC,True,dual,raw/adjusted qualification mismatch
ACB,极光大麻,NASDAQ,2024-01-26,2024-04-25,2024-04-25,0.3991,6.71,15.812828864946129,0.3991,6.71,15.812828864946129,3.991,6.71,0.6812828864946128,raw,RAW_ONLY_REVIEW,True,,,ACB_008,opend,POC,True,dual,raw/adjusted qualification mismatch
ACB,极光大麻,NASDAQ,2024-01-29,2024-04-28,2024-04-29,0.4088,6.32,14.459882583170256,0.4088,6.32,14.459882583170256,4.088,6.32,0.5459882583170255,raw,RAW_ONLY_REVIEW,True,,,ACB_008,opend,POC,True,dual,raw/adjusted qualification mismatch
ACB,极光大麻,NASDAQ,2024-01-30,2024-04-29,2024-04-29,0.396,6.32,14.95959595959596,0.396,6.32,14.95959595959596,3.96,6.32,0.595959595959596,raw,RAW_ONLY_REVIEW,True,,,ACB_008,opend,POC,True,dual,raw/adjusted qualification mismatch
ACB,极光大麻,NASDAQ,2024-01-31,2024-04-30,2024-04-30,0.3801,9.23,23.2830833991055,0.3801,9.23,23.2830833991055,3.801,9.23,1.4283083399105498,raw,RAW_ONLY_REVIEW,True,,,ACB_008,opend,POC,True,dual,raw/adjusted qualification mismatch
ACB,极光大麻,NASDAQ,2024-02-01,2024-05-01,2024-05-01,0.3989,7.36,17.450739533717726,0.3989,7.36,17.450739533717726,3.989,7.36,0.8450739533717726,raw,RAW_ONLY_REVIEW,True,,,ACB_008,opend,POC,True,dual,raw/adjusted qualification mismatch
ACB,极光大麻,NASDAQ,2024-02-02,2024-05-02,2024-05-02,0.388,6.97,16.963917525773194,0.388,6.97,16.963917525773194,3.88,6.97,0.7963917525773196,raw,RAW_ONLY_REVIEW,True,,,ACB_008,opend,POC,True,dual,raw/adjusted qualification mismatch
ACB,极光大麻,NASDAQ,2024-02-05,2024-05-05,2024-05-06,0.38,6.64,16.473684210526315,0.38,6.64,16.473684210526315,3.8,6.64,0.7473684210526317,raw,RAW_ONLY_REVIEW,True,,,ACB_008,opend,POC,True,dual,raw/adjusted qualification mismatch
ACB,极光大麻,NASDAQ,2024-02-06,2024-05-06,2024-05-06,0.4,6.64,15.599999999999998,0.4,6.64,15.599999999999998,4.0,6.64,0.6599999999999999,raw,RAW_ONLY_REVIEW,True,,,ACB_008,opend,POC,True,dual,raw/adjusted qualification mismatch
ACB,极光大麻,NASDAQ,2024-02-07,2024-05-07,2024-05-07,0.3964,6.66,15.801210898082749,0.3964,6.66,15.801210898082749,3.963999999,6.66,0.6801210902321195,raw,RAW_ONLY_REVIEW,True,,,ACB_008,opend,POC,True,dual,raw/adjusted qualification mismatch
ACB,极光大麻,NASDAQ,2024-02-08,2024-05-08,2024-05-08,0.408,6.42,14.73529411764706,0.408,6.42,14.73529411764706,4.079999999,6.42,0.5735294121503749,raw,RAW_ONLY_REVIEW,True,,,ACB_008,opend,POC,True,dual,raw/adjusted qualification mismatch
ACB,极光大麻,NASDAQ,2024-02-09,2024-05-09,2024-05-09,0.4343,6.81,14.680405249827306,0.4343,6.81,14.680405249827306,4.343,6.81,0.5680405249827307,raw,RAW_ONLY_REVIEW,True,,,ACB_008,opend,POC,True,dual,raw/adjusted qualification mismatch
ACB,极光大麻,NASDAQ,2024-02-12,2024-05-12,2024-05-13,0.4,6.68,15.7,0.4,6.68,15.7,4.0,6.68,0.6699999999999999,raw,RAW_ONLY_REVIEW,True,,,ACB_008,opend,POC,True,dual,raw/adjusted qualification mismatch
ACB,极光大麻,NASDAQ,2024-02-13,2024-05-13,2024-05-13,0.3922,6.68,16.03212646608873,0.3922,6.68,16.03212646608873,3.922,6.68,0.7032126466088728,raw,RAW_ONLY_REVIEW,True,,,ACB_008,opend,POC,True,dual,raw/adjusted qualification mismatch
ACB,极光大麻,NASDAQ,2024-02-14,2024-05-14,2024-05-14,0.399,7.0,16.543859649122805,0.399,7.0,16.543859649122805,3.99,7.0,0.7543859649122806,raw,RAW_ONLY_REVIEW,True,,,ACB_008,opend,POC,True,dual,raw/adjusted qualification mismatch
ACB,极光大麻,NASDAQ,2024-02-15,2024-05-15,2024-05-15,0.39,7.12,17.256410256410255,0.39,7.12,17.256410256410255,3.9,7.12,0.8256410256410258,raw,RAW_ONLY_REVIEW,True,,,ACB_008,opend,POC,True,dual,raw/adjusted qualification mismatch
ACB,极光大麻,NASDAQ,2024-02-16,2024-05-16,2024-05-16,0.393,7.61,18.36386768447837,0.393,7.61,18.36386768447837,3.93,7.61,0.9363867684478372,raw,RAW_ONLY_REVIEW,True,,,ACB_008,opend,POC,True,dual,raw/adjusted qualification mismatch
ACET,艾切托,NASDAQ,2020-05-27,2020-08-25,2020-09-16,15.064,246.4,113.49814126394052,0.1345,15.4,113.49814126394052,15.064,246.4,15.356877323420075,both,BOTH_QUALIFIED,False,,,ACET_009,opend,POC,True,dual,
ACET,艾切托,NASDAQ,2020-05-28,2020-08-26,2020-09-16,15.064,246.4,113.49814126394052,0.1345,15.4,113.49814126394052,15.064,246.4,15.356877323420075,both,BOTH_QUALIFIED,False,,,ACET_009,opend,POC,True,dual,
ACET,艾切托,NASDAQ,2020-05-29,2020-08-27,2020-09-16,15.064,246.4,113.49814126394052,0.1345,15.4,113.49814126394052,15.064,246.4,15.356877323420075,both,BOTH_QUALIFIED,False,,,ACET_009,opend,POC,True,dual,
ACET,艾切托,NASDAQ,2020-06-01,2020-08-30,2020-09-16,15.064,246.4,113.49814126394052,0.1345,15.4,113.49814126394052,15.064,246.4,15.356877323420075,both,BOTH_QUALIFIED,False,,,ACET_009,opend,POC,True,dual,
ACET,艾切托,NASDAQ,2020-06-02,2020-08-31,2020-09-16,15.064,246.4,113.49814126394052,0.1345,15.4,113.49814126394052,15.064,246.4,15.356877323420075,both,BOTH_QUALIFIED,False,,,ACET_009,opend,POC,True,dual,
ACET,艾切托,NASDAQ,2020-06-03,2020-09-01,2020-09-16,15.064,246.4,113.49814126394052,0.1345,15.4,113.49814126394052,15.064,246.4,15.356877323420075,both,BOTH_QUALIFIED,False,,,ACET_009,opend,POC,True,dual,
ACET,艾切托,NASDAQ,2020-06-04,2020-09-02,2020-09-16,15.064,246.4,113.49814126394052,0.1345,15.4,113.49814126394052,15.064,246.4,15.356877323420075,both,BOTH_QUALIFIED,False,,,ACET_009,opend,POC,True,dual,
ACET,艾切托,NASDAQ,2020-06-05,2020-09-03,2020-09-16,15.064,246.4,113.49814126394052,0.1345,15.4,113.49814126394052,15.064,246.4,15.356877323420075,both,BOTH_QUALIFIED,False,,,ACET_009,opend,POC,True,dual,
ACET,艾切托,NASDAQ,2020-06-08,2020-09-06,2020-09-16,15.064,246.4,113.49814126394052,0.1345,15.4,113.49814126394052,15.064,246.4,15.356877323420075,both,BOTH_QUALIFIED,False,,,ACET_009,opend,POC,True,dual,
ACET,艾切托,NASDAQ,2020-06-09,2020-09-07,2020-09-16,15.064,246.4,113.49814126394052,0.1345,15.4,113.49814126394052,15.064,246.4,15.356877323420075,both,BOTH_QUALIFIED,False,,,ACET_009,opend,POC,True,dual,
ACET,艾切托,NASDAQ,2020-06-10,2020-09-08,2020-09-16,15.064,246.4,113.49814126394052,0.1345,15.4,113.49814126394052,15.064,246.4,15.356877323420075,both,BOTH_QUALIFIED,False,,,ACET_009,opend,POC,True,dual,
ACET,艾切托,NASDAQ,2020-06-11,2020-09-09,2020-09-16,15.064,246.4,113.49814126394052,0.1345,15.4,113.49814126394052,15.064,246.4,15.356877323420075,both,BOTH_QUALIFIED,False,,,ACET_009,opend,POC,True,dual,
ACET,艾切托,NASDAQ,2020-06-12,2020-09-10,2020-09-16,15.064,246.4,113.49814126394052,0.1345,15.4,113.49814126394052,15.064,246.4,15.356877323420075,both,BOTH_QUALIFIED,False,,,ACET_009,opend,POC,True,dual,
ACET,艾切托,NASDAQ,2020-06-15,2020-09-13,2020-09-16,15.064,246.4,113.49814126394052,0.1345,15.4,113.49814126394052,15.064,246.4,15.356877323420075,both,BOTH_QUALIFIED,False,,,ACET_009,opend,POC,True,dual,
ACET,艾切托,NASDAQ,2020-06-16,2020-09-14,2020-09-16,15.064,246.4,113.49814126394052,0.1345,15.4,113.49814126394052,15.064,246.4,15.356877323420075,both,BOTH_QUALIFIED,False,,,ACET_009,opend,POC,True,dual,
ACET,艾切托,NASDAQ,2020-06-17,2020-09-15,2020-09-16,15.064,246.4,113.49814126394052,0.1345,15.4,113.49814126394052,15.064,246.4,15.356877323420075,both,BOTH_QUALIFIED,False,,,ACET_009,opend,POC,True,dual,
ACET,艾切托,NASDAQ,2020-06-18,2020-09-16,2020-09-16,15.064,246.4,113.49814126394052,0.1345,15.4,113.49814126394052,15.064,246.4,15.356877323420075,both,BOTH_QUALIFIED,False,,,ACET_009,opend,POC,True,dual,
ACET,艾切托,NASDAQ,2020-06-19,2020-09-17,2020-09-17,15.064,257.76,118.77695167286244,0.1345,16.11,118.77695167286244,15.064,257.76,16.110993096123206,both,BOTH_QUALIFIED,False,,,ACET_009,opend,POC,True,dual,
ACET,艾切托,NASDAQ,2020-06-22,2020-09-20,2020-09-21,15.064,215.68,99.22304832713756,0.1345,13.48,99.22304832713756,15.064,215.68,13.31757833244822,both,BOTH_QUALIFIED,False,,,ACET_009,opend,POC,True,dual,
ACET,艾切托,NASDAQ,2020-06-23,2020-09-21,2020-09-21,15.064,215.68,99.22304832713756,0.1345,13.48,99.22304832713756,15.064,215.68,13.31757833244822,both,BOTH_QUALIFIED,False,,,ACET_009,opend,POC,True,dual,
ACET,艾切托,NASDAQ,2020-06-24,2020-09-22,2020-09-22,0.1345,10.175,74.65055762081785,0.1345,10.175,74.65055762081785,15.064,162.8,9.807222517259692,raw,RAW_ONLY_REVIEW,True,,,ACET_009,opend,POC,True,dual,raw/adjusted qualification mismatch
ACET,艾切托,NASDAQ,2020-06-25,2020-09-23,2020-09-23,15.064,180.32,82.79182156133828,0.1345,11.27,82.79182156133828,15.064,180.32,10.970260223048326,both,BOTH_QUALIFIED,False,,,ACET_009,opend,POC,True,dual,
ACET,艾切托,NASDAQ,2020-06-26,2020-09-24,2020-09-24,15.064,168.8,77.43866171003718,0.1345,10.55,77.43866171003718,15.064,168.8,10.205523101433885,both,BOTH_QUALIFIED,False,,,ACET_009,opend,POC,True,dual,
ACET,艾切托,NASDAQ,2020-06-29,2020-09-27,2020-09-28,15.064,169.12,77.58736059479554,0.1345,10.57,77.58736059479554,15.064,169.12,10.226765799256508,both,BOTH_QUALIFIED,False,,,ACET_009,opend,POC,True,dual,
ACET,艾切托,NASDAQ,2020-06-30,2020-09-28,2020-09-28,15.064,169.12,77.58736059479554,0.1345,10.57,77.58736059479554,15.064,169.12,10.226765799256508,both,BOTH_QUALIFIED,False,,,ACET_009,opend,POC,True,dual,
ACET,艾切托,NASDAQ,2020-07-01,2020-09-29,2020-09-29,15.064,200.48,92.15985130111522,0.1345,12.53,92.15985130111522,15.064,200.48,12.308550185873605,both,BOTH_QUALIFIED,False,,,ACET_009,opend,POC,True,dual,
ACET,艾切托,NASDAQ,2020-07-02,2020-09-30,2020-09-30,15.064,190.24,87.40148698884758,0.1345,11.89,87.40148698884758,15.064,190.24,11.628783855549656,both,BOTH_QUALIFIED,False,,,ACET_009,opend,POC,True,dual,
ACET,艾切托,NASDAQ,2020-07-06,2020-10-04,2020-10-05,15.064,192.48,88.44237918215612,0.1345,12.03,88.44237918215612,15.064,192.48,11.777482740308018,both,BOTH_QUALIFIED,False,,,ACET_009,opend,POC,True,dual,
ACET,艾切托,NASDAQ,2020-07-07,2020-10-05,2020-10-05,15.064,192.48,88.44237918215612,0.1345,12.03,88.44237918215612,15.064,192.48,11.777482740308018,both,BOTH_QUALIFIED,False,,,ACET_009,opend,POC,True,dual,
ACET,艾切托,NASDAQ,2020-07-08,2020-10-06,2020-10-06,15.064,194.24,89.26022304832713,0.1345,12.14,89.26022304832713,15.064,194.24,11.89431757833245,both,BOTH_QUALIFIED,False,,,ACET_009,opend,POC,True,dual,
ACET,艾切托,NASDAQ,2020-07-09,2020-10-07,2020-10-07,15.064,202.56,93.1263940520446,0.1345,12.66,93.1263940520446,15.064,202.56,12.446627721720658,both,BOTH_QUALIFIED,False,,,ACET_009,opend,POC,True,dual,
ACET,艾切托,NASDAQ,2020-07-10,2020-10-08,2020-10-08,15.064,202.24,92.97769516728624,0.1345,12.64,92.97769516728624,15.064,202.24,12.425385023898036,both,BOTH_QUALIFIED,False,,,ACET_009,opend,POC,True,dual,
ACET,艾切托,NASDAQ,2020-07-13,2020-10-11,2020-10-12,15.064,218.56,100.56133828996282,0.1345,13.66,100.56133828996282,15.064,218.56,13.508762612851832,both,BOTH_QUALIFIED,False,,,ACET_009,opend,POC,True,dual,
ACET,艾切托,NASDAQ,2020-07-14,2020-10-12,2020-10-12,15.064,218.56,100.56133828996282,0.1345,13.66,100.56133828996282,15.064,218.56,13.508762612851832,both,BOTH_QUALIFIED,False,,,ACET_009,opend,POC,True,dual,
ACET,艾切托,NASDAQ,2020-07-15,2020-10-13,2020-10-13,15.064,224.0,103.08921933085502,0.1345,14.0,103.08921933085502,15.064,224.0,13.869888475836431,both,BOTH_QUALIFIED,False,,,ACET_009,opend,POC,True,dual,
ACET,艾切托,NASDAQ,2020-07-16,2020-10-14,2020-10-14,15.064,216.16,99.44609665427508,0.1345,13.51,99.44609665427508,15.064,216.16,13.349442379182156,both,BOTH_QUALIFIED,False,,,ACET_009,opend,POC,True,dual,
ACET,艾切托,NASDAQ,2020-07-17,2020-10-15,2020-10-15,15.064,208.64,95.95167286245352,0.1345,13.04,95.95167286245352,15.064,208.64,12.850238980350504,both,BOTH_QUALIFIED,False,,,ACET_009,opend,POC,True,dual,
ACET,艾切托,NASDAQ,2020-07-20,2020-10-18,2020-10-19,15.064,213.6,98.25650557620816,0.1345,13.35,98.25650557620816,15.064,213.6,13.179500796601168,both,BOTH_QUALIFIED,False,,,ACET_009,opend,POC,True,dual,
ACET,艾切托,NASDAQ,2020-07-21,2020-10-19,2020-10-19,15.064,213.6,98.25650557620816,0.1345,13.35,98.25650557620816,15.064,213.6,13.179500796601168,both,BOTH_QUALIFIED,False,,,ACET_009,opend,POC,True,dual,
ACET,艾切托,NASDAQ,2020-07-22,2020-10-20,2020-10-20,15.064,210.88,96.99256505576209,0.1345,13.18,96.99256505576209,15.064,210.88,12.998937865108868,both,BOTH_QUALIFIED,False,,,ACET_009,opend,POC,True,dual,
ACET,艾切托,NASDAQ,2020-07-23,2020-10-21,2020-10-21,15.064,209.6,96.39776951672862,0.1345,13.1,96.39776951672862,15.064,209.6,12.913967073818377,both,BOTH_QUALIFIED,False,,,ACET_009,opend,POC,True,dual,
ACET,艾切托,NASDAQ,2020-07-24,2020-10-22,2020-10-22,15.064,205.76,94.61338289962823,0.1345,12.86,94.61338289962823,15.064,205.76,12.659054699946893,both,BOTH_QUALIFIED,False,,,ACET_009,opend,POC,True,dual,
ACET,艾切托,NASDAQ,2020-07-27,2020-10-25,2020-10-26,15.064,191.68,88.07063197026022,0.1345,11.98,88.07063197026022,15.064,191.68,11.72437599575146,both,BOTH_QUALIFIED,False,,,ACET_009,opend,POC,True,dual,
ACET,艾切托,NASDAQ,2020-07-28,2020-10-26,2020-10-26,15.064,191.68,88.07063197026022,0.1345,11.98,88.07063197026022,15.064,191.68,11.72437599575146,both,BOTH_QUALIFIED,False,,,ACET_009,opend,POC,True,dual,
ACET,艾切托,NASDAQ,2020-07-29,2020-10-27,2020-10-27,15.064,195.68,89.92936802973978,0.1345,12.23,89.92936802973978,15.064,195.68,11.989909718534255,both,BOTH_QUALIFIED,False,,,ACET_009,opend,POC,True,dual,
ACET,艾切托,NASDAQ,2020-07-30,2020-10-28,2020-10-28,15.064,180.32,82.79182156133828,0.1345,11.27,82.79182156133828,15.064,180.32,10.970260223048326,both,BOTH_QUALIFIED,False,,,ACET_009,opend,POC,True,dual,
ACET,艾切托,NASDAQ,2020-07-31,2020-10-29,2020-10-29,15.064,186.72,85.76579925650557,0.1345,11.67,85.76579925650557,15.064,186.72,11.395114179500796,both,BOTH_QUALIFIED,False,,,ACET_009,opend,POC,True,dual,
ACET,艾切托,NASDAQ,2020-08-03,2020-11-01,2020-11-02,15.064,165.76,76.02602230483271,0.1345,10.36,76.02602230483271,15.064,165.76,10.00371747211896,both,BOTH_QUALIFIED,False,,,ACET_009,opend,POC,True,dual,
ACET,艾切托,NASDAQ,2020-08-04,2020-11-02,2020-11-02,15.064,165.76,76.02602230483271,0.1345,10.36,76.02602230483271,15.064,165.76,10.00371747211896,both,BOTH_QUALIFIED,False,,,ACET_009,opend,POC,True,dual,
ACET,艾切托,NASDAQ,2020-08-05,2020-11-03,2020-11-03,15.064,172.16,79.0,0.1345,10.76,79.0,15.064,172.16,10.428571428571429,both,BOTH_QUALIFIED,False,,,ACET_009,opend,POC,True,dual,
ACET,艾切托,NASDAQ,2020-08-06,2020-11-04,2020-11-04,15.064,180.0,82.64312267657992,0.1345,11.25,82.64312267657992,15.064,180.0,10.949017525225704,both,BOTH_QUALIFIED,False,,,ACET_009,opend,POC,True,dual,
ACET,艾切托,NASDAQ,2020-08-07,2020-11-05,2020-11-05,15.064,190.72,87.62453531598513,0.1345,11.92,87.62453531598513,15.064,190.72,11.66064790228359,both,BOTH_QUALIFIED,False,,,ACET_009,opend,POC,True,dual,
ACET,艾切托,NASDAQ,2020-08-10,2020-11-08,2020-11-09,15.064,176.8,81.15613382899629,0.1345,11.05,81.15613382899629,15.064,176.8,10.73659054699947,both,BOTH_QUALIFIED,False,,,ACET_009,opend,POC,True,dual,
ACET,艾切托,NASDAQ,2020-08-11,2020-11-09,2020-11-09,15.064,176.8,81.15613382899629,0.1345,11.05,81.15613382899629,15.064,176.8,10.73659054699947,both,BOTH_QUALIFIED,False,,,ACET_009,opend,POC,True,dual,
ACET,艾切托,NASDAQ,2020-08-12,2020-11-10,2020-11-10,15.064,196.48,90.30111524163569,0.1345,12.28,90.30111524163569,15.064,196.48,12.043016463090812,both,BOTH_QUALIFIED,False,,,ACET_009,opend,POC,True,dual,
ACET,艾切托,NASDAQ,2020-08-13,2020-11-11,2020-11-11,15.064,191.36,87.92193308550186,0.1345,11.96,87.92193308550186,15.064,191.36,11.703133297928838,both,BOTH_QUALIFIED,False,,,ACET_009,opend,POC,True,dual,
ACET,艾切托,NASDAQ,2020-08-14,2020-11-12,2020-11-12,15.064,199.68,91.78810408921932,0.1345,12.48,91.78810408921932,15.064,199.68,12.255443441317048,both,BOTH_QUALIFIED,False,,,ACET_009,opend,POC,True,dual,
ACET,艾切托,NASDAQ,2020-08-17,2020-11-15,2020-11-16,15.064,201.12,92.45724907063196,0.1345,12.57,92.45724907063196,15.064,201.12,12.351035581518854,both,BOTH_QUALIFIED,False,,,ACET_009,opend,POC,True,dual,
ACET,艾切托,NASDAQ,2020-08-18,2020-11-16,2020-11-16,15.064,201.12,92.45724907063196,0.1345,12.57,92.45724907063196,15.064,201.12,12.351035581518854,both,BOTH_QUALIFIED,False,,,ACET_009,opend,POC,True,dual,
ACET,艾切托,NASDAQ,2020-08-19,2020-11-17,2020-11-17,15.064,212.48,97.73605947955387,0.1345,13.28,97.73605947955387,15.064,212.48,13.105151354221986,both,BOTH_QUALIFIED,False,,,ACET_009,opend,POC,True,dual,
ACET,艾切托,NASDAQ,2020-08-20,2020-11-18,2020-11-18,15.064,200.96,92.3828996282528,0.1345,12.56,92.3828996282528,15.064,200.96,12.34041423260754,both,BOTH_QUALIFIED,False,,,ACET_009,opend,POC,True,dual,
ACET,艾切托,NASDAQ,2020-08-21,2020-11-19,2020-11-19,15.064,196.0,90.07806691449814,0.1345,12.25,90.07806691449814,15.064,196.0,12.011152416356875,both,BOTH_QUALIFIED,False,,,ACET_009,opend,POC,True,dual,
ACET,艾切托,NASDAQ,2020-08-24,2020-11-22,2020-11-23,15.064,202.56,93.1263940520446,0.1345,12.66,93.1263940520446,15.064,202.56,12.446627721720658,both,BOTH_QUALIFIED,False,,,ACET_009,opend,POC,True,dual,
ACET,艾切托,NASDAQ,2025-10-29,2026-01-27,2026-01-27,0.7505,8.54,10.379080612924716,0.7505,8.54,10.379080612924716,12.008,8.54,-0.2888074616922051,raw,RAW_ONLY_REVIEW,True,,,ACET_010,opend,POC,True,dual,raw/adjusted qualification mismatch
ACET,艾切托,NASDAQ,2025-10-31,2026-01-29,2026-01-29,0.75,8.5,10.333333333333334,0.75,8.5,10.333333333333334,12.0,8.5,-0.2916666666666666,raw,RAW_ONLY_REVIEW,True,,,ACET_010,opend,POC,True,dual,raw/adjusted qualification mismatch
ACET,艾切托,NASDAQ,2025-11-04,2026-02-02,2026-02-02,0.6903,7.98,10.560191221208171,0.6903,7.98,10.560191221208171,11.0448,7.98,-0.2774880486744893,raw,RAW_ONLY_REVIEW,True,,,ACET_010,opend,POC,True,dual,raw/adjusted qualification mismatch
ACET,艾切托,NASDAQ,2025-11-05,2026-02-03,2026-02-03,0.69,7.7,10.159420289855074,0.69,7.7,10.159420289855074,11.04,7.7,-0.3025362318840578,raw,RAW_ONLY_REVIEW,True,,,ACET_010,opend,POC,True,dual,raw/adjusted qualification mismatch
ACET,艾切托,NASDAQ,2025-11-10,2026-02-08,2026-02-09,0.6569,7.25,10.036687471456842,0.6569,7.25,10.036687471456842,10.5104,7.25,-0.3102070330339473,raw,RAW_ONLY_REVIEW,True,,,ACET_010,opend,POC,True,dual,raw/adjusted qualification mismatch
ACET,艾切托,NASDAQ,2025-11-11,2026-02-09,2026-02-09,0.6462,7.25,10.219436706901888,0.6462,7.25,10.219436706901888,10.3392,7.25,-0.298785205818632,raw,RAW_ONLY_REVIEW,True,,,ACET_010,opend,POC,True,dual,raw/adjusted qualification mismatch
ACET,艾切托,NASDAQ,2025-11-17,2026-02-15,2026-02-17,0.5934,7.04,10.863835524098414,0.5934,7.04,10.863835524098414,9.4944,7.04,-0.2585102797438491,raw,RAW_ONLY_REVIEW,True,,,ACET_010,opend,POC,True,dual,raw/adjusted qualification mismatch
ACET,艾切托,NASDAQ,2025-11-18,2026-02-16,2026-02-17,0.6012,7.04,10.709913506320692,0.6012,7.04,10.709913506320692,9.6192,7.04,-0.2681304058549567,raw,RAW_ONLY_REVIEW,True,,,ACET_010,opend,POC,True,dual,raw/adjusted qualification mismatch
ACET,艾切托,NASDAQ,2025-11-19,2026-02-17,2026-02-17,0.5772,7.04,11.196812196812196,0.5772,7.04,11.196812196812196,9.2352,7.04,-0.2376992376992377,raw,RAW_ONLY_REVIEW,True,,,ACET_010,opend,POC,True,dual,raw/adjusted qualification mismatch
ACET,艾切托,NASDAQ,2025-11-20,2026-02-18,2026-02-18,0.5775,7.06,11.225108225108224,0.5775,7.06,11.225108225108224,9.24,7.06,-0.235930735930736,raw,RAW_ONLY_REVIEW,True,,,ACET_010,opend,POC,True,dual,raw/adjusted qualification mismatch
ACET,艾切托,NASDAQ,2025-11-21,2026-02-19,2026-02-19,0.6023,7.44,11.35264818196912,0.6023,7.44,11.35264818196912,9.6368,7.44,-0.2279594886269299,raw,RAW_ONLY_REVIEW,True,,,ACET_010,opend,POC,True,dual,raw/adjusted qualification mismatch
ACET,艾切托,NASDAQ,2025-11-24,2026-02-22,2026-02-23,0.6122,6.93,10.319830120875531,0.6122,6.93,10.319830120875531,9.7952,6.93,-0.2925106174452793,raw,RAW_ONLY_REVIEW,True,,,ACET_010,opend,POC,True,dual,raw/adjusted qualification mismatch
ACET,艾切托,NASDAQ,2025-11-25,2026-02-23,2026-02-23,0.5999,6.93,10.551925320886816,0.5999,6.93,10.551925320886816,9.5984,6.93,-0.2780046674445741,raw,RAW_ONLY_REVIEW,True,,,ACET_010,opend,POC,True,dual,raw/adjusted qualification mismatch
ACET,艾切托,NASDAQ,2025-11-26,2026-02-24,2026-02-24,0.601,7.36,11.246256239600667,0.601,7.36,11.246256239600667,9.616,7.36,-0.2346089850249583,raw,RAW_ONLY_REVIEW,True,,,ACET_010,opend,POC,True,dual,raw/adjusted qualification mismatch
ACET,艾切托,NASDAQ,2025-11-28,2026-02-26,2026-02-26,0.6482,7.32,10.29281086084542,0.6482,7.32,10.29281086084542,10.3712,7.32,-0.2941993211971613,raw,RAW_ONLY_REVIEW,True,,,ACET_010,opend,POC,True,dual,raw/adjusted qualification mismatch
ACET,艾切托,NASDAQ,2025-12-01,2026-03-01,2026-03-02,0.6103,7.29,10.944945108962806,0.6103,7.29,10.944945108962806,9.7648,7.29,-0.2534409306898246,raw,RAW_ONLY_REVIEW,True,,,ACET_010,opend,POC,True,dual,raw/adjusted qualification mismatch
ACET,艾切托,NASDAQ,2025-12-02,2026-03-02,2026-03-02,0.5601,7.29,12.015532940546333,0.5601,7.29,12.015532940546333,8.9616,7.29,-0.1865291912158543,raw,RAW_ONLY_REVIEW,True,,,ACET_010,opend,POC,True,dual,raw/adjusted qualification mismatch
ACET,艾切托,NASDAQ,2025-12-03,2026-03-03,2026-03-03,0.537,7.02,12.07262569832402,0.537,7.02,12.07262569832402,8.592,7.02,-0.1829608938547486,raw,RAW_ONLY_REVIEW,True,,,ACET_010,opend,POC,True,dual,raw/adjusted qualification mismatch
ACET,艾切托,NASDAQ,2025-12-04,2026-03-04,2026-03-04,0.555,7.57,12.63963963963964,0.555,7.57,12.63963963963964,8.88,7.57,-0.1475225225225225,raw,RAW_ONLY_REVIEW,True,,,ACET_010,opend,POC,True,dual,raw/adjusted qualification mismatch
ACET,艾切托,NASDAQ,2025-12-05,2026-03-05,2026-03-05,0.5342,7.46,12.964807188318982,0.5342,7.46,12.964807188318982,8.5472,7.46,-0.1271995507300636,raw,RAW_ONLY_REVIEW,True,,,ACET_010,opend,POC,True,dual,raw/adjusted qualification mismatch
ACET,艾切托,NASDAQ,2025-12-08,2026-03-08,2026-03-09,0.5242,7.61,13.517359786341093,0.5242,7.61,13.517359786341093,8.3872,7.61,-0.0926650133536817,raw,RAW_ONLY_REVIEW,True,,,ACET_010,opend,POC,True,dual,raw/adjusted qualification mismatch
ACET,艾切托,NASDAQ,2025-12-09,2026-03-09,2026-03-09,0.5362,7.61,13.192465497948527,0.5362,7.61,13.192465497948527,8.5792,7.61,-0.112970906378217,raw,RAW_ONLY_REVIEW,True,,,ACET_010,opend,POC,True,dual,raw/adjusted qualification mismatch
ACET,艾切托,NASDAQ,2025-12-10,2026-03-10,2026-03-10,0.5487,7.53,12.72334609075998,0.5487,7.53,12.72334609075998,8.7792,7.53,-0.1422908693275012,raw,RAW_ONLY_REVIEW,True,,,ACET_010,opend,POC,True,dual,raw/adjusted qualification mismatch
ACET,艾切托,NASDAQ,2025-12-11,2026-03-11,2026-03-11,0.5168,7.47,13.454334365325076,0.5168,7.47,13.454334365325076,8.2688,7.47,-0.0966041021671827,raw,RAW_ONLY_REVIEW,True,,,ACET_010,opend,POC,True,dual,raw/adjusted qualification mismatch
ACET,艾切托,NASDAQ,2025-12-12,2026-03-12,2026-03-12,0.4987,7.04,13.11670342891518,0.4987,7.04,13.11670342891518,7.9792,7.04,-0.1177060356928012,raw,RAW_ONLY_REVIEW,True,,,ACET_010,opend,POC,True,dual,raw/adjusted qualification mismatch
ACET,艾切托,NASDAQ,2025-12-15,2026-03-15,2026-03-16,0.495,7.17,13.484848484848484,0.495,7.17,13.484848484848484,7.92,7.17,-0.0946969696969697,raw,RAW_ONLY_REVIEW,True,,,ACET_010,opend,POC,True,dual,raw/adjusted qualification mismatch
ACET,艾切托,NASDAQ,2025-12-16,2026-03-16,2026-03-16,0.465,7.17,14.419354838709676,0.465,7.17,14.419354838709676,7.44,7.17,-0.0362903225806452,raw,RAW_ONLY_REVIEW,True,,,ACET_010,opend,POC,True,dual,raw/adjusted qualification mismatch
ACET,艾切托,NASDAQ,2025-12-17,2026-03-17,2026-03-17,0.4703,7.19,14.288113969806508,0.4703,7.19,14.288113969806508,7.5248,7.19,-0.0444928768870932,raw,RAW_ONLY_REVIEW,True,,,ACET_010,opend,POC,True,dual,raw/adjusted qualification mismatch
ACET,艾切托,NASDAQ,2025-12-18,2026-03-18,2026-03-18,0.47,6.93,13.74468085106383,0.47,6.93,13.74468085106383,7.52,6.93,-0.0784574468085106,raw,RAW_ONLY_REVIEW,True,,,ACET_010,opend,POC,True,dual,raw/adjusted qualification mismatch
ACET,艾切托,NASDAQ,2025-12-19,2026-03-19,2026-03-19,0.4937,7.07,13.32043751265951,0.4937,7.07,13.32043751265951,7.8992,7.07,-0.1049726554587806,raw,RAW_ONLY_REVIEW,True,,,ACET_010,opend,POC,True,dual,raw/adjusted qualification mismatch
ACET,艾切托,NASDAQ,2025-12-22,2026-03-22,2026-03-23,0.4918,6.66,12.54209028060187,0.4918,6.66,12.54209028060187,7.8688,6.66,-0.1536193574623831,raw,RAW_ONLY_REVIEW,True,,,ACET_010,opend,POC,True,dual,raw/adjusted qualification mismatch
ACET,艾切托,NASDAQ,2025-12-23,2026-03-23,2026-03-23,0.4859,6.66,12.706523976126777,0.4859,6.66,12.706523976126777,7.7744,6.66,-0.1433422514920765,raw,RAW_ONLY_REVIEW,True,,,ACET_010,opend,POC,True,dual,raw/adjusted qualification mismatch
ACET,艾切托,NASDAQ,2025-12-24,2026-03-24,2026-03-24,0.5192,6.69,11.885208012326656,0.5192,6.69,11.885208012326656,8.3072,6.69,-0.1946744992295839,raw,RAW_ONLY_REVIEW,True,,,ACET_010,opend,POC,True,dual,raw/adjusted qualification mismatch
ACET,艾切托,NASDAQ,2025-12-26,2026-03-26,2026-03-26,0.52,6.73,11.942307692307692,0.52,6.73,11.942307692307692,8.32,6.73,-0.1911057692307691,raw,RAW_ONLY_REVIEW,True,,,ACET_010,opend,POC,True,dual,raw/adjusted qualification mismatch
ACET,艾切托,NASDAQ,2025-12-29,2026-03-29,2026-03-30,0.4921,6.11,11.416175574070312,0.4921,6.11,11.416175574070312,7.8736,6.11,-0.2239890266206055,raw,RAW_ONLY_REVIEW,True,,,ACET_010,opend,POC,True,dual,raw/adjusted qualification mismatch
ACFN,Acorn Energy,NASDAQ,2023-06-12,2023-09-10,2023-09-11,0.3,7.87,25.23333333333333,0.3,7.87,25.23333333333333,4.8,7.87,0.6395833333333334,raw,RAW_ONLY_REVIEW,True,,,ACFN_011,opend,POC,True,dual,raw/adjusted qualification mismatch
ACFN,Acorn Energy,NASDAQ,2023-06-13,2023-09-11,2023-09-11,0.31,7.87,24.387096774193548,0.31,7.87,24.387096774193548,4.96,7.87,0.5866935483870968,raw,RAW_ONLY_REVIEW,True,,,ACFN_011,opend,POC,True,dual,raw/adjusted qualification mismatch
ACFN,Acorn Energy,NASDAQ,2023-06-14,2023-09-12,2023-09-12,0.31,7.87,24.387096774193548,0.31,7.87,24.387096774193548,4.96,7.87,0.5866935483870968,raw,RAW_ONLY_REVIEW,True,,,ACFN_011,opend,POC,True,dual,raw/adjusted qualification mismatch
ACFN,Acorn Energy,NASDAQ,2023-06-15,2023-09-13,2023-09-13,0.31,7.87,24.387096774193548,0.31,7.87,24.387096774193548,4.96,7.87,0.5866935483870968,raw,RAW_ONLY_REVIEW,True,,,ACFN_011,opend,POC,True,dual,raw/adjusted qualification mismatch
ACFN,Acorn Energy,NASDAQ,2023-06-16,2023-09-14,2023-09-14,0.305,7.87,24.803278688524596,0.305,7.87,24.803278688524596,4.88,7.87,0.612704918032787,raw,RAW_ONLY_REVIEW,True,,,ACFN_011,opend,POC,True,dual,raw/adjusted qualification mismatch
ACFN,Acorn Energy,NASDAQ,2023-06-20,2023-09-18,2023-09-18,0.305,7.87,24.803278688524596,0.305,7.87,24.803278688524596,4.88,7.87,0.612704918032787,raw,RAW_ONLY_REVIEW,True,,,ACFN_011,opend,POC,True,dual,raw/adjusted qualification mismatch
ACFN,Acorn Energy,NASDAQ,2023-06-21,2023-09-19,2023-09-19,0.3125,7.87,24.184,0.3125,7.87,24.184,5.0,7.87,0.5740000000000001,raw,RAW_ONLY_REVIEW,True,,,ACFN_011,opend,POC,True,dual,raw/adjusted qualification mismatch
ACFN,Acorn Energy,NASDAQ,2023-06-22,2023-09-20,2023-09-20,0.31,7.87,24.387096774193548,0.31,7.87,24.387096774193548,4.96,7.87,0.5866935483870968,raw,RAW_ONLY_REVIEW,True,,,ACFN_011,opend,POC,True,dual,raw/adjusted qualification mismatch
ACFN,Acorn Energy,NASDAQ,2023-06-23,2023-09-21,2023-09-21,0.3116,7.87,24.25673940949936,0.3116,7.87,24.25673940949936,4.9856,7.87,0.57854621309371,raw,RAW_ONLY_REVIEW,True,,,ACFN_011,opend,POC,True,dual,raw/adjusted qualification mismatch
ACFN,Acorn Energy,NASDAQ,2023-06-26,2023-09-24,2023-09-25,0.31,7.87,24.387096774193548,0.31,7.87,24.387096774193548,4.96,7.87,0.5866935483870968,raw,RAW_ONLY_REVIEW,True,,,ACFN_011,opend,POC,True,dual,raw/adjusted qualification mismatch
ACFN,Acorn Energy,NASDAQ,2023-06-27,2023-09-25,2023-09-25,0.31,7.87,24.387096774193548,0.31,7.87,24.387096774193548,4.96,7.87,0.5866935483870968,raw,RAW_ONLY_REVIEW,True,,,ACFN_011,opend,POC,True,dual,raw/adjusted qualification mismatch
ACFN,Acorn Energy,NASDAQ,2023-06-28,2023-09-26,2023-09-26,0.3125,7.87,24.184,0.3125,7.87,24.184,5.0,7.87,0.5740000000000001,raw,RAW_ONLY_REVIEW,True,,,ACFN_011,opend,POC,True,dual,raw/adjusted qualification mismatch
ACFN,Acorn Energy,NASDAQ,2023-06-29,2023-09-27,2023-09-27,0.3125,7.87,24.184,0.3125,7.87,24.184,5.0,7.87,0.5740000000000001,raw,RAW_ONLY_REVIEW,True,,,ACFN_011,opend,POC,True,dual,raw/adjusted qualification mismatch
ACFN,Acorn Energy,NASDAQ,2023-06-30,2023-09-28,2023-09-28,0.32,7.87,23.59375,0.32,7.87,23.59375,5.12,7.87,0.537109375,raw,RAW_ONLY_REVIEW,True,,,ACFN_011,opend,POC,True,dual,raw/adjusted qualification mismatch
ACFN,Acorn Energy,NASDAQ,2023-07-03,2023-10-01,2023-10-02,0.33975,7.87,22.164091243561444,0.33975,7.87,22.164091243561444,5.436,7.87,0.4477557027225902,raw,RAW_ONLY_REVIEW,True,,,ACFN_011,opend,POC,True,dual,raw/adjusted qualification mismatch
ACFN,Acorn Energy,NASDAQ,2023-07-05,2023-10-03,2023-10-03,0.32,7.87,23.59375,0.32,7.87,23.59375,5.12,7.87,0.537109375,raw,RAW_ONLY_REVIEW,True,,,ACFN_011,opend,POC,True,dual,raw/adjusted qualification mismatch
ACFN,Acorn Energy,NASDAQ,2023-07-06,2023-10-04,2023-10-04,0.32,7.87,23.59375,0.32,7.87,23.59375,5.12,7.87,0.537109375,raw,RAW_ONLY_REVIEW,True,,,ACFN_011,opend,POC,True,dual,raw/adjusted qualification mismatch
ACFN,Acorn Energy,NASDAQ,2023-07-07,2023-10-05,2023-10-05,0.32,7.87,23.59375,0.32,7.87,23.59375,5.12,7.87,0.537109375,raw,RAW_ONLY_REVIEW,True,,,ACFN_011,opend,POC,True,dual,raw/adjusted qualification mismatch
ACFN,Acorn Energy,NASDAQ,2023-07-10,2023-10-08,2023-10-09,0.3225,6.37,18.751937984496124,0.3225,6.37,18.751937984496124,5.16,6.37,0.2344961240310077,raw,RAW_ONLY_REVIEW,True,,,ACFN_011,opend,POC,True,dual,raw/adjusted qualification mismatch
ACFN,Acorn Energy,NASDAQ,2023-07-11,2023-10-09,2023-10-09,0.32,6.37,18.90625,0.32,6.37,18.90625,5.12,6.37,0.244140625,raw,RAW_ONLY_REVIEW,True,,,ACFN_011,opend,POC,True,dual,raw/adjusted qualification mismatch
ACFN,Acorn Energy,NASDAQ,2023-07-12,2023-10-10,2023-10-10,0.33,6.37,18.3030303030303,0.33,6.37,18.3030303030303,5.28,6.37,0.2064393939393938,raw,RAW_ONLY_REVIEW,True,,,ACFN_011,opend,POC,True,dual,raw/adjusted qualification mismatch
ACFN,Acorn Energy,NASDAQ,2023-07-13,2023-10-11,2023-10-11,0.33,6.25,17.939393939393938,0.33,6.25,17.939393939393938,5.28,6.25,0.1837121212121211,raw,RAW_ONLY_REVIEW,True,,,ACFN_011,opend,POC,True,dual,raw/adjusted qualification mismatch
ACFN,Acorn Energy,NASDAQ,2023-07-14,2023-10-12,2023-10-12,0.3265,6.11,17.71362940275651,0.3265,6.11,17.71362940275651,5.224,6.11,0.1696018376722818,raw,RAW_ONLY_REVIEW,True,,,ACFN_011,opend,POC,True,dual,raw/adjusted qualification mismatch
ACFN,Acorn Energy,NASDAQ,2023-07-17,2023-10-15,2023-10-16,0.32575,6.1,17.726016884113584,0.32575,6.1,17.726016884113584,5.212,6.1,0.1703760552570989,raw,RAW_ONLY_REVIEW,True,,,ACFN_011,opend,POC,True,dual,raw/adjusted qualification mismatch
ACFN,Acorn Energy,NASDAQ,2023-07-18,2023-10-16,2023-10-16,0.33,6.1,17.484848484848484,0.33,6.1,17.484848484848484,5.28,6.1,0.1553030303030302,raw,RAW_ONLY_REVIEW,True,,,ACFN_011,opend,POC,True,dual,raw/adjusted qualification mismatch
ACFN,Acorn Energy,NASDAQ,2023-07-19,2023-10-17,2023-10-17,0.32,5.5,16.1875,0.32,5.5,16.1875,5.12,5.5,0.07421875,raw,RAW_ONLY_REVIEW,True,,,ACFN_011,opend,POC,True,dual,raw/adjusted qualification mismatch
ACFN,Acorn Energy,NASDAQ,2023-07-20,2023-10-18,2023-10-18,0.32,5.5,16.1875,0.32,5.5,16.1875,5.12,5.5,0.07421875,raw,RAW_ONLY_REVIEW,True,,,ACFN_011,opend,POC,True,dual,raw/adjusted qualification mismatch
ACFN,Acorn Energy,NASDAQ,2023-07-21,2023-10-19,2023-10-19,0.30775,5.21,15.929325751421608,0.30775,5.21,15.929325751421608,4.924,5.21,0.0580828594638505,raw,RAW_ONLY_REVIEW,True,,,ACFN_011,opend,POC,True,dual,raw/adjusted qualification mismatch
ACFN,Acorn Energy,NASDAQ,2023-07-24,2023-10-22,2023-10-23,0.2855,5.21,17.248686514886167,0.2855,5.21,17.248686514886167,4.568,5.21,0.1405429071803854,raw,RAW_ONLY_REVIEW,True,,,ACFN_011,opend,POC,True,dual,raw/adjusted qualification mismatch
ACFN,Acorn Energy,NASDAQ,2023-07-25,2023-10-23,2023-10-23,0.2855,5.21,17.248686514886167,0.2855,5.21,17.248686514886167,4.568,5.21,0.1405429071803854,raw,RAW_ONLY_REVIEW,True,,,ACFN_011,opend,POC,True,dual,raw/adjusted qualification mismatch
ACFN,Acorn Energy,NASDAQ,2023-07-26,2023-10-24,2023-10-24,0.29,5.0,16.24137931034483,0.29,5.0,16.24137931034483,4.64,5.0,0.0775862068965518,raw,RAW_ONLY_REVIEW,True,,,ACFN_011,opend,POC,True,dual,raw/adjusted qualification mismatch
ACFN,Acorn Energy,NASDAQ,2023-07-27,2023-10-25,2023-10-25,0.305,5.1,15.721311475409834,0.305,5.1,15.721311475409834,4.88,5.1,0.0450819672131146,raw,RAW_ONLY_REVIEW,True,,,ACFN_011,opend,POC,True,dual,raw/adjusted qualification mismatch
ACFN,Acorn Energy,NASDAQ,2023-07-28,2023-10-26,2023-10-26,0.3084,5.05,15.374837872892346,0.3084,5.05,15.374837872892346,4.9344,5.05,0.0234273670557716,raw,RAW_ONLY_REVIEW,True,,,ACFN_011,opend,POC,True,dual,raw/adjusted qualification mismatch
ACFN,Acorn Energy,NASDAQ,2023-07-31,2023-10-29,2023-10-30,0.31025,5.0,15.116035455278,0.31025,5.0,15.116035455278,4.964,5.0,0.0072522159548749,raw,RAW_ONLY_REVIEW,True,,,ACFN_011,opend,POC,True,dual,raw/adjusted qualification mismatch
ACFN,Acorn Energy,NASDAQ,2023-08-01,2023-10-30,2023-10-30,0.31,5.0,15.129032258064516,0.31,5.0,15.129032258064516,4.96,5.0,0.0080645161290322,raw,RAW_ONLY_REVIEW,True,,,ACFN_011,opend,POC,True,dual,raw/adjusted qualification mismatch
ACFN,Acorn Energy,NASDAQ,2023-08-02,2023-10-31,2023-10-31,0.31,4.96,15.0,0.31,4.96,15.0,4.96,4.96,0.0,raw,RAW_ONLY_REVIEW,True,,,ACFN_011,opend,POC,True,dual,raw/adjusted qualification mismatch
ACFN,Acorn Energy,NASDAQ,2023-08-03,2023-11-01,2023-11-01,0.3,5.1,16.0,0.3,5.1,16.0,4.8,5.1,0.0625,raw,RAW_ONLY_REVIEW,True,,,ACFN_011,opend,POC,True,dual,raw/adjusted qualification mismatch
ACFN,Acorn Energy,NASDAQ,2023-08-04,2023-11-02,2023-11-02,0.299,5.05,15.889632107023411,0.299,5.05,15.889632107023411,4.784,5.05,0.0556020066889633,raw,RAW_ONLY_REVIEW,True,,,ACFN_011,opend,POC,True,dual,raw/adjusted qualification mismatch
ACFN,Acorn Energy,NASDAQ,2023-08-07,2023-11-05,2023-11-06,0.3,5.05,15.833333333333332,0.3,5.05,15.833333333333332,4.8,5.05,0.0520833333333332,raw,RAW_ONLY_REVIEW,True,,,ACFN_011,opend,POC,True,dual,raw/adjusted qualification mismatch
ACFN,Acorn Energy,NASDAQ,2023-08-08,2023-11-06,2023-11-06,0.28,5.05,17.035714285714285,0.28,5.05,17.035714285714285,4.48,5.05,0.1272321428571428,raw,RAW_ONLY_REVIEW,True,,,ACFN_011,opend,POC,True,dual,raw/adjusted qualification mismatch
ACFN,Acorn Energy,NASDAQ,2023-08-09,2023-11-07,2023-11-07,0.3,5.05,15.833333333333332,0.3,5.05,15.833333333333332,4.8,5.05,0.0520833333333332,raw,RAW_ONLY_REVIEW,True,,,ACFN_011,opend,POC,True,dual,raw/adjusted qualification mismatch
ACFN,Acorn Energy,NASDAQ,2023-08-10,2023-11-08,2023-11-08,0.35,5.2,13.85714285714286,0.35,5.2,13.85714285714286,5.6,5.2,-0.0714285714285712,raw,RAW_ONLY_REVIEW,True,,,ACFN_011,opend,POC,True,dual,raw/adjusted qualification mismatch
ACFN,Acorn Energy,NASDAQ,2023-08-11,2023-11-09,2023-11-09,0.35,6.0,16.142857142857142,0.35,6.0,16.142857142857142,5.6,6.0,0.0714285714285714,raw,RAW_ONLY_REVIEW,True,,,ACFN_011,opend,POC,True,dual,raw/adjusted qualification mismatch
ACFN,Acorn Energy,NASDAQ,2023-08-14,2023-11-12,2023-11-13,0.32,6.7,19.9375,0.32,6.7,19.9375,5.12,6.7,0.30859375,raw,RAW_ONLY_REVIEW,True,,,ACFN_011,opend,POC,True,dual,raw/adjusted qualification mismatch
ACFN,Acorn Energy,NASDAQ,2023-08-15,2023-11-13,2023-11-13,0.34,6.7,18.70588235294117,0.34,6.7,18.70588235294117,5.44,6.7,0.2316176470588233,raw,RAW_ONLY_REVIEW,True,,,ACFN_011,opend,POC,True,dual,raw/adjusted qualification mismatch
ACFN,Acorn Energy,NASDAQ,2023-08-16,2023-11-14,2023-11-14,0.36,6.75,17.75,0.36,6.75,17.75,5.76,6.75,0.171875,raw,RAW_ONLY_REVIEW,True,,,ACFN_011,opend,POC,True,dual,raw/adjusted qualification mismatch
ACFN,Acorn Energy,NASDAQ,2023-08-17,2023-11-15,2023-11-15,0.31,6.95,21.41935483870968,0.31,6.95,21.41935483870968,4.96,6.95,0.401209677419355,raw,RAW_ONLY_REVIEW,True,,,ACFN_011,opend,POC,True,dual,raw/adjusted qualification mismatch
ACFN,Acorn Energy,NASDAQ,2023-08-18,2023-11-16,2023-11-16,0.36,7.25,19.13888888888889,0.36,7.25,19.13888888888889,5.76,7.25,0.2586805555555556,raw,RAW_ONLY_REVIEW,True,,,ACFN_011,opend,POC,True,dual,raw/adjusted qualification mismatch
ACFN,Acorn Energy,NASDAQ,2023-08-21,2023-11-19,2023-11-20,0.36,7.5,19.833333333333336,0.36,7.5,19.833333333333336,5.76,7.5,0.3020833333333335,raw,RAW_ONLY_REVIEW,True,,,ACFN_011,opend,POC,True,dual,raw/adjusted qualification mismatch
ACFN,Acorn Energy,NASDAQ,2023-08-22,2023-11-20,2023-11-20,0.36,7.5,19.833333333333336,0.36,7.5,19.833333333333336,5.76,7.5,0.3020833333333335,raw,RAW_ONLY_REVIEW,True,,,ACFN_011,opend,POC,True,dual,raw/adjusted qualification mismatch
ACFN,Acorn Energy,NASDAQ,2023-08-23,2023-11-21,2023-11-21,0.38,8.087,20.28157894736842,0.38,8.087,20.28157894736842,6.08,8.087,0.3300986842105262,raw,RAW_ONLY_REVIEW,True,,,ACFN_011,opend,POC,True,dual,raw/adjusted qualification mismatch
ACFN,Acorn Energy,NASDAQ,2023-08-24,2023-11-22,2023-11-22,0.38,7.75,19.394736842105264,0.38,7.75,19.394736842105264,6.08,7.75,0.274671052631579,raw,RAW_ONLY_REVIEW,True,,,ACFN_011,opend,POC,True,dual,raw/adjusted qualification mismatch
ACFN,Acorn Energy,NASDAQ,2023-08-25,2023-11-23,2023-11-24,0.36,7.6,20.11111111111111,0.36,7.6,20.11111111111111,5.76,7.6,0.3194444444444444,raw,RAW_ONLY_REVIEW,True,,,ACFN_011,opend,POC,True,dual,raw/adjusted qualification mismatch
ACFN,Acorn Energy,NASDAQ,2023-08-28,2023-11-26,2023-11-27,0.36995,7.41,19.02973374780376,0.36995,7.41,19.02973374780376,5.9192,7.41,0.2518583592377348,raw,RAW_ONLY_REVIEW,True,,,ACFN_011,opend,POC,True,dual,raw/adjusted qualification mismatch
ACFN,Acorn Energy,NASDAQ,2023-08-29,2023-11-27,2023-11-27,0.36,7.41,19.583333333333336,0.36,7.41,19.583333333333336,5.76,7.41,0.2864583333333335,raw,RAW_ONLY_REVIEW,True,,,ACFN_011,opend,POC,True,dual,raw/adjusted qualification mismatch
ACFN,Acorn Energy,NASDAQ,2023-08-30,2023-11-28,2023-11-28,0.3695,7.45,19.16238159675237,0.3695,7.45,19.16238159675237,5.912,7.45,0.260148849797023,raw,RAW_ONLY_REVIEW,True,,,ACFN_011,opend,POC,True,dual,raw/adjusted qualification mismatch
ACFN,Acorn Energy,NASDAQ,2023-08-31,2023-11-29,2023-11-29,0.36,7.43,19.63888888888889,0.36,7.43,19.63888888888889,5.76,7.43,0.2899305555555556,raw,RAW_ONLY_REVIEW,True,,,ACFN_011,opend,POC,True,dual,raw/adjusted qualification mismatch
ACFN,Acorn Energy,NASDAQ,2023-09-01,2023-11-30,2023-11-30,0.378,6.9,17.253968253968253,0.378,6.9,17.253968253968253,6.048,6.9,0.1408730158730158,raw,RAW_ONLY_REVIEW,True,,,ACFN_011,opend,POC,True,dual,raw/adjusted qualification mismatch
ACFN,Acorn Energy,NASDAQ,2023-09-05,2023-12-04,2023-12-04,0.36,7.1,18.72222222222222,0.36,7.1,18.72222222222222,5.76,7.1,0.2326388888888888,raw,RAW_ONLY_REVIEW,True,,,ACFN_011,opend,POC,True,dual,raw/adjusted qualification mismatch
ACFN,Acorn Energy,NASDAQ,2023-09-06,2023-12-05,2023-12-05,0.36,7.1,18.72222222222222,0.36,7.1,18.72222222222222,5.76,7.1,0.2326388888888888,raw,RAW_ONLY_REVIEW,True,,,ACFN_011,opend,POC,True,dual,raw/adjusted qualification mismatch
ACFN,Acorn Energy,NASDAQ,2023-09-07,2023-12-06,2023-12-06,0.4402,7.1,15.129032258064516,0.4402,7.1,15.129032258064516,7.0432,7.1,0.0080645161290322,raw,RAW_ONLY_REVIEW,True,,,ACFN_011,opend,POC,True,dual,raw/adjusted qualification mismatch
ACGN,Aceragen,NASDAQ,2022-10-20,2023-01-18,2023-01-18,0.3799,8.64,21.742827059752567,0.3799,8.64,21.742827059752567,6.4583,8.64,0.3378133564560333,raw,RAW_ONLY_REVIEW,True,,,ACGN_012,opend,POC,True,dual,raw/adjusted qualification mismatch
ACGN,Aceragen,NASDAQ,2022-10-21,2023-01-19,2023-01-19,0.39,5.76,13.769230769230768,0.39,5.76,13.769230769230768,6.63,5.76,-0.1312217194570135,raw,RAW_ONLY_REVIEW,True,,,ACGN_012,opend,POC,True,dual,raw/adjusted qualification mismatch
ACGN,Aceragen,NASDAQ,2022-10-24,2023-01-22,2023-01-23,0.39,4.94,11.666666666666668,0.39,4.94,11.666666666666668,6.63,4.94,-0.2549019607843137,raw,RAW_ONLY_REVIEW,True,,,ACGN_012,opend,POC,True,dual,raw/adjusted qualification mismatch
ACGN,Aceragen,NASDAQ,2022-10-25,2023-01-23,2023-01-23,0.3802,4.94,11.993161493950554,0.3802,4.94,11.993161493950554,6.4634,4.94,-0.235696382708791,raw,RAW_ONLY_REVIEW,True,,,ACGN_012,opend,POC,True,dual,raw/adjusted qualification mismatch
ACGN,Aceragen,NASDAQ,2022-10-26,2023-01-24,2023-01-24,0.38,5.6999,13.999736842105264,0.38,5.6999,13.999736842105264,6.46,5.6999,-0.1176625386996903,raw,RAW_ONLY_REVIEW,True,,,ACGN_012,opend,POC,True,dual,raw/adjusted qualification mismatch
ACGN,Aceragen,NASDAQ,2022-10-27,2023-01-25,2023-01-25,0.3863,5.1,12.202174475796014,0.3863,5.1,12.202174475796014,6.5671,5.1,-0.2234015014237639,raw,RAW_ONLY_REVIEW,True,,,ACGN_012,opend,POC,True,dual,raw/adjusted qualification mismatch
ACGN,Aceragen,NASDAQ,2022-10-28,2023-01-26,2023-01-26,0.3892,4.85,11.461459403905446,0.3892,4.85,11.461459403905446,6.6164,4.85,-0.266972976240856,raw,RAW_ONLY_REVIEW,True,,,ACGN_012,opend,POC,True,dual,raw/adjusted qualification mismatch
ACGN,Aceragen,NASDAQ,2022-10-31,2023-01-29,2023-01-30,0.4279,5.005,10.696658097686376,0.4279,5.005,10.696658097686376,7.2743,5.005,-0.3119612883713897,raw,RAW_ONLY_REVIEW,True,,,ACGN_012,opend,POC,True,dual,raw/adjusted qualification mismatch
ACGN,Aceragen,NASDAQ,2022-11-03,2023-02-01,2023-02-01,0.4251,4.69,10.032698188661492,0.4251,4.69,10.032698188661492,7.2267,4.69,-0.3510177536081476,raw,RAW_ONLY_REVIEW,True,,,ACGN_012,opend,POC,True,dual,raw/adjusted qualification mismatch
ACGN,Aceragen,NASDAQ,2022-11-04,2023-02-02,2023-02-02,0.415,4.94,10.903614457831328,0.415,4.94,10.903614457831328,7.055,4.94,-0.2997873848334513,raw,RAW_ONLY_REVIEW,True,,,ACGN_012,opend,POC,True,dual,raw/adjusted qualification mismatch
ACGN,Aceragen,NASDAQ,2022-11-07,2023-02-05,2023-02-06,0.425,5.895,12.870588235294116,0.425,5.895,12.870588235294116,7.225,5.895,-0.184083044982699,raw,RAW_ONLY_REVIEW,True,,,ACGN_012,opend,POC,True,dual,raw/adjusted qualification mismatch
ACGN,Aceragen,NASDAQ,2022-11-08,2023-02-06,2023-02-06,0.399999,5.895,13.73753684384211,0.399999,5.895,13.73753684384211,6.799983,5.895,-0.1330860680092878,raw,RAW_ONLY_REVIEW,True,,,ACGN_012,opend,POC,True,dual,raw/adjusted qualification mismatch
ACGN,Aceragen,NASDAQ,2022-11-09,2023-02-07,2023-02-07,0.38,5.99,14.763157894736842,0.38,5.99,14.763157894736842,6.46,5.99,-0.0727554179566563,raw,RAW_ONLY_REVIEW,True,,,ACGN_012,opend,POC,True,dual,raw/adjusted qualification mismatch
ACGN,Aceragen,NASDAQ,2022-11-10,2023-02-08,2023-02-08,0.3919,5.77,13.723143659096706,0.3919,5.77,13.723143659096706,6.6623,5.77,-0.1339327259354877,raw,RAW_ONLY_REVIEW,True,,,ACGN_012,opend,POC,True,dual,raw/adjusted qualification mismatch
ACGN,Aceragen,NASDAQ,2022-11-11,2023-02-09,2023-02-09,0.4075,4.99,11.245398773006135,0.4075,4.99,11.245398773006135,6.9275,4.99,-0.2796824251172861,raw,RAW_ONLY_REVIEW,True,,,ACGN_012,opend,POC,True,dual,raw/adjusted qualification mismatch
ACGN,Aceragen,NASDAQ,2022-11-14,2023-02-12,2023-02-13,0.395201,4.95,11.525271950222798,0.395201,4.95,11.525271950222798,6.718417,4.95,-0.2632192970457176,raw,RAW_ONLY_REVIEW,True,,,ACGN_012,opend,POC,True,dual,raw/adjusted qualification mismatch
ACGN,Aceragen,NASDAQ,2022-11-15,2023-02-13,2023-02-13,0.3922,4.95,11.621111677715453,0.3922,4.95,11.621111677715453,6.6674,4.95,-0.2575816660167381,raw,RAW_ONLY_REVIEW,True,,,ACGN_012,opend,POC,True,dual,raw/adjusted qualification mismatch
ACGN,Aceragen,NASDAQ,2022-11-16,2023-02-14,2023-02-14,0.36,4.92,12.666666666666668,0.36,4.92,12.666666666666668,6.12,4.92,-0.1960784313725491,raw,RAW_ONLY_REVIEW,True,,,ACGN_012,opend,POC,True,dual,raw/adjusted qualification mismatch
ACGN,Aceragen,NASDAQ,2022-11-17,2023-02-15,2023-02-15,0.3551,4.99,13.052379611377075,0.3551,4.99,13.052379611377075,6.0367,4.99,-0.1733894346248777,raw,RAW_ONLY_REVIEW,True,,,ACGN_012,opend,POC,True,dual,raw/adjusted qualification mismatch
ACGN,Aceragen,NASDAQ,2022-11-18,2023-02-16,2023-02-16,0.3601,4.91,12.635101360733133,0.3601,4.91,12.635101360733133,6.1217,4.91,-0.1979352140745217,raw,RAW_ONLY_REVIEW,True,,,ACGN_012,opend,POC,True,dual,raw/adjusted qualification mismatch
ACGN,Aceragen,NASDAQ,2022-11-21,2023-02-19,2023-02-21,0.355,4.93,12.887323943661972,0.355,4.93,12.887323943661972,6.035,4.93,-0.1830985915492958,raw,RAW_ONLY_REVIEW,True,,,ACGN_012,opend,POC,True,dual,raw/adjusted qualification mismatch
ACGN,Aceragen,NASDAQ,2022-11-22,2023-02-20,2023-02-21,0.3433,4.93,13.360617535683076,0.3433,4.93,13.360617535683076,5.8361,4.93,-0.1552577920186426,raw,RAW_ONLY_REVIEW,True,,,ACGN_012,opend,POC,True,dual,raw/adjusted qualification mismatch
ACGN,Aceragen,NASDAQ,2022-11-23,2023-02-21,2023-02-21,0.3583,4.93,12.759419480881942,0.3583,4.93,12.759419480881942,6.0911,4.93,-0.1906223834775328,raw,RAW_ONLY_REVIEW,True,,,ACGN_012,opend,POC,True,dual,raw/adjusted qualification mismatch
ACGN,Aceragen,NASDAQ,2022-11-25,2023-02-23,2023-02-23,0.3671,5.02,12.674748025061293,0.3671,5.02,12.674748025061293,6.2407,5.02,-0.1956030573493359,raw,RAW_ONLY_REVIEW,True,,,ACGN_012,opend,POC,True,dual,raw/adjusted qualification mismatch
ACGN,Aceragen,NASDAQ,2022-11-28,2023-02-26,2023-02-27,0.3707,4.51,11.166172106824924,0.3707,4.51,11.166172106824924,6.3019,4.51,-0.2843428172455926,raw,RAW_ONLY_REVIEW,True,,,ACGN_012,opend,POC,True,dual,raw/adjusted qualification mismatch
ACGN,Aceragen,NASDAQ,2022-11-29,2023-02-27,2023-02-27,0.3322,4.51,12.57615894039735,0.3322,4.51,12.57615894039735,5.6474,4.51,-0.2014024152707441,raw,RAW_ONLY_REVIEW,True,,,ACGN_012,opend,POC,True,dual,raw/adjusted qualification mismatch
ACGN,Aceragen,NASDAQ,2022-11-30,2023-02-28,2023-02-28,0.3037,4.5,13.81725386894962,0.3037,4.5,13.81725386894962,5.1629,4.5,-0.1283968312382575,raw,RAW_ONLY_REVIEW,True,,,ACGN_012,opend,POC,True,dual,raw/adjusted qualification mismatch
ACGN,Aceragen,NASDAQ,2022-12-01,2023-03-01,2023-03-01,0.315,4.21,12.365079365079366,0.315,4.21,12.365079365079366,5.355,4.21,-0.2138188608776844,raw,RAW_ONLY_REVIEW,True,,,ACGN_012,opend,POC,True,dual,raw/adjusted qualification mismatch
ACGN,Aceragen,NASDAQ,2022-12-02,2023-03-02,2023-03-02,0.3292,4.39,12.335358444714458,0.3292,4.39,12.335358444714458,5.5964,4.39,-0.2155671503109142,raw,RAW_ONLY_REVIEW,True,,,ACGN_012,opend,POC,True,dual,raw/adjusted qualification mismatch
ACGN,Aceragen,NASDAQ,2022-12-05,2023-03-05,2023-03-06,0.32,4.58,13.3125,0.32,4.58,13.3125,5.44,4.58,-0.1580882352941176,raw,RAW_ONLY_REVIEW,True,,,ACGN_012,opend,POC,True,dual,raw/adjusted qualification mismatch
ACGN,Aceragen,NASDAQ,2022-12-06,2023-03-06,2023-03-06,0.3039,4.58,14.070746956235604,0.3039,4.58,14.070746956235604,5.1663,4.58,-0.1134854731626114,raw,RAW_ONLY_REVIEW,True,,,ACGN_012,opend,POC,True,dual,raw/adjusted qualification mismatch
ACGN,Aceragen,NASDAQ,2022-12-07,2023-03-07,2023-03-07,0.3036,4.37,13.393939393939394,0.3036,4.37,13.393939393939394,5.1612,4.37,-0.1532976827094474,raw,RAW_ONLY_REVIEW,True,,,ACGN_012,opend,POC,True,dual,raw/adjusted qualification mismatch
ACGN,Aceragen,NASDAQ,2022-12-08,2023-03-08,2023-03-08,0.3,4.63,14.433333333333334,0.3,4.63,14.433333333333334,5.1,4.63,-0.092156862745098,raw,RAW_ONLY_REVIEW,True,,,ACGN_012,opend,POC,True,dual,raw/adjusted qualification mismatch
ACGN,Aceragen,NASDAQ,2022-12-09,2023-03-09,2023-03-09,0.2902,4.28,13.748449345279118,0.2902,4.28,13.748449345279118,4.9334,4.28,-0.1324441561600517,raw,RAW_ONLY_REVIEW,True,,,ACGN_012,opend,POC,True,dual,raw/adjusted qualification mismatch
ACGN,Aceragen,NASDAQ,2022-12-12,2023-03-12,2023-03-13,0.2917,4.02,12.781282139184093,0.2917,4.02,12.781282139184093,4.9589,4.02,-0.1893363447538769,raw,RAW_ONLY_REVIEW,True,,,ACGN_012,opend,POC,True,dual,raw/adjusted qualification mismatch
ACGN,Aceragen,NASDAQ,2022-12-13,2023-03-13,2023-03-13,0.2993,4.02,12.43133979284998,0.2993,4.02,12.43133979284998,5.0881,4.02,-0.2099211886558833,raw,RAW_ONLY_REVIEW,True,,,ACGN_012,opend,POC,True,dual,raw/adjusted qualification mismatch
ACGN,Aceragen,NASDAQ,2022-12-14,2023-03-14,2023-03-14,0.2801,4.04,13.423420207068904,0.2801,4.04,13.423420207068904,4.7617,4.04,-0.1515635172312409,raw,RAW_ONLY_REVIEW,True,,,ACGN_012,opend,POC,True,dual,raw/adjusted qualification mismatch
ACGN,Aceragen,NASDAQ,2022-12-15,2023-03-15,2023-03-15,0.275,4.21,14.309090909090909,0.275,4.21,14.309090909090909,4.675,4.21,-0.0994652406417112,raw,RAW_ONLY_REVIEW,True,,,ACGN_012,opend,POC,True,dual,raw/adjusted qualification mismatch
ACGN,Aceragen,NASDAQ,2022-12-16,2023-03-16,2023-03-16,0.27,4.16,14.407407407407408,0.27,4.16,14.407407407407408,4.59,4.16,-0.0936819172113289,raw,RAW_ONLY_REVIEW,True,,,ACGN_012,opend,POC,True,dual,raw/adjusted qualification mismatch
ACGN,Aceragen,NASDAQ,2022-12-19,2023-03-19,2023-03-20,0.26,3.0,10.538461538461538,0.26,3.0,10.538461538461538,4.42,3.0,-0.3212669683257918,raw,RAW_ONLY_REVIEW,True,,,ACGN_012,opend,POC,True,dual,raw/adjusted qualification mismatch
ACGN,Aceragen,NASDAQ,2022-12-20,2023-03-20,2023-03-20,0.2504,3.0,10.980830670926515,0.2504,3.0,10.980830670926515,4.2568,3.0,-0.2952452546513813,raw,RAW_ONLY_REVIEW,True,,,ACGN_012,opend,POC,True,dual,raw/adjusted qualification mismatch
ACGN,Aceragen,NASDAQ,2022-12-21,2023-03-21,2023-03-21,0.25,3.01,11.04,0.25,3.01,11.04,4.25,3.01,-0.291764705882353,raw,RAW_ONLY_REVIEW,True,,,ACGN_012,opend,POC,True,dual,raw/adjusted qualification mismatch
ACGN,Aceragen,NASDAQ,2022-12-23,2023-03-23,2023-03-23,0.2418,2.74,10.33167907361456,0.2418,2.74,10.33167907361456,4.1106,2.74,-0.3334306427285554,raw,RAW_ONLY_REVIEW,True,,,ACGN_012,opend,POC,True,dual,raw/adjusted qualification mismatch
ACHV,Achieve Life,NASDAQ,2020-05-04,2020-08-02,2020-08-03,0.4553,11.72,24.741269492642218,0.4553,11.72,24.741269492642218,9.106,11.72,0.2870634746321108,raw,RAW_ONLY_REVIEW,True,,,ACHV_013,opend,POC,True,dual,raw/adjusted qualification mismatch
ACHV,Achieve Life,NASDAQ,2020-05-05,2020-08-03,2020-08-03,0.4407,11.72,25.594054912638985,0.4407,11.72,25.594054912638985,8.814,11.72,0.3297027456319492,raw,RAW_ONLY_REVIEW,True,,,ACHV_013,opend,POC,True,dual,raw/adjusted qualification mismatch
ACHV,Achieve Life,NASDAQ,2020-05-06,2020-08-04,2020-08-04,0.41,10.73,25.170731707317078,0.41,10.73,25.170731707317078,8.199999999,10.73,0.3085365855254314,raw,RAW_ONLY_REVIEW,True,,,ACHV_013,opend,POC,True,dual,raw/adjusted qualification mismatch
ACHV,Achieve Life,NASDAQ,2020-05-07,2020-08-05,2020-08-05,0.42,11.73,26.92857142857143,0.42,11.73,26.92857142857143,8.4,11.73,0.3964285714285713,raw,RAW_ONLY_REVIEW,True,,,ACHV_013,opend,POC,True,dual,raw/adjusted qualification mismatch
ACHV,Achieve Life,NASDAQ,2020-05-08,2020-08-06,2020-08-06,0.42,11.7,26.857142857142858,0.42,11.7,26.857142857142858,8.4,11.7,0.3928571428571428,raw,RAW_ONLY_REVIEW,True,,,ACHV_013,opend,POC,True,dual,raw/adjusted qualification mismatch
ACHV,Achieve Life,NASDAQ,2020-05-11,2020-08-09,2020-08-10,0.45,11.13,23.73333333333333,0.45,11.13,23.73333333333333,9.0,11.13,0.2366666666666668,raw,RAW_ONLY_REVIEW,True,,,ACHV_013,opend,POC,True,dual,raw/adjusted qualification mismatch
ACHV,Achieve Life,NASDAQ,2020-05-12,2020-08-10,2020-08-10,0.43,11.13,24.88372093023256,0.43,11.13,24.88372093023256,8.6,11.13,0.2941860465116279,raw,RAW_ONLY_REVIEW,True,,,ACHV_013,opend,POC,True,dual,raw/adjusted qualification mismatch
ACHV,Achieve Life,NASDAQ,2020-05-13,2020-08-11,2020-08-11,0.3949,9.84,23.9177006837174,0.3949,9.84,23.9177006837174,7.897999999,9.84,0.2458850343436167,raw,RAW_ONLY_REVIEW,True,,,ACHV_013,opend,POC,True,dual,raw/adjusted qualification mismatch
ACHV,Achieve Life,NASDAQ,2020-05-14,2020-08-12,2020-08-12,0.39,9.27,22.769230769230766,0.39,9.27,22.769230769230766,7.8,9.27,0.1884615384615384,raw,RAW_ONLY_REVIEW,True,,,ACHV_013,opend,POC,True,dual,raw/adjusted qualification mismatch
ACHV,Achieve Life,NASDAQ,2020-05-15,2020-08-13,2020-08-13,0.365,8.87,23.301369863013697,0.365,8.87,23.301369863013697,7.3,8.87,0.2150684931506847,raw,RAW_ONLY_REVIEW,True,,,ACHV_013,opend,POC,True,dual,raw/adjusted qualification mismatch
ACHV,Achieve Life,NASDAQ,2020-05-18,2020-08-16,2020-08-17,0.38,9.24,23.31578947368421,0.38,9.24,23.31578947368421,7.6,9.24,0.2157894736842105,raw,RAW_ONLY_REVIEW,True,,,ACHV_013,opend,POC,True,dual,raw/adjusted qualification mismatch
ACHV,Achieve Life,NASDAQ,2020-05-19,2020-08-17,2020-08-17,0.3993,9.24,22.1404958677686,0.3993,9.24,22.1404958677686,7.986,9.24,0.1570247933884299,raw,RAW_ONLY_REVIEW,True,,,ACHV_013,opend,POC,True,dual,raw/adjusted qualification mismatch
ACHV,Achieve Life,NASDAQ,2020-05-20,2020-08-18,2020-08-18,0.3968,9.03,21.757056451612904,0.3968,9.03,21.757056451612904,7.936,9.03,0.137852822580645,raw,RAW_ONLY_REVIEW,True,,,ACHV_013,opend,POC,True,dual,raw/adjusted qualification mismatch
ACHV,Achieve Life,NASDAQ,2020-05-21,2020-08-19,2020-08-19,0.41,8.62,20.02439024390244,0.41,8.62,20.02439024390244,8.199999999,8.62,0.0512195123233194,raw,RAW_ONLY_REVIEW,True,,,ACHV_013,opend,POC,True,dual,raw/adjusted qualification mismatch
ACHV,Achieve Life,NASDAQ,2020-05-22,2020-08-20,2020-08-20,0.4159,8.8,20.158932435681656,0.4159,8.8,20.158932435681656,8.318,8.8,0.0579466217840829,raw,RAW_ONLY_REVIEW,True,,,ACHV_013,opend,POC,True,dual,raw/adjusted qualification mismatch
ACHV,Achieve Life,NASDAQ,2020-05-26,2020-08-24,2020-08-24,0.4199,7.94,17.9092641105025,0.4199,7.94,17.9092641105025,8.398,7.94,-0.0545367944748749,raw,RAW_ONLY_REVIEW,True,,,ACHV_013,opend,POC,True,dual,raw/adjusted qualification mismatch
ACHV,Achieve Life,NASDAQ,2020-05-27,2020-08-25,2020-08-25,0.4105,8.61,19.97442143727162,0.4105,8.61,19.97442143727162,8.209999999,8.61,0.0487210719913178,raw,RAW_ONLY_REVIEW,True,,,ACHV_013,opend,POC,True,dual,raw/adjusted qualification mismatch
ACHV,Achieve Life,NASDAQ,2020-05-28,2020-08-26,2020-08-26,0.4055,8.11,19.0,0.4055,8.11,19.0,8.11,8.11,0.0,raw,RAW_ONLY_REVIEW,True,,,ACHV_013,opend,POC,True,dual,raw/adjusted qualification mismatch
ACHV,Achieve Life,NASDAQ,2020-05-29,2020-08-27,2020-08-27,0.4083,7.92,18.397501836884643,0.4083,7.92,18.397501836884643,8.166,7.92,-0.0301249081557678,raw,RAW_ONLY_REVIEW,True,,,ACHV_013,opend,POC,True,dual,raw/adjusted qualification mismatch
ACHV,Achieve Life,NASDAQ,2020-06-01,2020-08-30,2020-08-31,0.4144,8.17,18.715250965250966,0.4144,8.17,18.715250965250966,8.288,8.17,-0.0142374517374517,raw,RAW_ONLY_REVIEW,True,,,ACHV_013,opend,POC,True,dual,raw/adjusted qualification mismatch
ACHV,Achieve Life,NASDAQ,2020-06-02,2020-08-31,2020-08-31,0.42,8.17,18.452380952380956,0.42,8.17,18.452380952380956,8.4,8.17,-0.0273809523809523,raw,RAW_ONLY_REVIEW,True,,,ACHV_013,opend,POC,True,dual,raw/adjusted qualification mismatch
ACHV,Achieve Life,NASDAQ,2020-06-03,2020-09-01,2020-09-01,0.42,7.82,17.61904761904762,0.42,7.82,17.61904761904762,8.4,7.82,-0.069047619047619,raw,RAW_ONLY_REVIEW,True,,,ACHV_013,opend,POC,True,dual,raw/adjusted qualification mismatch
ACHV,Achieve Life,NASDAQ,2020-06-04,2020-09-02,2020-09-02,0.45,7.64,15.977777777777778,0.45,7.64,15.977777777777778,9.0,7.64,-0.1511111111111112,raw,RAW_ONLY_REVIEW,True,,,ACHV_013,opend,POC,True,dual,raw/adjusted qualification mismatch
ACHV,Achieve Life,NASDAQ,2020-06-05,2020-09-03,2020-09-03,0.4719,7.39,14.660097478279296,0.4719,7.39,14.660097478279296,9.438,7.39,-0.2169951260860352,raw,RAW_ONLY_REVIEW,True,,,ACHV_013,opend,POC,True,dual,raw/adjusted qualification mismatch
ACHV,Achieve Life,NASDAQ,2020-06-08,2020-09-06,2020-09-08,0.4679,7.55,15.135926480017098,0.4679,7.55,15.135926480017098,9.358,7.55,-0.1932036759991452,raw,RAW_ONLY_REVIEW,True,,,ACHV_013,opend,POC,True,dual,raw/adjusted qualification mismatch
ACHV,Achieve Life,NASDAQ,2020-06-09,2020-09-07,2020-09-08,0.4508,7.55,15.748003549245787,0.4508,7.55,15.748003549245787,9.016,7.55,-0.1625998225377107,raw,RAW_ONLY_REVIEW,True,,,ACHV_013,opend,POC,True,dual,raw/adjusted qualification mismatch
ACHV,Achieve Life,NASDAQ,2020-06-10,2020-09-08,2020-09-08,0.4647,7.55,15.2470411017861,0.4647,7.55,15.2470411017861,9.294,7.55,-0.1876479449106951,raw,RAW_ONLY_REVIEW,True,,,ACHV_013,opend,POC,True,dual,raw/adjusted qualification mismatch
ACHV,Achieve Life,NASDAQ,2020-06-11,2020-09-09,2020-09-09,0.4113,7.31,16.772915147094576,0.4113,7.31,16.772915147094576,8.226,7.31,-0.1113542426452712,raw,RAW_ONLY_REVIEW,True,,,ACHV_013,opend,POC,True,dual,raw/adjusted qualification mismatch
ACHV,Achieve Life,NASDAQ,2020-06-12,2020-09-10,2020-09-10,0.41,8.05,18.634146341463417,0.41,8.05,18.634146341463417,8.199999999,8.05,-0.0182926828071087,raw,RAW_ONLY_REVIEW,True,,,ACHV_013,opend,POC,True,dual,raw/adjusted qualification mismatch
ACHV,Achieve Life,NASDAQ,2020-06-15,2020-09-13,2020-09-14,0.424,8.96,20.13207547169812,0.424,8.96,20.13207547169812,8.48,8.96,0.0566037735849056,raw,RAW_ONLY_REVIEW,True,,,ACHV_013,opend,POC,True,dual,raw/adjusted qualification mismatch
ACHV,Achieve Life,NASDAQ,2020-06-16,2020-09-14,2020-09-14,0.437,8.96,19.503432494279178,0.437,8.96,19.503432494279178,8.74,8.96,0.0251716247139588,raw,RAW_ONLY_REVIEW,True,,,ACHV_013,opend,POC,True,dual,raw/adjusted qualification mismatch
ACHV,Achieve Life,NASDAQ,2020-06-17,2020-09-15,2020-09-15,0.4271,9.9,22.179583235776168,0.4271,9.9,22.179583235776168,8.542,9.9,0.1589791617888083,raw,RAW_ONLY_REVIEW,True,,,ACHV_013,opend,POC,True,dual,raw/adjusted qualification mismatch
ACHV,Achieve Life,NASDAQ,2020-06-18,2020-09-16,2020-09-16,0.4227,9.98,22.6101253844334,0.4227,9.98,22.6101253844334,8.454,9.98,0.1805062692216701,raw,RAW_ONLY_REVIEW,True,,,ACHV_013,opend,POC,True,dual,raw/adjusted qualification mismatch
ACHV,Achieve Life,NASDAQ,2020-06-19,2020-09-17,2020-09-17,0.4076,10.97,25.913640824337588,0.4076,10.97,25.913640824337588,8.152,10.97,0.3456820412168795,raw,RAW_ONLY_REVIEW,True,,,ACHV_013,opend,POC,True,dual,raw/adjusted qualification mismatch
ACHV,Achieve Life,NASDAQ,2020-06-22,2020-09-20,2020-09-21,0.4157,9.28,21.32379119557373,0.4157,9.28,21.32379119557373,8.314,9.28,0.1161895597786863,raw,RAW_ONLY_REVIEW,True,,,ACHV_013,opend,POC,True,dual,raw/adjusted qualification mismatch
ACHV,Achieve Life,NASDAQ,2020-06-23,2020-09-21,2020-09-21,0.424,9.28,20.88679245283019,0.424,9.28,20.88679245283019,8.48,9.28,0.0943396226415094,raw,RAW_ONLY_REVIEW,True,,,ACHV_013,opend,POC,True,dual,raw/adjusted qualification mismatch
ACHV,Achieve Life,NASDAQ,2020-06-24,2020-09-22,2020-09-22,0.4061,9.43,22.220881556266928,0.4061,9.43,22.220881556266928,8.122,9.43,0.1610440778133464,raw,RAW_ONLY_REVIEW,True,,,ACHV_013,opend,POC,True,dual,raw/adjusted qualification mismatch
ACHV,Achieve Life,NASDAQ,2020-06-25,2020-09-23,2020-09-23,0.416,8.93,20.466346153846157,0.416,8.93,20.466346153846157,8.32,8.93,0.0733173076923077,raw,RAW_ONLY_REVIEW,True,,,ACHV_013,opend,POC,True,dual,raw/adjusted qualification mismatch
ACHV,Achieve Life,NASDAQ,2020-06-26,2020-09-24,2020-09-24,0.4128,8.64,19.930232558139537,0.4128,8.64,19.930232558139537,8.256,8.64,0.0465116279069768,raw,RAW_ONLY_REVIEW,True,,,ACHV_013,opend,POC,True,dual,raw/adjusted qualification mismatch
ACHV,Achieve Life,NASDAQ,2020-06-29,2020-09-27,2020-09-28,0.388,8.84,21.78350515463917,0.388,8.84,21.78350515463917,7.76,8.84,0.1391752577319587,raw,RAW_ONLY_REVIEW,True,,,ACHV_013,opend,POC,True,dual,raw/adjusted qualification mismatch
ACHV,Achieve Life,NASDAQ,2020-06-30,2020-09-28,2020-09-28,0.397,8.84,21.267002518891687,0.397,8.84,21.267002518891687,7.94,8.84,0.1133501259445843,raw,RAW_ONLY_REVIEW,True,,,ACHV_013,opend,POC,True,dual,raw/adjusted qualification mismatch
ACHV,Achieve Life,NASDAQ,2020-07-01,2020-09-29,2020-09-29,0.3989,8.71,20.835046377538237,0.3989,8.71,20.835046377538237,7.978,8.71,0.0917523188769116,raw,RAW_ONLY_REVIEW,True,,,ACHV_013,opend,POC,True,dual,raw/adjusted qualification mismatch
ACHV,Achieve Life,NASDAQ,2020-07-02,2020-09-30,2020-09-30,0.3984,8.37,20.009036144578317,0.3984,8.37,20.009036144578317,7.968,8.37,0.0504518072289155,raw,RAW_ONLY_REVIEW,True,,,ACHV_013,opend,POC,True,dual,raw/adjusted qualification mismatch
ACHV,Achieve Life,NASDAQ,2020-07-06,2020-10-04,2020-10-05,0.4032,8.66,20.478174603174605,0.4032,8.66,20.478174603174605,8.064,8.66,0.0739087301587302,raw,RAW_ONLY_REVIEW,True,,,ACHV_013,opend,POC,True,dual,raw/adjusted qualification mismatch
ACHV,Achieve Life,NASDAQ,2020-07-07,2020-10-05,2020-10-05,0.4231,8.66,19.467974474119597,0.4231,8.66,19.467974474119597,8.461999999,8.66,0.0233987238269202,raw,RAW_ONLY_REVIEW,True,,,ACHV_013,opend,POC,True,dual,raw/adjusted qualification mismatch
ACHV,Achieve Life,NASDAQ,2020-07-08,2020-10-06,2020-10-06,0.4102,8.58,19.91662603607996,0.4102,8.58,19.91662603607996,8.204,8.58,0.0458313018039979,raw,RAW_ONLY_REVIEW,True,,,ACHV_013,opend,POC,True,dual,raw/adjusted qualification mismatch
ACHV,Achieve Life,NASDAQ,2020-07-09,2020-10-07,2020-10-07,0.4128,9.21,21.311046511627907,0.4128,9.21,21.311046511627907,8.256,9.21,0.1155523255813955,raw,RAW_ONLY_REVIEW,True,,,ACHV_013,opend,POC,True,dual,raw/adjusted qualification mismatch
ACHV,Achieve Life,NASDAQ,2020-07-10,2020-10-08,2020-10-08,0.398,9.87,23.79899497487437,0.398,9.87,23.79899497487437,7.96,9.87,0.2399497487437185,raw,RAW_ONLY_REVIEW,True,,,ACHV_013,opend,POC,True,dual,raw/adjusted qualification mismatch
ACHV,Achieve Life,NASDAQ,2020-07-13,2020-10-11,2020-10-12,0.3798,9.78,24.750394944707736,0.3798,9.78,24.750394944707736,7.596,9.78,0.287519747235387,raw,RAW_ONLY_REVIEW,True,,,ACHV_013,opend,POC,True,dual,raw/adjusted qualification mismatch
ACHV,Achieve Life,NASDAQ,2020-07-14,2020-10-12,2020-10-12,0.3951,9.78,23.75322703113136,0.3951,9.78,23.75322703113136,7.902,9.78,0.2376613515565677,raw,RAW_ONLY_REVIEW,True,,,ACHV_013,opend,POC,True,dual,raw/adjusted qualification mismatch
ACHV,Achieve Life,NASDAQ,2020-07-15,2020-10-13,2020-10-13,0.3881,9.3,22.962896160783306,0.3881,9.3,22.962896160783306,7.762,9.3,0.1981448080391652,raw,RAW_ONLY_REVIEW,True,,,ACHV_013,opend,POC,True,dual,raw/adjusted qualification mismatch
ACHV,Achieve Life,NASDAQ,2020-07-16,2020-10-14,2020-10-14,0.3974,8.92,21.44589833920483,0.3974,8.92,21.44589833920483,7.947999999,8.92,0.1222949171014462,raw,RAW_ONLY_REVIEW,True,,,ACHV_013,opend,POC,True,dual,raw/adjusted qualification mismatch
ACHV,Achieve Life,NASDAQ,2020-07-17,2020-10-15,2020-10-15,0.428,8.77,19.49065420560748,0.428,8.77,19.49065420560748,8.56,8.77,0.0245327102803736,raw,RAW_ONLY_REVIEW,True,,,ACHV_013,opend,POC,True,dual,raw/adjusted qualification mismatch
ACHV,Achieve Life,NASDAQ,2020-07-20,2020-10-18,2020-10-19,0.4322,8.51,18.68995835261453,0.4322,8.51,18.68995835261453,8.644,8.51,-0.0155020823692735,raw,RAW_ONLY_REVIEW,True,,,ACHV_013,opend,POC,True,dual,raw/adjusted qualification mismatch
ACHV,Achieve Life,NASDAQ,2020-07-21,2020-10-19,2020-10-19,0.544,8.51,14.643382352941176,0.544,8.51,14.643382352941176,10.88,8.51,-0.2178308823529412,raw,RAW_ONLY_REVIEW,True,,,ACHV_013,opend,POC,True,dual,raw/adjusted qualification mismatch
ACHV,Achieve Life,NASDAQ,2020-07-22,2020-10-20,2020-10-20,0.5166,8.45,15.356949283778553,0.5166,8.45,15.356949283778553,10.331999999,8.45,-0.1821525357319158,raw,RAW_ONLY_REVIEW,True,,,ACHV_013,opend,POC,True,dual,raw/adjusted qualification mismatch
ACHV,Achieve Life,NASDAQ,2020-07-23,2020-10-21,2020-10-21,0.464,8.75,17.857758620689655,0.464,8.75,17.857758620689655,9.28,8.75,-0.0571120689655171,raw,RAW_ONLY_REVIEW,True,,,ACHV_013,opend,POC,True,dual,raw/adjusted qualification mismatch
ACHV,Achieve Life,NASDAQ,2020-07-24,2020-10-22,2020-10-22,0.4896,8.98,17.34150326797386,0.4896,8.98,17.34150326797386,9.792,8.98,-0.0829248366013071,raw,RAW_ONLY_REVIEW,True,,,ACHV_013,opend,POC,True,dual,raw/adjusted qualification mismatch
ACHV,Achieve Life,NASDAQ,2020-07-27,2020-10-25,2020-10-26,0.4877,8.36,16.141685462374408,0.4877,8.36,16.141685462374408,9.754,8.36,-0.1429157268812795,raw,RAW_ONLY_REVIEW,True,,,ACHV_013,opend,POC,True,dual,raw/adjusted qualification mismatch
ACHV,Achieve Life,NASDAQ,2020-07-28,2020-10-26,2020-10-26,0.572,8.36,13.615384615384617,0.572,8.36,13.615384615384617,11.44,8.36,-0.2692307692307693,raw,RAW_ONLY_REVIEW,True,,,ACHV_013,opend,POC,True,dual,raw/adjusted qualification mismatch
ACHV,Achieve Life,NASDAQ,2020-07-29,2020-10-27,2020-10-27,0.6968,8.18,10.739380022962113,0.6968,8.18,10.739380022962113,13.936,8.18,-0.4130309988518944,raw,RAW_ONLY_REVIEW,True,,,ACHV_013,opend,POC,True,dual,raw/adjusted qualification mismatch
ACHV,Achieve Life,NASDAQ,2020-07-30,2020-10-28,2020-10-28,0.6,8.18,12.633333333333333,0.6,8.18,12.633333333333333,12.0,8.18,-0.3183333333333333,raw,RAW_ONLY_REVIEW,True,,,ACHV_013,opend,POC,True,dual,raw/adjusted qualification mismatch
ACON,Aclarion,NASDAQ,2024-11-01,2025-01-30,2025-01-30,0.1851,8.4,44.3808752025932,0.1851,8.4,44.3808752025932,1674.2295,226.8,-0.8645347008877815,raw,RAW_ONLY_REVIEW,True,,,ACON_014,opend,POC,True,dual,raw/adjusted qualification mismatch
ACON,Aclarion,NASDAQ,2024-11-04,2025-02-02,2025-02-03,0.1836,6.65,35.22004357298475,0.1836,6.65,35.22004357298475,1660.662,179.55,-0.8918804669463142,raw,RAW_ONLY_REVIEW,True,,,ACON_014,opend,POC,True,dual,raw/adjusted qualification mismatch
ACON,Aclarion,NASDAQ,2024-11-05,2025-02-03,2025-02-03,0.1834,6.65,35.25954198473283,0.1834,6.65,35.25954198473283,1658.853,179.55,-0.8917625612396035,raw,RAW_ONLY_REVIEW,True,,,ACON_014,opend,POC,True,dual,raw/adjusted qualification mismatch
ACON,Aclarion,NASDAQ,2024-11-06,2025-02-04,2025-02-04,0.196,6.82,33.795918367346935,0.196,6.82,33.795918367346935,1772.82,184.14,-0.8961315869631434,raw,RAW_ONLY_REVIEW,True,,,ACON_014,opend,POC,True,dual,raw/adjusted qualification mismatch
ACON,Aclarion,NASDAQ,2024-11-07,2025-02-05,2025-02-05,0.1843,6.51,34.32284319045036,0.1843,6.51,34.32284319045036,1666.9935,175.77,-0.8945586770434317,raw,RAW_ONLY_REVIEW,True,,,ACON_014,opend,POC,True,dual,raw/adjusted qualification mismatch
ACON,Aclarion,NASDAQ,2024-11-08,2025-02-06,2025-02-06,0.189,6.27,32.17460317460317,0.189,6.27,32.17460317460317,1709.505,169.29,-0.9009713338071548,raw,RAW_ONLY_REVIEW,True,,,ACON_014,opend,POC,True,dual,raw/adjusted qualification mismatch
ACON,Aclarion,NASDAQ,2024-11-11,2025-02-09,2025-02-10,0.1841,4.67,24.366648560564908,0.1841,4.67,24.366648560564908,1665.1845,126.09,-0.9242786610132392,raw,RAW_ONLY_REVIEW,True,,,ACON_014,opend,POC,True,dual,raw/adjusted qualification mismatch
ACON,Aclarion,NASDAQ,2024-11-12,2025-02-10,2025-02-10,0.182,4.67,24.65934065934066,0.182,4.67,24.65934065934066,1646.19,126.09,-0.9234049532556996,raw,RAW_ONLY_REVIEW,True,,,ACON_014,opend,POC,True,dual,raw/adjusted qualification mismatch
ACON,Aclarion,NASDAQ,2024-11-13,2025-02-11,2025-02-11,0.174,4.19,23.080459770114945,0.174,4.19,23.080459770114945,1573.83,113.13,-0.9281180305369704,raw,RAW_ONLY_REVIEW,True,,,ACON_014,opend,POC,True,dual,raw/adjusted qualification mismatch
ACON,Aclarion,NASDAQ,2024-11-14,2025-02-12,2025-02-12,0.1699,4.68,26.545615067686875,0.1699,4.68,26.545615067686875,1536.7455,126.359999999,-0.91777428338069,raw,RAW_ONLY_REVIEW,True,,,ACON_014,opend,POC,True,dual,raw/adjusted qualification mismatch
ACON,Aclarion,NASDAQ,2024-11-15,2025-02-13,2025-02-13,0.1633,4.73,27.96509491733007,0.1633,4.73,27.96509491733007,1477.0485,127.71,-0.9135370300975222,raw,RAW_ONLY_REVIEW,True,,,ACON_014,opend,POC,True,dual,raw/adjusted qualification mismatch
ACON,Aclarion,NASDAQ,2024-11-18,2025-02-16,2025-02-18,0.1747,4.52,24.872925014310244,0.1747,4.52,24.872925014310244,1580.1615,122.039999999,-0.9227673880176172,raw,RAW_ONLY_REVIEW,True,,,ACON_014,opend,POC,True,dual,raw/adjusted qualification mismatch
ACON,Aclarion,NASDAQ,2024-11-19,2025-02-17,2025-02-18,0.1765,4.52,24.609065155807365,0.1765,4.52,24.609065155807365,1596.4425,122.039999999,-0.923555029386276,raw,RAW_ONLY_REVIEW,True,,,ACON_014,opend,POC,True,dual,raw/adjusted qualification mismatch
ACON,Aclarion,NASDAQ,2024-11-20,2025-02-18,2025-02-18,0.1764,4.52,24.623582766439903,0.1764,4.52,24.623582766439903,1595.538,122.039999999,-0.9235116932351344,raw,RAW_ONLY_REVIEW,True,,,ACON_014,opend,POC,True,dual,raw/adjusted qualification mismatch
ACON,Aclarion,NASDAQ,2024-11-21,2025-02-19,2025-02-19,0.1789,4.51,24.209614309670204,0.1789,4.51,24.209614309670204,1618.1505,121.77,-0.9247474199711336,raw,RAW_ONLY_REVIEW,True,,,ACON_014,opend,POC,True,dual,raw/adjusted qualification mismatch
ACON,Aclarion,NASDAQ,2024-11-22,2025-02-20,2025-02-20,0.1758,5.27,28.97724687144482,0.1758,5.27,28.97724687144482,1590.111,142.29,-0.9105156809807616,raw,RAW_ONLY_REVIEW,True,,,ACON_014,opend,POC,True,dual,raw/adjusted qualification mismatch
ACON,Aclarion,NASDAQ,2024-11-25,2025-02-23,2025-02-24,0.1765,4.66,25.402266288951843,0.1765,4.66,25.402266288951843,1596.4425,125.82,-0.921187264809099,raw,RAW_ONLY_REVIEW,True,,,ACON_014,opend,POC,True,dual,raw/adjusted qualification mismatch
ACON,Aclarion,NASDAQ,2024-11-26,2025-02-24,2025-02-24,0.1812,4.66,24.71743929359824,0.1812,4.66,24.71743929359824,1638.954,125.82,-0.9232315244967216,raw,RAW_ONLY_REVIEW,True,,,ACON_014,opend,POC,True,dual,raw/adjusted qualification mismatch
ACON,Aclarion,NASDAQ,2024-11-27,2025-02-25,2025-02-25,0.1772,3.23,17.227990970654627,0.1772,3.23,17.227990970654627,1602.774,87.21,-0.9455880866547623,raw,RAW_ONLY_REVIEW,True,,,ACON_014,opend,POC,True,dual,raw/adjusted qualification mismatch
ACON,Aclarion,NASDAQ,2024-11-29,2025-02-27,2025-02-27,0.18,2.63,13.61111111111111,0.18,2.63,13.61111111111111,1628.1,71.01,-0.9563847429519072,raw,RAW_ONLY_REVIEW,True,,,ACON_014,opend,POC,True,dual,raw/adjusted qualification mismatch
ACON,Aclarion,NASDAQ,2024-12-02,2025-03-02,2025-03-03,0.18,7.6,41.22222222222222,0.18,7.6,41.22222222222222,1628.1,205.2,-0.8739635157545605,raw,RAW_ONLY_REVIEW,True,,,ACON_014,opend,POC,True,dual,raw/adjusted qualification mismatch
ACON,Aclarion,NASDAQ,2024-12-03,2025-03-03,2025-03-03,0.179,7.6,41.45810055865922,0.179,7.6,41.45810055865922,1619.055,205.2,-0.8732594013174352,raw,RAW_ONLY_REVIEW,True,,,ACON_014,opend,POC,True,dual,raw/adjusted qualification mismatch
ACON,Aclarion,NASDAQ,2024-12-04,2025-03-04,2025-03-04,0.1797,5.75,30.99777406789093,0.1797,5.75,30.99777406789093,1625.3865,155.25,-0.9044842565137584,raw,RAW_ONLY_REVIEW,True,,,ACON_014,opend,POC,True,dual,raw/adjusted qualification mismatch
ACON,Aclarion,NASDAQ,2024-12-05,2025-03-05,2025-03-05,0.1683,7.0,40.592394533571,0.1683,7.0,40.592394533571,1522.2735,189.0,-0.8758435984072508,raw,RAW_ONLY_REVIEW,True,,,ACON_014,opend,POC,True,dual,raw/adjusted qualification mismatch
ACON,Aclarion,NASDAQ,2024-12-30,2025-03-30,2025-03-31,0.1448,10.8,73.58563535911603,0.1448,10.8,73.58563535911603,1309.716,10.8,-0.9917539374948462,raw,RAW_ONLY_REVIEW,True,,,ACON_014,opend,POC,True,dual,raw/adjusted qualification mismatch
ACON,Aclarion,NASDAQ,2024-12-31,2025-03-31,2025-03-31,0.144,10.8,74.00000000000001,0.144,10.8,74.00000000000001,1302.48,10.8,-0.9917081260364844,raw,RAW_ONLY_REVIEW,True,,,ACON_014,opend,POC,True,dual,raw/adjusted qualification mismatch
ACON,Aclarion,NASDAQ,2025-01-02,2025-04-02,2025-04-02,0.142,12.61,87.80281690140845,0.142,12.61,87.80281690140845,1284.39,12.61,-0.9901821097953114,raw,RAW_ONLY_REVIEW,True,,,ACON_014,opend,POC,True,dual,raw/adjusted qualification mismatch
ACON,Aclarion,NASDAQ,2025-01-03,2025-04-03,2025-04-03,0.2984,12.12,39.61662198391421,0.2984,12.12,39.61662198391421,2699.028,12.12,-0.9955094945291416,raw,RAW_ONLY_REVIEW,True,,,ACON_014,opend,POC,True,dual,raw/adjusted qualification mismatch
ACON,Aclarion,NASDAQ,2025-01-06,2025-04-06,2025-04-07,0.1702,8.97,51.70270270270271,0.1702,8.97,51.70270270270271,1539.459,8.97,-0.9941732777553672,raw,RAW_ONLY_REVIEW,True,,,ACON_014,opend,POC,True,dual,raw/adjusted qualification mismatch
ACON,Aclarion,NASDAQ,2025-01-07,2025-04-07,2025-04-07,0.1588,8.97,55.48614609571789,0.1588,8.97,55.48614609571789,1436.346,8.97,-0.9937549866118608,raw,RAW_ONLY_REVIEW,True,,,ACON_014,opend,POC,True,dual,raw/adjusted qualification mismatch
ACON,Aclarion,NASDAQ,2025-01-08,2025-04-08,2025-04-08,0.1384,8.02,56.94797687861272,0.1384,8.02,56.94797687861272,1251.828,8.02,-0.993593369057091,raw,RAW_ONLY_REVIEW,True,,,ACON_014,opend,POC,True,dual,raw/adjusted qualification mismatch
ACON,Aclarion,NASDAQ,2025-01-10,2025-04-10,2025-04-10,0.1173,8.58,72.1457800511509,0.1173,8.58,72.1457800511509,1060.9785,8.58,-0.9919131254780374,raw,RAW_ONLY_REVIEW,True,,,ACON_014,opend,POC,True,dual,raw/adjusted qualification mismatch
ACON,Aclarion,NASDAQ,2025-01-13,2025-04-13,2025-04-14,0.1092,10.0,90.57509157509158,0.1092,10.0,90.57509157509158,987.714,10.0,-0.989875611766159,raw,RAW_ONLY_REVIEW,True,,,ACON_014,opend,POC,True,dual,raw/adjusted qualification mismatch
ACON,Aclarion,NASDAQ,2025-01-14,2025-04-14,2025-04-14,0.0958,10.0,103.38413361169104,0.0958,10.0,103.38413361169104,866.511,10.0,-0.9884594656040142,raw,RAW_ONLY_REVIEW,True,,,ACON_014,opend,POC,True,dual,raw/adjusted qualification mismatch
ACON,Aclarion,NASDAQ,2025-01-15,2025-04-15,2025-04-15,0.0425,9.14,214.05882352941177,0.0425,9.14,214.05882352941177,384.4125,9.14,-0.9762234578740284,raw,RAW_ONLY_REVIEW,True,,,ACON_014,opend,POC,True,dual,raw/adjusted qualification mismatch
ACON,Aclarion,NASDAQ,2025-01-16,2025-04-16,2025-04-16,0.045,9.1,201.22222222222223,0.045,9.1,201.22222222222223,407.025,9.1,-0.9776426509428168,raw,RAW_ONLY_REVIEW,True,,,ACON_014,opend,POC,True,dual,raw/adjusted qualification mismatch
ACON,Aclarion,NASDAQ,2025-01-17,2025-04-17,2025-04-17,0.0423,8.98,211.29314420803783,0.0423,8.98,211.29314420803783,382.6035,8.98,-0.9765292267321132,raw,RAW_ONLY_REVIEW,True,,,ACON_014,opend,POC,True,dual,raw/adjusted qualification mismatch
ACON,Aclarion,NASDAQ,2025-01-21,2025-04-21,2025-04-21,0.0425,7.93,185.5882352941176,0.0425,7.93,185.5882352941176,384.4125,7.93,-0.9793711182648848,raw,RAW_ONLY_REVIEW,True,,,ACON_014,opend,POC,True,dual,raw/adjusted qualification mismatch
ACON,Aclarion,NASDAQ,2025-01-22,2025-04-22,2025-04-22,0.0415,7.51,179.96385542168673,0.0415,7.51,179.96385542168673,375.3675,7.51,-0.9799929402518864,raw,RAW_ONLY_REVIEW,True,,,ACON_014,opend,POC,True,dual,raw/adjusted qualification mismatch
ACON,Aclarion,NASDAQ,2025-01-23,2025-04-23,2025-04-23,0.0432,7.7,177.24074074074073,0.0432,7.7,177.24074074074073,390.744,7.7,-0.9802940032348544,raw,RAW_ONLY_REVIEW,True,,,ACON_014,opend,POC,True,dual,raw/adjusted qualification mismatch
ACON,Aclarion,NASDAQ,2025-01-24,2025-04-24,2025-04-24,0.0549,7.64,138.16211293260474,0.0549,7.64,138.16211293260474,496.5705,7.64,-0.9846144706542173,raw,RAW_ONLY_REVIEW,True,,,ACON_014,opend,POC,True,dual,raw/adjusted qualification mismatch
ACON,Aclarion,NASDAQ,2025-01-27,2025-04-27,2025-04-28,0.0382,6.845,178.1884816753927,0.0382,6.845,178.1884816753927,345.519,6.845,-0.9801892225897852,raw,RAW_ONLY_REVIEW,True,,,ACON_014,opend,POC,True,dual,raw/adjusted qualification mismatch
ACON,Aclarion,NASDAQ,2025-01-28,2025-04-28,2025-04-28,0.0317,6.845,214.9305993690852,0.0317,6.845,214.9305993690852,286.7265,6.845,-0.9761270758022016,raw,RAW_ONLY_REVIEW,True,,,ACON_014,opend,POC,True,dual,raw/adjusted qualification mismatch
ACON,Aclarion,NASDAQ,2025-01-29,2025-04-29,2025-04-29,0.0275,6.7,242.63636363636363,0.0275,6.7,242.63636363636363,248.7375,6.7,-0.9730639730639732,raw,RAW_ONLY_REVIEW,True,,,ACON_014,opend,POC,True,dual,raw/adjusted qualification mismatch
ACON,Aclarion,NASDAQ,2025-03-13,2025-06-11,2025-06-11,0.685,7.69,10.226277372262771,0.685,7.69,10.226277372262771,18.495,7.69,-0.5842119491754528,raw,RAW_ONLY_REVIEW,True,,,ACON_014,opend,POC,True,dual,raw/adjusted qualification mismatch
ACON,Aclarion,NASDAQ,2025-03-26,2025-06-24,2025-06-24,0.575,6.8,10.82608695652174,0.575,6.8,10.82608695652174,15.524999999,6.8,-0.561996779359871,raw,RAW_ONLY_REVIEW,True,,,ACON_014,opend,POC,True,dual,raw/adjusted qualification mismatch
ACON,Aclarion,NASDAQ,2025-03-27,2025-06-25,2025-06-25,0.522,7.0832,12.56934865900383,0.522,7.0832,12.56934865900383,14.094,7.0832,-0.4974315311480062,raw,RAW_ONLY_REVIEW,True,,,ACON_014,opend,POC,True,dual,raw/adjusted qualification mismatch
ACXP,Acurx Pharmaceuticals,NASDAQ,2025-05-07,2025-08-05,2025-08-05,0.3545,5.09,13.358251057827928,0.3545,5.09,13.358251057827928,7.09,5.09,-0.2820874471086037,raw,RAW_ONLY_REVIEW,True,,,ACXP_015,opend,POC,True,dual,raw/adjusted qualification mismatch
ACXP,Acurx Pharmaceuticals,NASDAQ,2025-05-08,2025-08-06,2025-08-06,0.3781,5.0495,12.354932557524466,0.3781,5.0495,12.354932557524466,7.562,5.0495,-0.3322533721237768,raw,RAW_ONLY_REVIEW,True,,,ACXP_015,opend,POC,True,dual,raw/adjusted qualification mismatch
ACXP,Acurx Pharmaceuticals,NASDAQ,2025-05-09,2025-08-07,2025-08-07,0.36,4.65,11.916666666666668,0.36,4.65,11.916666666666668,7.2,4.65,-0.3541666666666666,raw,RAW_ONLY_REVIEW,True,,,ACXP_015,opend,POC,True,dual,raw/adjusted qualification mismatch
ACXP,Acurx Pharmaceuticals,NASDAQ,2025-05-12,2025-08-10,2025-08-11,0.3954,4.48,10.330298431967629,0.3954,4.48,10.330298431967629,7.907999999,4.48,-0.4334850783299804,raw,RAW_ONLY_REVIEW,True,,,ACXP_015,opend,POC,True,dual,raw/adjusted qualification mismatch
ACXP,Acurx Pharmaceuticals,NASDAQ,2025-05-13,2025-08-11,2025-08-11,0.3799,4.48,10.792576993945776,0.3799,4.48,10.792576993945776,7.598,4.48,-0.4103711503027112,raw,RAW_ONLY_REVIEW,True,,,ACXP_015,opend,POC,True,dual,raw/adjusted qualification mismatch
ACXP,Acurx Pharmaceuticals,NASDAQ,2025-05-14,2025-08-12,2025-08-12,0.3676,4.435,11.06474428726877,0.3676,4.435,11.06474428726877,7.352,4.435,-0.3967627856365615,raw,RAW_ONLY_REVIEW,True,,,ACXP_015,opend,POC,True,dual,raw/adjusted qualification mismatch
ACXP,Acurx Pharmaceuticals,NASDAQ,2025-05-15,2025-08-13,2025-08-13,0.3731,4.72,11.650763870276066,0.3731,4.72,11.650763870276066,7.462,4.72,-0.3674618064861967,raw,RAW_ONLY_REVIEW,True,,,ACXP_015,opend,POC,True,dual,raw/adjusted qualification mismatch
ACXP,Acurx Pharmaceuticals,NASDAQ,2025-05-16,2025-08-14,2025-08-14,0.387,4.86,11.558139534883722,0.387,4.86,11.558139534883722,7.74,4.86,-0.3720930232558139,raw,RAW_ONLY_REVIEW,True,,,ACXP_015,opend,POC,True,dual,raw/adjusted qualification mismatch
ACXP,Acurx Pharmaceuticals,NASDAQ,2025-05-19,2025-08-17,2025-08-18,0.4051,5.15,11.71291039249568,0.4051,5.15,11.71291039249568,8.102,5.15,-0.364354480375216,raw,RAW_ONLY_REVIEW,True,,,ACXP_015,opend,POC,True,dual,raw/adjusted qualification mismatch
ACXP,Acurx Pharmaceuticals,NASDAQ,2025-05-20,2025-08-18,2025-08-18,0.4142,5.15,11.433606953162723,0.4142,5.15,11.433606953162723,8.284,5.15,-0.3783196523418638,raw,RAW_ONLY_REVIEW,True,,,ACXP_015,opend,POC,True,dual,raw/adjusted qualification mismatch
ACXP,Acurx Pharmaceuticals,NASDAQ,2025-05-21,2025-08-19,2025-08-19,0.411,5.05,11.287104622871048,0.411,5.05,11.287104622871048,8.22,5.05,-0.3856447688564477,raw,RAW_ONLY_REVIEW,True,,,ACXP_015,opend,POC,True,dual,raw/adjusted qualification mismatch
ACXP,Acurx Pharmaceuticals,NASDAQ,2025-05-22,2025-08-20,2025-08-20,0.3982,4.58,10.50175791059769,0.3982,4.58,10.50175791059769,7.964,4.58,-0.4249121044701155,raw,RAW_ONLY_REVIEW,True,,,ACXP_015,opend,POC,True,dual,raw/adjusted qualification mismatch
ACXP,Acurx Pharmaceuticals,NASDAQ,2025-05-23,2025-08-21,2025-08-21,0.4,4.55,10.374999999999998,0.4,4.55,10.374999999999998,8.0,4.55,-0.43125,raw,RAW_ONLY_REVIEW,True,,,ACXP_015,opend,POC,True,dual,raw/adjusted qualification mismatch
ACXP,Acurx Pharmaceuticals,NASDAQ,2025-05-27,2025-08-25,2025-08-25,0.394,5.3077,12.471319796954312,0.394,5.3077,12.471319796954312,7.88,5.3077,-0.3264340101522843,raw,RAW_ONLY_REVIEW,True,,,ACXP_015,opend,POC,True,dual,raw/adjusted qualification mismatch
ACXP,Acurx Pharmaceuticals,NASDAQ,2025-05-28,2025-08-26,2025-08-26,0.388,5.1,12.144329896907216,0.388,5.1,12.144329896907216,7.76,5.1,-0.3427835051546392,raw,RAW_ONLY_REVIEW,True,,,ACXP_015,opend,POC,True,dual,raw/adjusted qualification mismatch
ACXP,Acurx Pharmaceuticals,NASDAQ,2025-05-29,2025-08-27,2025-08-27,0.3867,4.87,11.593741918800104,0.3867,4.87,11.593741918800104,7.734,4.87,-0.3703129040599948,raw,RAW_ONLY_REVIEW,True,,,ACXP_015,opend,POC,True,dual,raw/adjusted qualification mismatch
ACXP,Acurx Pharmaceuticals,NASDAQ,2025-05-30,2025-08-28,2025-08-28,0.3886,4.77,11.274832732887289,0.3886,4.77,11.274832732887289,7.772,4.77,-0.3862583633556357,raw,RAW_ONLY_REVIEW,True,,,ACXP_015,opend,POC,True,dual,raw/adjusted qualification mismatch
ACXP,Acurx Pharmaceuticals,NASDAQ,2025-06-02,2025-08-31,2025-09-02,0.3772,4.36,10.558854718981976,0.3772,4.36,10.558854718981976,7.544,4.36,-0.4220572640509012,raw,RAW_ONLY_REVIEW,True,,,ACXP_015,opend,POC,True,dual,raw/adjusted qualification mismatch
ACXP,Acurx Pharmaceuticals,NASDAQ,2025-06-03,2025-09-01,2025-09-02,0.348,4.36,11.52873563218391,0.348,4.36,11.52873563218391,6.959999999,4.36,-0.3735632183007993,raw,RAW_ONLY_REVIEW,True,,,ACXP_015,opend,POC,True,dual,raw/adjusted qualification mismatch
ACXP,Acurx Pharmaceuticals,NASDAQ,2025-06-04,2025-09-02,2025-09-02,0.355,4.36,11.281690140845072,0.355,4.36,11.281690140845072,7.1,4.36,-0.3859154929577464,raw,RAW_ONLY_REVIEW,True,,,ACXP_015,opend,POC,True,dual,raw/adjusted qualification mismatch
ACXP,Acurx Pharmaceuticals,NASDAQ,2025-06-05,2025-09-03,2025-09-03,0.34745,4.145,10.929774068211254,0.34745,4.145,10.929774068211254,6.949,4.145,-0.4035112965894374,raw,RAW_ONLY_REVIEW,True,,,ACXP_015,opend,POC,True,dual,raw/adjusted qualification mismatch
ACXP,Acurx Pharmaceuticals,NASDAQ,2025-06-06,2025-09-04,2025-09-04,0.347,3.86,10.12391930835735,0.347,3.86,10.12391930835735,6.939999999,3.86,-0.4438040345019891,raw,RAW_ONLY_REVIEW,True,,,ACXP_015,opend,POC,True,dual,raw/adjusted qualification mismatch
ACXP,Acurx Pharmaceuticals,NASDAQ,2025-06-09,2025-09-07,2025-09-08,0.3349,4.125,11.317109584950732,0.3349,4.125,11.317109584950732,6.697999999,4.125,-0.3841445206605173,raw,RAW_ONLY_REVIEW,True,,,ACXP_015,opend,POC,True,dual,raw/adjusted qualification mismatch
ACXP,Acurx Pharmaceuticals,NASDAQ,2025-06-10,2025-09-08,2025-09-08,0.3535,4.125,10.66902404526167,0.3535,4.125,10.66902404526167,7.07,4.125,-0.4165487977369165,raw,RAW_ONLY_REVIEW,True,,,ACXP_015,opend,POC,True,dual,raw/adjusted qualification mismatch
ACXP,Acurx Pharmaceuticals,NASDAQ,2025-06-11,2025-09-09,2025-09-09,0.35,4.19,10.971428571428572,0.35,4.19,10.971428571428572,7.0,4.19,-0.4014285714285713,raw,RAW_ONLY_REVIEW,True,,,ACXP_015,opend,POC,True,dual,raw/adjusted qualification mismatch
ACXP,Acurx Pharmaceuticals,NASDAQ,2025-06-12,2025-09-10,2025-09-10,0.3301,4.07,11.329597091790369,0.3301,4.07,11.329597091790369,6.602,4.07,-0.3835201454104816,raw,RAW_ONLY_REVIEW,True,,,ACXP_015,opend,POC,True,dual,raw/adjusted qualification mismatch
ACXP,Acurx Pharmaceuticals,NASDAQ,2025-06-13,2025-09-11,2025-09-11,0.305,4.27,12.999999999999998,0.305,4.27,12.999999999999998,6.1,4.27,-0.3,raw,RAW_ONLY_REVIEW,True,,,ACXP_015,opend,POC,True,dual,raw/adjusted qualification mismatch
ACXP,Acurx Pharmaceuticals,NASDAQ,2025-06-16,2025-09-14,2025-09-15,0.3071,4.17,12.5786388798437,0.3071,4.17,12.5786388798437,6.142,4.17,-0.3210680560078151,raw,RAW_ONLY_REVIEW,True,,,ACXP_015,opend,POC,True,dual,raw/adjusted qualification mismatch
ACXP,Acurx Pharmaceuticals,NASDAQ,2025-07-10,2025-10-08,2025-10-08,0.499,8.1,15.23246492985972,0.499,8.1,15.23246492985972,9.98,8.1,-0.1883767535070141,raw,RAW_ONLY_REVIEW,True,,,ACXP_015,opend,POC,True,dual,raw/adjusted qualification mismatch
ACXP,Acurx Pharmaceuticals,NASDAQ,2025-07-11,2025-10-09,2025-10-09,0.473,7.44,14.729386892177592,0.473,7.44,14.729386892177592,9.46,7.44,-0.2135306553911204,raw,RAW_ONLY_REVIEW,True,,,ACXP_015,opend,POC,True,dual,raw/adjusted qualification mismatch
ACXP,Acurx Pharmaceuticals,NASDAQ,2025-07-14,2025-10-12,2025-10-13,0.456,7.16,14.701754385964913,0.456,7.16,14.701754385964913,9.12,7.16,-0.2149122807017542,raw,RAW_ONLY_REVIEW,True,,,ACXP_015,opend,POC,True,dual,raw/adjusted qualification mismatch
ACXP,Acurx Pharmaceuticals,NASDAQ,2025-07-15,2025-10-13,2025-10-13,0.4336,7.16,15.512915129151292,0.4336,7.16,15.512915129151292,8.672,7.16,-0.1743542435424354,raw,RAW_ONLY_REVIEW,True,,,ACXP_015,opend,POC,True,dual,raw/adjusted qualification mismatch
ACXP,Acurx Pharmaceuticals,NASDAQ,2025-07-16,2025-10-14,2025-10-14,0.4306,7.59,16.626567580120764,0.4306,7.59,16.626567580120764,8.612,7.59,-0.1186716209939618,raw,RAW_ONLY_REVIEW,True,,,ACXP_015,opend,POC,True,dual,raw/adjusted qualification mismatch
ACXP,Acurx Pharmaceuticals,NASDAQ,2025-07-17,2025-10-15,2025-10-15,0.449,7.13,14.879732739420934,0.449,7.13,14.879732739420934,8.98,7.13,-0.2060133630289532,raw,RAW_ONLY_REVIEW,True,,,ACXP_015,opend,POC,True,dual,raw/adjusted qualification mismatch
ACXP,Acurx Pharmaceuticals,NASDAQ,2025-07-18,2025-10-16,2025-10-16,0.45,7.03,14.622222222222222,0.45,7.03,14.622222222222222,9.0,7.03,-0.2188888888888889,raw,RAW_ONLY_REVIEW,True,,,ACXP_015,opend,POC,True,dual,raw/adjusted qualification mismatch
ACXP,Acurx Pharmaceuticals,NASDAQ,2025-07-21,2025-10-19,2025-10-20,0.4261,6.97,15.357662520535088,0.4261,6.97,15.357662520535088,8.522,6.97,-0.1821168739732457,raw,RAW_ONLY_REVIEW,True,,,ACXP_015,opend,POC,True,dual,raw/adjusted qualification mismatch
ACXP,Acurx Pharmaceuticals,NASDAQ,2025-07-22,2025-10-20,2025-10-20,0.48,6.97,13.520833333333334,0.48,6.97,13.520833333333334,9.6,6.97,-0.2739583333333333,raw,RAW_ONLY_REVIEW,True,,,ACXP_015,opend,POC,True,dual,raw/adjusted qualification mismatch
ACXP,Acurx Pharmaceuticals,NASDAQ,2025-07-23,2025-10-21,2025-10-21,0.447,7.01,14.682326621923936,0.447,7.01,14.682326621923936,8.94,7.01,-0.215883668903803,raw,RAW_ONLY_REVIEW,True,,,ACXP_015,opend,POC,True,dual,raw/adjusted qualification mismatch
ACXP,Acurx Pharmaceuticals,NASDAQ,2025-07-24,2025-10-22,2025-10-22,0.442,6.53,13.773755656108598,0.442,6.53,13.773755656108598,8.84,6.53,-0.2613122171945701,raw,RAW_ONLY_REVIEW,True,,,ACXP_015,opend,POC,True,dual,raw/adjusted qualification mismatch
ACXP,Acurx Pharmaceuticals,NASDAQ,2025-07-25,2025-10-23,2025-10-23,0.4059,6.5,15.01379650160138,0.4059,6.5,15.01379650160138,8.118,6.5,-0.199310174919931,raw,RAW_ONLY_REVIEW,True,,,ACXP_015,opend,POC,True,dual,raw/adjusted qualification mismatch
ACXP,Acurx Pharmaceuticals,NASDAQ,2025-07-28,2025-10-26,2025-10-27,0.408,6.6,15.176470588235292,0.408,6.6,15.176470588235292,8.159999999,6.6,-0.1911764704891148,raw,RAW_ONLY_REVIEW,True,,,ACXP_015,opend,POC,True,dual,raw/adjusted qualification mismatch
ACXP,Acurx Pharmaceuticals,NASDAQ,2025-07-29,2025-10-27,2025-10-27,0.377,6.6,16.506631299734746,0.377,6.6,16.506631299734746,7.54,6.6,-0.1246684350132626,raw,RAW_ONLY_REVIEW,True,,,ACXP_015,opend,POC,True,dual,raw/adjusted qualification mismatch
ACXP,Acurx Pharmaceuticals,NASDAQ,2025-07-30,2025-10-28,2025-10-28,0.3298,6.3,18.10248635536689,0.3298,6.3,18.10248635536689,6.596,6.3,-0.0448756822316556,raw,RAW_ONLY_REVIEW,True,,,ACXP_015,opend,POC,True,dual,raw/adjusted qualification mismatch
ACXP,Acurx Pharmaceuticals,NASDAQ,2025-07-31,2025-10-29,2025-10-29,0.326,5.68,16.42331288343558,0.326,5.68,16.42331288343558,6.52,5.68,-0.1288343558282209,raw,RAW_ONLY_REVIEW,True,,,ACXP_015,opend,POC,True,dual,raw/adjusted qualification mismatch
ACXP,Acurx Pharmaceuticals,NASDAQ,2025-08-01,2025-10-30,2025-10-30,0.307,5.1,15.612377850162863,0.307,5.1,15.612377850162863,6.14,5.1,-0.1693811074918566,raw,RAW_ONLY_REVIEW,True,,,ACXP_015,opend,POC,True,dual,raw/adjusted qualification mismatch
ACXP,Acurx Pharmaceuticals,NASDAQ,2025-08-04,2025-11-02,2025-11-03,0.2924,5.06,16.30506155950752,0.2924,5.06,16.30506155950752,5.848,5.06,-0.1347469220246239,raw,RAW_ONLY_REVIEW,True,,,ACXP_015,opend,POC,True,dual,raw/adjusted qualification mismatch
ADIL,Adial Pharmaceuticals,NASDAQ,2023-05-08,2023-08-06,2023-08-07,0.32,6.22,18.4375,0.32,6.22,18.4375,200.0,155.5,-0.2225,raw,RAW_ONLY_REVIEW,True,,,ADIL_016,opend,POC,True,dual,raw/adjusted qualification mismatch
ADIL,Adial Pharmaceuticals,NASDAQ,2023-05-09,2023-08-07,2023-08-07,0.338,6.22,17.402366863905325,0.338,6.22,17.402366863905325,211.25,155.5,-0.263905325443787,raw,RAW_ONLY_REVIEW,True,,,ADIL_016,opend,POC,True,dual,raw/adjusted qualification mismatch
ADIL,Adial Pharmaceuticals,NASDAQ,2023-05-10,2023-08-08,2023-08-08,0.327,5.69,16.400611620795107,0.327,5.69,16.400611620795107,204.375,142.25,-0.3039755351681957,raw,RAW_ONLY_REVIEW,True,,,ADIL_016,opend,POC,True,dual,raw/adjusted qualification mismatch
ADIL,Adial Pharmaceuticals,NASDAQ,2023-05-11,2023-08-09,2023-08-09,0.3188,4.82,14.119196988707657,0.3188,4.82,14.119196988707657,199.249999999,120.5,-0.3952321204486586,raw,RAW_ONLY_REVIEW,True,,,ADIL_016,opend,POC,True,dual,raw/adjusted qualification mismatch
ADIL,Adial Pharmaceuticals,NASDAQ,2023-05-12,2023-08-10,2023-08-10,0.3013,4.78,14.86458679057418,0.3013,4.78,14.86458679057418,188.3125,119.5,-0.3654165283770328,raw,RAW_ONLY_REVIEW,True,,,ADIL_016,opend,POC,True,dual,raw/adjusted qualification mismatch
ADIL,Adial Pharmaceuticals,NASDAQ,2023-05-15,2023-08-13,2023-08-14,0.3227,3.95,11.240471025720485,0.3227,3.95,11.240471025720485,201.6875,98.75,-0.5103811589711806,raw,RAW_ONLY_REVIEW,True,,,ADIL_016,opend,POC,True,dual,raw/adjusted qualification mismatch
ADIL,Adial Pharmaceuticals,NASDAQ,2023-05-16,2023-08-14,2023-08-14,0.3202,3.95,11.336039975015616,0.3202,3.95,11.336039975015616,200.125,98.75,-0.5065584009993753,raw,RAW_ONLY_REVIEW,True,,,ADIL_016,opend,POC,True,dual,raw/adjusted qualification mismatch
ADIL,Adial Pharmaceuticals,NASDAQ,2023-05-17,2023-08-15,2023-08-15,0.334,3.8419,10.502694610778445,0.334,3.8419,10.502694610778445,208.75,96.0475,-0.5398922155688624,raw,RAW_ONLY_REVIEW,True,,,ADIL_016,opend,POC,True,dual,raw/adjusted qualification mismatch
ADIL,Adial Pharmaceuticals,NASDAQ,2023-05-18,2023-08-16,2023-08-16,0.3236,3.65,10.279357231149568,0.3236,3.65,10.279357231149568,202.25,91.25,-0.5488257107540173,raw,RAW_ONLY_REVIEW,True,,,ADIL_016,opend,POC,True,dual,raw/adjusted qualification mismatch
ADIL,Adial Pharmaceuticals,NASDAQ,2023-05-23,2023-08-21,2023-08-21,0.3025,3.35,10.074380165289258,0.3025,3.35,10.074380165289258,189.0625,83.75,-0.5570247933884298,raw,RAW_ONLY_REVIEW,True,,,ADIL_016,opend,POC,True,dual,raw/adjusted qualification mismatch
ADIL,Adial Pharmaceuticals,NASDAQ,2023-05-24,2023-08-22,2023-08-22,0.2901,3.29,10.340916925198206,0.2901,3.29,10.340916925198206,181.3125,82.25,-0.5463633229920717,raw,RAW_ONLY_REVIEW,True,,,ADIL_016,opend,POC,True,dual,raw/adjusted qualification mismatch
ADIL,Adial Pharmaceuticals,NASDAQ,2023-05-25,2023-08-23,2023-08-23,0.2616,3.4,11.996941896024463,0.2616,3.4,11.996941896024463,163.5,85.0,-0.4801223241590214,raw,RAW_ONLY_REVIEW,True,,,ADIL_016,opend,POC,True,dual,raw/adjusted qualification mismatch
ADIL,Adial Pharmaceuticals,NASDAQ,2023-05-26,2023-08-24,2023-08-24,0.275,3.39,11.327272727272726,0.275,3.39,11.327272727272726,171.875,84.75,-0.506909090909091,raw,RAW_ONLY_REVIEW,True,,,ADIL_016,opend,POC,True,dual,raw/adjusted qualification mismatch
ADIL,Adial Pharmaceuticals,NASDAQ,2023-05-30,2023-08-28,2023-08-28,0.276,3.34,11.101449275362317,0.276,3.34,11.101449275362317,172.5,83.5,-0.5159420289855072,raw,RAW_ONLY_REVIEW,True,,,ADIL_016,opend,POC,True,dual,raw/adjusted qualification mismatch
ADIL,Adial Pharmaceuticals,NASDAQ,2023-05-31,2023-08-29,2023-08-29,0.263,3.495,12.28897338403042,0.263,3.495,12.28897338403042,164.375,87.375,-0.4684410646387833,raw,RAW_ONLY_REVIEW,True,,,ADIL_016,opend,POC,True,dual,raw/adjusted qualification mismatch
ADIL,Adial Pharmaceuticals,NASDAQ,2023-06-01,2023-08-30,2023-08-30,0.2676,3.63,12.565022421524665,0.2676,3.63,12.565022421524665,167.25,90.75,-0.4573991031390134,raw,RAW_ONLY_REVIEW,True,,,ADIL_016,opend,POC,True,dual,raw/adjusted qualification mismatch
ADIL,Adial Pharmaceuticals,NASDAQ,2023-06-02,2023-08-31,2023-08-31,0.278,4.38,14.755395683453235,0.278,4.38,14.755395683453235,173.75,109.5,-0.3697841726618704,raw,RAW_ONLY_REVIEW,True,,,ADIL_016,opend,POC,True,dual,raw/adjusted qualification mismatch
ADIL,Adial Pharmaceuticals,NASDAQ,2023-06-05,2023-09-03,2023-09-05,0.29,4.2,13.482758620689657,0.29,4.2,13.482758620689657,181.25,105.0,-0.4206896551724137,raw,RAW_ONLY_REVIEW,True,,,ADIL_016,opend,POC,True,dual,raw/adjusted qualification mismatch
ADIL,Adial Pharmaceuticals,NASDAQ,2023-06-06,2023-09-04,2023-09-05,0.2915,4.2,13.408233276157803,0.2915,4.2,13.408233276157803,182.1875,105.0,-0.4236706689536877,raw,RAW_ONLY_REVIEW,True,,,ADIL_016,opend,POC,True,dual,raw/adjusted qualification mismatch
ADIL,Adial Pharmaceuticals,NASDAQ,2023-06-07,2023-09-05,2023-09-05,0.2681,4.2,14.66579634464752,0.2681,4.2,14.66579634464752,167.5625,105.0,-0.3733681462140992,raw,RAW_ONLY_REVIEW,True,,,ADIL_016,opend,POC,True,dual,raw/adjusted qualification mismatch
ADIL,Adial Pharmaceuticals,NASDAQ,2023-06-08,2023-09-06,2023-09-06,0.2646,3.88,13.663643235071806,0.2646,3.88,13.663643235071806,165.375,97.0,-0.4134542705971277,raw,RAW_ONLY_REVIEW,True,,,ADIL_016,opend,POC,True,dual,raw/adjusted qualification mismatch
ADIL,Adial Pharmaceuticals,NASDAQ,2023-06-09,2023-09-07,2023-09-07,0.25,3.47,12.88,0.25,3.47,12.88,156.25,86.75,-0.4448,raw,RAW_ONLY_REVIEW,True,,,ADIL_016,opend,POC,True,dual,raw/adjusted qualification mismatch
ADIL,Adial Pharmaceuticals,NASDAQ,2023-06-12,2023-09-10,2023-09-11,0.26,3.28,11.615384615384617,0.26,3.28,11.615384615384617,162.5,82.0,-0.4953846153846154,raw,RAW_ONLY_REVIEW,True,,,ADIL_016,opend,POC,True,dual,raw/adjusted qualification mismatch
ADIL,Adial Pharmaceuticals,NASDAQ,2023-06-13,2023-09-11,2023-09-11,0.2516,3.28,12.036565977742448,0.2516,3.28,12.036565977742448,157.25,82.0,-0.4785373608903021,raw,RAW_ONLY_REVIEW,True,,,ADIL_016,opend,POC,True,dual,raw/adjusted qualification mismatch
ADIL,Adial Pharmaceuticals,NASDAQ,2023-06-14,2023-09-12,2023-09-12,0.23,3.3,13.34782608695652,0.23,3.3,13.34782608695652,143.75,82.5,-0.4260869565217391,raw,RAW_ONLY_REVIEW,True,,,ADIL_016,opend,POC,True,dual,raw/adjusted qualification mismatch
ADIL,Adial Pharmaceuticals,NASDAQ,2023-06-15,2023-09-13,2023-09-13,0.245,2.96,11.081632653061224,0.245,2.96,11.081632653061224,153.125,74.0,-0.516734693877551,raw,RAW_ONLY_REVIEW,True,,,ADIL_016,opend,POC,True,dual,raw/adjusted qualification mismatch
ADIL,Adial Pharmaceuticals,NASDAQ,2023-06-16,2023-09-14,2023-09-14,0.2422,2.9,10.973575557390586,0.2422,2.9,10.973575557390586,151.375,72.5,-0.5210569777043765,raw,RAW_ONLY_REVIEW,True,,,ADIL_016,opend,POC,True,dual,raw/adjusted qualification mismatch
ADIL,Adial Pharmaceuticals,NASDAQ,2023-06-20,2023-09-18,2023-09-18,0.2404,2.8,10.647254575707152,0.2404,2.8,10.647254575707152,150.25,70.0,-0.5341098169717138,raw,RAW_ONLY_REVIEW,True,,,ADIL_016,opend,POC,True,dual,raw/adjusted qualification mismatch
ADIL,Adial Pharmaceuticals,NASDAQ,2023-06-21,2023-09-19,2023-09-19,0.2302,2.59,10.251086012163336,0.2302,2.59,10.251086012163336,143.875,64.75,-0.5499565595134666,raw,RAW_ONLY_REVIEW,True,,,ADIL_016,opend,POC,True,dual,raw/adjusted qualification mismatch
ADIL,Adial Pharmaceuticals,NASDAQ,2023-06-23,2023-09-21,2023-09-21,0.22,2.53,10.499999999999998,0.22,2.53,10.499999999999998,137.5,63.249999999,-0.5400000000072727,raw,RAW_ONLY_REVIEW,True,,,ADIL_016,opend,POC,True,dual,raw/adjusted qualification mismatch
ADIL,Adial Pharmaceuticals,NASDAQ,2023-06-26,2023-09-24,2023-09-25,0.2297,2.55,10.10143665650849,0.2297,2.55,10.10143665650849,143.5625,63.749999999,-0.5559425337466259,raw,RAW_ONLY_REVIEW,True,,,ADIL_016,opend,POC,True,dual,raw/adjusted qualification mismatch
ADIL,Adial Pharmaceuticals,NASDAQ,2023-06-27,2023-09-25,2023-09-25,0.23,2.55,10.086956521739127,0.23,2.55,10.086956521739127,143.75,63.749999999,-0.5565217391373913,raw,RAW_ONLY_REVIEW,True,,,ADIL_016,opend,POC,True,dual,raw/adjusted qualification mismatch
ADIL,Adial Pharmaceuticals,NASDAQ,2023-06-28,2023-09-26,2023-09-26,0.217,3.12,13.377880184331795,0.217,3.12,13.377880184331795,135.625,78.0,-0.424884792626728,raw,RAW_ONLY_REVIEW,True,,,ADIL_016,opend,POC,True,dual,raw/adjusted qualification mismatch
ADIL,Adial Pharmaceuticals,NASDAQ,2023-06-29,2023-09-27,2023-09-27,0.2137,2.86,12.38324754328498,0.2137,2.86,12.38324754328498,133.5625,71.5,-0.4646700982686008,raw,RAW_ONLY_REVIEW,True,,,ADIL_016,opend,POC,True,dual,raw/adjusted qualification mismatch
ADIL,Adial Pharmaceuticals,NASDAQ,2023-06-30,2023-09-28,2023-09-28,0.2082,2.58,11.39193083573487,0.2082,2.58,11.39193083573487,130.125,64.5,-0.5043227665706052,raw,RAW_ONLY_REVIEW,True,,,ADIL_016,opend,POC,True,dual,raw/adjusted qualification mismatch
ADIL,Adial Pharmaceuticals,NASDAQ,2023-07-03,2023-10-01,2023-10-02,0.2068,2.66,11.86266924564797,0.2068,2.66,11.86266924564797,129.25,66.5,-0.4854932301740812,raw,RAW_ONLY_REVIEW,True,,,ADIL_016,opend,POC,True,dual,raw/adjusted qualification mismatch
ADIL,Adial Pharmaceuticals,NASDAQ,2023-07-05,2023-10-03,2023-10-03,0.225,2.7,11.0,0.225,2.7,11.0,140.625,67.5,-0.52,raw,RAW_ONLY_REVIEW,True,,,ADIL_016,opend,POC,True,dual,raw/adjusted qualification mismatch
ADIL,Adial Pharmaceuticals,NASDAQ,2023-07-06,2023-10-04,2023-10-04,0.2143,2.7,11.599160055996268,0.2143,2.7,11.599160055996268,133.9375,67.5,-0.4960335977601493,raw,RAW_ONLY_REVIEW,True,,,ADIL_016,opend,POC,True,dual,raw/adjusted qualification mismatch
ADIL,Adial Pharmaceuticals,NASDAQ,2023-07-07,2023-10-05,2023-10-05,0.2113,2.77,12.109323237103643,0.2113,2.77,12.109323237103643,132.0625,69.25,-0.4756270705158543,raw,RAW_ONLY_REVIEW,True,,,ADIL_016,opend,POC,True,dual,raw/adjusted qualification mismatch
ADIL,Adial Pharmaceuticals,NASDAQ,2023-07-10,2023-10-08,2023-10-09,0.2023,2.82,12.939693524468607,0.2023,2.82,12.939693524468607,126.4375,70.5,-0.4424122590212556,raw,RAW_ONLY_REVIEW,True,,,ADIL_016,opend,POC,True,dual,raw/adjusted qualification mismatch
ADTX,Aditxt,NASDAQ,2022-06-16,2022-09-14,2022-09-14,0.159,11.43,70.88679245283019,0.159,11.43,70.88679245283019,-1466516153.8599093,-9223372036.854776,,raw,RAW_ONLY_REVIEW,True,,,ADTX_017,opend,POC,True,dual,raw/adjusted qualification mismatch
ADTX,Aditxt,NASDAQ,2022-06-17,2022-09-15,2022-09-15,0.139,10.39,73.74820143884892,0.139,10.39,73.74820143884892,-1282048713.122814,-9223372036.854776,,raw,RAW_ONLY_REVIEW,True,,,ADTX_017,opend,POC,True,dual,raw/adjusted qualification mismatch
ADTX,Aditxt,NASDAQ,2022-06-21,2022-09-19,2022-09-19,0.1391,4.34,30.20057512580877,0.1391,4.34,30.20057512580877,-1282971050.3264992,-9223372036.854776,,raw,RAW_ONLY_REVIEW,True,,,ADTX_017,opend,POC,True,dual,raw/adjusted qualification mismatch
ADTX,Aditxt,NASDAQ,2022-06-22,2022-09-20,2022-09-20,0.1333,4.19,30.43285821455364,0.1333,4.19,30.43285821455364,-1229475492.5127416,-9223372036.854776,,raw,RAW_ONLY_REVIEW,True,,,ADTX_017,opend,POC,True,dual,raw/adjusted qualification mismatch
ADTX,Aditxt,NASDAQ,2022-06-23,2022-09-21,2022-09-21,0.146,3.6,23.657534246575345,0.146,3.6,23.657534246575345,-1346612317.3807971,-9223372036.854776,,raw,RAW_ONLY_REVIEW,True,,,ADTX_017,opend,POC,True,dual,raw/adjusted qualification mismatch
ADTX,Aditxt,NASDAQ,2022-06-24,2022-09-22,2022-09-22,0.153,3.08,19.13071895424837,0.153,3.08,19.13071895424837,-1411175921.6387806,-9223372036.854776,,raw,RAW_ONLY_REVIEW,True,,,ADTX_017,opend,POC,True,dual,raw/adjusted qualification mismatch
ADTX,Aditxt,NASDAQ,2022-06-27,2022-09-25,2022-09-26,0.1562,3.05,18.526248399487837,0.1562,3.05,18.526248399487837,-1440690712.156716,-9223372036.854776,,raw,RAW_ONLY_REVIEW,True,,,ADTX_017,opend,POC,True,dual,raw/adjusted qualification mismatch
ADTX,Aditxt,NASDAQ,2022-06-28,2022-09-26,2022-09-26,0.1431,3.05,20.313766596785463,0.1431,3.05,20.313766596785463,-1319864538.4739184,-9223372036.854776,,raw,RAW_ONLY_REVIEW,True,,,ADTX_017,opend,POC,True,dual,raw/adjusted qualification mismatch
ADTX,Aditxt,NASDAQ,2022-06-29,2022-09-27,2022-09-27,0.2,3.25,15.25,0.2,3.25,15.25,-1844674407.3709552,-9223372036.854776,,raw,RAW_ONLY_REVIEW,True,,,ADTX_017,opend,POC,True,dual,raw/adjusted qualification mismatch
ADTX,Aditxt,NASDAQ,2022-06-30,2022-09-28,2022-09-28,0.1431,3.06,20.38364779874214,0.1431,3.06,20.38364779874214,-1319864538.4739184,-9223372036.854776,,raw,RAW_ONLY_REVIEW,True,,,ADTX_017,opend,POC,True,dual,raw/adjusted qualification mismatch
ADTX,Aditxt,NASDAQ,2022-07-01,2022-09-29,2022-09-29,0.1457,3.38,22.19835277968428,0.1457,3.38,22.19835277968428,-1343845305.7697408,-9223372036.854776,,raw,RAW_ONLY_REVIEW,True,,,ADTX_017,opend,POC,True,dual,raw/adjusted qualification mismatch
ADTX,Aditxt,NASDAQ,2022-07-05,2022-10-03,2022-10-03,0.1386,4.02,28.004329004329,0.1386,4.02,28.004329004329,-1278359364.308072,-9223372036.854776,,raw,RAW_ONLY_REVIEW,True,,,ADTX_017,opend,POC,True,dual,raw/adjusted qualification mismatch
ADTX,Aditxt,NASDAQ,2022-07-06,2022-10-04,2022-10-04,0.1508,3.67,23.3368700265252,0.1508,3.67,23.3368700265252,-1390884503.1577,-9223372036.854776,,raw,RAW_ONLY_REVIEW,True,,,ADTX_017,opend,POC,True,dual,raw/adjusted qualification mismatch
ADTX,Aditxt,NASDAQ,2022-07-07,2022-10-05,2022-10-05,0.16,3.31,19.6875,0.16,3.31,19.6875,-1475739525.8967645,-9223372036.854776,,raw,RAW_ONLY_REVIEW,True,,,ADTX_017,opend,POC,True,dual,raw/adjusted qualification mismatch
ADTX,Aditxt,NASDAQ,2022-07-08,2022-10-06,2022-10-06,0.24,3.31,12.791666666666668,0.24,3.31,12.791666666666668,-2213609288.845146,-9223372036.854776,,raw,RAW_ONLY_REVIEW,True,,,ADTX_017,opend,POC,True,dual,raw/adjusted qualification mismatch
ADTX,Aditxt,NASDAQ,2022-07-11,2022-10-09,2022-10-10,0.1995,3.17,14.88972431077694,0.1995,3.17,14.88972431077694,-1840062721.352528,-9223372036.854776,,raw,RAW_ONLY_REVIEW,True,,,ADTX_017,opend,POC,True,dual,raw/adjusted qualification mismatch
ADTX,Aditxt,NASDAQ,2022-07-12,2022-10-10,2022-10-10,0.195,3.17,15.256410256410255,0.195,3.17,15.256410256410255,-1798557547.1866813,-9223372036.854776,,raw,RAW_ONLY_REVIEW,True,,,ADTX_017,opend,POC,True,dual,raw/adjusted qualification mismatch
ADTX,Aditxt,NASDAQ,2022-07-13,2022-10-11,2022-10-11,0.1725,3.09,16.91304347826087,0.1725,3.09,16.91304347826087,-1591031676.3574488,-9223372036.854776,,raw,RAW_ONLY_REVIEW,True,,,ADTX_017,opend,POC,True,dual,raw/adjusted qualification mismatch
ADTX,Aditxt,NASDAQ,2022-07-14,2022-10-12,2022-10-12,0.1692,3.11,17.3806146572104,0.1692,3.11,17.3806146572104,-1560594548.635828,-9223372036.854776,,raw,RAW_ONLY_REVIEW,True,,,ADTX_017,opend,POC,True,dual,raw/adjusted qualification mismatch
ADTX,Aditxt,NASDAQ,2022-07-15,2022-10-13,2022-10-13,0.1735,2.97,16.118155619596543,0.1735,2.97,16.118155619596543,-1600255048.3943036,-9223372036.854776,,raw,RAW_ONLY_REVIEW,True,,,ADTX_017,opend,POC,True,dual,raw/adjusted qualification mismatch
ADTX,Aditxt,NASDAQ,2022-07-18,2022-10-16,2022-10-17,0.1703,2.94,16.263652378156195,0.1703,2.94,16.263652378156195,-1570740257.8763683,-9223372036.854776,,raw,RAW_ONLY_REVIEW,True,,,ADTX_017,opend,POC,True,dual,raw/adjusted qualification mismatch
ADTX,Aditxt,NASDAQ,2022-07-19,2022-10-17,2022-10-17,0.1796,2.94,15.369710467706014,0.1796,2.94,15.369710467706014,-1656517617.8191178,-9223372036.854776,,raw,RAW_ONLY_REVIEW,True,,,ADTX_017,opend,POC,True,dual,raw/adjusted qualification mismatch
ADTX,Aditxt,NASDAQ,2022-07-20,2022-10-18,2022-10-18,0.1852,3.0,15.198704103671703,0.1852,3.0,15.198704103671703,-1708168501.2255044,-9223372036.854776,,raw,RAW_ONLY_REVIEW,True,,,ADTX_017,opend,POC,True,dual,raw/adjusted qualification mismatch
ADTX,Aditxt,NASDAQ,2022-07-21,2022-10-19,2022-10-19,0.1877,3.24,16.261587639850827,0.1877,3.24,16.261587639850827,-1731226931.3176415,-9223372036.854776,,raw,RAW_ONLY_REVIEW,True,,,ADTX_017,opend,POC,True,dual,raw/adjusted qualification mismatch
ADTX,Aditxt,NASDAQ,2022-07-22,2022-10-20,2022-10-20,0.1732,3.07,16.725173210161664,0.1732,3.07,16.725173210161664,-1597488036.783247,-9223372036.854776,,raw,RAW_ONLY_REVIEW,True,,,ADTX_017,opend,POC,True,dual,raw/adjusted qualification mismatch
ADTX,Aditxt,NASDAQ,2022-07-25,2022-10-23,2022-10-24,0.162,3.09,18.074074074074076,0.162,3.09,18.074074074074076,-1494186269.9704738,-9223372036.854776,,raw,RAW_ONLY_REVIEW,True,,,ADTX_017,opend,POC,True,dual,raw/adjusted qualification mismatch
ADTX,Aditxt,NASDAQ,2022-07-26,2022-10-24,2022-10-24,0.1519,3.09,19.342330480579328,0.1519,3.09,19.342330480579328,-1401030212.3982406,-9223372036.854776,,raw,RAW_ONLY_REVIEW,True,,,ADTX_017,opend,POC,True,dual,raw/adjusted qualification mismatch
ADTX,Aditxt,NASDAQ,2022-07-27,2022-10-25,2022-10-25,0.1525,3.0,18.672131147540984,0.1525,3.0,18.672131147540984,-1406564235.6203532,-9223372036.854776,,raw,RAW_ONLY_REVIEW,True,,,ADTX_017,opend,POC,True,dual,raw/adjusted qualification mismatch
ADTX,Aditxt,NASDAQ,2022-07-28,2022-10-26,2022-10-26,0.1558,2.88,17.485237483953785,0.1558,2.88,17.485237483953785,-1437001363.341974,-9223372036.854776,,raw,RAW_ONLY_REVIEW,True,,,ADTX_017,opend,POC,True,dual,raw/adjusted qualification mismatch
ADTX,Aditxt,NASDAQ,2022-07-29,2022-10-27,2022-10-27,0.1577,2.71,16.18452758402029,0.1577,2.71,16.18452758402029,-1454525770.2119982,-9223372036.854776,,raw,RAW_ONLY_REVIEW,True,,,ADTX_017,opend,POC,True,dual,raw/adjusted qualification mismatch
ADTX,Aditxt,NASDAQ,2022-08-01,2022-10-30,2022-10-31,0.1529,2.69,16.593198168737736,0.1529,2.69,16.593198168737736,-1410253584.4350953,-9223372036.854776,,raw,RAW_ONLY_REVIEW,True,,,ADTX_017,opend,POC,True,dual,raw/adjusted qualification mismatch
ADTX,Aditxt,NASDAQ,2022-08-02,2022-10-31,2022-10-31,0.1527,2.69,16.616240995415847,0.1527,2.69,16.616240995415847,-1408408910.0277245,-9223372036.854776,,raw,RAW_ONLY_REVIEW,True,,,ADTX_017,opend,POC,True,dual,raw/adjusted qualification mismatch
ADTX,Aditxt,NASDAQ,2022-08-03,2022-11-01,2022-11-01,0.165,2.44,13.787878787878787,0.165,2.44,13.787878787878787,-1521856386.081038,-9223372036.854776,,raw,RAW_ONLY_REVIEW,True,,,ADTX_017,opend,POC,True,dual,raw/adjusted qualification mismatch
ADTX,Aditxt,NASDAQ,2022-08-04,2022-11-02,2022-11-02,0.1703,2.23,12.094539048737522,0.1703,2.23,12.094539048737522,-1570740257.8763683,-9223372036.854776,,raw,RAW_ONLY_REVIEW,True,,,ADTX_017,opend,POC,True,dual,raw/adjusted qualification mismatch
ADTX,Aditxt,NASDAQ,2022-08-05,2022-11-03,2022-11-03,0.1708,2.24,12.114754098360656,0.1708,2.24,12.114754098360656,-1575351943.894796,-9223372036.854776,,raw,RAW_ONLY_REVIEW,True,,,ADTX_017,opend,POC,True,dual,raw/adjusted qualification mismatch
ADTX,Aditxt,NASDAQ,2022-08-08,2022-11-06,2022-11-07,0.164,1.91,10.646341463414632,0.164,1.91,10.646341463414632,-1512633014.0441833,-9223372036.854776,,raw,RAW_ONLY_REVIEW,True,,,ADTX_017,opend,POC,True,dual,raw/adjusted qualification mismatch
ADTX,Aditxt,NASDAQ,2022-08-09,2022-11-07,2022-11-07,0.1574,1.91,11.134688691232528,0.1574,1.91,11.134688691232528,-1451758758.600942,-9223372036.854776,,raw,RAW_ONLY_REVIEW,True,,,ADTX_017,opend,POC,True,dual,raw/adjusted qualification mismatch
ADTX,Aditxt,NASDAQ,2022-08-10,2022-11-08,2022-11-08,0.1611,1.8,10.1731843575419,0.1611,1.8,10.1731843575419,-1485885235.1373043,-9223372036.854776,,raw,RAW_ONLY_REVIEW,True,,,ADTX_017,opend,POC,True,dual,raw/adjusted qualification mismatch
ADTX,Aditxt,NASDAQ,2022-08-17,2022-11-15,2022-11-15,0.1636,1.86,10.36919315403423,0.1636,1.86,10.36919315403423,-1508943665.2294412,-9223372036.854776,,raw,RAW_ONLY_REVIEW,True,,,ADTX_017,opend,POC,True,dual,raw/adjusted qualification mismatch
ADTX,Aditxt,NASDAQ,2022-08-26,2022-11-24,2022-11-25,0.1581,1.76,10.132194813409235,0.1581,1.76,10.132194813409235,-1458215119.02674,-9223372036.854776,,raw,RAW_ONLY_REVIEW,True,,,ADTX_017,opend,POC,True,dual,raw/adjusted qualification mismatch
ADTX,Aditxt,NASDAQ,2022-08-29,2022-11-27,2022-11-28,0.156,1.75,10.217948717948715,0.156,1.75,10.217948717948715,-1438846037.749345,-9223372036.854776,,raw,RAW_ONLY_REVIEW,True,,,ADTX_017,opend,POC,True,dual,raw/adjusted qualification mismatch
ADTX,Aditxt,NASDAQ,2022-08-30,2022-11-28,2022-11-28,0.154,1.75,10.363636363636363,0.154,1.75,10.363636363636363,-1420399293.675635,-9223372036.854776,,raw,RAW_ONLY_REVIEW,True,,,ADTX_017,opend,POC,True,dual,raw/adjusted qualification mismatch
ADTX,Aditxt,NASDAQ,2022-08-31,2022-11-29,2022-11-29,0.1526,1.77,10.598951507208389,0.1526,1.77,10.598951507208389,-1407486572.824039,-9223372036.854776,,raw,RAW_ONLY_REVIEW,True,,,ADTX_017,opend,POC,True,dual,raw/adjusted qualification mismatch
ADTX,Aditxt,NASDAQ,2022-09-01,2022-11-30,2022-11-30,0.1443,1.79,11.404712404712404,0.1443,1.79,11.404712404712404,-1330932584.9181442,-9223372036.854776,,raw,RAW_ONLY_REVIEW,True,,,ADTX_017,opend,POC,True,dual,raw/adjusted qualification mismatch
ADTX,Aditxt,NASDAQ,2022-09-02,2022-12-01,2022-12-01,0.141,1.77,11.553191489361703,0.141,1.77,11.553191489361703,-1300495457.1965232,-9223372036.854776,,raw,RAW_ONLY_REVIEW,True,,,ADTX_017,opend,POC,True,dual,raw/adjusted qualification mismatch
ADTX,Aditxt,NASDAQ,2022-09-06,2022-12-05,2022-12-05,0.1283,1.73,12.484021823850352,0.1283,1.73,12.484021823850352,-1183358632.3284676,-9223372036.854776,,raw,RAW_ONLY_REVIEW,True,,,ADTX_017,opend,POC,True,dual,raw/adjusted qualification mismatch
ADTX,Aditxt,NASDAQ,2022-09-07,2022-12-06,2022-12-06,0.1398,1.69,11.088698140200284,0.1398,1.69,11.088698140200284,-1289427410.7522976,-9223372036.854776,,raw,RAW_ONLY_REVIEW,True,,,ADTX_017,opend,POC,True,dual,raw/adjusted qualification mismatch
ADTX,Aditxt,NASDAQ,2022-09-08,2022-12-07,2022-12-07,0.14,1.69,11.07142857142857,0.14,1.69,11.07142857142857,-1291272085.1596687,-9223372036.854776,,raw,RAW_ONLY_REVIEW,True,,,ADTX_017,opend,POC,True,dual,raw/adjusted qualification mismatch
ADTX,Aditxt,NASDAQ,2023-05-22,2023-08-20,2023-08-21,0.5828,12.0,19.59025394646534,0.5828,12.0,19.59025394646534,-5375381223.078963,2928960000.0,,raw,RAW_ONLY_REVIEW,True,,,ADTX_018,opend,POC,True,dual,raw/adjusted qualification mismatch
ADTX,Aditxt,NASDAQ,2023-05-23,2023-08-21,2023-08-21,0.5752,12.0,19.86230876216968,0.5752,12.0,19.86230876216968,-5305283595.598867,2928960000.0,,raw,RAW_ONLY_REVIEW,True,,,ADTX_018,opend,POC,True,dual,raw/adjusted qualification mismatch
ADTX,Aditxt,NASDAQ,2023-05-24,2023-08-22,2023-08-22,0.61,10.01,15.40983606557377,0.61,10.01,15.40983606557377,-5626256942.481413,2443240800.0,,raw,RAW_ONLY_REVIEW,True,,,ADTX_018,opend,POC,True,dual,raw/adjusted qualification mismatch
ADTX,Aditxt,NASDAQ,2023-05-25,2023-08-23,2023-08-23,0.6058,10.56,16.43149554308353,0.6058,10.56,16.43149554308353,-5587518779.926623,2577484800.0,,raw,RAW_ONLY_REVIEW,True,,,ADTX_018,opend,POC,True,dual,raw/adjusted qualification mismatch
ADTX,Aditxt,NASDAQ,2023-05-26,2023-08-24,2023-08-24,0.598,9.86,15.488294314381273,0.598,9.86,15.488294314381273,-5515576478.039156,2406628800.0,,raw,RAW_ONLY_REVIEW,True,,,ADTX_018,opend,POC,True,dual,raw/adjusted qualification mismatch
ADTX,Aditxt,NASDAQ,2023-05-30,2023-08-28,2023-08-28,0.5998,7.62,11.704234744914972,0.5998,7.62,11.704234744914972,-5532178547.705495,1859889600.0,,raw,RAW_ONLY_REVIEW,True,,,ADTX_018,opend,POC,True,dual,raw/adjusted qualification mismatch
ADTX,Aditxt,NASDAQ,2023-05-31,2023-08-29,2023-08-29,0.6099,8.7,13.26463354648303,0.6099,8.7,13.26463354648303,-5625334605.277728,2123496000.0,,raw,RAW_ONLY_REVIEW,True,,,ADTX_018,opend,POC,True,dual,raw/adjusted qualification mismatch
ADTX,Aditxt,NASDAQ,2023-06-01,2023-08-30,2023-08-30,0.5819,9.8,15.841381680701154,0.5819,9.8,15.841381680701154,-5367080188.245793,2391984000.0,,raw,RAW_ONLY_REVIEW,True,,,ADTX_018,opend,POC,True,dual,raw/adjusted qualification mismatch
ADTX,Aditxt,NASDAQ,2023-06-02,2023-08-31,2023-08-31,0.5899,55.0,92.2361417189354,0.5899,55.0,92.2361417189354,-5440867164.540632,-9223372036.854776,,raw,RAW_ONLY_REVIEW,True,,,ADTX_018,opend,POC,True,dual,raw/adjusted qualification mismatch
ADTX,Aditxt,NASDAQ,2023-06-05,2023-09-03,2023-09-05,0.617,36.8,58.64343598055105,0.617,36.8,58.64343598055105,-5690820546.739397,8982143999.999998,,raw,RAW_ONLY_REVIEW,True,,,ADTX_018,opend,POC,True,dual,raw/adjusted qualification mismatch
ADTX,Aditxt,NASDAQ,2023-06-06,2023-09-04,2023-09-05,0.6,36.8,60.33333333333333,0.6,36.8,60.33333333333333,-5534023222.112865,8982143999.999998,,raw,RAW_ONLY_REVIEW,True,,,ADTX_018,opend,POC,True,dual,raw/adjusted qualification mismatch
ADTX,Aditxt,NASDAQ,2023-06-07,2023-09-05,2023-09-05,0.6088,36.8,59.44678055190538,0.6088,36.8,59.44678055190538,-5615188896.037188,8982143999.999998,,raw,RAW_ONLY_REVIEW,True,,,ADTX_018,opend,POC,True,dual,raw/adjusted qualification mismatch
ADTX,Aditxt,NASDAQ,2023-06-08,2023-09-06,2023-09-06,0.6,32.95,53.91666666666667,0.6,32.95,53.91666666666667,-5534023222.112865,8042436000.000001,,raw,RAW_ONLY_REVIEW,True,,,ADTX_018,opend,POC,True,dual,raw/adjusted qualification mismatch
ADTX,Aditxt,NASDAQ,2023-06-09,2023-09-07,2023-09-07,0.6,29.43,48.05,0.6,29.43,48.05,-5534023222.112865,7183274400.0,,raw,RAW_ONLY_REVIEW,True,,,ADTX_018,opend,POC,True,dual,raw/adjusted qualification mismatch
ADTX,Aditxt,NASDAQ,2023-06-12,2023-09-10,2023-09-11,0.5998,25.5,41.51417139046349,0.5998,25.5,41.51417139046349,-5532178547.705495,6224040000.0,,raw,RAW_ONLY_REVIEW,True,,,ADTX_018,opend,POC,True,dual,raw/adjusted qualification mismatch
ADTX,Aditxt,NASDAQ,2023-06-13,2023-09-11,2023-09-11,0.615,25.5,40.46341463414634,0.615,25.5,40.46341463414634,-5672373802.665687,6224040000.0,,raw,RAW_ONLY_REVIEW,True,,,ADTX_018,opend,POC,True,dual,raw/adjusted qualification mismatch
ADTX,Aditxt,NASDAQ,2023-06-14,2023-09-12,2023-09-12,0.59,22.89,37.79661016949153,0.59,22.89,37.79661016949153,-5441789501.744317,5586991200.0,,raw,RAW_ONLY_REVIEW,True,,,ADTX_018,opend,POC,True,dual,raw/adjusted qualification mismatch
ADTX,Aditxt,NASDAQ,2023-06-15,2023-09-13,2023-09-13,0.5909,22.91,37.771365713318666,0.5909,22.91,37.771365713318666,-5450090536.577487,5591872800.0,,raw,RAW_ONLY_REVIEW,True,,,ADTX_018,opend,POC,True,dual,raw/adjusted qualification mismatch
ADTX,Aditxt,NASDAQ,2023-06-16,2023-09-14,2023-09-14,0.5777,20.46,34.416306041197856,0.5777,20.46,34.416306041197856,-5328342025.691004,4993876800.0,,raw,RAW_ONLY_REVIEW,True,,,ADTX_018,opend,POC,True,dual,raw/adjusted qualification mismatch
ADTX,Aditxt,NASDAQ,2023-06-20,2023-09-18,2023-09-18,0.59,18.19,29.830508474576277,0.59,18.19,29.830508474576277,-5441789501.744317,4439815200.000001,,raw,RAW_ONLY_REVIEW,True,,,ADTX_018,opend,POC,True,dual,raw/adjusted qualification mismatch
ADTX,Aditxt,NASDAQ,2023-06-21,2023-09-19,2023-09-19,0.5532,18.25,31.989877078814168,0.5532,18.25,31.989877078814168,-5102369410.788062,4454460000.0,,raw,RAW_ONLY_REVIEW,True,,,ADTX_018,opend,POC,True,dual,raw/adjusted qualification mismatch
ADTX,Aditxt,NASDAQ,2023-06-22,2023-09-20,2023-09-20,0.5633,17.97,30.90129593467069,0.5633,17.97,30.90129593467069,-5195525468.360295,4386117599.999999,,raw,RAW_ONLY_REVIEW,True,,,ADTX_018,opend,POC,True,dual,raw/adjusted qualification mismatch
ADTX,Aditxt,NASDAQ,2023-06-23,2023-09-21,2023-09-21,0.4999,17.99,34.98719743948789,0.4999,17.99,34.98719743948789,-4610763681.223702,4390999199.999999,,raw,RAW_ONLY_REVIEW,True,,,ADTX_018,opend,POC,True,dual,raw/adjusted qualification mismatch
ADTX,Aditxt,NASDAQ,2023-06-26,2023-09-24,2023-09-25,0.4602,15.33,32.311603650586704,0.4602,15.33,32.311603650586704,-4244595811.360568,3741746400.0,,raw,RAW_ONLY_REVIEW,True,,,ADTX_018,opend,POC,True,dual,raw/adjusted qualification mismatch
ADTX,Aditxt,NASDAQ,2023-06-27,2023-09-25,2023-09-25,0.422,15.33,35.32701421800948,0.422,15.33,35.32701421800948,-3892262999.5527153,3741746400.0,,raw,RAW_ONLY_REVIEW,True,,,ADTX_018,opend,POC,True,dual,raw/adjusted qualification mismatch
ADTX,Aditxt,NASDAQ,2023-06-28,2023-09-26,2023-09-26,0.445,13.03,28.280898876404493,0.445,13.03,28.280898876404493,-4104400556.400376,3180362400.0,,raw,RAW_ONLY_REVIEW,True,,,ADTX_018,opend,POC,True,dual,raw/adjusted qualification mismatch
ADTX,Aditxt,NASDAQ,2023-06-29,2023-09-27,2023-09-27,0.4302,13.04,29.3114830311483,0.4302,13.04,29.3114830311483,-3967894650.254925,3182803200.0,,raw,RAW_ONLY_REVIEW,True,,,ADTX_018,opend,POC,True,dual,raw/adjusted qualification mismatch
ADTX,Aditxt,NASDAQ,2023-06-30,2023-09-28,2023-09-28,0.45,13.59,29.2,0.45,13.59,29.2,-4150517416.584649,3317047200.0,,raw,RAW_ONLY_REVIEW,True,,,ADTX_018,opend,POC,True,dual,raw/adjusted qualification mismatch
ADTX,Aditxt,NASDAQ,2023-07-03,2023-10-01,2023-10-02,0.45,11.94,25.53333333333333,0.45,11.94,25.53333333333333,-4150517416.584649,2914315200.0,,raw,RAW_ONLY_REVIEW,True,,,ADTX_018,opend,POC,True,dual,raw/adjusted qualification mismatch
ADTX,Aditxt,NASDAQ,2023-07-05,2023-10-03,2023-10-03,0.45,11.5,24.555555555555557,0.45,11.5,24.555555555555557,-4150517416.584649,2806920000.0,,raw,RAW_ONLY_REVIEW,True,,,ADTX_018,opend,POC,True,dual,raw/adjusted qualification mismatch
ADTX,Aditxt,NASDAQ,2023-07-06,2023-10-04,2023-10-04,0.4478,12.19,26.221974095578386,0.4478,12.19,26.221974095578386,-4130225998.103569,2975335200.0,,raw,RAW_ONLY_REVIEW,True,,,ADTX_018,opend,POC,True,dual,raw/adjusted qualification mismatch
ADTX,Aditxt,NASDAQ,2023-07-07,2023-10-05,2023-10-05,0.4465,11.78,25.382978723404253,0.4465,11.78,25.382978723404253,-4118235614.4556575,2875262400.0,,raw,RAW_ONLY_REVIEW,True,,,ADTX_018,opend,POC,True,dual,raw/adjusted qualification mismatch
ADTX,Aditxt,NASDAQ,2023-07-10,2023-10-08,2023-10-09,0.4365,11.45,25.231386025200457,0.4365,11.45,25.231386025200457,-4026001894.0871096,2794716000.0,,raw,RAW_ONLY_REVIEW,True,,,ADTX_018,opend,POC,True,dual,raw/adjusted qualification mismatch
ADTX,Aditxt,NASDAQ,2023-07-11,2023-10-09,2023-10-09,0.449799,11.45,24.455814708347503,0.449799,11.45,24.455814708347503,-4148663518.805241,2794716000.0,,raw,RAW_ONLY_REVIEW,True,,,ADTX_018,opend,POC,True,dual,raw/adjusted qualification mismatch
ADTX,Aditxt,NASDAQ,2023-07-12,2023-10-10,2023-10-10,0.44,10.41,22.65909090909091,0.44,10.41,22.65909090909091,-4058283696.216101,2540872800.0,,raw,RAW_ONLY_REVIEW,True,,,ADTX_018,opend,POC,True,dual,raw/adjusted qualification mismatch
ADTX,Aditxt,NASDAQ,2023-07-13,2023-10-11,2023-10-11,0.4399,10.645,23.198681518526936,0.4399,10.645,23.198681518526936,-4057361359.012416,2598231600.0,,raw,RAW_ONLY_REVIEW,True,,,ADTX_018,opend,POC,True,dual,raw/adjusted qualification mismatch
ADTX,Aditxt,NASDAQ,2023-07-14,2023-10-12,2023-10-12,0.4245,10.37,23.42873969375736,0.4245,10.37,23.42873969375736,-3915321429.644852,2531109600.0,,raw,RAW_ONLY_REVIEW,True,,,ADTX_018,opend,POC,True,dual,raw/adjusted qualification mismatch
ADTX,Aditxt,NASDAQ,2023-07-17,2023-10-15,2023-10-16,0.4249,9.81,22.087785361261474,0.4249,9.81,22.087785361261474,-3919010778.459594,2394424800.0,,raw,RAW_ONLY_REVIEW,True,,,ADTX_018,opend,POC,True,dual,raw/adjusted qualification mismatch
ADTX,Aditxt,NASDAQ,2023-07-18,2023-10-16,2023-10-16,0.4291,9.81,21.861803775343745,0.4291,9.81,21.861803775343745,-3957748941.014384,2394424800.0,,raw,RAW_ONLY_REVIEW,True,,,ADTX_018,opend,POC,True,dual,raw/adjusted qualification mismatch
ADTX,Aditxt,NASDAQ,2023-07-19,2023-10-17,2023-10-17,0.4283,9.96,22.25472799439645,0.4283,9.96,22.25472799439645,-3950370243.3849006,2431036800.0,,raw,RAW_ONLY_REVIEW,True,,,ADTX_018,opend,POC,True,dual,raw/adjusted qualification mismatch
ADTX,Aditxt,NASDAQ,2023-07-20,2023-10-18,2023-10-18,0.4198,10.2,23.297284421152927,0.4198,10.2,23.297284421152927,-3871971581.071635,2489616000.0,,raw,RAW_ONLY_REVIEW,True,,,ADTX_018,opend,POC,True,dual,raw/adjusted qualification mismatch
ADTX,Aditxt,NASDAQ,2023-07-21,2023-10-19,2023-10-19,0.4075,9.58,22.509202453987733,0.4075,9.58,22.509202453987733,-3758524105.018321,2338286400.0,,raw,RAW_ONLY_REVIEW,True,,,ADTX_018,opend,POC,True,dual,raw/adjusted qualification mismatch
ADTX,Aditxt,NASDAQ,2023-07-24,2023-10-22,2023-10-23,0.3921,8.3,20.16806937005866,0.3921,8.3,20.16806937005866,-3616484175.650758,2025864000.0,,raw,RAW_ONLY_REVIEW,True,,,ADTX_018,opend,POC,True,dual,raw/adjusted qualification mismatch
ADTX,Aditxt,NASDAQ,2023-07-25,2023-10-23,2023-10-23,0.4,8.3,19.75,0.4,8.3,19.75,-3689348814.7419114,2025864000.0,,raw,RAW_ONLY_REVIEW,True,,,ADTX_018,opend,POC,True,dual,raw/adjusted qualification mismatch
ADTX,Aditxt,NASDAQ,2023-07-26,2023-10-24,2023-10-24,0.3952,8.08,19.445344129554652,0.3952,8.08,19.445344129554652,-3645076628.9650073,1972166400.0,,raw,RAW_ONLY_REVIEW,True,,,ADTX_018,opend,POC,True,dual,raw/adjusted qualification mismatch
ADTX,Aditxt,NASDAQ,2023-07-27,2023-10-25,2023-10-25,0.39,7.86,19.153846153846157,0.39,7.86,19.153846153846157,-3597115094.3733625,1918468800.0,,raw,RAW_ONLY_REVIEW,True,,,ADTX_018,opend,POC,True,dual,raw/adjusted qualification mismatch
ADTX,Aditxt,NASDAQ,2023-07-28,2023-10-26,2023-10-26,0.4,7.2,17.0,0.4,7.2,17.0,-3689348814.7419114,1757376000.0,,raw,RAW_ONLY_REVIEW,True,,,ADTX_018,opend,POC,True,dual,raw/adjusted qualification mismatch
ADTX,Aditxt,NASDAQ,2023-07-31,2023-10-29,2023-10-30,0.3975,6.5915,15.582389937106916,0.3975,6.5915,15.582389937106916,-3666290384.6497736,1608853320.0,,raw,RAW_ONLY_REVIEW,True,,,ADTX_018,opend,POC,True,dual,raw/adjusted qualification mismatch
ADTX,Aditxt,NASDAQ,2023-08-01,2023-10-30,2023-10-30,0.406,6.5915,15.235221674876849,0.406,6.5915,15.235221674876849,-3744689046.96304,1608853320.0,,raw,RAW_ONLY_REVIEW,True,,,ADTX_018,opend,POC,True,dual,raw/adjusted qualification mismatch
ADTX,Aditxt,NASDAQ,2023-08-02,2023-10-31,2023-10-31,0.396,6.75,16.045454545454543,0.396,6.75,16.045454545454543,-3652455326.594492,1647540000.0,,raw,RAW_ONLY_REVIEW,True,,,ADTX_018,opend,POC,True,dual,raw/adjusted qualification mismatch
ADTX,Aditxt,NASDAQ,2023-08-03,2023-11-01,2023-11-01,0.3949,6.91,16.498100785008866,0.3949,6.91,16.498100785008866,-3642309617.353951,1686592800.0,,raw,RAW_ONLY_REVIEW,True,,,ADTX_018,opend,POC,True,dual,raw/adjusted qualification mismatch
ADTX,Aditxt,NASDAQ,2023-08-04,2023-11-02,2023-11-02,0.3891,6.92,16.784631200205602,0.3891,6.92,16.784631200205602,-3588814059.540193,1689033600.0,,raw,RAW_ONLY_REVIEW,True,,,ADTX_018,opend,POC,True,dual,raw/adjusted qualification mismatch
ADTX,Aditxt,NASDAQ,2023-08-07,2023-11-05,2023-11-06,0.376,6.15,15.356382978723406,0.376,6.15,15.356382978723406,-3467987885.857396,1501092000.0,,raw,RAW_ONLY_REVIEW,True,,,ADTX_018,opend,POC,True,dual,raw/adjusted qualification mismatch
ADTX,Aditxt,NASDAQ,2023-08-08,2023-11-06,2023-11-06,0.37,6.15,15.62162162162162,0.37,6.15,15.62162162162162,-3412647653.636267,1501092000.0,,raw,RAW_ONLY_REVIEW,True,,,ADTX_018,opend,POC,True,dual,raw/adjusted qualification mismatch
ADTX,Aditxt,NASDAQ,2023-08-09,2023-11-07,2023-11-07,0.3621,5.95,15.431924882629108,0.3621,5.95,15.431924882629108,-3339783014.545114,1452276000.0,,raw,RAW_ONLY_REVIEW,True,,,ADTX_018,opend,POC,True,dual,raw/adjusted qualification mismatch
ADTX,Aditxt,NASDAQ,2023-08-10,2023-11-08,2023-11-08,0.34225,5.01,13.638422205989771,0.34225,5.01,13.638422205989771,-3156699079.613547,1222840800.0,,raw,RAW_ONLY_REVIEW,True,,,ADTX_018,opend,POC,True,dual,raw/adjusted qualification mismatch
ADTX,Aditxt,NASDAQ,2023-08-11,2023-11-09,2023-11-09,0.328,4.3589,12.289329268292684,0.328,4.3589,12.289329268292684,-3025266028.0883665,1063920312.0,,raw,RAW_ONLY_REVIEW,True,,,ADTX_018,opend,POC,True,dual,raw/adjusted qualification mismatch
ADTX,Aditxt,NASDAQ,2023-08-14,2023-11-12,2023-11-13,0.321,4.17,11.990654205607475,0.321,4.17,11.990654205607475,-2960702423.830384,1017813600.0,,raw,RAW_ONLY_REVIEW,True,,,ADTX_018,opend,POC,True,dual,raw/adjusted qualification mismatch
ADTX,Aditxt,NASDAQ,2023-08-15,2023-11-13,2023-11-13,0.305,4.17,12.672131147540984,0.305,4.17,12.672131147540984,-2813128471.2407064,1017813600.0,,raw,RAW_ONLY_REVIEW,True,,,ADTX_018,opend,POC,True,dual,raw/adjusted qualification mismatch
ADTX,Aditxt,NASDAQ,2023-08-16,2023-11-14,2023-11-14,0.3038,4.83,14.898617511520737,0.3038,4.83,14.898617511520737,-2802060424.796481,1178906400.0,,raw,RAW_ONLY_REVIEW,True,,,ADTX_018,opend,POC,True,dual,raw/adjusted qualification mismatch
ADTX,Aditxt,NASDAQ,2023-08-17,2023-11-15,2023-11-15,0.3995,4.56,10.41426783479349,0.3995,4.56,10.41426783479349,-3684737128.723483,1113004799.9999998,,raw,RAW_ONLY_REVIEW,True,,,ADTX_018,opend,POC,True,dual,raw/adjusted qualification mismatch
ADTX,Aditxt,NASDAQ,2024-12-16,2025-03-16,2025-03-17,0.3046,4.37,13.346684175968484,0.3046,4.37,13.346684175968484,1858669.2,106662.96,-0.942613263296126,raw,RAW_ONLY_REVIEW,True,,,ADTX_019,opend,POC,True,dual,raw/adjusted qualification mismatch
ADTX,Aditxt,NASDAQ,2024-12-17,2025-03-17,2025-03-17,0.2637,4.37,15.571861964353436,0.2637,4.37,15.571861964353436,1609097.4,106662.96,-0.9337125521425864,raw,RAW_ONLY_REVIEW,True,,,ADTX_019,opend,POC,True,dual,raw/adjusted qualification mismatch
ADTX,Aditxt,NASDAQ,2024-12-18,2025-03-18,2025-03-18,0.239,7.5,30.38075313807532,0.239,7.5,30.38075313807532,1458378.0,183060.0,-0.8744769874476988,raw,RAW_ONLY_REVIEW,True,,,ADTX_019,opend,POC,True,dual,raw/adjusted qualification mismatch
ADTX,Aditxt,NASDAQ,2024-12-19,2025-03-19,2025-03-19,0.226,10.03,43.38053097345132,0.226,10.03,43.38053097345132,1379052.0,244812.24,-0.8224778761061947,raw,RAW_ONLY_REVIEW,True,,,ADTX_019,opend,POC,True,dual,raw/adjusted qualification mismatch
ADTX,Aditxt,NASDAQ,2024-12-20,2025-03-20,2025-03-20,0.1861,10.69,56.442235357334766,0.1861,10.69,56.442235357334766,1135582.2,260921.52,-0.7702310585706609,raw,RAW_ONLY_REVIEW,True,,,ADTX_019,opend,POC,True,dual,raw/adjusted qualification mismatch
ADTX,Aditxt,NASDAQ,2024-12-23,2025-03-23,2025-03-24,0.187,7.17,37.342245989304814,0.187,7.17,37.342245989304814,1141074.0,175005.36,-0.8466310160427808,raw,RAW_ONLY_REVIEW,True,,,ADTX_019,opend,POC,True,dual,raw/adjusted qualification mismatch
ADTX,Aditxt,NASDAQ,2024-12-24,2025-03-24,2025-03-24,0.1844,7.17,37.88286334056399,0.1844,7.17,37.88286334056399,1125208.8,175005.36,-0.8444685466377441,raw,RAW_ONLY_REVIEW,True,,,ADTX_019,opend,POC,True,dual,raw/adjusted qualification mismatch
ADTX,Aditxt,NASDAQ,2024-12-26,2025-03-26,2025-03-26,0.1925,6.85,34.58441558441558,0.1925,6.85,34.58441558441558,1174635.0,167194.8,-0.8576623376623377,raw,RAW_ONLY_REVIEW,True,,,ADTX_019,opend,POC,True,dual,raw/adjusted qualification mismatch
ADTX,Aditxt,NASDAQ,2024-12-27,2025-03-27,2025-03-27,0.188,6.165,31.79255319148936,0.188,6.165,31.79255319148936,1147176.0,150475.32,-0.8688297872340426,raw,RAW_ONLY_REVIEW,True,,,ADTX_019,opend,POC,True,dual,raw/adjusted qualification mismatch
ADTX,Aditxt,NASDAQ,2024-12-30,2025-03-30,2025-03-31,0.1951,4.485,21.98821117375705,0.1951,4.485,21.98821117375705,1190500.2,109469.88,-0.9080471553049718,raw,RAW_ONLY_REVIEW,True,,,ADTX_019,opend,POC,True,dual,raw/adjusted qualification mismatch
ADTX,Aditxt,NASDAQ,2024-12-31,2025-03-31,2025-03-31,0.1898,4.485,22.630136986301373,0.1898,4.485,22.630136986301373,1158159.6,109469.88,-0.9054794520547944,raw,RAW_ONLY_REVIEW,True,,,ADTX_019,opend,POC,True,dual,raw/adjusted qualification mismatch
ADTX,Aditxt,NASDAQ,2025-01-02,2025-04-02,2025-04-02,0.195,5.0,24.64102564102564,0.195,5.0,24.64102564102564,1189890.0,122040.0,-0.8974358974358975,raw,RAW_ONLY_REVIEW,True,,,ADTX_019,opend,POC,True,dual,raw/adjusted qualification mismatch
ADTX,Aditxt,NASDAQ,2025-01-03,2025-04-03,2025-04-03,0.208,5.58,25.82692307692308,0.208,5.58,25.82692307692308,1269216.0,136196.64,-0.8926923076923077,raw,RAW_ONLY_REVIEW,True,,,ADTX_019,opend,POC,True,dual,raw/adjusted qualification mismatch
ADTX,Aditxt,NASDAQ,2025-01-06,2025-04-06,2025-04-07,0.196,3.72,17.979591836734695,0.196,3.72,17.979591836734695,1195992.0,90797.76,-0.9240816326530612,raw,RAW_ONLY_REVIEW,True,,,ADTX_019,opend,POC,True,dual,raw/adjusted qualification mismatch
ADTX,Aditxt,NASDAQ,2025-01-07,2025-04-07,2025-04-07,0.1937,3.72,18.204956117707795,0.1937,3.72,18.204956117707795,1181957.4,90797.76,-0.9231801755291688,raw,RAW_ONLY_REVIEW,True,,,ADTX_019,opend,POC,True,dual,raw/adjusted qualification mismatch
ADTX,Aditxt,NASDAQ,2025-01-08,2025-04-08,2025-04-08,0.1682,3.29,18.560047562425684,0.1682,3.29,18.560047562425684,1026356.399999999,80302.32,-0.9217598097502973,raw,RAW_ONLY_REVIEW,True,,,ADTX_019,opend,POC,True,dual,raw/adjusted qualification mismatch
ADTX,Aditxt,NASDAQ,2025-01-10,2025-04-10,2025-04-10,0.1699,2.88,15.951147733961154,0.1699,2.88,15.951147733961154,1036729.8,70295.04,-0.9321954090641554,raw,RAW_ONLY_REVIEW,True,,,ADTX_019,opend,POC,True,dual,raw/adjusted qualification mismatch
ADTX,Aditxt,NASDAQ,2025-01-13,2025-04-13,2025-04-14,0.1559,2.5,15.035920461834507,0.1559,2.5,15.035920461834507,951301.8,61020.0,-0.935856318152662,raw,RAW_ONLY_REVIEW,True,,,ADTX_019,opend,POC,True,dual,raw/adjusted qualification mismatch
ADTX,Aditxt,NASDAQ,2025-01-14,2025-04-14,2025-04-14,0.1351,2.5,17.50481125092524,0.1351,2.5,17.50481125092524,824380.2,61020.0,-0.9259807549962992,raw,RAW_ONLY_REVIEW,True,,,ADTX_019,opend,POC,True,dual,raw/adjusted qualification mismatch
ADTX,Aditxt,NASDAQ,2025-01-15,2025-04-15,2025-04-15,0.131,2.41,17.396946564885496,0.131,2.41,17.396946564885496,799362.0,58823.28,-0.926412213740458,raw,RAW_ONLY_REVIEW,True,,,ADTX_019,opend,POC,True,dual,raw/adjusted qualification mismatch
ADTX,Aditxt,NASDAQ,2025-01-16,2025-04-16,2025-04-16,0.1376,2.2,14.988372093023257,0.1376,2.2,14.988372093023257,839635.2,53697.6,-0.936046511627907,raw,RAW_ONLY_REVIEW,True,,,ADTX_019,opend,POC,True,dual,raw/adjusted qualification mismatch
ADTX,Aditxt,NASDAQ,2025-01-17,2025-04-17,2025-04-17,0.1315,2.5,18.011406844106464,0.1315,2.5,18.011406844106464,802413.0,61020.0,-0.9239543726235742,raw,RAW_ONLY_REVIEW,True,,,ADTX_019,opend,POC,True,dual,raw/adjusted qualification mismatch
ADTX,Aditxt,NASDAQ,2025-01-21,2025-04-21,2025-04-21,0.122,2.23,17.278688524590166,0.122,2.23,17.278688524590166,744444.0,54429.84,-0.9268852459016392,raw,RAW_ONLY_REVIEW,True,,,ADTX_019,opend,POC,True,dual,raw/adjusted qualification mismatch
ADTX,Aditxt,NASDAQ,2025-01-22,2025-04-22,2025-04-22,0.1149,2.31,19.10443864229765,0.1149,2.31,19.10443864229765,701119.8,56382.48,-0.9195822454308094,raw,RAW_ONLY_REVIEW,True,,,ADTX_019,opend,POC,True,dual,raw/adjusted qualification mismatch
ADTX,Aditxt,NASDAQ,2025-01-23,2025-04-23,2025-04-23,0.1117,2.31,19.680393912265,0.1117,2.31,19.680393912265,681593.4,56382.48,-0.91727842435094,raw,RAW_ONLY_REVIEW,True,,,ADTX_019,opend,POC,True,dual,raw/adjusted qualification mismatch
ADTX,Aditxt,NASDAQ,2025-01-24,2025-04-24,2025-04-24,0.1173,2.3,18.6078431372549,0.1173,2.3,18.6078431372549,715764.6,56138.399999999,-0.9215686274509818,raw,RAW_ONLY_REVIEW,True,,,ADTX_019,opend,POC,True,dual,raw/adjusted qualification mismatch
ADTX,Aditxt,NASDAQ,2025-01-27,2025-04-27,2025-04-28,0.1094,2.31,20.115173674588668,0.1094,2.31,20.115173674588668,667558.8,56382.48,-0.9155393053016454,raw,RAW_ONLY_REVIEW,True,,,ADTX_019,opend,POC,True,dual,raw/adjusted qualification mismatch
ADTX,Aditxt,NASDAQ,2025-01-28,2025-04-28,2025-04-28,0.1155,2.31,19.0,0.1155,2.31,19.0,704781.0,56382.48,-0.92,raw,RAW_ONLY_REVIEW,True,,,ADTX_019,opend,POC,True,dual,raw/adjusted qualification mismatch
ADTX,Aditxt,NASDAQ,2025-01-29,2025-04-29,2025-04-29,0.11,2.15,18.545454545454543,0.11,2.15,18.545454545454543,671220.0,52477.2,-0.921818181818182,raw,RAW_ONLY_REVIEW,True,,,ADTX_019,opend,POC,True,dual,raw/adjusted qualification mismatch
ADTX,Aditxt,NASDAQ,2025-01-30,2025-04-30,2025-04-30,0.1092,2.21,19.23809523809524,0.1092,2.21,19.23809523809524,666338.4,53941.68,-0.919047619047619,raw,RAW_ONLY_REVIEW,True,,,ADTX_019,opend,POC,True,dual,raw/adjusted qualification mismatch
ADTX,Aditxt,NASDAQ,2025-01-31,2025-05-01,2025-05-01,0.1072,2.15,19.05597014925373,0.1072,2.15,19.05597014925373,654134.4,52477.2,-0.9197761194029852,raw,RAW_ONLY_REVIEW,True,,,ADTX_019,opend,POC,True,dual,raw/adjusted qualification mismatch
ADTX,Aditxt,NASDAQ,2025-02-03,2025-05-04,2025-05-05,0.11,2.2,19.0,0.11,2.2,19.0,671220.0,53697.6,-0.92,raw,RAW_ONLY_REVIEW,True,,,ADTX_019,opend,POC,True,dual,raw/adjusted qualification mismatch
ADTX,Aditxt,NASDAQ,2025-02-04,2025-05-05,2025-05-05,0.0958,2.2,21.964509394572023,0.0958,2.2,21.964509394572023,584571.6,53697.6,-0.908141962421712,raw,RAW_ONLY_REVIEW,True,,,ADTX_019,opend,POC,True,dual,raw/adjusted qualification mismatch
ADTX,Aditxt,NASDAQ,2025-02-05,2025-05-06,2025-05-06,0.0927,2.08,21.437971952535054,0.0927,2.08,21.437971952535054,565655.4,50768.64,-0.9102481121898598,raw,RAW_ONLY_REVIEW,True,,,ADTX_019,opend,POC,True,dual,raw/adjusted qualification mismatch
ADTX,Aditxt,NASDAQ,2025-02-06,2025-05-07,2025-05-07,0.09,1.84,19.444444444444446,0.09,1.84,19.444444444444446,549180.0,44910.72,-0.9182222222222224,raw,RAW_ONLY_REVIEW,True,,,ADTX_019,opend,POC,True,dual,raw/adjusted qualification mismatch
ADTX,Aditxt,NASDAQ,2025-02-07,2025-05-08,2025-05-08,0.09,1.7,17.88888888888889,0.09,1.7,17.88888888888889,549180.0,41493.6,-0.9244444444444444,raw,RAW_ONLY_REVIEW,True,,,ADTX_019,opend,POC,True,dual,raw/adjusted qualification mismatch
ADTX,Aditxt,NASDAQ,2025-02-10,2025-05-11,2025-05-12,0.1046,1.79,16.11281070745698,0.1046,1.79,16.11281070745698,638269.2,43690.32,-0.931548757170172,raw,RAW_ONLY_REVIEW,True,,,ADTX_019,opend,POC,True,dual,raw/adjusted qualification mismatch
ADTX,Aditxt,NASDAQ,2025-02-11,2025-05-12,2025-05-12,0.0952,1.79,17.80252100840336,0.0952,1.79,17.80252100840336,580910.4,43690.32,-0.9247899159663866,raw,RAW_ONLY_REVIEW,True,,,ADTX_019,opend,POC,True,dual,raw/adjusted qualification mismatch
ADTX,Aditxt,NASDAQ,2025-02-12,2025-05-13,2025-05-13,0.0912,1.63,16.87280701754386,0.0912,1.63,16.87280701754386,556502.4,39785.04,-0.9285087719298246,raw,RAW_ONLY_REVIEW,True,,,ADTX_019,opend,POC,True,dual,raw/adjusted qualification mismatch
ADTX,Aditxt,NASDAQ,2025-02-13,2025-05-14,2025-05-14,0.0749,1.66,21.162883845126835,0.0749,1.66,21.162883845126835,457039.799999999,40517.28,-0.9113484646194924,raw,RAW_ONLY_REVIEW,True,,,ADTX_019,opend,POC,True,dual,raw/adjusted qualification mismatch
ADTX,Aditxt,NASDAQ,2025-02-14,2025-05-15,2025-05-15,0.07,1.61,22.0,0.07,1.61,22.0,427140.0,39296.88,-0.908,raw,RAW_ONLY_REVIEW,True,,,ADTX_019,opend,POC,True,dual,raw/adjusted qualification mismatch
ADTX,Aditxt,NASDAQ,2025-02-18,2025-05-19,2025-05-19,0.11,1.75,14.909090909090908,0.11,1.75,14.909090909090908,671220.0,42714.0,-0.9363636363636364,raw,RAW_ONLY_REVIEW,True,,,ADTX_019,opend,POC,True,dual,raw/adjusted qualification mismatch
ADTX,Aditxt,NASDAQ,2025-02-19,2025-05-20,2025-05-20,0.1286,1.82,13.152410575427684,0.1286,1.82,13.152410575427684,784717.2,44422.56,-0.9433903576982892,raw,RAW_ONLY_REVIEW,True,,,ADTX_019,opend,POC,True,dual,raw/adjusted qualification mismatch
ADTX,Aditxt,NASDAQ,2025-02-20,2025-05-21,2025-05-21,0.1188,1.74,13.646464646464644,0.1188,1.74,13.646464646464644,724917.6,42469.92,-0.9414141414141414,raw,RAW_ONLY_REVIEW,True,,,ADTX_019,opend,POC,True,dual,raw/adjusted qualification mismatch
ADTX,Aditxt,NASDAQ,2025-02-21,2025-05-22,2025-05-22,0.0915,1.82,18.890710382513664,0.0915,1.82,18.890710382513664,558333.0,44422.56,-0.9204371584699452,raw,RAW_ONLY_REVIEW,True,,,ADTX_019,opend,POC,True,dual,raw/adjusted qualification mismatch
ADTX,Aditxt,NASDAQ,2025-02-24,2025-05-25,2025-05-27,0.0872,1.7,18.495412844036696,0.0872,1.7,18.495412844036696,532094.4,41493.6,-0.9220183486238532,raw,RAW_ONLY_REVIEW,True,,,ADTX_019,opend,POC,True,dual,raw/adjusted qualification mismatch
ADTX,Aditxt,NASDAQ,2025-02-25,2025-05-26,2025-05-27,0.0759,1.7,21.397891963109355,0.0759,1.7,21.397891963109355,463141.8,41493.6,-0.9104084321475626,raw,RAW_ONLY_REVIEW,True,,,ADTX_019,opend,POC,True,dual,raw/adjusted qualification mismatch
ADTX,Aditxt,NASDAQ,2025-02-26,2025-05-27,2025-05-27,0.08,1.7,20.25,0.08,1.7,20.25,488160.0,41493.6,-0.915,raw,RAW_ONLY_REVIEW,True,,,ADTX_019,opend,POC,True,dual,raw/adjusted qualification mismatch
ADTX,Aditxt,NASDAQ,2025-02-27,2025-05-28,2025-05-28,0.0693,1.69,23.386724386724385,0.0693,1.69,23.386724386724385,422868.6,41249.52,-0.9024531024531024,raw,RAW_ONLY_REVIEW,True,,,ADTX_019,opend,POC,True,dual,raw/adjusted qualification mismatch
ADTX,Aditxt,NASDAQ,2025-02-28,2025-05-29,2025-05-29,0.0617,1.62,25.256077795786062,0.0617,1.62,25.256077795786062,376493.4,39540.96,-0.8949756888168557,raw,RAW_ONLY_REVIEW,True,,,ADTX_019,opend,POC,True,dual,raw/adjusted qualification mismatch
ADTX,Aditxt,NASDAQ,2025-03-03,2025-06-01,2025-06-02,0.0537,1.36,24.32588454376164,0.0537,1.36,24.32588454376164,327677.4,33194.88,-0.8986964618249534,raw,RAW_ONLY_REVIEW,True,,,ADTX_019,opend,POC,True,dual,raw/adjusted qualification mismatch
ADTX,Aditxt,NASDAQ,2025-03-04,2025-06-02,2025-06-02,0.0498,1.36,26.309236947791167,0.0498,1.36,26.309236947791167,303879.6,33194.88,-0.8907630522088353,raw,RAW_ONLY_REVIEW,True,,,ADTX_019,opend,POC,True,dual,raw/adjusted qualification mismatch
ADTX,Aditxt,NASDAQ,2025-03-05,2025-06-03,2025-06-03,0.0594,1.53,24.75757575757576,0.0594,1.53,24.75757575757576,362458.8,37344.24,-0.896969696969697,raw,RAW_ONLY_REVIEW,True,,,ADTX_019,opend,POC,True,dual,raw/adjusted qualification mismatch
ADTX,Aditxt,NASDAQ,2025-03-06,2025-06-04,2025-06-04,0.0515,1.56,29.29126213592233,0.0515,1.56,29.29126213592233,314253.0,38076.48,-0.8788349514563106,raw,RAW_ONLY_REVIEW,True,,,ADTX_019,opend,POC,True,dual,raw/adjusted qualification mismatch
ADTX,Aditxt,NASDAQ,2025-03-07,2025-06-05,2025-06-05,0.0515,1.44,26.96116504854369,0.0515,1.44,26.96116504854369,314253.0,35147.52,-0.8881553398058253,raw,RAW_ONLY_REVIEW,True,,,ADTX_019,opend,POC,True,dual,raw/adjusted qualification mismatch
ADTX,Aditxt,NASDAQ,2025-03-10,2025-06-08,2025-06-09,0.056,1.51,25.964285714285715,0.056,1.51,25.964285714285715,341712.0,36856.08,-0.8921428571428571,raw,RAW_ONLY_REVIEW,True,,,ADTX_019,opend,POC,True,dual,raw/adjusted qualification mismatch
ADTX,Aditxt,NASDAQ,2025-03-11,2025-06-09,2025-06-09,0.06,1.51,24.166666666666668,0.06,1.51,24.166666666666668,366120.0,36856.08,-0.8993333333333333,raw,RAW_ONLY_REVIEW,True,,,ADTX_019,opend,POC,True,dual,raw/adjusted qualification mismatch
ADTX,Aditxt,NASDAQ,2025-03-12,2025-06-10,2025-06-10,0.0568,1.49,25.23239436619718,0.0568,1.49,25.23239436619718,346593.6,36367.92,-0.8950704225352113,raw,RAW_ONLY_REVIEW,True,,,ADTX_019,opend,POC,True,dual,raw/adjusted qualification mismatch
ADTX,Aditxt,NASDAQ,2025-03-13,2025-06-11,2025-06-11,0.0334,1.465,42.8622754491018,0.0334,1.465,42.8622754491018,203806.8,35757.72,-0.8245508982035927,raw,RAW_ONLY_REVIEW,True,,,ADTX_019,opend,POC,True,dual,raw/adjusted qualification mismatch
ADTX,Aditxt,NASDAQ,2025-03-14,2025-06-12,2025-06-12,0.0201,1.45,71.13930348258707,0.0201,1.45,71.13930348258707,122650.2,35391.6,-0.7114427860696517,raw,RAW_ONLY_REVIEW,True,,,ADTX_019,opend,POC,True,dual,raw/adjusted qualification mismatch
ADTX,Aditxt,NASDAQ,2025-10-30,2026-01-28,2026-01-28,0.068,0.9188,12.511764705882351,0.068,0.9188,12.511764705882351,1659.744,198.4608,-0.8804268610098906,raw,RAW_ONLY_REVIEW,True,,,ADTX_020,opend,POC,True,dual,raw/adjusted qualification mismatch
ADTX,Aditxt,NASDAQ,2025-10-31,2026-01-29,2026-01-29,0.0594,0.8202,12.808080808080808,0.0594,0.8202,12.808080808080808,1449.8352,177.1632,-0.8778045946187539,raw,RAW_ONLY_REVIEW,True,,,ADTX_020,opend,POC,True,dual,raw/adjusted qualification mismatch
ADV,Advantage Solutions,NASDAQ,2025-12-29,2026-03-29,2026-03-30,0.8602,27.49,30.95768425947454,0.8602,27.49,30.95768425947454,21.505,27.49,0.2783073703789815,raw,RAW_ONLY_REVIEW,True,,,ADV_021,opend,POC,True,dual,raw/adjusted qualification mismatch
ADV,Advantage Solutions,NASDAQ,2025-12-30,2026-03-30,2026-03-30,0.8577,27.49,31.050833624810537,0.8577,27.49,31.050833624810537,21.4425,27.49,0.2820333449924215,raw,RAW_ONLY_REVIEW,True,,,ADV_021,opend,POC,True,dual,raw/adjusted qualification mismatch
ADV,Advantage Solutions,NASDAQ,2025-12-31,2026-03-31,2026-03-31,0.88,21.14,23.022727272727277,0.88,21.14,23.022727272727277,22.0,21.14,-0.039090909090909,raw,RAW_ONLY_REVIEW,True,,,ADV_021,opend,POC,True,dual,raw/adjusted qualification mismatch
ADVB,Advanced Biomed,NASDAQ,2025-12-04,2026-03-04,2026-03-04,0.3802,4.59,11.07259337190952,0.3802,4.59,11.07259337190952,7.604,4.59,-0.3963703314045239,raw,RAW_ONLY_REVIEW,True,,,ADVB_022,opend,POC,True,dual,raw/adjusted qualification mismatch
ADVB,Advanced Biomed,NASDAQ,2025-12-08,2026-03-08,2026-03-09,0.362,4.95,12.674033149171272,0.362,4.95,12.674033149171272,7.24,4.95,-0.3162983425414364,raw,RAW_ONLY_REVIEW,True,,,ADVB_022,opend,POC,True,dual,raw/adjusted qualification mismatch
ADVB,Advanced Biomed,NASDAQ,2025-12-09,2026-03-09,2026-03-09,0.3666,4.95,12.502454991816697,0.3666,4.95,12.502454991816697,7.332,4.95,-0.3248772504091652,raw,RAW_ONLY_REVIEW,True,,,ADVB_022,opend,POC,True,dual,raw/adjusted qualification mismatch
ADVB,Advanced Biomed,NASDAQ,2025-12-10,2026-03-10,2026-03-10,0.38,5.0,12.157894736842104,0.38,5.0,12.157894736842104,7.6,5.0,-0.3421052631578947,raw,RAW_ONLY_REVIEW,True,,,ADVB_022,opend,POC,True,dual,raw/adjusted qualification mismatch
ADVB,Advanced Biomed,NASDAQ,2025-12-11,2026-03-11,2026-03-11,0.3656,5.18,13.168490153172868,0.3656,5.18,13.168490153172868,7.312,5.18,-0.2915754923413567,raw,RAW_ONLY_REVIEW,True,,,ADVB_022,opend,POC,True,dual,raw/adjusted qualification mismatch
ADVB,Advanced Biomed,NASDAQ,2025-12-12,2026-03-12,2026-03-12,0.3985,5.36,12.450439146800502,0.3985,5.36,12.450439146800502,7.97,5.36,-0.3274780426599748,raw,RAW_ONLY_REVIEW,True,,,ADVB_022,opend,POC,True,dual,raw/adjusted qualification mismatch
ADVB,Advanced Biomed,NASDAQ,2025-12-15,2026-03-15,2026-03-16,0.3921,5.43,12.84850803366488,0.3921,5.43,12.84850803366488,7.842,5.43,-0.3075745983167559,raw,RAW_ONLY_REVIEW,True,,,ADVB_022,opend,POC,True,dual,raw/adjusted qualification mismatch
ADVB,Advanced Biomed,NASDAQ,2025-12-16,2026-03-16,2026-03-16,0.388,5.43,12.99484536082474,0.388,5.43,12.99484536082474,7.76,5.43,-0.3002577319587629,raw,RAW_ONLY_REVIEW,True,,,ADVB_022,opend,POC,True,dual,raw/adjusted qualification mismatch
ADVB,Advanced Biomed,NASDAQ,2025-12-17,2026-03-17,2026-03-17,0.3875,4.55,10.741935483870966,0.3875,4.55,10.741935483870966,7.75,4.55,-0.4129032258064516,raw,RAW_ONLY_REVIEW,True,,,ADVB_022,opend,POC,True,dual,raw/adjusted qualification mismatch
ADVB,Advanced Biomed,NASDAQ,2025-12-18,2026-03-18,2026-03-18,0.3443,4.44,11.895730467615452,0.3443,4.44,11.895730467615452,6.886,4.44,-0.3552134766192274,raw,RAW_ONLY_REVIEW,True,,,ADVB_022,opend,POC,True,dual,raw/adjusted qualification mismatch
ADVB,Advanced Biomed,NASDAQ,2025-12-19,2026-03-19,2026-03-19,0.3643,4.195,10.51523469667856,0.3643,4.195,10.51523469667856,7.286,4.195,-0.4242382651660719,raw,RAW_ONLY_REVIEW,True,,,ADVB_022,opend,POC,True,dual,raw/adjusted qualification mismatch
ADVB,Advanced Biomed,NASDAQ,2025-12-22,2026-03-22,2026-03-23,0.3643,4.18,10.474059840790556,0.3643,4.18,10.474059840790556,7.286,4.18,-0.4262970079604721,raw,RAW_ONLY_REVIEW,True,,,ADVB_022,opend,POC,True,dual,raw/adjusted qualification mismatch
ADVB,Advanced Biomed,NASDAQ,2025-12-23,2026-03-23,2026-03-23,0.369,4.18,10.32791327913279,0.369,4.18,10.32791327913279,7.38,4.18,-0.4336043360433604,raw,RAW_ONLY_REVIEW,True,,,ADVB_022,opend,POC,True,dual,raw/adjusted qualification mismatch
ADVB,Advanced Biomed,NASDAQ,2025-12-26,2026-03-26,2026-03-26,0.3666,4.19,10.42935079105292,0.3666,4.19,10.42935079105292,7.332,4.19,-0.428532460447354,raw,RAW_ONLY_REVIEW,True,,,ADVB_022,opend,POC,True,dual,raw/adjusted qualification mismatch
ADVB,Advanced Biomed,NASDAQ,2025-12-29,2026-03-29,2026-03-30,0.3336,4.5,12.489208633093526,0.3336,4.5,12.489208633093526,6.672,4.5,-0.3255395683453237,raw,RAW_ONLY_REVIEW,True,,,ADVB_022,opend,POC,True,dual,raw/adjusted qualification mismatch
ADVB,Advanced Biomed,NASDAQ,2025-12-30,2026-03-30,2026-03-30,0.3386,4.5,12.290017720023624,0.3386,4.5,12.290017720023624,6.772,4.5,-0.3354991139988187,raw,RAW_ONLY_REVIEW,True,,,ADVB_022,opend,POC,True,dual,raw/adjusted qualification mismatch
ADVB,Advanced Biomed,NASDAQ,2025-12-31,2026-03-31,2026-03-31,0.2918,4.56,14.627141877998628,0.2918,4.56,14.627141877998628,5.836,4.56,-0.2186429061000686,raw,RAW_ONLY_REVIEW,True,,,ADVB_022,opend,POC,True,dual,raw/adjusted qualification mismatch
ADVM,Adverum Biotechnologies(已退市),NASDAQ,2023-12-22,2024-03-21,2024-03-21,0.79,14.75,17.670886075949365,0.79,14.75,17.670886075949365,7.9,14.75,0.8670886075949367,raw,RAW_ONLY_REVIEW,True,,,ADVM_023,opend,POC,True,dual,raw/adjusted qualification mismatch
ADVM,Adverum Biotechnologies(已退市),NASDAQ,2023-12-26,2024-03-25,2024-03-25,0.8,14.95,17.687499999999996,0.8,14.95,17.687499999999996,8.0,14.95,0.8687499999999999,raw,RAW_ONLY_REVIEW,True,,,ADVM_023,opend,POC,True,dual,raw/adjusted qualification mismatch
ADVM,Adverum Biotechnologies(已退市),NASDAQ,2023-12-27,2024-03-26,2024-03-26,0.753,14.15,17.791500664010623,0.753,14.15,17.791500664010623,7.53,14.15,0.8791500664010623,raw,RAW_ONLY_REVIEW,True,,,ADVM_023,opend,POC,True,dual,raw/adjusted qualification mismatch
ADVM,Adverum Biotechnologies(已退市),NASDAQ,2023-12-28,2024-03-27,2024-03-27,0.756,14.66,18.391534391534396,0.756,14.66,18.391534391534396,7.56,14.66,0.9391534391534392,raw,RAW_ONLY_REVIEW,True,,,ADVM_023,opend,POC,True,dual,raw/adjusted qualification mismatch
ADVM,Adverum Biotechnologies(已退市),NASDAQ,2023-12-29,2024-03-28,2024-03-28,0.7528,14.14,17.783209351753452,0.7528,14.14,17.783209351753452,7.528,14.14,0.8783209351753456,raw,RAW_ONLY_REVIEW,True,,,ADVM_023,opend,POC,True,dual,raw/adjusted qualification mismatch
ADVM,Adverum Biotechnologies(已退市),NASDAQ,2024-01-02,2024-04-01,2024-04-01,0.8281,13.89,15.773336553556335,0.8281,13.89,15.773336553556335,8.280999999,13.89,0.6773336555581855,raw,RAW_ONLY_REVIEW,True,,,ADVM_023,opend,POC,True,dual,raw/adjusted qualification mismatch
ADVM,Adverum Biotechnologies(已退市),NASDAQ,2024-01-03,2024-04-02,2024-04-02,0.8396,13.4,14.959980943306336,0.8396,13.4,14.959980943306336,8.396,13.4,0.5959980943306336,raw,RAW_ONLY_REVIEW,True,,,ADVM_023,opend,POC,True,dual,raw/adjusted qualification mismatch
ADVM,Adverum Biotechnologies(已退市),NASDAQ,2024-01-04,2024-04-03,2024-04-03,0.89,13.35,14.0,0.89,13.35,14.0,8.9,13.35,0.5,raw,RAW_ONLY_REVIEW,True,,,ADVM_023,opend,POC,True,dual,raw/adjusted qualification mismatch
ADVM,Adverum Biotechnologies(已退市),NASDAQ,2024-01-05,2024-04-04,2024-04-04,0.835,13.17,14.77245508982036,0.835,13.17,14.77245508982036,8.35,13.17,0.5772455089820361,raw,RAW_ONLY_REVIEW,True,,,ADVM_023,opend,POC,True,dual,raw/adjusted qualification mismatch
ADVM,Adverum Biotechnologies(已退市),NASDAQ,2024-01-08,2024-04-07,2024-04-08,0.92,12.58,12.67391304347826,0.92,12.58,12.67391304347826,9.2,12.58,0.3673913043478263,raw,RAW_ONLY_REVIEW,True,,,ADVM_023,opend,POC,True,dual,raw/adjusted qualification mismatch
ADVM,Adverum Biotechnologies(已退市),NASDAQ,2024-01-09,2024-04-08,2024-04-08,0.92,12.58,12.67391304347826,0.92,12.58,12.67391304347826,9.2,12.58,0.3673913043478263,raw,RAW_ONLY_REVIEW,True,,,ADVM_023,opend,POC,True,dual,raw/adjusted qualification mismatch
ADVM,Adverum Biotechnologies(已退市),NASDAQ,2024-01-10,2024-04-09,2024-04-09,0.87,12.01,12.804597701149426,0.87,12.01,12.804597701149426,8.7,12.01,0.3804597701149426,raw,RAW_ONLY_REVIEW,True,,,ADVM_023,opend,POC,True,dual,raw/adjusted qualification mismatch
ADVM,Adverum Biotechnologies(已退市),NASDAQ,2024-01-11,2024-04-10,2024-04-10,0.8775,11.98,12.652421652421651,0.8775,11.98,12.652421652421651,8.775,11.98,0.3652421652421651,raw,RAW_ONLY_REVIEW,True,,,ADVM_023,opend,POC,True,dual,raw/adjusted qualification mismatch
ADVM,Adverum Biotechnologies(已退市),NASDAQ,2024-01-12,2024-04-11,2024-04-11,0.8511,11.97,13.064152273528377,0.8511,11.97,13.064152273528377,8.511,11.97,0.4064152273528376,raw,RAW_ONLY_REVIEW,True,,,ADVM_023,opend,POC,True,dual,raw/adjusted qualification mismatch
ADVM,Adverum Biotechnologies(已退市),NASDAQ,2024-01-16,2024-04-15,2024-04-15,0.807,11.53,13.287484510532837,0.807,11.53,13.287484510532837,8.07,11.53,0.4287484510532837,raw,RAW_ONLY_REVIEW,True,,,ADVM_023,opend,POC,True,dual,raw/adjusted qualification mismatch
ADVM,Adverum Biotechnologies(已退市),NASDAQ,2024-01-17,2024-04-16,2024-04-16,0.8004,11.61,13.505247376311845,0.8004,11.61,13.505247376311845,8.004,11.61,0.4505247376311845,raw,RAW_ONLY_REVIEW,True,,,ADVM_023,opend,POC,True,dual,raw/adjusted qualification mismatch
ADVM,Adverum Biotechnologies(已退市),NASDAQ,2024-01-18,2024-04-17,2024-04-17,0.8499,11.35,12.354512295564184,0.8499,11.35,12.354512295564184,8.499,11.35,0.3354512295564182,raw,RAW_ONLY_REVIEW,True,,,ADVM_023,opend,POC,True,dual,raw/adjusted qualification mismatch
ADVM,Adverum Biotechnologies(已退市),NASDAQ,2024-01-19,2024-04-18,2024-04-18,0.8481,11.15,12.147034547812758,0.8481,11.15,12.147034547812758,8.481,11.15,0.3147034547812759,raw,RAW_ONLY_REVIEW,True,,,ADVM_023,opend,POC,True,dual,raw/adjusted qualification mismatch
ADVM,Adverum Biotechnologies(已退市),NASDAQ,2024-01-22,2024-04-21,2024-04-22,0.8613,11.34,12.16614420062696,0.8613,11.34,12.16614420062696,8.613,11.34,0.3166144200626959,raw,RAW_ONLY_REVIEW,True,,,ADVM_023,opend,POC,True,dual,raw/adjusted qualification mismatch
ADVM,Adverum Biotechnologies(已退市),NASDAQ,2024-01-23,2024-04-22,2024-04-22,0.864,11.34,12.125,0.864,11.34,12.125,8.64,11.34,0.3125,raw,RAW_ONLY_REVIEW,True,,,ADVM_023,opend,POC,True,dual,raw/adjusted qualification mismatch
ADVM,Adverum Biotechnologies(已退市),NASDAQ,2024-01-24,2024-04-23,2024-04-23,0.909,11.0,11.101210121012102,0.909,11.0,11.101210121012102,9.09,11.0,0.21012101210121,raw,RAW_ONLY_REVIEW,True,,,ADVM_023,opend,POC,True,dual,raw/adjusted qualification mismatch
ADVM,Adverum Biotechnologies(已退市),NASDAQ,2024-01-25,2024-04-24,2024-04-24,0.895,10.19,10.385474860335195,0.895,10.19,10.385474860335195,8.95,10.19,0.1385474860335196,raw,RAW_ONLY_REVIEW,True,,,ADVM_023,opend,POC,True,dual,raw/adjusted qualification mismatch
ADXN,Addex Therapeutics,NASDAQ,2023-07-24,2023-10-22,2023-10-23,0.551,6.44,10.687840290381123,0.551,6.44,10.687840290381123,11.02,6.44,-0.4156079854809437,raw,RAW_ONLY_REVIEW,True,,,ADXN_024,opend,POC,True,dual,raw/adjusted qualification mismatch
ADXN,Addex Therapeutics,NASDAQ,2023-07-25,2023-10-23,2023-10-23,0.5527,6.44,10.651890718292025,0.5527,6.44,10.651890718292025,11.054,6.44,-0.4174054640853989,raw,RAW_ONLY_REVIEW,True,,,ADXN_024,opend,POC,True,dual,raw/adjusted qualification mismatch
ADXN,Addex Therapeutics,NASDAQ,2023-07-26,2023-10-24,2023-10-24,0.53,6.31,10.905660377358489,0.53,6.31,10.905660377358489,10.6,6.31,-0.4047169811320754,raw,RAW_ONLY_REVIEW,True,,,ADXN_024,opend,POC,True,dual,raw/adjusted qualification mismatch
ADXN,Addex Therapeutics,NASDAQ,2023-07-27,2023-10-25,2023-10-25,0.52,6.23,10.980769230769232,0.52,6.23,10.980769230769232,10.4,6.23,-0.4009615384615385,raw,RAW_ONLY_REVIEW,True,,,ADXN_024,opend,POC,True,dual,raw/adjusted qualification mismatch
ADXN,Addex Therapeutics,NASDAQ,2023-07-28,2023-10-26,2023-10-26,0.544,6.55,11.040441176470589,0.544,6.55,11.040441176470589,10.88,6.55,-0.3979779411764707,raw,RAW_ONLY_REVIEW,True,,,ADXN_024,opend,POC,True,dual,raw/adjusted qualification mismatch
ADXN,Addex Therapeutics,NASDAQ,2023-08-01,2023-10-30,2023-10-30,0.557,6.13,10.005385996409334,0.557,6.13,10.005385996409334,11.14,6.13,-0.4497307001795332,raw,RAW_ONLY_REVIEW,True,,,ADXN_024,opend,POC,True,dual,raw/adjusted qualification mismatch
ADXN,Addex Therapeutics,NASDAQ,2023-08-02,2023-10-31,2023-10-31,0.531,6.29,10.845574387947268,0.531,6.29,10.845574387947268,10.62,6.29,-0.4077212806026364,raw,RAW_ONLY_REVIEW,True,,,ADXN_024,opend,POC,True,dual,raw/adjusted qualification mismatch
ADXN,Addex Therapeutics,NASDAQ,2023-08-03,2023-11-01,2023-11-01,0.55,6.6,10.999999999999998,0.55,6.6,10.999999999999998,11.0,6.6,-0.4,raw,RAW_ONLY_REVIEW,True,,,ADXN_024,opend,POC,True,dual,raw/adjusted qualification mismatch
ADXN,Addex Therapeutics,NASDAQ,2023-08-07,2023-11-05,2023-11-06,0.5521,6.25,10.320412968665096,0.5521,6.25,10.320412968665096,11.042,6.25,-0.4339793515667451,raw,RAW_ONLY_REVIEW,True,,,ADXN_024,opend,POC,True,dual,raw/adjusted qualification mismatch
ADXN,Addex Therapeutics,NASDAQ,2023-08-08,2023-11-06,2023-11-06,0.53665,6.25,10.646324420013045,0.53665,6.25,10.646324420013045,10.733,6.25,-0.4176837789993478,raw,RAW_ONLY_REVIEW,True,,,ADXN_024,opend,POC,True,dual,raw/adjusted qualification mismatch
ADXN,Addex Therapeutics,NASDAQ,2023-08-16,2023-11-14,2023-11-14,0.532,6.0,10.278195488721805,0.532,6.0,10.278195488721805,10.64,6.0,-0.4360902255639097,raw,RAW_ONLY_REVIEW,True,,,ADXN_024,opend,POC,True,dual,raw/adjusted qualification mismatch
ADXN,Addex Therapeutics,NASDAQ,2023-08-17,2023-11-15,2023-11-15,0.525633,6.0999,10.60486499135328,0.525633,6.0999,10.60486499135328,10.51266,6.0999,-0.4197567504323358,raw,RAW_ONLY_REVIEW,True,,,ADXN_024,opend,POC,True,dual,raw/adjusted qualification mismatch
ADXN,Addex Therapeutics,NASDAQ,2023-08-18,2023-11-16,2023-11-16,0.5164,6.11,10.83191324554609,0.5164,6.11,10.83191324554609,10.328,6.11,-0.4084043377226954,raw,RAW_ONLY_REVIEW,True,,,ADXN_024,opend,POC,True,dual,raw/adjusted qualification mismatch
ADXN,Addex Therapeutics,NASDAQ,2023-08-21,2023-11-19,2023-11-20,0.491751,6.3,11.811361847764417,0.491751,6.3,11.811361847764417,9.83502,6.3,-0.3594319076117791,raw,RAW_ONLY_REVIEW,True,,,ADXN_024,opend,POC,True,dual,raw/adjusted qualification mismatch
ADXN,Addex Therapeutics,NASDAQ,2023-08-22,2023-11-20,2023-11-20,0.4831,6.3,12.040778306768786,0.4831,6.3,12.040778306768786,9.662,6.3,-0.3479610846615608,raw,RAW_ONLY_REVIEW,True,,,ADXN_024,opend,POC,True,dual,raw/adjusted qualification mismatch
ADXN,Addex Therapeutics,NASDAQ,2023-08-23,2023-11-21,2023-11-21,0.4803,6.0,11.492192379762647,0.4803,6.0,11.492192379762647,9.606,6.0,-0.3753903810118676,raw,RAW_ONLY_REVIEW,True,,,ADXN_024,opend,POC,True,dual,raw/adjusted qualification mismatch
ADXN,Addex Therapeutics,NASDAQ,2023-08-24,2023-11-22,2023-11-22,0.4609,5.6001,11.15035799522673,0.4609,5.6001,11.15035799522673,9.218,5.6001,-0.3924821002386635,raw,RAW_ONLY_REVIEW,True,,,ADXN_024,opend,POC,True,dual,raw/adjusted qualification mismatch
ADXN,Addex Therapeutics,NASDAQ,2023-08-25,2023-11-23,2023-11-24,0.4923,5.86,10.903310989234209,0.4923,5.86,10.903310989234209,9.846,5.86,-0.4048344505382896,raw,RAW_ONLY_REVIEW,True,,,ADXN_024,opend,POC,True,dual,raw/adjusted qualification mismatch
ADXN,Addex Therapeutics,NASDAQ,2023-08-28,2023-11-26,2023-11-27,0.4652,5.73,11.317282889079966,0.4652,5.73,11.317282889079966,9.304,5.73,-0.3841358555460017,raw,RAW_ONLY_REVIEW,True,,,ADXN_024,opend,POC,True,dual,raw/adjusted qualification mismatch
ADXN,Addex Therapeutics,NASDAQ,2023-08-29,2023-11-27,2023-11-27,0.49,5.73,10.693877551020408,0.49,5.73,10.693877551020408,9.8,5.73,-0.4153061224489796,raw,RAW_ONLY_REVIEW,True,,,ADXN_024,opend,POC,True,dual,raw/adjusted qualification mismatch
ADXN,Addex Therapeutics,NASDAQ,2023-08-30,2023-11-28,2023-11-28,0.484,5.69,10.75619834710744,0.484,5.69,10.75619834710744,9.68,5.69,-0.4121900826446281,raw,RAW_ONLY_REVIEW,True,,,ADXN_024,opend,POC,True,dual,raw/adjusted qualification mismatch
ADXN,Addex Therapeutics,NASDAQ,2023-08-31,2023-11-29,2023-11-29,0.467,5.705,11.21627408993576,0.467,5.705,11.21627408993576,9.34,5.705,-0.3891862955032119,raw,RAW_ONLY_REVIEW,True,,,ADXN_024,opend,POC,True,dual,raw/adjusted qualification mismatch
ADXN,Addex Therapeutics,NASDAQ,2023-09-01,2023-11-30,2023-11-30,0.454,5.55,11.224669603524228,0.454,5.55,11.224669603524228,9.08,5.55,-0.3887665198237886,raw,RAW_ONLY_REVIEW,True,,,ADXN_024,opend,POC,True,dual,raw/adjusted qualification mismatch
ADXN,Addex Therapeutics,NASDAQ,2023-09-05,2023-12-04,2023-12-04,0.5303,6.1,10.502922873844993,0.5303,6.1,10.502922873844993,10.606,6.1,-0.4248538563077504,raw,RAW_ONLY_REVIEW,True,,,ADXN_024,opend,POC,True,dual,raw/adjusted qualification mismatch
ADXN,Addex Therapeutics,NASDAQ,2023-09-06,2023-12-05,2023-12-05,0.4733,5.8,11.254384111557153,0.4733,5.8,11.254384111557153,9.466,5.8,-0.3872807944221423,raw,RAW_ONLY_REVIEW,True,,,ADXN_024,opend,POC,True,dual,raw/adjusted qualification mismatch
ADXN,Addex Therapeutics,NASDAQ,2023-09-07,2023-12-06,2023-12-06,0.4801,5.5001,10.456154967715058,0.4801,5.5001,10.456154967715058,9.602,5.5001,-0.4271922516142471,raw,RAW_ONLY_REVIEW,True,,,ADXN_024,opend,POC,True,dual,raw/adjusted qualification mismatch
ADXN,Addex Therapeutics,NASDAQ,2023-09-08,2023-12-07,2023-12-07,0.44,5.7005,11.955681818181818,0.44,5.7005,11.955681818181818,8.8,5.7005,-0.3522159090909091,raw,RAW_ONLY_REVIEW,True,,,ADXN_024,opend,POC,True,dual,raw/adjusted qualification mismatch
ADXN,Addex Therapeutics,NASDAQ,2023-09-11,2023-12-10,2023-12-11,0.4709,5.4,10.467402845614782,0.4709,5.4,10.467402845614782,9.418,5.4,-0.4266298577192609,raw,RAW_ONLY_REVIEW,True,,,ADXN_024,opend,POC,True,dual,raw/adjusted qualification mismatch
ADXN,Addex Therapeutics,NASDAQ,2023-09-13,2023-12-12,2023-12-12,0.4356,5.35,11.281910009182736,0.4356,5.35,11.281910009182736,8.712,5.35,-0.3859044995408632,raw,RAW_ONLY_REVIEW,True,,,ADXN_024,opend,POC,True,dual,raw/adjusted qualification mismatch
ADXN,Addex Therapeutics,NASDAQ,2023-09-14,2023-12-13,2023-12-13,0.455,5.4,10.868131868131869,0.455,5.4,10.868131868131869,9.1,5.4,-0.4065934065934065,raw,RAW_ONLY_REVIEW,True,,,ADXN_024,opend,POC,True,dual,raw/adjusted qualification mismatch
ADXN,Addex Therapeutics,NASDAQ,2023-09-15,2023-12-14,2023-12-14,0.42,5.33,11.690476190476192,0.42,5.33,11.690476190476192,8.4,5.33,-0.3654761904761905,raw,RAW_ONLY_REVIEW,True,,,ADXN_024,opend,POC,True,dual,raw/adjusted qualification mismatch
ADXN,Addex Therapeutics,NASDAQ,2023-09-18,2023-12-17,2023-12-18,0.38,5.15,12.55263157894737,0.38,5.15,12.55263157894737,7.6,5.15,-0.3223684210526315,raw,RAW_ONLY_REVIEW,True,,,ADXN_024,opend,POC,True,dual,raw/adjusted qualification mismatch
ADXN,Addex Therapeutics,NASDAQ,2023-09-19,2023-12-18,2023-12-18,0.367,5.15,13.032697547683926,0.367,5.15,13.032697547683926,7.34,5.15,-0.2983651226158037,raw,RAW_ONLY_REVIEW,True,,,ADXN_024,opend,POC,True,dual,raw/adjusted qualification mismatch
ADXN,Addex Therapeutics,NASDAQ,2023-09-20,2023-12-19,2023-12-19,0.36,5.38,13.944444444444445,0.36,5.38,13.944444444444445,7.2,5.38,-0.2527777777777777,raw,RAW_ONLY_REVIEW,True,,,ADXN_024,opend,POC,True,dual,raw/adjusted qualification mismatch
ADXN,Addex Therapeutics,NASDAQ,2023-09-21,2023-12-20,2023-12-20,0.389,5.459,13.033419023136243,0.389,5.459,13.033419023136243,7.78,5.459,-0.2983290488431878,raw,RAW_ONLY_REVIEW,True,,,ADXN_024,opend,POC,True,dual,raw/adjusted qualification mismatch
ADXN,Addex Therapeutics,NASDAQ,2023-09-22,2023-12-21,2023-12-21,0.3657,5.68,14.531856713152855,0.3657,5.68,14.531856713152855,7.314,5.68,-0.2234071643423572,raw,RAW_ONLY_REVIEW,True,,,ADXN_024,opend,POC,True,dual,raw/adjusted qualification mismatch
ADXN,Addex Therapeutics,NASDAQ,2023-09-25,2023-12-24,2023-12-26,0.3524,5.51,14.635641316685584,0.3524,5.51,14.635641316685584,7.048,5.51,-0.2182179341657207,raw,RAW_ONLY_REVIEW,True,,,ADXN_024,opend,POC,True,dual,raw/adjusted qualification mismatch
ADXN,Addex Therapeutics,NASDAQ,2023-09-26,2023-12-25,2023-12-26,0.373,5.51,13.772117962466488,0.373,5.51,13.772117962466488,7.46,5.51,-0.2613941018766756,raw,RAW_ONLY_REVIEW,True,,,ADXN_024,opend,POC,True,dual,raw/adjusted qualification mismatch
ADXN,Addex Therapeutics,NASDAQ,2023-09-27,2023-12-26,2023-12-26,0.345,5.51,14.971014492753625,0.345,5.51,14.971014492753625,6.899999999,5.51,-0.2014492752465869,raw,RAW_ONLY_REVIEW,True,,,ADXN_024,opend,POC,True,dual,raw/adjusted qualification mismatch
ADXN,Addex Therapeutics,NASDAQ,2023-09-28,2023-12-27,2023-12-27,0.3699,5.632,14.225736685590698,0.3699,5.632,14.225736685590698,7.398,5.632,-0.2387131657204649,raw,RAW_ONLY_REVIEW,True,,,ADXN_024,opend,POC,True,dual,raw/adjusted qualification mismatch
ADXN,Addex Therapeutics,NASDAQ,2023-09-29,2023-12-28,2023-12-28,0.3843,5.88,14.300546448087433,0.3843,5.88,14.300546448087433,7.685999999,5.88,-0.2349726774960933,raw,RAW_ONLY_REVIEW,True,,,ADXN_024,opend,POC,True,dual,raw/adjusted qualification mismatch
ADXN,Addex Therapeutics,NASDAQ,2023-10-02,2023-12-31,2024-01-02,0.36,6.298,16.494444444444444,0.36,6.298,16.494444444444444,7.2,6.298,-0.1252777777777778,raw,RAW_ONLY_REVIEW,True,,,ADXN_024,opend,POC,True,dual,raw/adjusted qualification mismatch
ADXN,Addex Therapeutics,NASDAQ,2023-10-03,2024-01-01,2024-01-02,0.3727,6.298,15.89830963241213,0.3727,6.298,15.89830963241213,7.453999999,6.298,-0.1550845182660429,raw,RAW_ONLY_REVIEW,True,,,ADXN_024,opend,POC,True,dual,raw/adjusted qualification mismatch
ADXN,Addex Therapeutics,NASDAQ,2023-10-04,2024-01-02,2024-01-02,0.36,6.298,16.494444444444444,0.36,6.298,16.494444444444444,7.2,6.298,-0.1252777777777778,raw,RAW_ONLY_REVIEW,True,,,ADXN_024,opend,POC,True,dual,raw/adjusted qualification mismatch
ADXN,Addex Therapeutics,NASDAQ,2023-10-05,2024-01-03,2024-01-03,0.3901,6.4295,15.48167136631633,0.3901,6.4295,15.48167136631633,7.802,6.4295,-0.1759164316841834,raw,RAW_ONLY_REVIEW,True,,,ADXN_024,opend,POC,True,dual,raw/adjusted qualification mismatch
ADXN,Addex Therapeutics,NASDAQ,2023-10-06,2024-01-04,2024-01-04,0.4399,6.5,13.776085473971357,0.4399,6.5,13.776085473971357,8.798,6.5,-0.2611957263014322,raw,RAW_ONLY_REVIEW,True,,,ADXN_024,opend,POC,True,dual,raw/adjusted qualification mismatch
ADXN,Addex Therapeutics,NASDAQ,2023-10-09,2024-01-07,2024-01-08,0.4,7.85,18.625,0.4,7.85,18.625,8.0,7.85,-0.01875,raw,RAW_ONLY_REVIEW,True,,,ADXN_024,opend,POC,True,dual,raw/adjusted qualification mismatch
ADXN,Addex Therapeutics,NASDAQ,2023-10-10,2024-01-08,2024-01-08,0.380501,7.85,19.630694794494627,0.380501,7.85,19.630694794494627,7.61002,7.85,0.0315347397247314,raw,RAW_ONLY_REVIEW,True,,,ADXN_024,opend,POC,True,dual,raw/adjusted qualification mismatch
ADXN,Addex Therapeutics,NASDAQ,2023-10-11,2024-01-09,2024-01-09,0.39,8.05,19.64102564102564,0.39,8.05,19.64102564102564,7.8,8.05,0.0320512820512821,raw,RAW_ONLY_REVIEW,True,,,ADXN_024,opend,POC,True,dual,raw/adjusted qualification mismatch
ADXN,Addex Therapeutics,NASDAQ,2023-10-12,2024-01-10,2024-01-10,0.385,6.45,15.753246753246753,0.385,6.45,15.753246753246753,7.7,6.45,-0.1623376623376623,raw,RAW_ONLY_REVIEW,True,,,ADXN_024,opend,POC,True,dual,raw/adjusted qualification mismatch
ADXN,Addex Therapeutics,NASDAQ,2023-10-13,2024-01-11,2024-01-11,0.406,6.98,16.192118226600986,0.406,6.98,16.192118226600986,8.12,6.98,-0.1403940886699506,raw,RAW_ONLY_REVIEW,True,,,ADXN_024,opend,POC,True,dual,raw/adjusted qualification mismatch
ADXN,Addex Therapeutics,NASDAQ,2023-10-16,2024-01-14,2024-01-16,0.4,6.9772,16.442999999999998,0.4,6.9772,16.442999999999998,8.0,6.9772,-0.12785,raw,RAW_ONLY_REVIEW,True,,,ADXN_024,opend,POC,True,dual,raw/adjusted qualification mismatch
ADXN,Addex Therapeutics,NASDAQ,2023-10-17,2024-01-15,2024-01-16,0.42,6.9772,15.612380952380953,0.42,6.9772,15.612380952380953,8.4,6.9772,-0.1693809523809524,raw,RAW_ONLY_REVIEW,True,,,ADXN_024,opend,POC,True,dual,raw/adjusted qualification mismatch
ADXN,Addex Therapeutics,NASDAQ,2023-10-18,2024-01-16,2024-01-16,0.409,6.9772,16.05916870415648,0.409,6.9772,16.05916870415648,8.179999999,6.9772,-0.1470415646879024,raw,RAW_ONLY_REVIEW,True,,,ADXN_024,opend,POC,True,dual,raw/adjusted qualification mismatch
ADXN,Addex Therapeutics,NASDAQ,2023-10-19,2024-01-17,2024-01-17,0.41,6.69,15.31707317073171,0.41,6.69,15.31707317073171,8.199999999,6.69,-0.1841463413639201,raw,RAW_ONLY_REVIEW,True,,,ADXN_024,opend,POC,True,dual,raw/adjusted qualification mismatch
ADXN,Addex Therapeutics,NASDAQ,2023-10-20,2024-01-18,2024-01-18,0.3301,7.1,20.50863374734929,0.3301,7.1,20.50863374734929,6.602,7.1,0.0754316873674643,raw,RAW_ONLY_REVIEW,True,,,ADXN_024,opend,POC,True,dual,raw/adjusted qualification mismatch
AEC,Anfield Energy,NASDAQ,2025-05-05,2025-08-03,2025-09-04,0.045,5.418,119.4,0.045,5.418,119.4,3.375,5.418,0.6053333333333333,raw,RAW_ONLY_REVIEW,True,,,AEC_025,opend,POC,True,dual,raw/adjusted qualification mismatch
AEC,Anfield Energy,NASDAQ,2025-05-06,2025-08-04,2025-09-04,0.043,5.418,125.0,0.043,5.418,125.0,3.224999999,5.418,0.6800000005209303,raw,RAW_ONLY_REVIEW,True,,,AEC_025,opend,POC,True,dual,raw/adjusted qualification mismatch
AEC,Anfield Energy,NASDAQ,2025-05-07,2025-08-05,2025-09-04,0.0431,5.418,124.707656612529,0.0431,5.418,124.707656612529,3.2325,5.418,0.6761020881670534,raw,RAW_ONLY_REVIEW,True,,,AEC_025,opend,POC,True,dual,raw/adjusted qualification mismatch
AEC,Anfield Energy,NASDAQ,2025-05-08,2025-08-06,2025-09-04,0.041,5.418,131.14634146341464,0.041,5.418,131.14634146341464,3.075,5.418,0.7619512195121951,raw,RAW_ONLY_REVIEW,True,,,AEC_025,opend,POC,True,dual,raw/adjusted qualification mismatch
AEC,Anfield Energy,NASDAQ,2025-05-09,2025-08-07,2025-09-04,0.042,5.418,128.0,0.042,5.418,128.0,3.15,5.418,0.7200000000000002,raw,RAW_ONLY_REVIEW,True,,,AEC_025,opend,POC,True,dual,raw/adjusted qualification mismatch
AEC,Anfield Energy,NASDAQ,2025-05-12,2025-08-10,2025-09-04,0.0616,5.418,86.95454545454545,0.0616,5.418,86.95454545454545,4.62,5.418,0.1727272727272728,raw,RAW_ONLY_REVIEW,True,,,AEC_025,opend,POC,True,dual,raw/adjusted qualification mismatch
AEC,Anfield Energy,NASDAQ,2025-05-13,2025-08-11,2025-09-04,0.0612,5.418,87.52941176470588,0.0612,5.418,87.52941176470588,4.59,5.418,0.1803921568627451,raw,RAW_ONLY_REVIEW,True,,,AEC_025,opend,POC,True,dual,raw/adjusted qualification mismatch
AEC,Anfield Energy,NASDAQ,2025-05-14,2025-08-12,2025-09-04,0.0641,5.418,83.52418096723869,0.0641,5.418,83.52418096723869,4.8075,5.418,0.1269890795631825,raw,RAW_ONLY_REVIEW,True,,,AEC_025,opend,POC,True,dual,raw/adjusted qualification mismatch
AEC,Anfield Energy,NASDAQ,2025-05-15,2025-08-13,2025-09-04,0.0594,5.418,90.21212121212122,0.0594,5.418,90.21212121212122,4.455,5.418,0.2161616161616162,raw,RAW_ONLY_REVIEW,True,,,AEC_025,opend,POC,True,dual,raw/adjusted qualification mismatch
AEC,Anfield Energy,NASDAQ,2025-05-16,2025-08-14,2025-09-04,0.0686,5.418,77.9795918367347,0.0686,5.418,77.9795918367347,5.145,5.418,0.0530612244897961,raw,RAW_ONLY_REVIEW,True,,,AEC_025,opend,POC,True,dual,raw/adjusted qualification mismatch
AEC,Anfield Energy,NASDAQ,2025-05-19,2025-08-17,2025-09-04,0.0703,5.418,76.06970128022759,0.0703,5.418,76.06970128022759,5.2725,5.418,0.0275960170697013,raw,RAW_ONLY_REVIEW,True,,,AEC_025,opend,POC,True,dual,raw/adjusted qualification mismatch
AEC,Anfield Energy,NASDAQ,2025-05-20,2025-08-18,2025-09-04,0.065,5.418,82.35384615384615,0.065,5.418,82.35384615384615,4.875,5.418,0.1113846153846154,raw,RAW_ONLY_REVIEW,True,,,AEC_025,opend,POC,True,dual,raw/adjusted qualification mismatch
AEC,Anfield Energy,NASDAQ,2025-05-21,2025-08-19,2025-09-04,0.0651,5.418,82.2258064516129,0.0651,5.418,82.2258064516129,4.8825,5.418,0.1096774193548386,raw,RAW_ONLY_REVIEW,True,,,AEC_025,opend,POC,True,dual,raw/adjusted qualification mismatch
AEC,Anfield Energy,NASDAQ,2025-05-22,2025-08-20,2025-09-04,0.0599,5.418,89.45075125208682,0.0599,5.418,89.45075125208682,4.4925,5.418,0.2060100166944909,raw,RAW_ONLY_REVIEW,True,,,AEC_025,opend,POC,True,dual,raw/adjusted qualification mismatch
AEC,Anfield Energy,NASDAQ,2025-05-23,2025-08-21,2025-09-04,0.06712,5.418,79.72109654350417,0.06712,5.418,79.72109654350417,5.034,5.418,0.0762812872467224,raw,RAW_ONLY_REVIEW,True,,,AEC_025,opend,POC,True,dual,raw/adjusted qualification mismatch
AEC,Anfield Energy,NASDAQ,2025-05-27,2025-08-25,2025-09-04,0.076,5.418,70.28947368421053,0.076,5.418,70.28947368421053,5.7,5.418,-0.0494736842105263,raw,RAW_ONLY_REVIEW,True,,,AEC_025,opend,POC,True,dual,raw/adjusted qualification mismatch
AEC,Anfield Energy,NASDAQ,2025-05-28,2025-08-26,2025-09-04,0.0827,5.418,64.51390568319226,0.0827,5.418,64.51390568319226,6.2025,5.418,-0.1264812575574364,raw,RAW_ONLY_REVIEW,True,,,AEC_025,opend,POC,True,dual,raw/adjusted qualification mismatch
AEC,Anfield Energy,NASDAQ,2025-05-29,2025-08-27,2025-09-04,0.0755,5.418,70.76158940397352,0.0755,5.418,70.76158940397352,5.6625,5.418,-0.0431788079470197,raw,RAW_ONLY_REVIEW,True,,,AEC_025,opend,POC,True,dual,raw/adjusted qualification mismatch
AEC,Anfield Energy,NASDAQ,2025-05-30,2025-08-28,2025-09-04,0.0693,5.418,77.18181818181819,0.0693,5.418,77.18181818181819,5.1975,5.418,0.0424242424242424,raw,RAW_ONLY_REVIEW,True,,,AEC_025,opend,POC,True,dual,raw/adjusted qualification mismatch
AEC,Anfield Energy,NASDAQ,2025-06-02,2025-08-31,2025-09-04,0.075,5.418,71.24000000000001,0.075,5.418,71.24000000000001,5.625,5.418,-0.0367999999999999,raw,RAW_ONLY_REVIEW,True,,,AEC_025,opend,POC,True,dual,raw/adjusted qualification mismatch
AEC,Anfield Energy,NASDAQ,2025-06-03,2025-09-01,2025-09-04,0.075,5.418,71.24000000000001,0.075,5.418,71.24000000000001,5.625,5.418,-0.0367999999999999,raw,RAW_ONLY_REVIEW,True,,,AEC_025,opend,POC,True,dual,raw/adjusted qualification mismatch
AEC,Anfield Energy,NASDAQ,2025-06-04,2025-09-02,2025-09-04,0.077,5.418,69.36363636363636,0.077,5.418,69.36363636363636,5.775,5.418,-0.0618181818181818,raw,RAW_ONLY_REVIEW,True,,,AEC_025,opend,POC,True,dual,raw/adjusted qualification mismatch
AEC,Anfield Energy,NASDAQ,2025-06-05,2025-09-03,2025-09-04,0.075,5.418,71.24000000000001,0.075,5.418,71.24000000000001,5.625,5.418,-0.0367999999999999,raw,RAW_ONLY_REVIEW,True,,,AEC_025,opend,POC,True,dual,raw/adjusted qualification mismatch
AEC,Anfield Energy,NASDAQ,2025-06-06,2025-09-04,2025-09-04,0.0748,5.418,71.4331550802139,0.0748,5.418,71.4331550802139,5.61,5.418,-0.0342245989304813,raw,RAW_ONLY_REVIEW,True,,,AEC_025,opend,POC,True,dual,raw/adjusted qualification mismatch
AEC,Anfield Energy,NASDAQ,2025-06-09,2025-09-07,2025-09-08,0.0782,5.42,68.30946291560102,0.0782,5.42,68.30946291560102,5.865,5.42,-0.0758738277919863,raw,RAW_ONLY_REVIEW,True,,,AEC_025,opend,POC,True,dual,raw/adjusted qualification mismatch
AEC,Anfield Energy,NASDAQ,2025-06-10,2025-09-08,2025-09-08,0.0731,5.42,73.14500683994528,0.0731,5.42,73.14500683994528,5.4825,5.42,-0.0113999088007296,raw,RAW_ONLY_REVIEW,True,,,AEC_025,opend,POC,True,dual,raw/adjusted qualification mismatch
AEC,Anfield Energy,NASDAQ,2025-06-11,2025-09-09,2025-09-09,0.073248,5.35,72.03953691568371,0.073248,5.35,72.03953691568371,5.4936,5.35,-0.0261395077908839,raw,RAW_ONLY_REVIEW,True,,,AEC_025,opend,POC,True,dual,raw/adjusted qualification mismatch
AEC,Anfield Energy,NASDAQ,2025-06-12,2025-09-10,2025-09-10,0.07153,5.409,74.61862155738851,0.07153,5.409,74.61862155738851,5.36475,5.409,0.0082482874318468,raw,RAW_ONLY_REVIEW,True,,,AEC_025,opend,POC,True,dual,raw/adjusted qualification mismatch
AEC,Anfield Energy,NASDAQ,2025-06-13,2025-09-11,2025-09-11,0.074,5.42,72.24324324324324,0.074,5.42,72.24324324324324,5.55,5.42,-0.0234234234234234,raw,RAW_ONLY_REVIEW,True,,,AEC_025,opend,POC,True,dual,raw/adjusted qualification mismatch
AEC,Anfield Energy,NASDAQ,2025-06-16,2025-09-14,2025-09-15,0.0821,5.95,71.47259439707673,0.0821,5.95,71.47259439707673,6.1575,5.95,-0.0336987413723101,raw,RAW_ONLY_REVIEW,True,,,AEC_025,opend,POC,True,dual,raw/adjusted qualification mismatch
AEC,Anfield Energy,NASDAQ,2025-06-17,2025-09-15,2025-09-15,0.086964,5.95,67.41911595602778,0.086964,5.95,67.41911595602778,6.5223,5.95,-0.0877451205862962,raw,RAW_ONLY_REVIEW,True,,,AEC_025,opend,POC,True,dual,raw/adjusted qualification mismatch
AEC,Anfield Energy,NASDAQ,2025-06-18,2025-09-16,2025-09-16,0.0877,5.81,65.24857468643101,0.0877,5.81,65.24857468643101,6.5775,5.81,-0.1166856708475865,raw,RAW_ONLY_REVIEW,True,,,AEC_025,opend,POC,True,dual,raw/adjusted qualification mismatch
AEC,Anfield Energy,NASDAQ,2025-06-20,2025-09-18,2025-09-18,0.095,6.92,71.84210526315789,0.095,6.92,71.84210526315789,7.125,6.92,-0.0287719298245614,raw,RAW_ONLY_REVIEW,True,,,AEC_025,opend,POC,True,dual,raw/adjusted qualification mismatch
AEC,Anfield Energy,NASDAQ,2025-06-23,2025-09-21,2025-09-22,0.092,8.26,88.78260869565217,0.092,8.26,88.78260869565217,6.9,8.26,0.1971014492753622,raw,RAW_ONLY_REVIEW,True,,,AEC_025,opend,POC,True,dual,raw/adjusted qualification mismatch
AEC,Anfield Energy,NASDAQ,2025-06-24,2025-09-22,2025-09-22,0.094,8.26,86.87234042553192,0.094,8.26,86.87234042553192,7.05,8.26,0.1716312056737587,raw,RAW_ONLY_REVIEW,True,,,AEC_025,opend,POC,True,dual,raw/adjusted qualification mismatch
AEC,Anfield Energy,NASDAQ,2025-06-25,2025-09-23,2025-09-23,0.0933,7.99,84.63772775991426,0.0933,7.99,84.63772775991426,6.9975,7.99,0.14183637013219,raw,RAW_ONLY_REVIEW,True,,,AEC_025,opend,POC,True,dual,raw/adjusted qualification mismatch
AEC,Anfield Energy,NASDAQ,2025-06-26,2025-09-24,2025-09-24,0.0911,8.03,87.14489571899011,0.0911,8.03,87.14489571899011,6.8325,8.03,0.1752652762532016,raw,RAW_ONLY_REVIEW,True,,,AEC_025,opend,POC,True,dual,raw/adjusted qualification mismatch
AEC,Anfield Energy,NASDAQ,2025-06-27,2025-09-25,2025-09-25,0.0912,8.46,91.76315789473684,0.0912,8.46,91.76315789473684,6.84,8.46,0.2368421052631579,raw,RAW_ONLY_REVIEW,True,,,AEC_025,opend,POC,True,dual,raw/adjusted qualification mismatch
AEC,Anfield Energy,NASDAQ,2025-06-30,2025-09-28,2025-09-29,0.092,9.68,104.21739130434784,0.092,9.68,104.21739130434784,6.9,9.68,0.4028985507246376,raw,RAW_ONLY_REVIEW,True,,,AEC_025,opend,POC,True,dual,raw/adjusted qualification mismatch
AEC,Anfield Energy,NASDAQ,2025-07-01,2025-09-29,2025-09-29,0.0945,9.68,101.43386243386244,0.0945,9.68,101.43386243386244,7.0875,9.68,0.3657848324514989,raw,RAW_ONLY_REVIEW,True,,,AEC_025,opend,POC,True,dual,raw/adjusted qualification mismatch
AEC,Anfield Energy,NASDAQ,2025-07-02,2025-09-30,2025-09-30,0.0918,10.11,109.13071895424837,0.0918,10.11,109.13071895424837,6.885,10.11,0.4684095860566448,raw,RAW_ONLY_REVIEW,True,,,AEC_025,opend,POC,True,dual,raw/adjusted qualification mismatch
AEC,Anfield Energy,NASDAQ,2025-07-03,2025-10-01,2025-10-01,0.0913,9.79,106.2289156626506,0.0913,9.79,106.2289156626506,6.8475,9.79,0.4297188755020078,raw,RAW_ONLY_REVIEW,True,,,AEC_025,opend,POC,True,dual,raw/adjusted qualification mismatch
AEC,Anfield Energy,NASDAQ,2025-07-07,2025-10-05,2025-10-06,0.0883,8.59,96.281993204983,0.0883,8.59,96.281993204983,6.6225,8.59,0.2970932427331068,raw,RAW_ONLY_REVIEW,True,,,AEC_025,opend,POC,True,dual,raw/adjusted qualification mismatch
AEC,Anfield Energy,NASDAQ,2025-07-08,2025-10-06,2025-10-06,0.0855,8.59,99.46783625730993,0.0855,8.59,99.46783625730993,6.4125,8.59,0.3395711500974658,raw,RAW_ONLY_REVIEW,True,,,AEC_025,opend,POC,True,dual,raw/adjusted qualification mismatch
AEC,Anfield Energy,NASDAQ,2025-07-09,2025-10-07,2025-10-07,0.078,9.39,119.3846153846154,0.078,9.39,119.3846153846154,5.85,9.39,0.6051282051282054,raw,RAW_ONLY_REVIEW,True,,,AEC_025,opend,POC,True,dual,raw/adjusted qualification mismatch
AEC,Anfield Energy,NASDAQ,2025-07-10,2025-10-08,2025-10-08,0.082,8.99,108.6341463414634,0.082,8.99,108.6341463414634,6.15,8.99,0.4617886178861787,raw,RAW_ONLY_REVIEW,True,,,AEC_025,opend,POC,True,dual,raw/adjusted qualification mismatch
AEC,Anfield Energy,NASDAQ,2025-07-11,2025-10-09,2025-10-09,0.083118,9.02,107.52041675689983,0.083118,9.02,107.52041675689983,6.23385,9.02,0.4469388900919975,raw,RAW_ONLY_REVIEW,True,,,AEC_025,opend,POC,True,dual,raw/adjusted qualification mismatch
AEC,Anfield Energy,NASDAQ,2025-07-14,2025-10-12,2025-10-13,0.08364,10.88,129.08130081300814,0.08364,10.88,129.08130081300814,6.273,10.88,0.7344173441734418,raw,RAW_ONLY_REVIEW,True,,,AEC_025,opend,POC,True,dual,raw/adjusted qualification mismatch
AEC,Anfield Energy,NASDAQ,2025-07-15,2025-10-13,2025-10-13,0.088,10.88,122.63636363636364,0.088,10.88,122.63636363636364,6.6,10.88,0.6484848484848487,raw,RAW_ONLY_REVIEW,True,,,AEC_025,opend,POC,True,dual,raw/adjusted qualification mismatch
AEC,Anfield Energy,NASDAQ,2025-07-16,2025-10-14,2025-10-14,0.0832,10.8,128.80769230769232,0.0832,10.8,128.80769230769232,6.24,10.8,0.7307692307692308,raw,RAW_ONLY_REVIEW,True,,,AEC_025,opend,POC,True,dual,raw/adjusted qualification mismatch
AEC,Anfield Energy,NASDAQ,2025-07-17,2025-10-15,2025-10-15,0.0882,10.81,121.562358276644,0.0882,10.81,121.562358276644,6.615,10.81,0.6341647770219199,raw,RAW_ONLY_REVIEW,True,,,AEC_025,opend,POC,True,dual,raw/adjusted qualification mismatch
AEC,Anfield Energy,NASDAQ,2025-07-18,2025-10-16,2025-10-16,0.09,9.59,105.55555555555556,0.09,9.59,105.55555555555556,6.75,9.59,0.4207407407407406,raw,RAW_ONLY_REVIEW,True,,,AEC_025,opend,POC,True,dual,raw/adjusted qualification mismatch
AEC,Anfield Energy,NASDAQ,2025-07-21,2025-10-19,2025-10-20,0.09,7.96,87.44444444444444,0.09,7.96,87.44444444444444,6.75,7.96,0.1792592592592592,raw,RAW_ONLY_REVIEW,True,,,AEC_025,opend,POC,True,dual,raw/adjusted qualification mismatch
AEC,Anfield Energy,NASDAQ,2025-07-22,2025-10-20,2025-10-20,0.092,7.96,85.52173913043478,0.092,7.96,85.52173913043478,6.9,7.96,0.153623188405797,raw,RAW_ONLY_REVIEW,True,,,AEC_025,opend,POC,True,dual,raw/adjusted qualification mismatch
AEC,Anfield Energy,NASDAQ,2025-07-23,2025-10-21,2025-10-21,0.09,7.32,80.33333333333334,0.09,7.32,80.33333333333334,6.75,7.32,0.0844444444444445,raw,RAW_ONLY_REVIEW,True,,,AEC_025,opend,POC,True,dual,raw/adjusted qualification mismatch
AEC,Anfield Energy,NASDAQ,2025-07-24,2025-10-22,2025-10-22,0.0919,7.22,77.56365614798695,0.0919,7.22,77.56365614798695,6.8925,7.22,0.0475154153064925,raw,RAW_ONLY_REVIEW,True,,,AEC_025,opend,POC,True,dual,raw/adjusted qualification mismatch
AEC,Anfield Energy,NASDAQ,2025-07-25,2025-10-23,2025-10-23,0.08938,7.39,81.68068919221302,0.08938,7.39,81.68068919221302,6.7035,7.39,0.1024091892295069,raw,RAW_ONLY_REVIEW,True,,,AEC_025,opend,POC,True,dual,raw/adjusted qualification mismatch
AEC,Anfield Energy,NASDAQ,2025-07-28,2025-10-26,2025-10-27,0.089,7.48,83.04494382022473,0.089,7.48,83.04494382022473,6.675,7.48,0.1205992509363296,raw,RAW_ONLY_REVIEW,True,,,AEC_025,opend,POC,True,dual,raw/adjusted qualification mismatch
AEC,Anfield Energy,NASDAQ,2025-07-29,2025-10-27,2025-10-27,0.079,7.48,93.68354430379748,0.079,7.48,93.68354430379748,5.925,7.48,0.2624472573839664,raw,RAW_ONLY_REVIEW,True,,,AEC_025,opend,POC,True,dual,raw/adjusted qualification mismatch
AEC,Anfield Energy,NASDAQ,2025-07-30,2025-10-28,2025-10-28,0.0719,8.72,120.27955493741308,0.0719,8.72,120.27955493741308,5.3925,8.72,0.6170607324988411,raw,RAW_ONLY_REVIEW,True,,,AEC_025,opend,POC,True,dual,raw/adjusted qualification mismatch
AEC,Anfield Energy,NASDAQ,2025-07-31,2025-10-29,2025-10-29,0.07,7.96,112.71428571428572,0.07,7.96,112.71428571428572,5.25,7.96,0.5161904761904761,raw,RAW_ONLY_REVIEW,True,,,AEC_025,opend,POC,True,dual,raw/adjusted qualification mismatch
AEHL,羚羊控股,NASDAQ,2016-04-25,2016-07-24,2016-07-25,0.35,5.3,14.142857142857144,0.35,5.3,14.142857142857144,20160.0,38160.0,0.8928571428571428,raw,RAW_ONLY_REVIEW,True,,,AEHL_026,opend,POC,True,dual,raw/adjusted qualification mismatch
AEHL,羚羊控股,NASDAQ,2016-04-26,2016-07-25,2016-07-25,0.36,5.3,13.72222222222222,0.36,5.3,13.72222222222222,20736.0,38160.0,0.8402777777777777,raw,RAW_ONLY_REVIEW,True,,,AEHL_026,opend,POC,True,dual,raw/adjusted qualification mismatch
AEHL,羚羊控股,NASDAQ,2016-04-27,2016-07-26,2016-07-26,0.378,5.0,12.227513227513228,0.378,5.0,12.227513227513228,21772.8,36000.0,0.6534391534391535,raw,RAW_ONLY_REVIEW,True,,,AEHL_026,opend,POC,True,dual,raw/adjusted qualification mismatch
AEHL,羚羊控股,NASDAQ,2016-05-03,2016-08-01,2016-08-01,0.36,3.96,10.0,0.36,3.96,10.0,20736.0,28512.0,0.375,raw,RAW_ONLY_REVIEW,True,,,AEHL_026,opend,POC,True,dual,raw/adjusted qualification mismatch
AEHL,羚羊控股,NASDAQ,2016-05-05,2016-08-03,2016-08-03,0.35,3.89,10.114285714285716,0.35,3.89,10.114285714285716,20160.0,28008.0,0.3892857142857142,raw,RAW_ONLY_REVIEW,True,,,AEHL_026,opend,POC,True,dual,raw/adjusted qualification mismatch
AEHL,羚羊控股,NASDAQ,2016-05-06,2016-08-04,2016-08-04,0.349,3.98,10.404011461318053,0.349,3.98,10.404011461318053,20102.4,28656.0,0.4255014326647564,raw,RAW_ONLY_REVIEW,True,,,AEHL_026,opend,POC,True,dual,raw/adjusted qualification mismatch
AEHL,羚羊控股,NASDAQ,2016-05-09,2016-08-07,2016-08-08,0.332,3.82,10.50602409638554,0.332,3.82,10.50602409638554,19123.2,27504.0,0.4382530120481926,raw,RAW_ONLY_REVIEW,True,,,AEHL_026,opend,POC,True,dual,raw/adjusted qualification mismatch
AEHL,羚羊控股,NASDAQ,2016-05-10,2016-08-08,2016-08-08,0.332,3.82,10.50602409638554,0.332,3.82,10.50602409638554,19123.2,27504.0,0.4382530120481926,raw,RAW_ONLY_REVIEW,True,,,AEHL_026,opend,POC,True,dual,raw/adjusted qualification mismatch
AEHL,羚羊控股,NASDAQ,2016-05-11,2016-08-09,2016-08-09,0.33,3.75,10.363636363636363,0.33,3.75,10.363636363636363,19008.0,27000.0,0.4204545454545454,raw,RAW_ONLY_REVIEW,True,,,AEHL_026,opend,POC,True,dual,raw/adjusted qualification mismatch
AEHL,羚羊控股,NASDAQ,2016-05-13,2016-08-11,2016-08-11,0.318,3.63,10.41509433962264,0.318,3.63,10.41509433962264,18316.8,26136.0,0.4268867924528303,raw,RAW_ONLY_REVIEW,True,,,AEHL_026,opend,POC,True,dual,raw/adjusted qualification mismatch
AEHL,羚羊控股,NASDAQ,2016-05-16,2016-08-14,2016-08-15,0.28,3.6,11.857142857142856,0.28,3.6,11.857142857142856,16128.0,25920.0,0.6071428571428572,raw,RAW_ONLY_REVIEW,True,,,AEHL_026,opend,POC,True,dual,raw/adjusted qualification mismatch
AEHL,羚羊控股,NASDAQ,2016-05-17,2016-08-15,2016-08-15,0.292,3.6,11.328767123287673,0.292,3.6,11.328767123287673,16819.199999999,25920.0,0.5410958904110506,raw,RAW_ONLY_REVIEW,True,,,AEHL_026,opend,POC,True,dual,raw/adjusted qualification mismatch
AEHL,羚羊控股,NASDAQ,2016-05-18,2016-08-16,2016-08-16,0.295,3.5,10.864406779661016,0.295,3.5,10.864406779661016,16992.0,25200.0,0.4830508474576271,raw,RAW_ONLY_REVIEW,True,,,AEHL_026,opend,POC,True,dual,raw/adjusted qualification mismatch
AEHL,羚羊控股,NASDAQ,2016-05-20,2016-08-18,2016-08-18,0.3,3.3,10.0,0.3,3.3,10.0,17280.0,23760.0,0.375,raw,RAW_ONLY_REVIEW,True,,,AEHL_026,opend,POC,True,dual,raw/adjusted qualification mismatch
AEHL,羚羊控股,NASDAQ,2025-01-07,2025-04-07,2025-04-07,0.2344,2.58,10.006825938566552,0.2344,2.58,10.006825938566552,56.256,15.48,-0.7248293515358362,raw,RAW_ONLY_REVIEW,True,,,AEHL_027,opend,POC,True,dual,raw/adjusted qualification mismatch
AEHL,羚羊控股,NASDAQ,2025-01-08,2025-04-08,2025-04-08,0.1835,2.18,10.880108991825614,0.1835,2.18,10.880108991825614,44.04,13.08,-0.7029972752043596,raw,RAW_ONLY_REVIEW,True,,,AEHL_027,opend,POC,True,dual,raw/adjusted qualification mismatch
AEHL,羚羊控股,NASDAQ,2025-01-10,2025-04-10,2025-04-10,0.183,3.04,15.612021857923498,0.183,3.04,15.612021857923498,43.92,18.24,-0.5846994535519126,raw,RAW_ONLY_REVIEW,True,,,AEHL_027,opend,POC,True,dual,raw/adjusted qualification mismatch
AEHL,羚羊控股,NASDAQ,2025-01-13,2025-04-13,2025-04-14,0.1657,3.42,19.63971031985516,0.1657,3.42,19.63971031985516,39.768,20.52,-0.484007242003621,raw,RAW_ONLY_REVIEW,True,,,AEHL_027,opend,POC,True,dual,raw/adjusted qualification mismatch
AEHL,羚羊控股,NASDAQ,2025-01-14,2025-04-14,2025-04-14,0.1622,3.42,20.085080147965478,0.1622,3.42,20.085080147965478,38.928,20.52,-0.4728729963008631,raw,RAW_ONLY_REVIEW,True,,,AEHL_027,opend,POC,True,dual,raw/adjusted qualification mismatch
AEHL,羚羊控股,NASDAQ,2025-01-15,2025-04-15,2025-04-15,0.1681,3.25,18.33372992266508,0.1681,3.25,18.33372992266508,40.344,19.5,-0.516656751933373,raw,RAW_ONLY_REVIEW,True,,,AEHL_027,opend,POC,True,dual,raw/adjusted qualification mismatch
AEHL,羚羊控股,NASDAQ,2025-01-16,2025-04-16,2025-04-16,0.157,2.88,17.343949044585987,0.157,2.88,17.343949044585987,37.68,17.28,-0.5414012738853503,raw,RAW_ONLY_REVIEW,True,,,AEHL_027,opend,POC,True,dual,raw/adjusted qualification mismatch
AEHL,羚羊控股,NASDAQ,2025-01-17,2025-04-17,2025-04-17,0.1763,2.7,14.314804310833804,0.1763,2.7,14.314804310833804,42.312,16.2,-0.6171298922291548,raw,RAW_ONLY_REVIEW,True,,,AEHL_027,opend,POC,True,dual,raw/adjusted qualification mismatch
AEHL,羚羊控股,NASDAQ,2025-01-21,2025-04-21,2025-04-21,0.1651,2.58,14.626892792247125,0.1651,2.58,14.626892792247125,39.624,15.48,-0.6093276801938219,raw,RAW_ONLY_REVIEW,True,,,AEHL_027,opend,POC,True,dual,raw/adjusted qualification mismatch
AEHL,羚羊控股,NASDAQ,2025-01-22,2025-04-22,2025-04-22,0.1613,3.1,18.21884686918785,0.1613,3.1,18.21884686918785,38.712,18.6,-0.5195288282703038,raw,RAW_ONLY_REVIEW,True,,,AEHL_027,opend,POC,True,dual,raw/adjusted qualification mismatch
AEHL,羚羊控股,NASDAQ,2025-01-23,2025-04-23,2025-04-23,0.1593,2.93,17.39296924042687,0.1593,2.93,17.39296924042687,38.232,17.58,-0.5401757689893283,raw,RAW_ONLY_REVIEW,True,,,AEHL_027,opend,POC,True,dual,raw/adjusted qualification mismatch
AEHL,羚羊控股,NASDAQ,2025-01-24,2025-04-24,2025-04-24,0.1595,2.89,17.11912225705329,0.1595,2.89,17.11912225705329,38.28,17.34,-0.5470219435736677,raw,RAW_ONLY_REVIEW,True,,,AEHL_027,opend,POC,True,dual,raw/adjusted qualification mismatch
AEHL,羚羊控股,NASDAQ,2025-01-27,2025-04-27,2025-04-28,0.1546,2.78,16.981888745148773,0.1546,2.78,16.981888745148773,37.104,16.679999999,-0.5504527813982321,raw,RAW_ONLY_REVIEW,True,,,AEHL_027,opend,POC,True,dual,raw/adjusted qualification mismatch
AEHL,羚羊控股,NASDAQ,2025-01-28,2025-04-28,2025-04-28,0.145,2.78,18.17241379310345,0.145,2.78,18.17241379310345,34.8,16.679999999,-0.5206896552011494,raw,RAW_ONLY_REVIEW,True,,,AEHL_027,opend,POC,True,dual,raw/adjusted qualification mismatch
AEHL,羚羊控股,NASDAQ,2025-01-29,2025-04-29,2025-04-29,0.1181,2.57,20.76121930567316,0.1181,2.57,20.76121930567316,28.344,15.419999999,-0.4559695173934519,raw,RAW_ONLY_REVIEW,True,,,AEHL_027,opend,POC,True,dual,raw/adjusted qualification mismatch
AEHL,羚羊控股,NASDAQ,2025-01-30,2025-04-30,2025-04-30,0.116,2.59,21.327586206896548,0.116,2.59,21.327586206896548,27.84,15.54,-0.4418103448275862,raw,RAW_ONLY_REVIEW,True,,,AEHL_027,opend,POC,True,dual,raw/adjusted qualification mismatch
AEHL,羚羊控股,NASDAQ,2025-01-31,2025-05-01,2025-05-01,0.118,2.6,21.033898305084747,0.118,2.6,21.033898305084747,28.32,15.6,-0.4491525423728814,raw,RAW_ONLY_REVIEW,True,,,AEHL_027,opend,POC,True,dual,raw/adjusted qualification mismatch
AEHL,羚羊控股,NASDAQ,2025-02-03,2025-05-04,2025-05-05,0.1189,2.56,20.530698065601342,0.1189,2.56,20.530698065601342,28.536,15.36,-0.4617325483599663,raw,RAW_ONLY_REVIEW,True,,,AEHL_027,opend,POC,True,dual,raw/adjusted qualification mismatch
AEHL,羚羊控股,NASDAQ,2025-02-04,2025-05-05,2025-05-05,0.1248,2.56,19.512820512820515,0.1248,2.56,19.512820512820515,29.952,15.36,-0.4871794871794872,raw,RAW_ONLY_REVIEW,True,,,AEHL_027,opend,POC,True,dual,raw/adjusted qualification mismatch
AEHL,羚羊控股,NASDAQ,2025-02-05,2025-05-06,2025-05-06,0.1257,2.57,19.44550517104216,0.1257,2.57,19.44550517104216,30.168,15.419999999,-0.4888623707570936,raw,RAW_ONLY_REVIEW,True,,,AEHL_027,opend,POC,True,dual,raw/adjusted qualification mismatch
AEHL,羚羊控股,NASDAQ,2025-02-06,2025-05-07,2025-05-07,0.1289,2.46,18.08456167571761,0.1289,2.46,18.08456167571761,30.935999999,14.76,-0.5228859580916372,raw,RAW_ONLY_REVIEW,True,,,AEHL_027,opend,POC,True,dual,raw/adjusted qualification mismatch
AEHL,羚羊控股,NASDAQ,2025-02-07,2025-05-08,2025-05-08,0.1297,2.6,19.046260601387814,0.1297,2.6,19.046260601387814,31.128,15.6,-0.4988434849653046,raw,RAW_ONLY_REVIEW,True,,,AEHL_027,opend,POC,True,dual,raw/adjusted qualification mismatch
AEHL,羚羊控股,NASDAQ,2025-02-10,2025-05-11,2025-05-12,0.1266,2.75,20.7219589257504,0.1266,2.75,20.7219589257504,30.383999999,16.5,-0.4569510268383673,raw,RAW_ONLY_REVIEW,True,,,AEHL_027,opend,POC,True,dual,raw/adjusted qualification mismatch
AEHL,羚羊控股,NASDAQ,2025-02-11,2025-05-12,2025-05-12,0.1365,2.75,19.146520146520142,0.1365,2.75,19.146520146520142,32.76,16.5,-0.4963369963369963,raw,RAW_ONLY_REVIEW,True,,,AEHL_027,opend,POC,True,dual,raw/adjusted qualification mismatch
AEHL,羚羊控股,NASDAQ,2025-02-12,2025-05-13,2025-05-13,0.1473,2.61,16.718940936863543,0.1473,2.61,16.718940936863543,35.352,15.66,-0.5570264765784114,raw,RAW_ONLY_REVIEW,True,,,AEHL_027,opend,POC,True,dual,raw/adjusted qualification mismatch
AEHL,羚羊控股,NASDAQ,2025-02-13,2025-05-14,2025-05-14,0.1269,2.67,20.040189125295505,0.1269,2.67,20.040189125295505,30.456,16.02,-0.4739952718676122,raw,RAW_ONLY_REVIEW,True,,,AEHL_027,opend,POC,True,dual,raw/adjusted qualification mismatch
AEHL,羚羊控股,NASDAQ,2025-02-14,2025-05-15,2025-05-15,0.1285,2.69,19.93385214007782,0.1285,2.69,19.93385214007782,30.84,16.14,-0.4766536964980544,raw,RAW_ONLY_REVIEW,True,,,AEHL_027,opend,POC,True,dual,raw/adjusted qualification mismatch
AEHL,羚羊控股,NASDAQ,2025-02-18,2025-05-19,2025-05-19,0.1271,2.57,19.22029897718332,0.1271,2.57,19.22029897718332,30.503999999,15.419999999,-0.4944925255866278,raw,RAW_ONLY_REVIEW,True,,,AEHL_027,opend,POC,True,dual,raw/adjusted qualification mismatch
AEHL,羚羊控股,NASDAQ,2025-02-19,2025-05-20,2025-05-20,0.1306,2.68,19.52067381316999,0.1306,2.68,19.52067381316999,31.344,16.08,-0.4869831546707505,raw,RAW_ONLY_REVIEW,True,,,AEHL_027,opend,POC,True,dual,raw/adjusted qualification mismatch
AEHL,羚羊控股,NASDAQ,2025-02-20,2025-05-21,2025-05-21,0.1401,2.47,16.63026409707352,0.1401,2.47,16.63026409707352,33.624,14.82,-0.5592433975731621,raw,RAW_ONLY_REVIEW,True,,,AEHL_027,opend,POC,True,dual,raw/adjusted qualification mismatch
AEHL,羚羊控股,NASDAQ,2025-02-21,2025-05-22,2025-05-22,0.139,2.3,15.546762589928054,0.139,2.3,15.546762589928054,33.36,13.799999999,-0.5863309352817745,raw,RAW_ONLY_REVIEW,True,,,AEHL_027,opend,POC,True,dual,raw/adjusted qualification mismatch
AEHL,羚羊控股,NASDAQ,2025-02-24,2025-05-25,2025-05-27,0.1252,2.29,17.29073482428115,0.1252,2.29,17.29073482428115,30.048,13.74,-0.5427316293929711,raw,RAW_ONLY_REVIEW,True,,,AEHL_027,opend,POC,True,dual,raw/adjusted qualification mismatch
AEHL,羚羊控股,NASDAQ,2025-02-25,2025-05-26,2025-05-27,0.1286,2.29,16.807153965785382,0.1286,2.29,16.807153965785382,30.864,13.74,-0.5548211508553655,raw,RAW_ONLY_REVIEW,True,,,AEHL_027,opend,POC,True,dual,raw/adjusted qualification mismatch
AEHL,羚羊控股,NASDAQ,2025-02-26,2025-05-27,2025-05-27,0.132,2.29,16.348484848484848,0.132,2.29,16.348484848484848,31.68,13.74,-0.5662878787878788,raw,RAW_ONLY_REVIEW,True,,,AEHL_027,opend,POC,True,dual,raw/adjusted qualification mismatch
AEHL,羚羊控股,NASDAQ,2025-02-27,2025-05-28,2025-05-28,0.1233,2.26,17.32927818329278,0.1233,2.26,17.32927818329278,29.592,13.559999999,-0.5417680454514733,raw,RAW_ONLY_REVIEW,True,,,AEHL_027,opend,POC,True,dual,raw/adjusted qualification mismatch
AEHL,羚羊控股,NASDAQ,2025-02-28,2025-05-29,2025-05-29,0.1145,2.2,18.21397379912664,0.1145,2.2,18.21397379912664,27.48,13.2,-0.519650655021834,raw,RAW_ONLY_REVIEW,True,,,AEHL_027,opend,POC,True,dual,raw/adjusted qualification mismatch
AEHL,羚羊控股,NASDAQ,2025-03-03,2025-06-01,2025-06-02,0.111,1.93,16.38738738738739,0.111,1.93,16.38738738738739,26.64,11.58,-0.5653153153153153,raw,RAW_ONLY_REVIEW,True,,,AEHL_027,opend,POC,True,dual,raw/adjusted qualification mismatch
AEHL,羚羊控股,NASDAQ,2025-03-04,2025-06-02,2025-06-02,0.1041,1.93,17.539865513928913,0.1041,1.93,17.539865513928913,24.984,11.58,-0.5365033621517772,raw,RAW_ONLY_REVIEW,True,,,AEHL_027,opend,POC,True,dual,raw/adjusted qualification mismatch
AEHL,羚羊控股,NASDAQ,2025-03-05,2025-06-03,2025-06-03,0.1136,2.04,16.95774647887324,0.1136,2.04,16.95774647887324,27.264,12.24,-0.551056338028169,raw,RAW_ONLY_REVIEW,True,,,AEHL_027,opend,POC,True,dual,raw/adjusted qualification mismatch
AEHL,羚羊控股,NASDAQ,2025-03-06,2025-06-04,2025-06-04,0.1119,1.99,16.783735478105452,0.1119,1.99,16.783735478105452,26.856,11.94,-0.5554066130473638,raw,RAW_ONLY_REVIEW,True,,,AEHL_027,opend,POC,True,dual,raw/adjusted qualification mismatch
AEHL,羚羊控股,NASDAQ,2025-03-07,2025-06-05,2025-06-05,0.1195,2.31,18.330543933054397,0.1195,2.31,18.330543933054397,28.68,13.86,-0.5167364016736402,raw,RAW_ONLY_REVIEW,True,,,AEHL_027,opend,POC,True,dual,raw/adjusted qualification mismatch
AEHL,羚羊控股,NASDAQ,2025-03-10,2025-06-08,2025-06-09,0.1055,2.29,20.70616113744076,0.1055,2.29,20.70616113744076,25.32,13.74,-0.457345971563981,raw,RAW_ONLY_REVIEW,True,,,AEHL_027,opend,POC,True,dual,raw/adjusted qualification mismatch
AEHL,羚羊控股,NASDAQ,2025-03-11,2025-06-09,2025-06-09,0.1092,2.29,19.97069597069597,0.1092,2.29,19.97069597069597,26.208,13.74,-0.4757326007326007,raw,RAW_ONLY_REVIEW,True,,,AEHL_027,opend,POC,True,dual,raw/adjusted qualification mismatch
AEHL,羚羊控股,NASDAQ,2025-03-12,2025-06-10,2025-06-10,0.1109,2.44,21.00180342651037,0.1109,2.44,21.00180342651037,26.616,14.64,-0.4499549143372408,raw,RAW_ONLY_REVIEW,True,,,AEHL_027,opend,POC,True,dual,raw/adjusted qualification mismatch
AEHL,羚羊控股,NASDAQ,2025-03-13,2025-06-11,2025-06-11,0.1055,2.5,22.696682464454977,0.1055,2.5,22.696682464454977,25.32,15.0,-0.4075829383886256,raw,RAW_ONLY_REVIEW,True,,,AEHL_027,opend,POC,True,dual,raw/adjusted qualification mismatch
AEHL,羚羊控股,NASDAQ,2025-03-14,2025-06-12,2025-06-12,0.1058,2.53,22.913043478260867,0.1058,2.53,22.913043478260867,25.392,15.179999999,-0.4021739130828607,raw,RAW_ONLY_REVIEW,True,,,AEHL_027,opend,POC,True,dual,raw/adjusted qualification mismatch
AEHL,羚羊控股,NASDAQ,2025-03-17,2025-06-15,2025-06-16,0.1179,2.6,21.05258693808312,0.1179,2.6,21.05258693808312,28.296,15.6,-0.4486853265479219,raw,RAW_ONLY_REVIEW,True,,,AEHL_027,opend,POC,True,dual,raw/adjusted qualification mismatch
AEHL,羚羊控股,NASDAQ,2025-03-18,2025-06-16,2025-06-16,0.1113,2.6,22.360287511230908,0.1113,2.6,22.360287511230908,26.712,15.6,-0.4159928122192273,raw,RAW_ONLY_REVIEW,True,,,AEHL_027,opend,POC,True,dual,raw/adjusted qualification mismatch
AEHL,羚羊控股,NASDAQ,2025-03-19,2025-06-17,2025-06-17,0.114,2.51,21.01754385964912,0.114,2.51,21.01754385964912,27.36,15.059999999,-0.4495614035453216,raw,RAW_ONLY_REVIEW,True,,,AEHL_027,opend,POC,True,dual,raw/adjusted qualification mismatch
AEHL,羚羊控股,NASDAQ,2025-03-20,2025-06-18,2025-06-18,0.1118,2.53,21.62969588550984,0.1118,2.53,21.62969588550984,26.832,15.179999999,-0.434257602899523,raw,RAW_ONLY_REVIEW,True,,,AEHL_027,opend,POC,True,dual,raw/adjusted qualification mismatch
AEHL,羚羊控股,NASDAQ,2025-03-21,2025-06-19,2025-06-20,0.1096,2.51,21.9014598540146,0.1096,2.51,21.9014598540146,26.304,15.059999999,-0.427463503687652,raw,RAW_ONLY_REVIEW,True,,,AEHL_027,opend,POC,True,dual,raw/adjusted qualification mismatch
AEHL,羚羊控股,NASDAQ,2025-03-24,2025-06-22,2025-06-23,0.1071,2.62,23.46311858076564,0.1071,2.62,23.46311858076564,25.704,15.72,-0.3884220354808589,raw,RAW_ONLY_REVIEW,True,,,AEHL_027,opend,POC,True,dual,raw/adjusted qualification mismatch
AEHL,羚羊控股,NASDAQ,2025-03-25,2025-06-23,2025-06-23,0.1001,2.62,25.17382617382617,0.1001,2.62,25.17382617382617,24.024,15.72,-0.3456543456543456,raw,RAW_ONLY_REVIEW,True,,,AEHL_027,opend,POC,True,dual,raw/adjusted qualification mismatch
AEHL,羚羊控股,NASDAQ,2025-03-26,2025-06-24,2025-06-24,0.104701,2.61,23.928128671168373,0.104701,2.61,23.928128671168373,25.12824,15.66,-0.3767967832207907,raw,RAW_ONLY_REVIEW,True,,,AEHL_027,opend,POC,True,dual,raw/adjusted qualification mismatch
AEHL,羚羊控股,NASDAQ,2025-03-27,2025-06-25,2025-06-25,0.1024,2.71,25.46484375,0.1024,2.71,25.46484375,24.576,16.26,-0.33837890625,raw,RAW_ONLY_REVIEW,True,,,AEHL_027,opend,POC,True,dual,raw/adjusted qualification mismatch
AEHL,羚羊控股,NASDAQ,2025-03-28,2025-06-26,2025-06-26,0.096,2.6,26.08333333333333,0.096,2.6,26.08333333333333,23.04,15.6,-0.3229166666666666,raw,RAW_ONLY_REVIEW,True,,,AEHL_027,opend,POC,True,dual,raw/adjusted qualification mismatch
AEHL,羚羊控股,NASDAQ,2025-03-31,2025-06-29,2025-06-30,0.0968,2.65,26.37603305785124,0.0968,2.65,26.37603305785124,23.232,15.9,-0.315599173553719,raw,RAW_ONLY_REVIEW,True,,,AEHL_027,opend,POC,True,dual,raw/adjusted qualification mismatch
AEHL,羚羊控股,NASDAQ,2025-04-01,2025-06-30,2025-06-30,0.0955,2.65,26.74869109947644,0.0955,2.65,26.74869109947644,22.92,15.9,-0.3062827225130891,raw,RAW_ONLY_REVIEW,True,,,AEHL_027,opend,POC,True,dual,raw/adjusted qualification mismatch
AEHL,羚羊控股,NASDAQ,2025-04-02,2025-07-01,2025-07-01,0.057,2.715,46.63157894736842,0.057,2.715,46.63157894736842,13.68,16.29,0.1907894736842104,raw,RAW_ONLY_REVIEW,True,,,AEHL_027,opend,POC,True,dual,raw/adjusted qualification mismatch
AEHL,羚羊控股,NASDAQ,2025-04-03,2025-07-02,2025-07-02,0.0525,3.0616,57.31619047619048,0.0525,3.0616,57.31619047619048,12.6,18.3696,0.4579047619047618,raw,RAW_ONLY_REVIEW,True,,,AEHL_027,opend,POC,True,dual,raw/adjusted qualification mismatch
AEI,Alset,NASDAQ,2022-09-29,2022-12-28,2022-12-28,0.1958,2.52,11.870275791624106,0.1958,2.52,11.870275791624106,3.916,2.52,-0.3564862104187947,raw,RAW_ONLY_REVIEW,True,,,AEI_028,opend,POC,True,dual,raw/adjusted qualification mismatch
AEI,Alset,NASDAQ,2022-10-03,2023-01-01,2023-01-03,0.2322,2.66,10.45564168819983,0.2322,2.66,10.45564168819983,4.644,2.66,-0.4272179155900085,raw,RAW_ONLY_REVIEW,True,,,AEI_028,opend,POC,True,dual,raw/adjusted qualification mismatch
AEI,Alset,NASDAQ,2022-10-04,2023-01-02,2023-01-03,0.238,2.66,10.176470588235295,0.238,2.66,10.176470588235295,4.76,2.66,-0.4411764705882353,raw,RAW_ONLY_REVIEW,True,,,AEI_028,opend,POC,True,dual,raw/adjusted qualification mismatch
AEI,Alset,NASDAQ,2022-10-05,2023-01-03,2023-01-03,0.2222,2.66,10.971197119711972,0.2222,2.66,10.971197119711972,4.444,2.66,-0.4014401440144014,raw,RAW_ONLY_REVIEW,True,,,AEI_028,opend,POC,True,dual,raw/adjusted qualification mismatch
AEI,Alset,NASDAQ,2022-10-06,2023-01-04,2023-01-04,0.2271,2.7227,10.988991633641568,0.2271,2.7227,10.988991633641568,4.542,2.7227,-0.4005504183179216,raw,RAW_ONLY_REVIEW,True,,,AEI_028,opend,POC,True,dual,raw/adjusted qualification mismatch
AEI,Alset,NASDAQ,2022-10-07,2023-01-05,2023-01-05,0.2155,2.58,10.97215777262181,0.2155,2.58,10.97215777262181,4.31,2.58,-0.4013921113689094,raw,RAW_ONLY_REVIEW,True,,,AEI_028,opend,POC,True,dual,raw/adjusted qualification mismatch
AEI,Alset,NASDAQ,2022-10-10,2023-01-08,2023-01-09,0.2219,2.66,10.987381703470032,0.2219,2.66,10.987381703470032,4.438,2.66,-0.4006309148264984,raw,RAW_ONLY_REVIEW,True,,,AEI_028,opend,POC,True,dual,raw/adjusted qualification mismatch
AEI,Alset,NASDAQ,2022-10-11,2023-01-09,2023-01-09,0.218,2.66,11.201834862385322,0.218,2.66,11.201834862385322,4.36,2.66,-0.3899082568807339,raw,RAW_ONLY_REVIEW,True,,,AEI_028,opend,POC,True,dual,raw/adjusted qualification mismatch
AEI,Alset,NASDAQ,2022-10-12,2023-01-10,2023-01-10,0.2245,2.74,11.20489977728285,0.2245,2.74,11.20489977728285,4.49,2.74,-0.3897550111358574,raw,RAW_ONLY_REVIEW,True,,,AEI_028,opend,POC,True,dual,raw/adjusted qualification mismatch
AEI,Alset,NASDAQ,2022-10-13,2023-01-11,2023-01-11,0.22,2.87,12.045454545454549,0.22,2.87,12.045454545454549,4.4,2.87,-0.3477272727272728,raw,RAW_ONLY_REVIEW,True,,,AEI_028,opend,POC,True,dual,raw/adjusted qualification mismatch
AEI,Alset,NASDAQ,2022-10-14,2023-01-12,2023-01-12,0.2229,2.88,11.920592193808885,0.2229,2.88,11.920592193808885,4.458,2.88,-0.3539703903095559,raw,RAW_ONLY_REVIEW,True,,,AEI_028,opend,POC,True,dual,raw/adjusted qualification mismatch
AEI,Alset,NASDAQ,2022-10-17,2023-01-15,2023-01-17,0.22,3.04,12.818181818181818,0.22,3.04,12.818181818181818,4.4,3.04,-0.3090909090909092,raw,RAW_ONLY_REVIEW,True,,,AEI_028,opend,POC,True,dual,raw/adjusted qualification mismatch
AEI,Alset,NASDAQ,2022-10-18,2023-01-16,2023-01-17,0.224,3.04,12.571428571428571,0.224,3.04,12.571428571428571,4.48,3.04,-0.3214285714285715,raw,RAW_ONLY_REVIEW,True,,,AEI_028,opend,POC,True,dual,raw/adjusted qualification mismatch
AEI,Alset,NASDAQ,2022-10-19,2023-01-17,2023-01-17,0.22,3.04,12.818181818181818,0.22,3.04,12.818181818181818,4.4,3.04,-0.3090909090909092,raw,RAW_ONLY_REVIEW,True,,,AEI_028,opend,POC,True,dual,raw/adjusted qualification mismatch
AEI,Alset,NASDAQ,2022-10-20,2023-01-18,2023-01-18,0.2228,2.85,11.791741472172353,0.2228,2.85,11.791741472172353,4.456,2.85,-0.3604129263913824,raw,RAW_ONLY_REVIEW,True,,,AEI_028,opend,POC,True,dual,raw/adjusted qualification mismatch
AEI,Alset,NASDAQ,2022-10-21,2023-01-19,2023-01-19,0.226,2.78,11.300884955752212,0.226,2.78,11.300884955752212,4.52,2.78,-0.3849557522123893,raw,RAW_ONLY_REVIEW,True,,,AEI_028,opend,POC,True,dual,raw/adjusted qualification mismatch
AEI,Alset,NASDAQ,2022-10-24,2023-01-22,2023-01-23,0.2155,2.92,12.549883990719255,0.2155,2.92,12.549883990719255,4.31,2.92,-0.3225058004640371,raw,RAW_ONLY_REVIEW,True,,,AEI_028,opend,POC,True,dual,raw/adjusted qualification mismatch
AEI,Alset,NASDAQ,2022-10-25,2023-01-23,2023-01-23,0.2097,2.92,12.924654268001907,0.2097,2.92,12.924654268001907,4.194,2.92,-0.3037672865999046,raw,RAW_ONLY_REVIEW,True,,,AEI_028,opend,POC,True,dual,raw/adjusted qualification mismatch
AEI,Alset,NASDAQ,2022-10-26,2023-01-24,2023-01-24,0.2068,3.14,14.18375241779497,0.2068,3.14,14.18375241779497,4.136,3.14,-0.2408123791102514,raw,RAW_ONLY_REVIEW,True,,,AEI_028,opend,POC,True,dual,raw/adjusted qualification mismatch
AEI,Alset,NASDAQ,2022-10-27,2023-01-25,2023-01-25,0.2078,3.12,14.014436958614052,0.2078,3.12,14.014436958614052,4.156,3.12,-0.2492781520692972,raw,RAW_ONLY_REVIEW,True,,,AEI_028,opend,POC,True,dual,raw/adjusted qualification mismatch
AEI,Alset,NASDAQ,2022-10-28,2023-01-26,2023-01-26,0.207206,3.13,14.105740181268882,0.207206,3.13,14.105740181268882,4.14412,3.13,-0.2447129909365559,raw,RAW_ONLY_REVIEW,True,,,AEI_028,opend,POC,True,dual,raw/adjusted qualification mismatch
AEI,Alset,NASDAQ,2022-10-31,2023-01-29,2023-01-30,0.2005,3.07,14.311720698254362,0.2005,3.07,14.311720698254362,4.01,3.07,-0.2344139650872817,raw,RAW_ONLY_REVIEW,True,,,AEI_028,opend,POC,True,dual,raw/adjusted qualification mismatch
AEI,Alset,NASDAQ,2022-11-01,2023-01-30,2023-01-30,0.2,3.07,14.349999999999998,0.2,3.07,14.349999999999998,4.0,3.07,-0.2325,raw,RAW_ONLY_REVIEW,True,,,AEI_028,opend,POC,True,dual,raw/adjusted qualification mismatch
AEI,Alset,NASDAQ,2022-11-02,2023-01-31,2023-01-31,0.1973,3.09,14.661429295489102,0.1973,3.09,14.661429295489102,3.946,3.09,-0.2169285352255449,raw,RAW_ONLY_REVIEW,True,,,AEI_028,opend,POC,True,dual,raw/adjusted qualification mismatch
AEI,Alset,NASDAQ,2022-11-03,2023-02-01,2023-02-01,0.1956,3.1,14.848670756646218,0.1956,3.1,14.848670756646218,3.912,3.1,-0.2075664621676891,raw,RAW_ONLY_REVIEW,True,,,AEI_028,opend,POC,True,dual,raw/adjusted qualification mismatch
AEI,Alset,NASDAQ,2022-11-04,2023-02-02,2023-02-02,0.1978,3.12,14.77350859453994,0.1978,3.12,14.77350859453994,3.956,3.12,-0.211324570273003,raw,RAW_ONLY_REVIEW,True,,,AEI_028,opend,POC,True,dual,raw/adjusted qualification mismatch
AEI,Alset,NASDAQ,2022-11-08,2023-02-06,2023-02-06,0.183,2.1,10.475409836065577,0.183,2.1,10.475409836065577,3.66,2.1,-0.4262295081967213,raw,RAW_ONLY_REVIEW,True,,,AEI_028,opend,POC,True,dual,raw/adjusted qualification mismatch
AEI,Alset,NASDAQ,2022-11-09,2023-02-07,2023-02-07,0.1691,2.12,11.536960378474276,0.1691,2.12,11.536960378474276,3.382,2.12,-0.3731519810762862,raw,RAW_ONLY_REVIEW,True,,,AEI_028,opend,POC,True,dual,raw/adjusted qualification mismatch
AEI,Alset,NASDAQ,2022-11-10,2023-02-08,2023-02-08,0.1781,2.01,10.285794497473328,0.1781,2.01,10.285794497473328,3.562,2.01,-0.4357102751263335,raw,RAW_ONLY_REVIEW,True,,,AEI_028,opend,POC,True,dual,raw/adjusted qualification mismatch
AEI,Alset,NASDAQ,2022-11-11,2023-02-09,2023-02-09,0.1617,1.95,11.059369202226344,0.1617,1.95,11.059369202226344,3.234,1.95,-0.3970315398886828,raw,RAW_ONLY_REVIEW,True,,,AEI_028,opend,POC,True,dual,raw/adjusted qualification mismatch
AEI,Alset,NASDAQ,2022-11-14,2023-02-12,2023-02-13,0.1629,1.98,11.154696132596683,0.1629,1.98,11.154696132596683,3.258,1.98,-0.3922651933701657,raw,RAW_ONLY_REVIEW,True,,,AEI_028,opend,POC,True,dual,raw/adjusted qualification mismatch
AEI,Alset,NASDAQ,2022-11-15,2023-02-13,2023-02-13,0.156,1.98,11.692307692307692,0.156,1.98,11.692307692307692,3.12,1.98,-0.3653846153846154,raw,RAW_ONLY_REVIEW,True,,,AEI_028,opend,POC,True,dual,raw/adjusted qualification mismatch
AEI,Alset,NASDAQ,2022-11-16,2023-02-14,2023-02-14,0.161,1.94,11.049689440993788,0.161,1.94,11.049689440993788,3.22,1.94,-0.3975155279503106,raw,RAW_ONLY_REVIEW,True,,,AEI_028,opend,POC,True,dual,raw/adjusted qualification mismatch
AEI,Alset,NASDAQ,2022-11-17,2023-02-15,2023-02-15,0.16,1.99,11.4375,0.16,1.99,11.4375,3.2,1.99,-0.378125,raw,RAW_ONLY_REVIEW,True,,,AEI_028,opend,POC,True,dual,raw/adjusted qualification mismatch
AEI,Alset,NASDAQ,2022-11-18,2023-02-16,2023-02-16,0.1741,1.99,10.430212521539344,0.1741,1.99,10.430212521539344,3.482,1.99,-0.4284893739230327,raw,RAW_ONLY_REVIEW,True,,,AEI_028,opend,POC,True,dual,raw/adjusted qualification mismatch
AEI,Alset,NASDAQ,2022-11-21,2023-02-19,2023-02-21,0.1773,1.99,10.223914269599549,0.1773,1.99,10.223914269599549,3.546,1.99,-0.4388042865200225,raw,RAW_ONLY_REVIEW,True,,,AEI_028,opend,POC,True,dual,raw/adjusted qualification mismatch
AEMD,Aethlon Medical,NASDAQ,2015-01-14,2015-04-14,2015-04-14,0.29,12.0,40.37931034482759,0.29,12.0,40.37931034482759,173999.9652,144000.0,-0.1724136275861738,raw,RAW_ONLY_REVIEW,True,,,AEMD_029,opend,POC,True,dual,raw/adjusted qualification mismatch
AEMD,Aethlon Medical,NASDAQ,2015-01-15,2015-04-15,2015-04-15,0.272,14.0,50.47058823529412,0.272,14.0,50.47058823529412,163199.96736,168000.0,0.0294119705882764,raw,RAW_ONLY_REVIEW,True,,,AEMD_029,opend,POC,True,dual,raw/adjusted qualification mismatch
AEMD,Aethlon Medical,NASDAQ,2015-01-16,2015-04-16,2015-04-16,0.277,12.4,43.765342960288805,0.277,12.4,43.765342960288805,166199.96676,148800.0,-0.1046929617328162,raw,RAW_ONLY_REVIEW,True,,,AEMD_029,opend,POC,True,dual,raw/adjusted qualification mismatch
AEMD,Aethlon Medical,NASDAQ,2015-01-20,2015-04-20,2015-04-20,0.27,12.0,43.44444444444444,0.27,12.0,43.44444444444444,161999.9676,144000.0,-0.1111109333332978,raw,RAW_ONLY_REVIEW,True,,,AEMD_029,opend,POC,True,dual,raw/adjusted qualification mismatch
AEMD,Aethlon Medical,NASDAQ,2015-01-21,2015-04-21,2015-04-21,0.233,12.0,50.50214592274678,0.233,12.0,50.50214592274678,139799.97204,144000.0,0.0300431244635606,raw,RAW_ONLY_REVIEW,True,,,AEMD_029,opend,POC,True,dual,raw/adjusted qualification mismatch
AEMD,Aethlon Medical,NASDAQ,2015-01-22,2015-04-22,2015-04-22,0.25,11.2,43.8,0.25,11.2,43.8,149999.97,134399.999999999,-0.1039998207999707,raw,RAW_ONLY_REVIEW,True,,,AEMD_029,opend,POC,True,dual,raw/adjusted qualification mismatch
AEMD,Aethlon Medical,NASDAQ,2015-01-23,2015-04-23,2015-04-23,0.259,10.51,39.57915057915058,0.259,10.51,39.57915057915058,155399.96892,126120.0,-0.1884168261003537,raw,RAW_ONLY_REVIEW,True,,,AEMD_029,opend,POC,True,dual,raw/adjusted qualification mismatch
AEMD,Aethlon Medical,NASDAQ,2015-01-26,2015-04-26,2015-04-27,0.2715,9.6,34.35911602209944,0.2715,9.6,34.35911602209944,162899.96742,115200.0,-0.2928175381215187,raw,RAW_ONLY_REVIEW,True,,,AEMD_029,opend,POC,True,dual,raw/adjusted qualification mismatch
AEMD,Aethlon Medical,NASDAQ,2015-01-27,2015-04-27,2015-04-27,0.253,9.6,36.94466403162056,0.253,9.6,36.94466403162056,151799.96964,115200.0,-0.2411065675889024,raw,RAW_ONLY_REVIEW,True,,,AEMD_029,opend,POC,True,dual,raw/adjusted qualification mismatch
AEMD,Aethlon Medical,NASDAQ,2015-01-28,2015-04-28,2015-04-28,0.2565,9.0,34.08771929824562,0.2565,9.0,34.08771929824562,153899.96922,108000.0,-0.2982454736841824,raw,RAW_ONLY_REVIEW,True,,,AEMD_029,opend,POC,True,dual,raw/adjusted qualification mismatch
AEMD,Aethlon Medical,NASDAQ,2015-01-29,2015-04-29,2015-04-29,0.252,8.649,33.32142857142857,0.252,8.649,33.32142857142857,151199.96976,103787.999999999,-0.3135712912856935,raw,RAW_ONLY_REVIEW,True,,,AEMD_029,opend,POC,True,dual,raw/adjusted qualification mismatch
AEMD,Aethlon Medical,NASDAQ,2015-01-30,2015-04-30,2015-04-30,0.2499,8.15,31.61304521808724,0.2499,8.15,31.61304521808724,149939.970012,97800.0,-0.3477389651860484,raw,RAW_ONLY_REVIEW,True,,,AEMD_029,opend,POC,True,dual,raw/adjusted qualification mismatch
AEMD,Aethlon Medical,NASDAQ,2015-02-02,2015-05-03,2015-05-04,0.223,9.01,39.403587443946186,0.223,9.01,39.403587443946186,133799.97324,108120.0,-0.191928089506694,raw,RAW_ONLY_REVIEW,True,,,AEMD_029,opend,POC,True,dual,raw/adjusted qualification mismatch
AEMD,Aethlon Medical,NASDAQ,2015-02-03,2015-05-04,2015-05-04,0.21,9.01,41.90476190476191,0.21,9.01,41.90476190476191,125999.9748,108120.0,-0.1419045902856799,raw,RAW_ONLY_REVIEW,True,,,AEMD_029,opend,POC,True,dual,raw/adjusted qualification mismatch
AEMD,Aethlon Medical,NASDAQ,2015-02-04,2015-05-05,2015-05-05,0.1998,8.51,41.59259259259259,0.1998,8.51,41.59259259259259,119879.976024,102120.0,-0.1481479777777437,raw,RAW_ONLY_REVIEW,True,,,AEMD_029,opend,POC,True,dual,raw/adjusted qualification mismatch
AEMD,Aethlon Medical,NASDAQ,2015-02-05,2015-05-06,2015-05-06,0.24,8.68,35.166666666666664,0.24,8.68,35.166666666666664,143999.9712,104160.0,-0.2766665219999711,raw,RAW_ONLY_REVIEW,True,,,AEMD_029,opend,POC,True,dual,raw/adjusted qualification mismatch
AEMD,Aethlon Medical,NASDAQ,2015-02-06,2015-05-07,2015-05-07,0.2225,8.59,37.60674157303371,0.2225,8.59,37.60674157303371,133499.9733,103080.0,-0.2278650141123287,raw,RAW_ONLY_REVIEW,True,,,AEMD_029,opend,POC,True,dual,raw/adjusted qualification mismatch
AEMD,Aethlon Medical,NASDAQ,2015-02-09,2015-05-10,2015-05-11,0.218,8.95,40.05504587155963,0.218,8.95,40.05504587155963,130799.97384,107399.999999999,-0.1788989183485987,raw,RAW_ONLY_REVIEW,True,,,AEMD_029,opend,POC,True,dual,raw/adjusted qualification mismatch
AEMD,Aethlon Medical,NASDAQ,2015-02-10,2015-05-11,2015-05-11,0.211,8.95,41.41706161137441,0.211,8.95,41.41706161137441,126599.97468,107399.999999999,-0.1516585981042394,raw,RAW_ONLY_REVIEW,True,,,AEMD_029,opend,POC,True,dual,raw/adjusted qualification mismatch
AEMD,Aethlon Medical,NASDAQ,2015-02-11,2015-05-12,2015-05-12,0.2,8.75,42.75,0.2,8.75,42.75,119999.976,105000.0,-0.1249998249999649,raw,RAW_ONLY_REVIEW,True,,,AEMD_029,opend,POC,True,dual,raw/adjusted qualification mismatch
AEMD,Aethlon Medical,NASDAQ,2015-02-12,2015-05-13,2015-05-13,0.21,8.66,40.23809523809524,0.21,8.66,40.23809523809524,125999.9748,103920.0,-0.1752379302856812,raw,RAW_ONLY_REVIEW,True,,,AEMD_029,opend,POC,True,dual,raw/adjusted qualification mismatch
AEMD,Aethlon Medical,NASDAQ,2015-02-13,2015-05-14,2015-05-14,0.2189,8.17,36.32297852900868,0.2189,8.17,36.32297852900868,131339.973732,98040.0,-0.2535402801278825,raw,RAW_ONLY_REVIEW,True,,,AEMD_029,opend,POC,True,dual,raw/adjusted qualification mismatch
AEMD,Aethlon Medical,NASDAQ,2015-02-17,2015-05-18,2015-05-18,0.205,8.75,41.6829268292683,0.205,8.75,41.6829268292683,122999.9754,105000.0,-0.1463412926828926,raw,RAW_ONLY_REVIEW,True,,,AEMD_029,opend,POC,True,dual,raw/adjusted qualification mismatch
AEMD,Aethlon Medical,NASDAQ,2015-02-18,2015-05-19,2015-05-19,0.1917,8.81,44.95722483046427,0.1917,8.81,44.95722483046427,115019.976996,105720.0,-0.0808553195617786,raw,RAW_ONLY_REVIEW,True,,,AEMD_029,opend,POC,True,dual,raw/adjusted qualification mismatch
AEMD,Aethlon Medical,NASDAQ,2015-02-19,2015-05-20,2015-05-20,0.192,8.75,44.57291666666666,0.192,8.75,44.57291666666666,115199.97696,105000.0,-0.0885414843749635,raw,RAW_ONLY_REVIEW,True,,,AEMD_029,opend,POC,True,dual,raw/adjusted qualification mismatch
AEMD,Aethlon Medical,NASDAQ,2015-02-20,2015-05-21,2015-05-21,0.191,8.85,45.33507853403141,0.191,8.85,45.33507853403141,114599.97708,106200.0,-0.0732982439790205,raw,RAW_ONLY_REVIEW,True,,,AEMD_029,opend,POC,True,dual,raw/adjusted qualification mismatch
AEMD,Aethlon Medical,NASDAQ,2015-02-23,2015-05-24,2015-05-26,0.188,8.65,45.01063829787234,0.188,8.65,45.01063829787234,112799.97744,103800.0,-0.0797870499999632,raw,RAW_ONLY_REVIEW,True,,,AEMD_029,opend,POC,True,dual,raw/adjusted qualification mismatch
AEMD,Aethlon Medical,NASDAQ,2015-02-24,2015-05-25,2015-05-26,0.18,8.65,47.05555555555556,0.18,8.65,47.05555555555556,107999.9784,103800.0,-0.0388886966666283,raw,RAW_ONLY_REVIEW,True,,,AEMD_029,opend,POC,True,dual,raw/adjusted qualification mismatch
AEMD,Aethlon Medical,NASDAQ,2015-02-25,2015-05-26,2015-05-26,0.1676,8.65,50.6109785202864,0.1676,8.65,50.6109785202864,100559.979888,103800.0,0.0322197768496832,raw,RAW_ONLY_REVIEW,True,,,AEMD_029,opend,POC,True,dual,raw/adjusted qualification mismatch
AEMD,Aethlon Medical,NASDAQ,2015-02-26,2015-05-27,2015-05-27,0.209,8.63,40.29186602870814,0.209,8.63,40.29186602870814,125399.97492,103560.0,-0.1741625142583401,raw,RAW_ONLY_REVIEW,True,,,AEMD_029,opend,POC,True,dual,raw/adjusted qualification mismatch
AEMD,Aethlon Medical,NASDAQ,2015-02-27,2015-05-28,2015-05-28,0.19,8.74,45.0,0.19,8.74,45.0,113999.9772,104880.0,-0.0799998159999632,raw,RAW_ONLY_REVIEW,True,,,AEMD_029,opend,POC,True,dual,raw/adjusted qualification mismatch
AEMD,Aethlon Medical,NASDAQ,2015-03-02,2015-05-31,2015-06-01,0.195,8.21,41.1025641025641,0.195,8.21,41.1025641025641,116999.9766,98520.0,-0.1579485495384278,raw,RAW_ONLY_REVIEW,True,,,AEMD_029,opend,POC,True,dual,raw/adjusted qualification mismatch
AEMD,Aethlon Medical,NASDAQ,2015-03-03,2015-06-01,2015-06-01,0.1905,8.21,42.0971128608924,0.1905,8.21,42.0971128608924,114299.97714,98520.0,-0.1380575703936662,raw,RAW_ONLY_REVIEW,True,,,AEMD_029,opend,POC,True,dual,raw/adjusted qualification mismatch
AEMD,Aethlon Medical,NASDAQ,2015-03-04,2015-06-02,2015-06-02,0.2102,7.95,36.82112274024738,0.2102,7.95,36.82112274024738,126119.974776,95400.0,-0.2435773939105311,raw,RAW_ONLY_REVIEW,True,,,AEMD_029,opend,POC,True,dual,raw/adjusted qualification mismatch
AEMD,Aethlon Medical,NASDAQ,2015-03-05,2015-06-03,2015-06-03,0.23,7.83,33.04347826086956,0.23,7.83,33.04347826086956,137999.9724,93960.0,-0.3191302986086684,raw,RAW_ONLY_REVIEW,True,,,AEMD_029,opend,POC,True,dual,raw/adjusted qualification mismatch
AEMD,Aethlon Medical,NASDAQ,2015-03-06,2015-06-04,2015-06-04,0.2138,7.51,34.12628624883068,0.2138,7.51,34.12628624883068,128279.974344,90120.0,-0.2974741345182132,raw,RAW_ONLY_REVIEW,True,,,AEMD_029,opend,POC,True,dual,raw/adjusted qualification mismatch
AEMD,Aethlon Medical,NASDAQ,2015-03-09,2015-06-07,2015-06-08,0.215,7.4,33.418604651162795,0.215,7.4,33.418604651162795,128999.9742,88800.0,-0.3116277693022981,raw,RAW_ONLY_REVIEW,True,,,AEMD_029,opend,POC,True,dual,raw/adjusted qualification mismatch
AEMD,Aethlon Medical,NASDAQ,2015-03-10,2015-06-08,2015-06-08,0.205,7.4,35.09756097560976,0.205,7.4,35.09756097560976,122999.9754,88800.0,-0.278048636097532,raw,RAW_ONLY_REVIEW,True,,,AEMD_029,opend,POC,True,dual,raw/adjusted qualification mismatch
AEMD,Aethlon Medical,NASDAQ,2015-03-11,2015-06-09,2015-06-09,0.2017,7.0,33.70500743678731,0.2017,7.0,33.70500743678731,121019.975796,84000.0,-0.3058997124441963,raw,RAW_ONLY_REVIEW,True,,,AEMD_029,opend,POC,True,dual,raw/adjusted qualification mismatch
AEMD,Aethlon Medical,NASDAQ,2015-03-12,2015-06-10,2015-06-10,0.195,6.6,32.84615384615385,0.195,6.6,32.84615384615385,116999.9766,79200.0,-0.3230767876922805,raw,RAW_ONLY_REVIEW,True,,,AEMD_029,opend,POC,True,dual,raw/adjusted qualification mismatch
AEMD,Aethlon Medical,NASDAQ,2015-03-13,2015-06-11,2015-06-11,0.203,6.6,31.51231527093596,0.203,6.6,31.51231527093596,121799.97564,79200.0,-0.3497535645319937,raw,RAW_ONLY_REVIEW,True,,,AEMD_029,opend,POC,True,dual,raw/adjusted qualification mismatch
AEMD,Aethlon Medical,NASDAQ,2015-03-16,2015-06-14,2015-06-15,0.235,7.45,30.702127659574472,0.235,7.45,30.702127659574472,140999.9718,89400.0,-0.3659573199999746,raw,RAW_ONLY_REVIEW,True,,,AEMD_029,opend,POC,True,dual,raw/adjusted qualification mismatch
AEMD,Aethlon Medical,NASDAQ,2015-03-17,2015-06-15,2015-06-15,0.25,7.45,28.8,0.25,7.45,28.8,149999.97,89400.0,-0.4039998807999762,raw,RAW_ONLY_REVIEW,True,,,AEMD_029,opend,POC,True,dual,raw/adjusted qualification mismatch
AEMD,Aethlon Medical,NASDAQ,2015-03-18,2015-06-16,2015-06-16,0.245,7.3,28.79591836734694,0.245,7.3,28.79591836734694,146999.9706,87600.0,-0.4040815134693639,raw,RAW_ONLY_REVIEW,True,,,AEMD_029,opend,POC,True,dual,raw/adjusted qualification mismatch
AEMD,Aethlon Medical,NASDAQ,2015-03-19,2015-06-17,2015-06-17,0.2265,7.03,30.037527593818982,0.2265,7.03,30.037527593818982,135899.97282,84360.0,-0.3792493239734851,raw,RAW_ONLY_REVIEW,True,,,AEMD_029,opend,POC,True,dual,raw/adjusted qualification mismatch
AEMD,Aethlon Medical,NASDAQ,2015-03-20,2015-06-18,2015-06-18,0.236,7.1,29.084745762711865,0.236,7.1,29.084745762711865,141599.97168,85200.0,-0.3983049644067555,raw,RAW_ONLY_REVIEW,True,,,AEMD_029,opend,POC,True,dual,raw/adjusted qualification mismatch
AEMD,Aethlon Medical,NASDAQ,2015-03-23,2015-06-21,2015-06-22,0.251,6.83,26.21115537848605,0.251,6.83,26.21115537848605,150599.96988,81960.0,-0.4557767835856355,raw,RAW_ONLY_REVIEW,True,,,AEMD_029,opend,POC,True,dual,raw/adjusted qualification mismatch
AEMD,Aethlon Medical,NASDAQ,2015-03-24,2015-06-22,2015-06-22,0.24,6.83,27.458333333333336,0.24,6.83,27.458333333333336,143999.9712,81960.0,-0.4308332194999772,raw,RAW_ONLY_REVIEW,True,,,AEMD_029,opend,POC,True,dual,raw/adjusted qualification mismatch
AEMD,Aethlon Medical,NASDAQ,2015-03-25,2015-06-23,2015-06-23,0.225,6.85,29.444444444444443,0.225,6.85,29.444444444444443,134999.973,82200.0,-0.391110989333309,raw,RAW_ONLY_REVIEW,True,,,AEMD_029,opend,POC,True,dual,raw/adjusted qualification mismatch
AEMD,Aethlon Medical,NASDAQ,2015-03-26,2015-06-24,2015-06-24,0.21,6.65,30.666666666666668,0.21,6.65,30.666666666666668,125999.9748,79800.0,-0.3666665399999746,raw,RAW_ONLY_REVIEW,True,,,AEMD_029,opend,POC,True,dual,raw/adjusted qualification mismatch
AEMD,Aethlon Medical,NASDAQ,2015-03-27,2015-06-25,2015-06-25,0.2145,6.8,30.7016317016317,0.2145,6.8,30.7016317016317,128699.97426,81600.0,-0.3659672391608138,raw,RAW_ONLY_REVIEW,True,,,AEMD_029,opend,POC,True,dual,raw/adjusted qualification mismatch
AEMD,Aethlon Medical,NASDAQ,2015-03-30,2015-06-28,2015-06-29,0.24,6.55,26.291666666666668,0.24,6.55,26.291666666666668,143999.9712,78600.0,-0.4541665574999781,raw,RAW_ONLY_REVIEW,True,,,AEMD_029,opend,POC,True,dual,raw/adjusted qualification mismatch
AEMD,Aethlon Medical,NASDAQ,2015-03-31,2015-06-29,2015-06-29,0.227,6.55,27.854625550660792,0.227,6.55,27.854625550660792,136199.97276,78600.0,-0.4229073735682589,raw,RAW_ONLY_REVIEW,True,,,AEMD_029,opend,POC,True,dual,raw/adjusted qualification mismatch
AEMD,Aethlon Medical,NASDAQ,2015-04-01,2015-06-30,2015-06-30,0.237,6.51,26.468354430379748,0.237,6.51,26.468354430379748,142199.97156,78120.0,-0.4506328015189653,raw,RAW_ONLY_REVIEW,True,,,AEMD_029,opend,POC,True,dual,raw/adjusted qualification mismatch
AEMD,Aethlon Medical,NASDAQ,2015-04-02,2015-07-01,2015-07-01,0.2421,7.0,27.91367203634861,0.2421,7.0,27.91367203634861,145259.970948,84000.0,-0.4217264436183164,raw,RAW_ONLY_REVIEW,True,,,AEMD_029,opend,POC,True,dual,raw/adjusted qualification mismatch
AEMD,Aethlon Medical,NASDAQ,2015-04-06,2015-07-05,2015-07-06,0.24,6.75,27.125,0.24,6.75,27.125,143999.9712,81000.0,-0.4374998874999775,raw,RAW_ONLY_REVIEW,True,,,AEMD_029,opend,POC,True,dual,raw/adjusted qualification mismatch
AEMD,Aethlon Medical,NASDAQ,2015-04-07,2015-07-06,2015-07-06,0.2513,6.75,25.86032630322324,0.2513,6.75,25.86032630322324,150779.969844,81000.0,-0.4627933664942085,raw,RAW_ONLY_REVIEW,True,,,AEMD_029,opend,POC,True,dual,raw/adjusted qualification mismatch
AEMD,Aethlon Medical,NASDAQ,2015-04-08,2015-07-07,2015-07-07,0.1985,6.6,32.249370277078086,0.1985,6.6,32.249370277078086,119099.97618,79200.0,-0.3350124614609305,raw,RAW_ONLY_REVIEW,True,,,AEMD_029,opend,POC,True,dual,raw/adjusted qualification mismatch
AEMD,Aethlon Medical,NASDAQ,2015-04-09,2015-07-08,2015-07-08,0.205,7.16,33.926829268292686,0.205,7.16,33.926829268292686,122999.9754,85920.0,-0.3014632749268012,raw,RAW_ONLY_REVIEW,True,,,AEMD_029,opend,POC,True,dual,raw/adjusted qualification mismatch
AEMD,Aethlon Medical,NASDAQ,2015-04-10,2015-07-09,2015-07-09,0.205,7.51,35.63414634146341,0.205,7.51,35.63414634146341,122999.9754,90120.0,-0.267316926634117,raw,RAW_ONLY_REVIEW,True,,,AEMD_029,opend,POC,True,dual,raw/adjusted qualification mismatch
AEMD,Aethlon Medical,NASDAQ,2015-04-13,2015-07-12,2015-07-13,0.1955,8.94,44.72890025575448,0.1955,8.94,44.72890025575448,117299.97654,107280.0,-0.0854218119692729,raw,RAW_ONLY_REVIEW,True,,,AEMD_029,opend,POC,True,dual,raw/adjusted qualification mismatch
AEMD,Aethlon Medical,NASDAQ,2019-07-17,2019-10-15,2019-10-15,0.32,3.97,11.40625,0.32,3.97,11.40625,3840.0,3176.0,-0.1729166666666667,raw,RAW_ONLY_REVIEW,True,,,AEMD_030,opend,POC,True,dual,raw/adjusted qualification mismatch
AEMD,Aethlon Medical,NASDAQ,2019-07-18,2019-10-16,2019-10-16,0.3151,4.99,14.836242462710253,0.3151,4.99,14.836242462710253,3781.2,3992.0,0.0557494975140167,raw,RAW_ONLY_REVIEW,True,,,AEMD_030,opend,POC,True,dual,raw/adjusted qualification mismatch
AEMD,Aethlon Medical,NASDAQ,2019-07-19,2019-10-17,2019-10-17,0.303,4.61,14.214521452145217,0.303,4.61,14.214521452145217,3636.0,3688.0,0.0143014301430142,raw,RAW_ONLY_REVIEW,True,,,AEMD_030,opend,POC,True,dual,raw/adjusted qualification mismatch
AEMD,Aethlon Medical,NASDAQ,2019-07-22,2019-10-20,2019-10-21,0.3198,4.58,13.321450906816764,0.3198,4.58,13.321450906816764,3837.599999999,3664.0,-0.0452366062119671,raw,RAW_ONLY_REVIEW,True,,,AEMD_030,opend,POC,True,dual,raw/adjusted qualification mismatch
AEMD,Aethlon Medical,NASDAQ,2019-07-23,2019-10-21,2019-10-21,0.3143,4.58,13.572064906140628,0.3143,4.58,13.572064906140628,3771.6,3664.0,-0.0285290062572912,raw,RAW_ONLY_REVIEW,True,,,AEMD_030,opend,POC,True,dual,raw/adjusted qualification mismatch
AEMD,Aethlon Medical,NASDAQ,2019-07-24,2019-10-22,2019-10-22,0.314,3.95,11.579617834394904,0.314,3.95,11.579617834394904,3768.0,3160.0,-0.1613588110403396,raw,RAW_ONLY_REVIEW,True,,,AEMD_030,opend,POC,True,dual,raw/adjusted qualification mismatch
AEMD,Aethlon Medical,NASDAQ,2019-07-25,2019-10-23,2019-10-23,0.3,3.95,12.166666666666668,0.3,3.95,12.166666666666668,3600.0,3160.0,-0.1222222222222222,raw,RAW_ONLY_REVIEW,True,,,AEMD_030,opend,POC,True,dual,raw/adjusted qualification mismatch
AEMD,Aethlon Medical,NASDAQ,2019-07-26,2019-10-24,2019-10-24,0.3,4.34,13.466666666666669,0.3,4.34,13.466666666666669,3600.0,3472.0,-0.0355555555555555,raw,RAW_ONLY_REVIEW,True,,,AEMD_030,opend,POC,True,dual,raw/adjusted qualification mismatch
AEMD,Aethlon Medical,NASDAQ,2019-07-29,2019-10-27,2019-10-28,0.26,4.67,16.96153846153846,0.26,4.67,16.96153846153846,3120.0,3736.0,0.1974358974358974,raw,RAW_ONLY_REVIEW,True,,,AEMD_030,opend,POC,True,dual,raw/adjusted qualification mismatch
AEMD,Aethlon Medical,NASDAQ,2019-07-30,2019-10-28,2019-10-28,0.25,4.67,17.68,0.25,4.67,17.68,3000.0,3736.0,0.2453333333333334,raw,RAW_ONLY_REVIEW,True,,,AEMD_030,opend,POC,True,dual,raw/adjusted qualification mismatch
AEMD,Aethlon Medical,NASDAQ,2019-07-31,2019-10-29,2019-10-29,0.22,3.95,16.954545454545457,0.22,3.95,16.954545454545457,2640.0,3160.0,0.196969696969697,raw,RAW_ONLY_REVIEW,True,,,AEMD_030,opend,POC,True,dual,raw/adjusted qualification mismatch
AEMD,Aethlon Medical,NASDAQ,2019-08-01,2019-10-30,2019-10-30,0.2289,4.0,16.47487986020096,0.2289,4.0,16.47487986020096,2746.8,3200.0,0.1649919906800641,raw,RAW_ONLY_REVIEW,True,,,AEMD_030,opend,POC,True,dual,raw/adjusted qualification mismatch
AEMD,Aethlon Medical,NASDAQ,2019-08-02,2019-10-31,2019-10-31,0.2342,4.5,18.214346712211785,0.2342,4.5,18.214346712211785,2810.4,3600.0,0.2809564474807855,raw,RAW_ONLY_REVIEW,True,,,AEMD_030,opend,POC,True,dual,raw/adjusted qualification mismatch
AEMD,Aethlon Medical,NASDAQ,2019-08-05,2019-11-03,2019-11-04,0.221556,3.66,15.51952553756161,0.221556,3.66,15.51952553756161,2658.672,2928.0,0.1013017025041072,raw,RAW_ONLY_REVIEW,True,,,AEMD_030,opend,POC,True,dual,raw/adjusted qualification mismatch
AEMD,Aethlon Medical,NASDAQ,2019-08-06,2019-11-04,2019-11-04,0.235,3.66,14.574468085106384,0.235,3.66,14.574468085106384,2820.0,2928.0,0.0382978723404254,raw,RAW_ONLY_REVIEW,True,,,AEMD_030,opend,POC,True,dual,raw/adjusted qualification mismatch
AEMD,Aethlon Medical,NASDAQ,2019-08-07,2019-11-05,2019-11-05,0.26,3.7,13.230769230769232,0.26,3.7,13.230769230769232,3120.0,2960.0,-0.0512820512820513,raw,RAW_ONLY_REVIEW,True,,,AEMD_030,opend,POC,True,dual,raw/adjusted qualification mismatch
AEMD,Aethlon Medical,NASDAQ,2019-08-08,2019-11-06,2019-11-06,0.28,3.6206,11.930714285714284,0.28,3.6206,11.930714285714284,3360.0,2896.48,-0.1379523809523809,raw,RAW_ONLY_REVIEW,True,,,AEMD_030,opend,POC,True,dual,raw/adjusted qualification mismatch
AEMD,Aethlon Medical,NASDAQ,2019-08-09,2019-11-07,2019-11-07,0.258136,3.4,12.171351535624632,0.258136,3.4,12.171351535624632,3097.631999999,2720.0,-0.1219098976247411,raw,RAW_ONLY_REVIEW,True,,,AEMD_030,opend,POC,True,dual,raw/adjusted qualification mismatch
AEMD,Aethlon Medical,NASDAQ,2019-08-12,2019-11-10,2019-11-11,0.24,3.35,12.958333333333334,0.24,3.35,12.958333333333334,2880.0,2680.0,-0.0694444444444444,raw,RAW_ONLY_REVIEW,True,,,AEMD_030,opend,POC,True,dual,raw/adjusted qualification mismatch
AEMD,Aethlon Medical,NASDAQ,2019-08-13,2019-11-11,2019-11-11,0.2321,3.35,13.433433864713486,0.2321,3.35,13.433433864713486,2785.2,2680.0,-0.0377710756857675,raw,RAW_ONLY_REVIEW,True,,,AEMD_030,opend,POC,True,dual,raw/adjusted qualification mismatch
AEMD,Aethlon Medical,NASDAQ,2019-08-14,2019-11-12,2019-11-12,0.2615,3.6,12.766730401529635,0.2615,3.6,12.766730401529635,3138.0,2880.0,-0.0822179732313576,raw,RAW_ONLY_REVIEW,True,,,AEMD_030,opend,POC,True,dual,raw/adjusted qualification mismatch
AEMD,Aethlon Medical,NASDAQ,2019-08-15,2019-11-13,2019-11-13,0.2588,3.4222,12.223338485316848,0.2588,3.4222,12.223338485316848,3105.599999999,2737.76,-0.1184441009785929,raw,RAW_ONLY_REVIEW,True,,,AEMD_030,opend,POC,True,dual,raw/adjusted qualification mismatch
AEMD,Aethlon Medical,NASDAQ,2019-08-16,2019-11-14,2019-11-14,0.28,3.3,10.785714285714285,0.28,3.3,10.785714285714285,3360.0,2640.0,-0.2142857142857143,raw,RAW_ONLY_REVIEW,True,,,AEMD_030,opend,POC,True,dual,raw/adjusted qualification mismatch
AEMD,Aethlon Medical,NASDAQ,2019-08-19,2019-11-17,2019-11-18,0.26,2.9374,10.297692307692309,0.26,2.9374,10.297692307692309,3120.0,2349.92,-0.2468205128205127,raw,RAW_ONLY_REVIEW,True,,,AEMD_030,opend,POC,True,dual,raw/adjusted qualification mismatch
AEMD,Aethlon Medical,NASDAQ,2019-08-20,2019-11-18,2019-11-18,0.25976,2.9374,10.308130582075762,0.25976,2.9374,10.308130582075762,3117.12,2349.92,-0.2461246278616158,raw,RAW_ONLY_REVIEW,True,,,AEMD_030,opend,POC,True,dual,raw/adjusted qualification mismatch
AEMD,Aethlon Medical,NASDAQ,2019-08-22,2019-11-20,2019-11-20,0.2611,3.0,10.489850631941785,0.2611,3.0,10.489850631941785,3133.2,2400.0,-0.2340099578705476,raw,RAW_ONLY_REVIEW,True,,,AEMD_030,opend,POC,True,dual,raw/adjusted qualification mismatch
AEMD,Aethlon Medical,NASDAQ,2019-09-11,2019-12-10,2019-12-10,0.26,2.96,10.384615384615383,0.26,2.96,10.384615384615383,3120.0,2368.0,-0.241025641025641,raw,RAW_ONLY_REVIEW,True,,,AEMD_030,opend,POC,True,dual,raw/adjusted qualification mismatch
AEMD,Aethlon Medical,NASDAQ,2023-10-04,2024-01-02,2024-01-02,0.1961,2.165,10.040285568587455,0.1961,2.165,10.040285568587455,156.88,173.2,0.1040285568587455,raw,RAW_ONLY_REVIEW,True,,,AEMD_031,opend,POC,True,dual,raw/adjusted qualification mismatch
AGEN,艾吉纳斯,NASDAQ,2024-01-24,2024-04-23,2024-04-23,0.5864,6.46,10.01637107776262,0.5864,6.46,10.01637107776262,11.728,6.46,-0.449181446111869,raw,RAW_ONLY_REVIEW,True,,,AGEN_032,opend,POC,True,dual,raw/adjusted qualification mismatch
AGEN,艾吉纳斯,NASDAQ,2024-01-25,2024-04-24,2024-04-24,0.5998,7.42,11.37079026342114,0.5998,7.42,11.37079026342114,11.996,7.42,-0.3814604868289429,raw,RAW_ONLY_REVIEW,True,,,AGEN_032,opend,POC,True,dual,raw/adjusted qualification mismatch
AGEN,艾吉纳斯,NASDAQ,2024-01-26,2024-04-25,2024-04-25,0.6626,8.3,11.52641110775732,0.6626,8.3,11.52641110775732,13.252,8.3,-0.373679444612134,raw,RAW_ONLY_REVIEW,True,,,AGEN_032,opend,POC,True,dual,raw/adjusted qualification mismatch
AGEN,艾吉纳斯,NASDAQ,2024-01-29,2024-04-28,2024-04-29,0.6945,12.76,17.37293016558675,0.6945,12.76,17.37293016558675,13.89,12.76,-0.0813534917206624,raw,RAW_ONLY_REVIEW,True,,,AGEN_032,opend,POC,True,dual,raw/adjusted qualification mismatch
AGEN,艾吉纳斯,NASDAQ,2024-01-30,2024-04-29,2024-04-29,0.6335,12.76,19.142067876874503,0.6335,12.76,19.142067876874503,12.669999999,12.76,0.0071033939232125,raw,RAW_ONLY_REVIEW,True,,,AGEN_032,opend,POC,True,dual,raw/adjusted qualification mismatch
AGEN,艾吉纳斯,NASDAQ,2024-01-31,2024-04-30,2024-04-30,0.6672,12.12,17.16546762589928,0.6672,12.12,17.16546762589928,13.344,12.12,-0.0917266187050359,raw,RAW_ONLY_REVIEW,True,,,AGEN_032,opend,POC,True,dual,raw/adjusted qualification mismatch
AGEN,艾吉纳斯,NASDAQ,2024-02-01,2024-05-01,2024-05-01,0.6352,13.26,19.87531486146096,0.6352,13.26,19.87531486146096,12.704,13.26,0.0437657430730478,raw,RAW_ONLY_REVIEW,True,,,AGEN_032,opend,POC,True,dual,raw/adjusted qualification mismatch
AGEN,艾吉纳斯,NASDAQ,2024-02-02,2024-05-02,2024-05-02,0.6372,12.52,18.648462021343377,0.6372,12.52,18.648462021343377,12.744,12.52,-0.017576898932831,raw,RAW_ONLY_REVIEW,True,,,AGEN_032,opend,POC,True,dual,raw/adjusted qualification mismatch
AGEN,艾吉纳斯,NASDAQ,2024-02-05,2024-05-05,2024-05-06,0.6323,12.95,19.48078443776688,0.6323,12.95,19.48078443776688,12.646,12.95,0.024039221888344,raw,RAW_ONLY_REVIEW,True,,,AGEN_032,opend,POC,True,dual,raw/adjusted qualification mismatch
AGEN,艾吉纳斯,NASDAQ,2024-02-06,2024-05-06,2024-05-06,0.7043,12.95,17.387050972596903,0.7043,12.95,17.387050972596903,14.086,12.95,-0.0806474513701548,raw,RAW_ONLY_REVIEW,True,,,AGEN_032,opend,POC,True,dual,raw/adjusted qualification mismatch
AGEN,艾吉纳斯,NASDAQ,2024-02-07,2024-05-07,2024-05-07,0.6799,12.01,16.66436240623621,0.6799,12.01,16.66436240623621,13.597999999,12.01,-0.1167818796232373,raw,RAW_ONLY_REVIEW,True,,,AGEN_032,opend,POC,True,dual,raw/adjusted qualification mismatch
AGEN,艾吉纳斯,NASDAQ,2024-02-08,2024-05-08,2024-05-08,0.6973,11.47,15.449161049763372,0.6973,11.47,15.449161049763372,13.946,11.47,-0.1775419475118312,raw,RAW_ONLY_REVIEW,True,,,AGEN_032,opend,POC,True,dual,raw/adjusted qualification mismatch
AGEN,艾吉纳斯,NASDAQ,2024-02-09,2024-05-09,2024-05-09,0.7481,11.72,14.666354765405696,0.7481,11.72,14.666354765405696,14.962,11.72,-0.2166822617297152,raw,RAW_ONLY_REVIEW,True,,,AGEN_032,opend,POC,True,dual,raw/adjusted qualification mismatch
AGEN,艾吉纳斯,NASDAQ,2024-02-12,2024-05-12,2024-05-13,0.8093,11.09,12.703200296552575,0.8093,11.09,12.703200296552575,16.186,11.09,-0.3148399851723712,raw,RAW_ONLY_REVIEW,True,,,AGEN_032,opend,POC,True,dual,raw/adjusted qualification mismatch
AGEN,艾吉纳斯,NASDAQ,2024-02-13,2024-05-13,2024-05-13,0.7601,11.09,13.590185501907644,0.7601,11.09,13.590185501907644,15.202,11.09,-0.2704907249046178,raw,RAW_ONLY_REVIEW,True,,,AGEN_032,opend,POC,True,dual,raw/adjusted qualification mismatch
AGEN,艾吉纳斯,NASDAQ,2024-02-14,2024-05-14,2024-05-14,0.9279,10.7,10.5314150231706,0.9279,10.7,10.5314150231706,18.558,10.7,-0.42342924884147,raw,RAW_ONLY_REVIEW,True,,,AGEN_032,opend,POC,True,dual,raw/adjusted qualification mismatch
AGEN,艾吉纳斯,NASDAQ,2024-02-15,2024-05-15,2024-05-15,0.6538,10.78,15.488222698072803,0.6538,10.78,15.488222698072803,13.076,10.78,-0.1755888650963598,raw,RAW_ONLY_REVIEW,True,,,AGEN_032,opend,POC,True,dual,raw/adjusted qualification mismatch
AGEN,艾吉纳斯,NASDAQ,2024-02-16,2024-05-16,2024-05-16,0.6551,10.5,15.028087314913757,0.6551,10.5,15.028087314913757,13.102,10.5,-0.1985956342543123,raw,RAW_ONLY_REVIEW,True,,,AGEN_032,opend,POC,True,dual,raw/adjusted qualification mismatch
AGEN,艾吉纳斯,NASDAQ,2024-02-20,2024-05-20,2024-05-20,0.6684,10.7,15.008378216636745,0.6684,10.7,15.008378216636745,13.368,10.7,-0.1995810891681628,raw,RAW_ONLY_REVIEW,True,,,AGEN_032,opend,POC,True,dual,raw/adjusted qualification mismatch
AGEN,艾吉纳斯,NASDAQ,2024-02-21,2024-05-21,2024-05-21,0.6592,11.12,15.868932038834949,0.6592,11.12,15.868932038834949,13.184,11.12,-0.1565533980582524,raw,RAW_ONLY_REVIEW,True,,,AGEN_032,opend,POC,True,dual,raw/adjusted qualification mismatch
AGEN,艾吉纳斯,NASDAQ,2024-02-22,2024-05-22,2024-05-22,0.675,11.91,16.644444444444442,0.675,11.91,16.644444444444442,13.5,11.91,-0.1177777777777777,raw,RAW_ONLY_REVIEW,True,,,AGEN_032,opend,POC,True,dual,raw/adjusted qualification mismatch
AGEN,艾吉纳斯,NASDAQ,2024-02-23,2024-05-23,2024-05-23,0.6821,12.35,17.105849582172702,0.6821,12.35,17.105849582172702,13.642,12.35,-0.0947075208913649,raw,RAW_ONLY_REVIEW,True,,,AGEN_032,opend,POC,True,dual,raw/adjusted qualification mismatch
AGEN,艾吉纳斯,NASDAQ,2024-02-26,2024-05-26,2024-05-28,0.7255,15.25,20.01998621640248,0.7255,15.25,20.01998621640248,14.51,15.25,0.0509993108201241,raw,RAW_ONLY_REVIEW,True,,,AGEN_032,opend,POC,True,dual,raw/adjusted qualification mismatch
AGEN,艾吉纳斯,NASDAQ,2024-02-27,2024-05-27,2024-05-28,0.7778,15.25,18.6065826690666,0.7778,15.25,18.6065826690666,15.556,15.25,-0.01967086654667,raw,RAW_ONLY_REVIEW,True,,,AGEN_032,opend,POC,True,dual,raw/adjusted qualification mismatch
AGEN,艾吉纳斯,NASDAQ,2024-02-28,2024-05-28,2024-05-28,0.7512,15.25,19.300851970181043,0.7512,15.25,19.300851970181043,15.024,15.25,0.0150425985090523,raw,RAW_ONLY_REVIEW,True,,,AGEN_032,opend,POC,True,dual,raw/adjusted qualification mismatch
AGEN,艾吉纳斯,NASDAQ,2024-02-29,2024-05-29,2024-05-29,0.67,15.03,21.43283582089552,0.67,15.03,21.43283582089552,13.4,15.03,0.121641791044776,raw,RAW_ONLY_REVIEW,True,,,AGEN_032,opend,POC,True,dual,raw/adjusted qualification mismatch
AGEN,艾吉纳斯,NASDAQ,2024-03-01,2024-05-30,2024-05-30,0.6601,15.11,21.89047114073625,0.6601,15.11,21.89047114073625,13.202,15.11,0.1445235570368126,raw,RAW_ONLY_REVIEW,True,,,AGEN_032,opend,POC,True,dual,raw/adjusted qualification mismatch
AGEN,艾吉纳斯,NASDAQ,2024-03-04,2024-06-02,2024-06-03,0.6821,16.97,23.87904999266969,0.6821,16.97,23.87904999266969,13.642,16.97,0.2439524996334847,raw,RAW_ONLY_REVIEW,True,,,AGEN_032,opend,POC,True,dual,raw/adjusted qualification mismatch
AGEN,艾吉纳斯,NASDAQ,2024-03-05,2024-06-03,2024-06-03,0.6722,16.97,24.24546265992264,0.6722,16.97,24.24546265992264,13.444,16.97,0.2622731329961318,raw,RAW_ONLY_REVIEW,True,,,AGEN_032,opend,POC,True,dual,raw/adjusted qualification mismatch
AGEN,艾吉纳斯,NASDAQ,2024-03-06,2024-06-04,2024-06-04,0.7,17.5,24.0,0.7,17.5,24.0,14.0,17.5,0.25,raw,RAW_ONLY_REVIEW,True,,,AGEN_032,opend,POC,True,dual,raw/adjusted qualification mismatch
AGEN,艾吉纳斯,NASDAQ,2024-03-07,2024-06-05,2024-06-05,0.7012,17.57,24.057045065601823,0.7012,17.57,24.057045065601823,14.024,17.57,0.2528522532800914,raw,RAW_ONLY_REVIEW,True,,,AGEN_032,opend,POC,True,dual,raw/adjusted qualification mismatch
AGEN,艾吉纳斯,NASDAQ,2024-03-08,2024-06-06,2024-06-06,0.6701,16.56,23.71272944336666,0.6701,16.56,23.71272944336666,13.402,16.56,0.235636472168333,raw,RAW_ONLY_REVIEW,True,,,AGEN_032,opend,POC,True,dual,raw/adjusted qualification mismatch
AGEN,艾吉纳斯,NASDAQ,2024-03-11,2024-06-09,2024-06-10,0.6734,17.17,24.4974754974755,0.6734,17.17,24.4974754974755,13.468,17.17,0.274873774873775,raw,RAW_ONLY_REVIEW,True,,,AGEN_032,opend,POC,True,dual,raw/adjusted qualification mismatch
AGEN,艾吉纳斯,NASDAQ,2024-03-12,2024-06-10,2024-06-10,0.6692,17.17,24.65750149432158,0.6692,17.17,24.65750149432158,13.384,17.17,0.2828750747160791,raw,RAW_ONLY_REVIEW,True,,,AGEN_032,opend,POC,True,dual,raw/adjusted qualification mismatch
AGEN,艾吉纳斯,NASDAQ,2024-03-13,2024-06-11,2024-06-11,0.6586,16.78,24.47828727604009,0.6586,16.78,24.47828727604009,13.172,16.78,0.2739143638020043,raw,RAW_ONLY_REVIEW,True,,,AGEN_032,opend,POC,True,dual,raw/adjusted qualification mismatch
AGEN,艾吉纳斯,NASDAQ,2024-03-14,2024-06-12,2024-06-12,0.5997,16.92,27.214107053526767,0.5997,16.92,27.214107053526767,11.994,16.92,0.4107053526763382,raw,RAW_ONLY_REVIEW,True,,,AGEN_032,opend,POC,True,dual,raw/adjusted qualification mismatch
AGEN,艾吉纳斯,NASDAQ,2024-03-15,2024-06-13,2024-06-13,0.54,16.0,28.629629629629623,0.54,16.0,28.629629629629623,10.8,16.0,0.4814814814814814,raw,RAW_ONLY_REVIEW,True,,,AGEN_032,opend,POC,True,dual,raw/adjusted qualification mismatch
AGEN,艾吉纳斯,NASDAQ,2024-03-18,2024-06-16,2024-06-17,0.5297,14.3,25.99641306399849,0.5297,14.3,25.99641306399849,10.593999999,14.3,0.3498206533273382,raw,RAW_ONLY_REVIEW,True,,,AGEN_032,opend,POC,True,dual,raw/adjusted qualification mismatch
AGEN,艾吉纳斯,NASDAQ,2024-03-19,2024-06-17,2024-06-17,0.5626,14.3,24.41770351937433,0.5626,14.3,24.41770351937433,11.252,14.3,0.2708851759687167,raw,RAW_ONLY_REVIEW,True,,,AGEN_032,opend,POC,True,dual,raw/adjusted qualification mismatch
AGEN,艾吉纳斯,NASDAQ,2024-03-20,2024-06-18,2024-06-18,0.5546,12.99,22.42228633249189,0.5546,12.99,22.42228633249189,11.092,12.99,0.1711143166245943,raw,RAW_ONLY_REVIEW,True,,,AGEN_032,opend,POC,True,dual,raw/adjusted qualification mismatch
AGEN,艾吉纳斯,NASDAQ,2024-03-21,2024-06-19,2024-06-20,0.5622,13.57,23.137317680540733,0.5622,13.57,23.137317680540733,11.244,13.57,0.2068658840270367,raw,RAW_ONLY_REVIEW,True,,,AGEN_032,opend,POC,True,dual,raw/adjusted qualification mismatch
AGEN,艾吉纳斯,NASDAQ,2024-03-22,2024-06-20,2024-06-20,0.5461,13.57,23.848928767624976,0.5461,13.57,23.848928767624976,10.922,13.57,0.2424464383812488,raw,RAW_ONLY_REVIEW,True,,,AGEN_032,opend,POC,True,dual,raw/adjusted qualification mismatch
AGEN,艾吉纳斯,NASDAQ,2024-03-25,2024-06-23,2024-06-24,0.5584,15.23,26.2743553008596,0.5584,15.23,26.2743553008596,11.168,15.23,0.3637177650429801,raw,RAW_ONLY_REVIEW,True,,,AGEN_032,opend,POC,True,dual,raw/adjusted qualification mismatch
AGEN,艾吉纳斯,NASDAQ,2024-03-26,2024-06-24,2024-06-24,0.5364,15.23,27.392990305741986,0.5364,15.23,27.392990305741986,10.728,15.23,0.4196495152870991,raw,RAW_ONLY_REVIEW,True,,,AGEN_032,opend,POC,True,dual,raw/adjusted qualification mismatch
AGEN,艾吉纳斯,NASDAQ,2024-03-27,2024-06-25,2024-06-25,0.5564,14.87,25.725377426312004,0.5564,14.87,25.725377426312004,11.128,14.87,0.3362688713156001,raw,RAW_ONLY_REVIEW,True,,,AGEN_032,opend,POC,True,dual,raw/adjusted qualification mismatch
AGEN,艾吉纳斯,NASDAQ,2024-03-28,2024-06-26,2024-06-26,0.58,14.21,23.500000000000004,0.58,14.21,23.500000000000004,11.6,14.21,0.2250000000000001,raw,RAW_ONLY_REVIEW,True,,,AGEN_032,opend,POC,True,dual,raw/adjusted qualification mismatch
AGEN,艾吉纳斯,NASDAQ,2024-04-01,2024-06-30,2024-07-01,0.5875,16.69,27.408510638297876,0.5875,16.69,27.408510638297876,11.75,16.69,0.4204255319148937,raw,RAW_ONLY_REVIEW,True,,,AGEN_032,opend,POC,True,dual,raw/adjusted qualification mismatch
AGEN,艾吉纳斯,NASDAQ,2024-04-02,2024-07-01,2024-07-01,0.512,16.69,31.59765625,0.512,16.69,31.59765625,10.24,16.69,0.6298828125,raw,RAW_ONLY_REVIEW,True,,,AGEN_032,opend,POC,True,dual,raw/adjusted qualification mismatch
AGEN,艾吉纳斯,NASDAQ,2024-04-03,2024-07-02,2024-07-02,0.5301,14.28,25.93831352574985,0.5301,14.28,25.93831352574985,10.602,14.28,0.3469156762874927,raw,RAW_ONLY_REVIEW,True,,,AGEN_032,opend,POC,True,dual,raw/adjusted qualification mismatch
AGEN,艾吉纳斯,NASDAQ,2024-04-04,2024-07-03,2024-07-03,0.5059,14.53,27.721091124728204,0.5059,14.53,27.721091124728204,10.118,14.53,0.4360545562364102,raw,RAW_ONLY_REVIEW,True,,,AGEN_032,opend,POC,True,dual,raw/adjusted qualification mismatch
AGEN,艾吉纳斯,NASDAQ,2024-04-05,2024-07-04,2024-07-05,0.5037,15.13,29.0377208655946,0.5037,15.13,29.0377208655946,10.074,15.13,0.5018860432797301,raw,RAW_ONLY_REVIEW,True,,,AGEN_032,opend,POC,True,dual,raw/adjusted qualification mismatch
AGEN,艾吉纳斯,NASDAQ,2024-04-08,2024-07-07,2024-07-08,0.4655,15.56,32.42642320085929,0.4655,15.56,32.42642320085929,9.31,15.56,0.6713211600429645,raw,RAW_ONLY_REVIEW,True,,,AGEN_032,opend,POC,True,dual,raw/adjusted qualification mismatch
AGEN,艾吉纳斯,NASDAQ,2024-04-09,2024-07-08,2024-07-08,0.4865,15.56,30.983556012332997,0.4865,15.56,30.983556012332997,9.73,15.56,0.5991778006166495,raw,RAW_ONLY_REVIEW,True,,,AGEN_032,opend,POC,True,dual,raw/adjusted qualification mismatch
AGEN,艾吉纳斯,NASDAQ,2024-04-10,2024-07-09,2024-07-09,0.4461,15.58,33.92490472988119,0.4461,15.58,33.92490472988119,8.922,15.58,0.7462452364940595,raw,RAW_ONLY_REVIEW,True,,,AGEN_032,opend,POC,True,dual,raw/adjusted qualification mismatch
AGEN,艾吉纳斯,NASDAQ,2024-04-11,2024-07-10,2024-07-10,0.4435,15.3,33.49830890642615,0.4435,15.3,33.49830890642615,8.87,15.3,0.724915445321308,raw,RAW_ONLY_REVIEW,True,,,AGEN_032,opend,POC,True,dual,raw/adjusted qualification mismatch
AGIG,Abundia Global Impact Group,AMEX,2020-05-04,2020-08-02,2020-08-03,0.1411,1.62,10.481218993621546,0.1411,1.62,10.481218993621546,17.6375,16.2,-0.0815024805102764,raw,RAW_ONLY_REVIEW,True,,,AGIG_033,opend,POC,True,dual,raw/adjusted qualification mismatch
AGIG,Abundia Global Impact Group,AMEX,2020-05-06,2020-08-04,2020-08-04,0.14,1.66,10.857142857142856,0.14,1.66,10.857142857142856,17.5,16.6,-0.0514285714285713,raw,RAW_ONLY_REVIEW,True,,,AGIG_033,opend,POC,True,dual,raw/adjusted qualification mismatch
AGIG,Abundia Global Impact Group,AMEX,2020-05-07,2020-08-05,2020-08-05,0.142,1.6,10.267605633802818,0.142,1.6,10.267605633802818,17.75,16.0,-0.0985915492957746,raw,RAW_ONLY_REVIEW,True,,,AGIG_033,opend,POC,True,dual,raw/adjusted qualification mismatch
AGIG,Abundia Global Impact Group,AMEX,2020-05-11,2020-08-09,2020-08-10,0.141,1.57,10.134751773049649,0.141,1.57,10.134751773049649,17.625,15.7,-0.1092198581560284,raw,RAW_ONLY_REVIEW,True,,,AGIG_033,opend,POC,True,dual,raw/adjusted qualification mismatch
AGIG,Abundia Global Impact Group,AMEX,2020-05-12,2020-08-10,2020-08-10,0.1368,1.57,10.476608187134502,0.1368,1.57,10.476608187134502,17.1,15.7,-0.0818713450292398,raw,RAW_ONLY_REVIEW,True,,,AGIG_033,opend,POC,True,dual,raw/adjusted qualification mismatch
AGIG,Abundia Global Impact Group,AMEX,2020-05-13,2020-08-11,2020-08-11,0.1335,1.51,10.310861423220974,0.1335,1.51,10.310861423220974,16.6875,15.1,-0.0951310861423221,raw,RAW_ONLY_REVIEW,True,,,AGIG_033,opend,POC,True,dual,raw/adjusted qualification mismatch
AGIG,Abundia Global Impact Group,AMEX,2020-05-26,2020-08-24,2020-08-24,0.1325,1.46,10.0188679245283,0.1325,1.46,10.0188679245283,16.5625,14.6,-0.1184905660377358,raw,RAW_ONLY_REVIEW,True,,,AGIG_033,opend,POC,True,dual,raw/adjusted qualification mismatch
AGIG,Abundia Global Impact Group,AMEX,2020-05-27,2020-08-25,2020-08-25,0.1248,1.41,10.298076923076923,0.1248,1.41,10.298076923076923,15.6,14.1,-0.0961538461538461,raw,RAW_ONLY_REVIEW,True,,,AGIG_033,opend,POC,True,dual,raw/adjusted qualification mismatch
AGIG,Abundia Global Impact Group,AMEX,2020-05-28,2020-08-26,2020-08-26,0.121,1.42,10.735537190082644,0.121,1.42,10.735537190082644,15.125,14.2,-0.0611570247933884,raw,RAW_ONLY_REVIEW,True,,,AGIG_033,opend,POC,True,dual,raw/adjusted qualification mismatch
AGIG,Abundia Global Impact Group,AMEX,2020-05-29,2020-08-27,2020-08-27,0.1227,1.52,11.3879380603097,0.1227,1.52,11.3879380603097,15.3375,15.2,-0.0089649551752242,raw,RAW_ONLY_REVIEW,True,,,AGIG_033,opend,POC,True,dual,raw/adjusted qualification mismatch
AGIG,Abundia Global Impact Group,AMEX,2020-06-01,2020-08-30,2020-08-31,0.1235,1.38,10.17408906882591,0.1235,1.38,10.17408906882591,15.4375,13.799999999,-0.1060728745587044,raw,RAW_ONLY_REVIEW,True,,,AGIG_033,opend,POC,True,dual,raw/adjusted qualification mismatch
AGIG,Abundia Global Impact Group,AMEX,2020-06-02,2020-08-31,2020-08-31,0.125,1.38,10.04,0.125,1.38,10.04,15.625,13.799999999,-0.1168000000639999,raw,RAW_ONLY_REVIEW,True,,,AGIG_033,opend,POC,True,dual,raw/adjusted qualification mismatch
AGIG,Abundia Global Impact Group,AMEX,2020-07-01,2020-09-29,2020-09-29,0.1396,2.98,20.34670487106017,0.1396,2.98,20.34670487106017,17.45,29.8,0.7077363896848139,raw,RAW_ONLY_REVIEW,True,,,AGIG_033,opend,POC,True,dual,raw/adjusted qualification mismatch
AGIG,Abundia Global Impact Group,AMEX,2020-07-02,2020-09-30,2020-09-30,0.1374,1.94,13.119359534206696,0.1374,1.94,13.119359534206696,17.175,19.4,0.1295487627365354,raw,RAW_ONLY_REVIEW,True,,,AGIG_033,opend,POC,True,dual,raw/adjusted qualification mismatch
AGIG,Abundia Global Impact Group,AMEX,2020-07-06,2020-10-04,2020-10-05,0.1375,1.53,10.127272727272729,0.1375,1.53,10.127272727272729,17.1875,15.3,-0.1098181818181818,raw,RAW_ONLY_REVIEW,True,,,AGIG_033,opend,POC,True,dual,raw/adjusted qualification mismatch
AGIG,Abundia Global Impact Group,AMEX,2020-07-07,2020-10-05,2020-10-05,0.1364,1.53,10.21700879765396,0.1364,1.53,10.21700879765396,17.05,15.3,-0.1026392961876833,raw,RAW_ONLY_REVIEW,True,,,AGIG_033,opend,POC,True,dual,raw/adjusted qualification mismatch
AGIG,Abundia Global Impact Group,AMEX,2020-07-08,2020-10-06,2020-10-06,0.1379,1.63,10.820159535895575,0.1379,1.63,10.820159535895575,17.2375,16.299999999,-0.0543872371863669,raw,RAW_ONLY_REVIEW,True,,,AGIG_033,opend,POC,True,dual,raw/adjusted qualification mismatch
AGIG,Abundia Global Impact Group,AMEX,2020-07-09,2020-10-07,2020-10-07,0.1334,1.91,13.31784107946027,0.1334,1.91,13.31784107946027,16.674999999,19.1,0.1454272864255128,raw,RAW_ONLY_REVIEW,True,,,AGIG_033,opend,POC,True,dual,raw/adjusted qualification mismatch
AGIG,Abundia Global Impact Group,AMEX,2020-07-10,2020-10-08,2020-10-08,0.1352,2.34,16.307692307692307,0.1352,2.34,16.307692307692307,16.899999999,23.4,0.3846153846973146,raw,RAW_ONLY_REVIEW,True,,,AGIG_033,opend,POC,True,dual,raw/adjusted qualification mismatch
AGIG,Abundia Global Impact Group,AMEX,2020-07-13,2020-10-11,2020-10-12,0.1372,1.75,11.755102040816327,0.1372,1.75,11.755102040816327,17.149999999,17.5,0.0204081633248052,raw,RAW_ONLY_REVIEW,True,,,AGIG_033,opend,POC,True,dual,raw/adjusted qualification mismatch
AGIG,Abundia Global Impact Group,AMEX,2020-07-14,2020-10-12,2020-10-12,0.1308,1.75,12.37920489296636,0.1308,1.75,12.37920489296636,16.35,17.5,0.0703363914373087,raw,RAW_ONLY_REVIEW,True,,,AGIG_033,opend,POC,True,dual,raw/adjusted qualification mismatch
AGIG,Abundia Global Impact Group,AMEX,2020-07-15,2020-10-13,2020-10-13,0.1307,1.81,12.84850803366488,0.1307,1.81,12.84850803366488,16.3375,18.1,0.1078806426931906,raw,RAW_ONLY_REVIEW,True,,,AGIG_033,opend,POC,True,dual,raw/adjusted qualification mismatch
AGIG,Abundia Global Impact Group,AMEX,2020-07-16,2020-10-14,2020-10-14,0.1283,1.82,13.185502727981294,0.1283,1.82,13.185502727981294,16.0375,18.2,0.1348402182385033,raw,RAW_ONLY_REVIEW,True,,,AGIG_033,opend,POC,True,dual,raw/adjusted qualification mismatch
AGIG,Abundia Global Impact Group,AMEX,2020-07-17,2020-10-15,2020-10-15,0.12838,1.82,13.176663031624864,0.12838,1.82,13.176663031624864,16.0475,18.2,0.1341330425299891,raw,RAW_ONLY_REVIEW,True,,,AGIG_033,opend,POC,True,dual,raw/adjusted qualification mismatch
AGIG,Abundia Global Impact Group,AMEX,2020-07-20,2020-10-18,2020-10-19,0.12634,1.6,11.664239354123794,0.12634,1.6,11.664239354123794,15.7925,16.0,0.0131391483299034,raw,RAW_ONLY_REVIEW,True,,,AGIG_033,opend,POC,True,dual,raw/adjusted qualification mismatch
AGIG,Abundia Global Impact Group,AMEX,2020-07-21,2020-10-19,2020-10-19,0.1299,1.6,11.31716705157814,0.1299,1.6,11.31716705157814,16.237499999,16.0,-0.014626635813064,raw,RAW_ONLY_REVIEW,True,,,AGIG_033,opend,POC,True,dual,raw/adjusted qualification mismatch
AGIG,Abundia Global Impact Group,AMEX,2020-07-22,2020-10-20,2020-10-20,0.129001,1.75,12.565786311734016,0.129001,1.75,12.565786311734016,16.125125,17.5,0.0852629049387214,raw,RAW_ONLY_REVIEW,True,,,AGIG_033,opend,POC,True,dual,raw/adjusted qualification mismatch
AGIG,Abundia Global Impact Group,AMEX,2020-07-23,2020-10-21,2020-10-21,0.1266,1.64,11.954186413902054,0.1266,1.64,11.954186413902054,15.824999999,16.399999999,0.0363349131144603,raw,RAW_ONLY_REVIEW,True,,,AGIG_033,opend,POC,True,dual,raw/adjusted qualification mismatch
AGIG,Abundia Global Impact Group,AMEX,2020-07-24,2020-10-22,2020-10-22,0.1235,1.61,12.036437246963564,0.1235,1.61,12.036437246963564,15.4375,16.1,0.0429149797570851,raw,RAW_ONLY_REVIEW,True,,,AGIG_033,opend,POC,True,dual,raw/adjusted qualification mismatch
AGIG,Abundia Global Impact Group,AMEX,2020-07-27,2020-10-25,2020-10-26,0.1174,1.52,11.947189097103918,0.1174,1.52,11.947189097103918,14.675,15.2,0.0357751277683133,raw,RAW_ONLY_REVIEW,True,,,AGIG_033,opend,POC,True,dual,raw/adjusted qualification mismatch
AGIG,Abundia Global Impact Group,AMEX,2020-07-28,2020-10-26,2020-10-26,0.1198,1.52,11.687813021702835,0.1198,1.52,11.687813021702835,14.975,15.2,0.0150250417362269,raw,RAW_ONLY_REVIEW,True,,,AGIG_033,opend,POC,True,dual,raw/adjusted qualification mismatch
AGIG,Abundia Global Impact Group,AMEX,2020-07-29,2020-10-27,2020-10-27,0.118,1.53,11.966101694915254,0.118,1.53,11.966101694915254,14.75,15.3,0.0372881355932204,raw,RAW_ONLY_REVIEW,True,,,AGIG_033,opend,POC,True,dual,raw/adjusted qualification mismatch
AGIG,Abundia Global Impact Group,AMEX,2020-07-30,2020-10-28,2020-10-28,0.1279,1.45,10.336982017200937,0.1279,1.45,10.336982017200937,15.9875,14.5,-0.093041438623925,raw,RAW_ONLY_REVIEW,True,,,AGIG_033,opend,POC,True,dual,raw/adjusted qualification mismatch
AGIG,Abundia Global Impact Group,AMEX,2020-07-31,2020-10-29,2020-10-29,0.1289,1.44,10.171450737005433,0.1289,1.44,10.171450737005433,16.112499999,14.4,-0.1062839409840983,raw,RAW_ONLY_REVIEW,True,,,AGIG_033,opend,POC,True,dual,raw/adjusted qualification mismatch
AGIG,Abundia Global Impact Group,AMEX,2025-03-19,2025-06-17,2025-06-17,1.12,20.0,16.857142857142854,1.12,20.0,16.857142857142854,11.2,20.0,0.7857142857142858,raw,RAW_ONLY_REVIEW,True,,,AGIG_034,opend,POC,True,dual,raw/adjusted qualification mismatch
AGIG,Abundia Global Impact Group,AMEX,2025-03-20,2025-06-18,2025-06-18,1.08,17.5,15.203703703703702,1.08,17.5,15.203703703703702,10.8,17.5,0.6203703703703702,raw,RAW_ONLY_REVIEW,True,,,AGIG_034,opend,POC,True,dual,raw/adjusted qualification mismatch
AGIG,Abundia Global Impact Group,AMEX,2025-03-21,2025-06-19,2025-06-20,1.05,14.8,13.095238095238097,1.05,14.8,13.095238095238097,10.5,14.8,0.4095238095238096,raw,RAW_ONLY_REVIEW,True,,,AGIG_034,opend,POC,True,dual,raw/adjusted qualification mismatch
AGIG,Abundia Global Impact Group,AMEX,2025-03-24,2025-06-22,2025-06-23,1.03,18.54,17.0,1.03,18.54,17.0,10.3,18.54,0.7999999999999998,raw,RAW_ONLY_REVIEW,True,,,AGIG_034,opend,POC,True,dual,raw/adjusted qualification mismatch
AGIG,Abundia Global Impact Group,AMEX,2025-03-25,2025-06-23,2025-06-23,0.95,18.54,18.51578947368421,0.95,18.54,18.51578947368421,9.5,18.54,0.9515789473684207,raw,RAW_ONLY_REVIEW,True,,,AGIG_034,opend,POC,True,dual,raw/adjusted qualification mismatch
AGIG,Abundia Global Impact Group,AMEX,2025-03-26,2025-06-24,2025-06-24,0.8227,12.83,14.594992099185609,0.8227,12.83,14.594992099185609,8.227,12.83,0.5594992099185607,raw,RAW_ONLY_REVIEW,True,,,AGIG_034,opend,POC,True,dual,raw/adjusted qualification mismatch
AGIG,Abundia Global Impact Group,AMEX,2025-03-27,2025-06-25,2025-06-25,0.779,12.37,14.8793324775353,0.779,12.37,14.8793324775353,7.79,12.37,0.58793324775353,raw,RAW_ONLY_REVIEW,True,,,AGIG_034,opend,POC,True,dual,raw/adjusted qualification mismatch
AGIG,Abundia Global Impact Group,AMEX,2025-03-28,2025-06-26,2025-06-26,0.7203,13.05,17.117451062057476,0.7203,13.05,17.117451062057476,7.203,13.05,0.8117451062057477,raw,RAW_ONLY_REVIEW,True,,,AGIG_034,opend,POC,True,dual,raw/adjusted qualification mismatch
AGIG,Abundia Global Impact Group,AMEX,2025-03-31,2025-06-29,2025-06-30,0.77,10.59,12.753246753246753,0.77,10.59,12.753246753246753,7.7,10.59,0.3753246753246753,raw,RAW_ONLY_REVIEW,True,,,AGIG_034,opend,POC,True,dual,raw/adjusted qualification mismatch
AGIG,Abundia Global Impact Group,AMEX,2025-04-01,2025-06-30,2025-06-30,0.737,10.59,13.369063772048849,0.737,10.59,13.369063772048849,7.37,10.59,0.4369063772048847,raw,RAW_ONLY_REVIEW,True,,,AGIG_034,opend,POC,True,dual,raw/adjusted qualification mismatch
AGIG,Abundia Global Impact Group,AMEX,2025-04-02,2025-07-01,2025-07-01,0.75,11.14,13.853333333333332,0.75,11.14,13.853333333333332,7.5,11.14,0.4853333333333334,raw,RAW_ONLY_REVIEW,True,,,AGIG_034,opend,POC,True,dual,raw/adjusted qualification mismatch
AGIG,Abundia Global Impact Group,AMEX,2025-04-03,2025-07-02,2025-07-02,0.6652,10.3,14.484064942874324,0.6652,10.3,14.484064942874324,6.652,10.3,0.5484064942874325,raw,RAW_ONLY_REVIEW,True,,,AGIG_034,opend,POC,True,dual,raw/adjusted qualification mismatch
AGIG,Abundia Global Impact Group,AMEX,2025-04-04,2025-07-03,2025-07-03,0.6151,9.42,14.31458299463502,0.6151,9.42,14.31458299463502,6.151,9.42,0.531458299463502,raw,RAW_ONLY_REVIEW,True,,,AGIG_034,opend,POC,True,dual,raw/adjusted qualification mismatch
AGIG,Abundia Global Impact Group,AMEX,2025-04-07,2025-07-06,2025-07-07,0.6099,9.41,14.428758812920153,0.6099,9.41,14.428758812920153,6.099,9.41,0.5428758812920151,raw,RAW_ONLY_REVIEW,True,,,AGIG_034,opend,POC,True,dual,raw/adjusted qualification mismatch
AGIG,Abundia Global Impact Group,AMEX,2025-04-08,2025-07-07,2025-07-07,0.5395,9.41,16.442075996292864,0.5395,9.41,16.442075996292864,5.395,9.41,0.7442075996292865,raw,RAW_ONLY_REVIEW,True,,,AGIG_034,opend,POC,True,dual,raw/adjusted qualification mismatch
AGIG,Abundia Global Impact Group,AMEX,2025-04-09,2025-07-08,2025-07-08,0.55,9.81,16.836363636363636,0.55,9.81,16.836363636363636,5.5,9.81,0.7836363636363637,raw,RAW_ONLY_REVIEW,True,,,AGIG_034,opend,POC,True,dual,raw/adjusted qualification mismatch
AGIG,Abundia Global Impact Group,AMEX,2025-04-10,2025-07-09,2025-07-09,0.539,9.99,17.534322820037104,0.539,9.99,17.534322820037104,5.39,9.99,0.8534322820037108,raw,RAW_ONLY_REVIEW,True,,,AGIG_034,opend,POC,True,dual,raw/adjusted qualification mismatch
AGIG,Abundia Global Impact Group,AMEX,2025-04-11,2025-07-10,2025-07-10,0.578,11.0,18.031141868512112,0.578,11.0,18.031141868512112,5.78,11.0,0.9031141868512108,raw,RAW_ONLY_REVIEW,True,,,AGIG_034,opend,POC,True,dual,raw/adjusted qualification mismatch
AGIG,Abundia Global Impact Group,AMEX,2025-04-14,2025-07-13,2025-07-14,0.563,10.72,18.040852575488454,0.563,10.72,18.040852575488454,5.629999999,10.72,0.9040852578870492,raw,RAW_ONLY_REVIEW,True,,,AGIG_034,opend,POC,True,dual,raw/adjusted qualification mismatch
AGIG,Abundia Global Impact Group,AMEX,2025-04-15,2025-07-14,2025-07-14,0.5648,10.72,17.98016997167139,0.5648,10.72,17.98016997167139,5.648,10.72,0.898016997167139,raw,RAW_ONLY_REVIEW,True,,,AGIG_034,opend,POC,True,dual,raw/adjusted qualification mismatch
AGIG,Abundia Global Impact Group,AMEX,2025-04-16,2025-07-15,2025-07-15,0.5513,10.75,18.49936513694903,0.5513,10.75,18.49936513694903,5.513,10.75,0.949936513694903,raw,RAW_ONLY_REVIEW,True,,,AGIG_034,opend,POC,True,dual,raw/adjusted qualification mismatch
AGIG,Abundia Global Impact Group,AMEX,2025-04-17,2025-07-16,2025-07-16,0.573,10.66,17.60383944153578,0.573,10.66,17.60383944153578,5.73,10.66,0.8603839441535774,raw,RAW_ONLY_REVIEW,True,,,AGIG_034,opend,POC,True,dual,raw/adjusted qualification mismatch
AGIG,Abundia Global Impact Group,AMEX,2025-04-21,2025-07-20,2025-07-21,0.542,9.94,17.339483394833945,0.542,9.94,17.339483394833945,5.42,9.94,0.8339483394833949,raw,RAW_ONLY_REVIEW,True,,,AGIG_034,opend,POC,True,dual,raw/adjusted qualification mismatch
AGIG,Abundia Global Impact Group,AMEX,2025-04-22,2025-07-21,2025-07-21,0.5436,9.94,17.28550404709345,0.5436,9.94,17.28550404709345,5.436,9.94,0.828550404709345,raw,RAW_ONLY_REVIEW,True,,,AGIG_034,opend,POC,True,dual,raw/adjusted qualification mismatch
AGIG,Abundia Global Impact Group,AMEX,2025-04-23,2025-07-22,2025-07-22,0.558,10.56,17.924731182795696,0.558,10.56,17.924731182795696,5.58,10.56,0.89247311827957,raw,RAW_ONLY_REVIEW,True,,,AGIG_034,opend,POC,True,dual,raw/adjusted qualification mismatch
AGIG,Abundia Global Impact Group,AMEX,2025-04-24,2025-07-23,2025-07-23,0.61,10.77,16.65573770491803,0.61,10.77,16.65573770491803,6.1,10.77,0.7655737704918033,raw,RAW_ONLY_REVIEW,True,,,AGIG_034,opend,POC,True,dual,raw/adjusted qualification mismatch
AGIG,Abundia Global Impact Group,AMEX,2025-04-25,2025-07-24,2025-07-24,0.6272,11.19,16.841198979591837,0.6272,11.19,16.841198979591837,6.272,11.19,0.7841198979591835,raw,RAW_ONLY_REVIEW,True,,,AGIG_034,opend,POC,True,dual,raw/adjusted qualification mismatch
AGIG,Abundia Global Impact Group,AMEX,2025-04-28,2025-07-27,2025-07-28,0.609,10.61,16.42200328407225,0.609,10.61,16.42200328407225,6.09,10.61,0.7422003284072249,raw,RAW_ONLY_REVIEW,True,,,AGIG_034,opend,POC,True,dual,raw/adjusted qualification mismatch
AGIG,Abundia Global Impact Group,AMEX,2025-04-29,2025-07-28,2025-07-28,0.595,10.61,16.831932773109244,0.595,10.61,16.831932773109244,5.95,10.61,0.7831932773109243,raw,RAW_ONLY_REVIEW,True,,,AGIG_034,opend,POC,True,dual,raw/adjusted qualification mismatch
AGIG,Abundia Global Impact Group,AMEX,2025-04-30,2025-07-29,2025-07-29,0.57,11.8,19.701754385964914,0.57,11.8,19.701754385964914,5.699999999,11.8,1.07017543895968,raw,RAW_ONLY_REVIEW,True,,,AGIG_034,opend,POC,True,dual,raw/adjusted qualification mismatch
AGIG,Abundia Global Impact Group,AMEX,2025-05-01,2025-07-30,2025-07-30,0.578,10.43,17.044982698961938,0.578,10.43,17.044982698961938,5.78,10.43,0.8044982698961936,raw,RAW_ONLY_REVIEW,True,,,AGIG_034,opend,POC,True,dual,raw/adjusted qualification mismatch
AGIG,Abundia Global Impact Group,AMEX,2025-05-02,2025-07-31,2025-07-31,0.61,9.51,14.59016393442623,0.61,9.51,14.59016393442623,6.1,9.51,0.5590163934426231,raw,RAW_ONLY_REVIEW,True,,,AGIG_034,opend,POC,True,dual,raw/adjusted qualification mismatch
AGIG,Abundia Global Impact Group,AMEX,2025-05-05,2025-08-03,2025-08-04,0.6052,10.04,15.58955717118308,0.6052,10.04,15.58955717118308,6.052,10.04,0.658955717118308,raw,RAW_ONLY_REVIEW,True,,,AGIG_034,opend,POC,True,dual,raw/adjusted qualification mismatch
AGIG,Abundia Global Impact Group,AMEX,2025-05-06,2025-08-04,2025-08-04,0.603,10.04,15.650082918739637,0.603,10.04,15.650082918739637,6.03,10.04,0.6650082918739633,raw,RAW_ONLY_REVIEW,True,,,AGIG_034,opend,POC,True,dual,raw/adjusted qualification mismatch
AGIG,Abundia Global Impact Group,AMEX,2025-05-07,2025-08-05,2025-08-05,0.6003,11.01,17.3408295852074,0.6003,11.01,17.3408295852074,6.002999999,11.01,0.8340829588262673,raw,RAW_ONLY_REVIEW,True,,,AGIG_034,opend,POC,True,dual,raw/adjusted qualification mismatch
AGIG,Abundia Global Impact Group,AMEX,2025-05-08,2025-08-06,2025-08-06,0.6404,10.56,15.489693941286696,0.6404,10.56,15.489693941286696,6.404,10.56,0.6489693941286696,raw,RAW_ONLY_REVIEW,True,,,AGIG_034,opend,POC,True,dual,raw/adjusted qualification mismatch
AGIG,Abundia Global Impact Group,AMEX,2025-05-09,2025-08-07,2025-08-07,0.634,10.58,15.687697160883282,0.634,10.58,15.687697160883282,6.34,10.58,0.6687697160883281,raw,RAW_ONLY_REVIEW,True,,,AGIG_034,opend,POC,True,dual,raw/adjusted qualification mismatch
AGIG,Abundia Global Impact Group,AMEX,2025-05-12,2025-08-10,2025-08-11,0.6653,10.29,14.46670674883511,0.6653,10.29,14.46670674883511,6.653,10.29,0.5466706748835111,raw,RAW_ONLY_REVIEW,True,,,AGIG_034,opend,POC,True,dual,raw/adjusted qualification mismatch
AGIG,Abundia Global Impact Group,AMEX,2025-05-13,2025-08-11,2025-08-11,0.7013,10.29,13.672750606017395,0.7013,10.29,13.672750606017395,7.013,10.29,0.4672750606017395,raw,RAW_ONLY_REVIEW,True,,,AGIG_034,opend,POC,True,dual,raw/adjusted qualification mismatch
AGIG,Abundia Global Impact Group,AMEX,2025-05-14,2025-08-12,2025-08-12,0.6751,10.04,13.871870833950524,0.6751,10.04,13.871870833950524,6.751,10.04,0.4871870833950524,raw,RAW_ONLY_REVIEW,True,,,AGIG_034,opend,POC,True,dual,raw/adjusted qualification mismatch
AGIG,Abundia Global Impact Group,AMEX,2025-05-15,2025-08-13,2025-08-13,0.62,9.93,15.016129032258064,0.62,9.93,15.016129032258064,6.2,9.93,0.6016129032258064,raw,RAW_ONLY_REVIEW,True,,,AGIG_034,opend,POC,True,dual,raw/adjusted qualification mismatch
AGIG,Abundia Global Impact Group,AMEX,2025-05-16,2025-08-14,2025-08-14,0.63,9.97,14.825396825396826,0.63,9.97,14.825396825396826,6.3,9.97,0.5825396825396827,raw,RAW_ONLY_REVIEW,True,,,AGIG_034,opend,POC,True,dual,raw/adjusted qualification mismatch
AGIG,Abundia Global Impact Group,AMEX,2025-05-19,2025-08-17,2025-08-18,0.6308,9.82,14.567533291058972,0.6308,9.82,14.567533291058972,6.308,9.82,0.5567533291058973,raw,RAW_ONLY_REVIEW,True,,,AGIG_034,opend,POC,True,dual,raw/adjusted qualification mismatch
AGIG,Abundia Global Impact Group,AMEX,2025-05-20,2025-08-18,2025-08-18,0.6364,9.82,14.430546825895664,0.6364,9.82,14.430546825895664,6.364,9.82,0.5430546825895664,raw,RAW_ONLY_REVIEW,True,,,AGIG_034,opend,POC,True,dual,raw/adjusted qualification mismatch
AGIG,Abundia Global Impact Group,AMEX,2025-05-21,2025-08-19,2025-08-19,0.6721,8.49,11.632048802261568,0.6721,8.49,11.632048802261568,6.721,8.49,0.2632048802261568,raw,RAW_ONLY_REVIEW,True,,,AGIG_034,opend,POC,True,dual,raw/adjusted qualification mismatch
AGIG,Abundia Global Impact Group,AMEX,2025-05-22,2025-08-20,2025-08-20,0.65,8.2,11.615384615384611,0.65,8.2,11.615384615384611,6.5,8.2,0.2615384615384615,raw,RAW_ONLY_REVIEW,True,,,AGIG_034,opend,POC,True,dual,raw/adjusted qualification mismatch
AGIG,Abundia Global Impact Group,AMEX,2025-05-23,2025-08-21,2025-08-21,0.667,8.83,12.2383808095952,0.667,8.83,12.2383808095952,6.67,8.83,0.3238380809595202,raw,RAW_ONLY_REVIEW,True,,,AGIG_034,opend,POC,True,dual,raw/adjusted qualification mismatch
AGIG,Abundia Global Impact Group,AMEX,2025-05-27,2025-08-25,2025-08-25,0.69,8.91,11.913043478260873,0.69,8.91,11.913043478260873,6.899999999,8.91,0.2913043480132324,raw,RAW_ONLY_REVIEW,True,,,AGIG_034,opend,POC,True,dual,raw/adjusted qualification mismatch
AGIG,Abundia Global Impact Group,AMEX,2025-05-28,2025-08-26,2025-08-26,0.708,8.95,11.641242937853107,0.708,8.95,11.641242937853107,7.08,8.95,0.2641242937853105,raw,RAW_ONLY_REVIEW,True,,,AGIG_034,opend,POC,True,dual,raw/adjusted qualification mismatch
AGIG,Abundia Global Impact Group,AMEX,2025-05-29,2025-08-27,2025-08-27,0.48,8.58,16.875,0.48,8.58,16.875,4.8,8.58,0.7875000000000001,raw,RAW_ONLY_REVIEW,True,,,AGIG_034,opend,POC,True,dual,raw/adjusted qualification mismatch
AGIG,Abundia Global Impact Group,AMEX,2025-05-30,2025-08-28,2025-08-28,0.451,8.16,17.093126385809313,0.451,8.16,17.093126385809313,4.51,8.16,0.8093126385809313,raw,RAW_ONLY_REVIEW,True,,,AGIG_034,opend,POC,True,dual,raw/adjusted qualification mismatch
AGIG,Abundia Global Impact Group,AMEX,2025-06-02,2025-08-31,2025-09-02,0.4417,8.46,18.153271451211232,0.4417,8.46,18.153271451211232,4.417,8.46,0.9153271451211232,raw,RAW_ONLY_REVIEW,True,,,AGIG_034,opend,POC,True,dual,raw/adjusted qualification mismatch
AGIG,Abundia Global Impact Group,AMEX,2025-06-03,2025-09-01,2025-09-02,0.48,8.46,16.625000000000004,0.48,8.46,16.625000000000004,4.8,8.46,0.7625000000000002,raw,RAW_ONLY_REVIEW,True,,,AGIG_034,opend,POC,True,dual,raw/adjusted qualification mismatch
AGIG,Abundia Global Impact Group,AMEX,2025-06-04,2025-09-02,2025-09-02,0.483,8.46,16.51552795031056,0.483,8.46,16.51552795031056,4.83,8.46,0.7515527950310561,raw,RAW_ONLY_REVIEW,True,,,AGIG_034,opend,POC,True,dual,raw/adjusted qualification mismatch
AGIG,Abundia Global Impact Group,AMEX,2025-06-05,2025-09-03,2025-09-03,0.48,8.17,16.020833333333332,0.48,8.17,16.020833333333332,4.8,8.17,0.7020833333333334,raw,RAW_ONLY_REVIEW,True,,,AGIG_034,opend,POC,True,dual,raw/adjusted qualification mismatch
AGIG,Abundia Global Impact Group,AMEX,2025-06-06,2025-09-04,2025-09-04,0.4878,7.9,15.195161951619518,0.4878,7.9,15.195161951619518,4.878,7.9,0.6195161951619517,raw,RAW_ONLY_REVIEW,True,,,AGIG_034,opend,POC,True,dual,raw/adjusted qualification mismatch
AGL,Agilon Health,NYSE,2025-12-31,2026-03-31,2026-03-31,0.6887,7.91,10.485407289095397,0.6887,7.91,10.485407289095397,17.2175,7.91,-0.5405837084361842,raw,RAW_ONLY_REVIEW,True,,,AGL_035,opend,POC,True,dual,raw/adjusted qualification mismatch
AGMH,AGM Group,NASDAQ,2025-03-05,2025-06-03,2025-06-03,0.1023,2.81,26.468230694037143,0.1023,2.81,26.468230694037143,5.115,2.81,-0.4506353861192571,raw,RAW_ONLY_REVIEW,True,,,AGMH_036,opend,POC,True,dual,raw/adjusted qualification mismatch
AGMH,AGM Group,NASDAQ,2025-03-06,2025-06-04,2025-06-04,0.215,3.76,16.488372093023255,0.215,3.76,16.488372093023255,10.75,3.76,-0.650232558139535,raw,RAW_ONLY_REVIEW,True,,,AGMH_036,opend,POC,True,dual,raw/adjusted qualification mismatch
AGMH,AGM Group,NASDAQ,2025-03-07,2025-06-05,2025-06-05,0.157,3.005,18.14012738853503,0.157,3.005,18.14012738853503,7.85,3.005,-0.6171974522292993,raw,RAW_ONLY_REVIEW,True,,,AGMH_036,opend,POC,True,dual,raw/adjusted qualification mismatch
AGMH,AGM Group,NASDAQ,2025-03-10,2025-06-08,2025-06-09,0.13,3.14,23.153846153846157,0.13,3.14,23.153846153846157,6.5,3.14,-0.5169230769230769,raw,RAW_ONLY_REVIEW,True,,,AGMH_036,opend,POC,True,dual,raw/adjusted qualification mismatch
AGMH,AGM Group,NASDAQ,2025-03-11,2025-06-09,2025-06-09,0.138,3.14,21.7536231884058,0.138,3.14,21.7536231884058,6.9,3.14,-0.5449275362318841,raw,RAW_ONLY_REVIEW,True,,,AGMH_036,opend,POC,True,dual,raw/adjusted qualification mismatch
AGMH,AGM Group,NASDAQ,2025-03-12,2025-06-10,2025-06-10,0.1218,3.08,24.28735632183908,0.1218,3.08,24.28735632183908,6.09,3.08,-0.4942528735632183,raw,RAW_ONLY_REVIEW,True,,,AGMH_036,opend,POC,True,dual,raw/adjusted qualification mismatch
AGMH,AGM Group,NASDAQ,2025-03-13,2025-06-11,2025-06-11,0.11315,2.88,24.45293857711003,0.11315,2.88,24.45293857711003,5.6575,2.88,-0.4909412284577994,raw,RAW_ONLY_REVIEW,True,,,AGMH_036,opend,POC,True,dual,raw/adjusted qualification mismatch
AGMH,AGM Group,NASDAQ,2025-03-14,2025-06-12,2025-06-12,0.113,2.88,24.48672566371681,0.113,2.88,24.48672566371681,5.65,2.88,-0.4902654867256637,raw,RAW_ONLY_REVIEW,True,,,AGMH_036,opend,POC,True,dual,raw/adjusted qualification mismatch
AGMH,AGM Group,NASDAQ,2025-03-17,2025-06-15,2025-06-16,0.1056,2.45,22.200757575757574,0.1056,2.45,22.200757575757574,5.28,2.45,-0.5359848484848484,raw,RAW_ONLY_REVIEW,True,,,AGMH_036,opend,POC,True,dual,raw/adjusted qualification mismatch
AGMH,AGM Group,NASDAQ,2025-03-18,2025-06-16,2025-06-16,0.0696,2.45,34.20114942528736,0.0696,2.45,34.20114942528736,3.479999999,2.45,-0.2959770112919473,raw,RAW_ONLY_REVIEW,True,,,AGMH_036,opend,POC,True,dual,raw/adjusted qualification mismatch
AGMH,AGM Group,NASDAQ,2025-03-19,2025-06-17,2025-06-17,0.072,2.23,29.972222222222225,0.072,2.23,29.972222222222225,3.599999999,2.23,-0.3805555553834876,raw,RAW_ONLY_REVIEW,True,,,AGMH_036,opend,POC,True,dual,raw/adjusted qualification mismatch
AGMH,AGM Group,NASDAQ,2025-03-20,2025-06-18,2025-06-18,0.077,2.37,29.779220779220783,0.077,2.37,29.779220779220783,3.85,2.37,-0.3844155844155844,raw,RAW_ONLY_REVIEW,True,,,AGMH_036,opend,POC,True,dual,raw/adjusted qualification mismatch
AGMH,AGM Group,NASDAQ,2025-03-21,2025-06-19,2025-06-20,0.0664,2.31,33.78915662650603,0.0664,2.31,33.78915662650603,3.32,2.31,-0.3042168674698794,raw,RAW_ONLY_REVIEW,True,,,AGMH_036,opend,POC,True,dual,raw/adjusted qualification mismatch
AGMH,AGM Group,NASDAQ,2025-03-24,2025-06-22,2025-06-23,0.07,2.34,32.42857142857142,0.07,2.34,32.42857142857142,3.5,2.34,-0.3314285714285715,raw,RAW_ONLY_REVIEW,True,,,AGMH_036,opend,POC,True,dual,raw/adjusted qualification mismatch
AGMH,AGM Group,NASDAQ,2025-03-25,2025-06-23,2025-06-23,0.0669,2.34,33.97757847533632,0.0669,2.34,33.97757847533632,3.345,2.34,-0.3004484304932736,raw,RAW_ONLY_REVIEW,True,,,AGMH_036,opend,POC,True,dual,raw/adjusted qualification mismatch
AGMH,AGM Group,NASDAQ,2025-03-26,2025-06-24,2025-06-24,0.075,2.23,28.73333333333333,0.075,2.23,28.73333333333333,3.75,2.23,-0.4053333333333333,raw,RAW_ONLY_REVIEW,True,,,AGMH_036,opend,POC,True,dual,raw/adjusted qualification mismatch
AGMH,AGM Group,NASDAQ,2025-03-27,2025-06-25,2025-06-25,0.0926,2.22,22.97408207343413,0.0926,2.22,22.97408207343413,4.63,2.22,-0.5205183585313174,raw,RAW_ONLY_REVIEW,True,,,AGMH_036,opend,POC,True,dual,raw/adjusted qualification mismatch
AGMH,AGM Group,NASDAQ,2025-03-28,2025-06-26,2025-06-26,0.0587,2.42,40.22657580919932,0.0587,2.42,40.22657580919932,2.935,2.42,-0.1754684838160136,raw,RAW_ONLY_REVIEW,True,,,AGMH_036,opend,POC,True,dual,raw/adjusted qualification mismatch
AGMH,AGM Group,NASDAQ,2025-03-31,2025-06-29,2025-06-30,0.0466,2.33,49.0,0.0466,2.33,49.0,2.33,2.33,0.0,raw,RAW_ONLY_REVIEW,True,,,AGMH_036,opend,POC,True,dual,raw/adjusted qualification mismatch
AGMH,AGM Group,NASDAQ,2025-04-01,2025-06-30,2025-06-30,0.04315,2.33,52.99768250289687,0.04315,2.33,52.99768250289687,2.1575,2.33,0.0799536500579374,raw,RAW_ONLY_REVIEW,True,,,AGMH_036,opend,POC,True,dual,raw/adjusted qualification mismatch
AGMH,AGM Group,NASDAQ,2025-04-02,2025-07-01,2025-07-01,0.0498,2.38,46.791164658634536,0.0498,2.38,46.791164658634536,2.49,2.38,-0.0441767068273093,raw,RAW_ONLY_REVIEW,True,,,AGMH_036,opend,POC,True,dual,raw/adjusted qualification mismatch
AGMH,AGM Group,NASDAQ,2025-04-03,2025-07-02,2025-07-02,0.047,2.545,53.14893617021277,0.047,2.545,53.14893617021277,2.35,2.545,0.0829787234042551,raw,RAW_ONLY_REVIEW,True,,,AGMH_036,opend,POC,True,dual,raw/adjusted qualification mismatch
AGMH,AGM Group,NASDAQ,2025-04-04,2025-07-03,2025-07-03,0.052,2.59,48.80769230769231,0.052,2.59,48.80769230769231,2.6,2.59,-0.0038461538461539,raw,RAW_ONLY_REVIEW,True,,,AGMH_036,opend,POC,True,dual,raw/adjusted qualification mismatch
AGMH,AGM Group,NASDAQ,2025-04-07,2025-07-06,2025-07-07,0.0433,2.49,56.50577367205543,0.0433,2.49,56.50577367205543,2.165,2.49,0.1501154734411085,raw,RAW_ONLY_REVIEW,True,,,AGMH_036,opend,POC,True,dual,raw/adjusted qualification mismatch
AGMH,AGM Group,NASDAQ,2025-04-08,2025-07-07,2025-07-07,0.0337,2.49,72.8872403560831,0.0337,2.49,72.8872403560831,1.685,2.49,0.4777448071216619,raw,RAW_ONLY_REVIEW,True,,,AGMH_036,opend,POC,True,dual,raw/adjusted qualification mismatch
AGMH,AGM Group,NASDAQ,2025-04-09,2025-07-08,2025-07-08,0.0285,2.71,94.0877192982456,0.0285,2.71,94.0877192982456,1.425,2.71,0.9017543859649122,raw,RAW_ONLY_REVIEW,True,,,AGMH_036,opend,POC,True,dual,raw/adjusted qualification mismatch
AGMH,AGM Group,NASDAQ,2025-04-10,2025-07-09,2025-07-09,0.0314,2.74,86.2611464968153,0.0314,2.74,86.2611464968153,1.569999999,2.74,0.7452229310479128,raw,RAW_ONLY_REVIEW,True,,,AGMH_036,opend,POC,True,dual,raw/adjusted qualification mismatch
AGMH,AGM Group,NASDAQ,2025-04-11,2025-07-10,2025-07-10,0.032,2.95,91.1875,0.032,2.95,91.1875,1.6,2.95,0.84375,raw,RAW_ONLY_REVIEW,True,,,AGMH_036,opend,POC,True,dual,raw/adjusted qualification mismatch
AGMH,AGM Group,NASDAQ,2025-04-14,2025-07-13,2025-07-14,0.0345,3.0,85.95652173913042,0.0345,3.0,85.95652173913042,1.725,3.0,0.7391304347826086,raw,RAW_ONLY_REVIEW,True,,,AGMH_036,opend,POC,True,dual,raw/adjusted qualification mismatch
AGMH,AGM Group,NASDAQ,2025-04-15,2025-07-14,2025-07-14,0.0344,3.0,86.20930232558139,0.0344,3.0,86.20930232558139,1.72,3.0,0.7441860465116279,raw,RAW_ONLY_REVIEW,True,,,AGMH_036,opend,POC,True,dual,raw/adjusted qualification mismatch
AGMH,AGM Group,NASDAQ,2025-04-16,2025-07-15,2025-07-15,0.0309,2.83,90.58576051779936,0.0309,2.83,90.58576051779936,1.545,2.83,0.8317152103559873,raw,RAW_ONLY_REVIEW,True,,,AGMH_036,opend,POC,True,dual,raw/adjusted qualification mismatch
AGMH,AGM Group,NASDAQ,2025-04-17,2025-07-16,2025-07-16,0.0295,2.88,96.6271186440678,0.0295,2.88,96.6271186440678,1.475,2.88,0.9525423728813558,raw,RAW_ONLY_REVIEW,True,,,AGMH_036,opend,POC,True,dual,raw/adjusted qualification mismatch
AGMH,AGM Group,NASDAQ,2025-04-21,2025-07-20,2025-07-21,0.0278,2.52,89.6474820143885,0.0278,2.52,89.6474820143885,1.39,2.52,0.8129496402877698,raw,RAW_ONLY_REVIEW,True,,,AGMH_036,opend,POC,True,dual,raw/adjusted qualification mismatch
AGMH,AGM Group,NASDAQ,2025-04-22,2025-07-21,2025-07-21,0.03,2.52,83.0,0.03,2.52,83.0,1.5,2.52,0.6799999999999999,raw,RAW_ONLY_REVIEW,True,,,AGMH_036,opend,POC,True,dual,raw/adjusted qualification mismatch
AGMH,AGM Group,NASDAQ,2025-04-23,2025-07-22,2025-07-22,0.058,2.54,42.79310344827586,0.058,2.54,42.79310344827586,2.9,2.54,-0.1241379310344826,raw,RAW_ONLY_REVIEW,True,,,AGMH_036,opend,POC,True,dual,raw/adjusted qualification mismatch
AGMH,AGM Group,NASDAQ,2025-04-24,2025-07-23,2025-07-23,0.039,2.6,65.66666666666667,0.039,2.6,65.66666666666667,1.95,2.6,0.3333333333333335,raw,RAW_ONLY_REVIEW,True,,,AGMH_036,opend,POC,True,dual,raw/adjusted qualification mismatch
AGMH,AGM Group,NASDAQ,2025-04-25,2025-07-24,2025-07-24,0.0486,2.47,49.82304526748972,0.0486,2.47,49.82304526748972,2.43,2.47,0.0164609053497941,raw,RAW_ONLY_REVIEW,True,,,AGMH_036,opend,POC,True,dual,raw/adjusted qualification mismatch
AGMH,AGM Group,NASDAQ,2025-04-28,2025-07-27,2025-07-28,0.134,2.34,16.462686567164177,0.134,2.34,16.462686567164177,6.7,2.34,-0.6507462686567165,raw,RAW_ONLY_REVIEW,True,,,AGMH_036,opend,POC,True,dual,raw/adjusted qualification mismatch
AGMH,AGM Group,NASDAQ,2025-04-29,2025-07-28,2025-07-28,0.1024,2.34,21.8515625,0.1024,2.34,21.8515625,5.12,2.34,-0.54296875,raw,RAW_ONLY_REVIEW,True,,,AGMH_036,opend,POC,True,dual,raw/adjusted qualification mismatch
AGMH,AGM Group,NASDAQ,2025-04-30,2025-07-29,2025-07-29,0.1047,2.3,20.967526265520533,0.1047,2.3,20.967526265520533,5.235,2.3,-0.5606494746895894,raw,RAW_ONLY_REVIEW,True,,,AGMH_036,opend,POC,True,dual,raw/adjusted qualification mismatch
AGMH,AGM Group,NASDAQ,2025-05-01,2025-07-30,2025-07-30,0.0932,2.2,22.605150214592275,0.0932,2.2,22.605150214592275,4.66,2.2,-0.5278969957081545,raw,RAW_ONLY_REVIEW,True,,,AGMH_036,opend,POC,True,dual,raw/adjusted qualification mismatch
AGMH,AGM Group,NASDAQ,2025-05-02,2025-07-31,2025-07-31,0.0729,2.12,28.080932784636488,0.0729,2.12,28.080932784636488,3.645,2.12,-0.4183813443072702,raw,RAW_ONLY_REVIEW,True,,,AGMH_036,opend,POC,True,dual,raw/adjusted qualification mismatch
AGMH,AGM Group,NASDAQ,2025-05-05,2025-08-03,2025-08-04,0.0883,2.2,23.91506228765572,0.0883,2.2,23.91506228765572,4.415,2.2,-0.5016987542468856,raw,RAW_ONLY_REVIEW,True,,,AGMH_036,opend,POC,True,dual,raw/adjusted qualification mismatch
AGMH,AGM Group,NASDAQ,2025-05-06,2025-08-04,2025-08-04,0.085,2.2,24.88235294117647,0.085,2.2,24.88235294117647,4.25,2.2,-0.4823529411764705,raw,RAW_ONLY_REVIEW,True,,,AGMH_036,opend,POC,True,dual,raw/adjusted qualification mismatch
AGMH,AGM Group,NASDAQ,2025-05-07,2025-08-05,2025-08-05,0.0905,2.23,23.640883977900558,0.0905,2.23,23.640883977900558,4.525,2.23,-0.507182320441989,raw,RAW_ONLY_REVIEW,True,,,AGMH_036,opend,POC,True,dual,raw/adjusted qualification mismatch
AGMH,AGM Group,NASDAQ,2025-05-08,2025-08-06,2025-08-06,0.098,2.11,20.53061224489796,0.098,2.11,20.53061224489796,4.9,2.11,-0.5693877551020409,raw,RAW_ONLY_REVIEW,True,,,AGMH_036,opend,POC,True,dual,raw/adjusted qualification mismatch
AGMH,AGM Group,NASDAQ,2025-05-09,2025-08-07,2025-08-07,0.0977,2.15,21.00614124872057,0.0977,2.15,21.00614124872057,4.885,2.15,-0.5598771750255885,raw,RAW_ONLY_REVIEW,True,,,AGMH_036,opend,POC,True,dual,raw/adjusted qualification mismatch
AGMH,AGM Group,NASDAQ,2025-05-12,2025-08-10,2025-08-11,0.0949,2.21,22.28767123287671,0.0949,2.21,22.28767123287671,4.745,2.21,-0.5342465753424658,raw,RAW_ONLY_REVIEW,True,,,AGMH_036,opend,POC,True,dual,raw/adjusted qualification mismatch
AGMH,AGM Group,NASDAQ,2025-05-13,2025-08-11,2025-08-11,0.089,2.21,23.831460674157302,0.089,2.21,23.831460674157302,4.45,2.21,-0.503370786516854,raw,RAW_ONLY_REVIEW,True,,,AGMH_036,opend,POC,True,dual,raw/adjusted qualification mismatch
AGMH,AGM Group,NASDAQ,2025-05-14,2025-08-12,2025-08-12,0.0943,2.22,22.54188759278897,0.0943,2.22,22.54188759278897,4.715,2.22,-0.5291622481442205,raw,RAW_ONLY_REVIEW,True,,,AGMH_036,opend,POC,True,dual,raw/adjusted qualification mismatch
AGMH,AGM Group,NASDAQ,2025-05-15,2025-08-13,2025-08-13,0.06,2.25,36.5,0.06,2.25,36.5,3.0,2.25,-0.25,raw,RAW_ONLY_REVIEW,True,,,AGMH_036,opend,POC,True,dual,raw/adjusted qualification mismatch
AGMH,AGM Group,NASDAQ,2025-05-16,2025-08-14,2025-08-14,0.067,2.3,33.32835820895522,0.067,2.3,33.32835820895522,3.35,2.3,-0.3134328358208955,raw,RAW_ONLY_REVIEW,True,,,AGMH_036,opend,POC,True,dual,raw/adjusted qualification mismatch
AGMH,AGM Group,NASDAQ,2025-05-19,2025-08-17,2025-08-18,0.0714,2.13,28.83193277310924,0.0714,2.13,28.83193277310924,3.57,2.13,-0.4033613445378151,raw,RAW_ONLY_REVIEW,True,,,AGMH_036,opend,POC,True,dual,raw/adjusted qualification mismatch
AGMH,AGM Group,NASDAQ,2025-05-20,2025-08-18,2025-08-18,0.0796,2.13,25.758793969849243,0.0796,2.13,25.758793969849243,3.98,2.13,-0.4648241206030151,raw,RAW_ONLY_REVIEW,True,,,AGMH_036,opend,POC,True,dual,raw/adjusted qualification mismatch
AGMH,AGM Group,NASDAQ,2025-05-21,2025-08-19,2025-08-19,0.076,2.08,26.368421052631582,0.076,2.08,26.368421052631582,3.8,2.08,-0.4526315789473684,raw,RAW_ONLY_REVIEW,True,,,AGMH_036,opend,POC,True,dual,raw/adjusted qualification mismatch
AGMH,AGM Group,NASDAQ,2025-05-22,2025-08-20,2025-08-20,0.0741,2.02,26.26045883940621,0.0741,2.02,26.26045883940621,3.705,2.02,-0.4547908232118758,raw,RAW_ONLY_REVIEW,True,,,AGMH_036,opend,POC,True,dual,raw/adjusted qualification mismatch
AGMH,AGM Group,NASDAQ,2025-05-23,2025-08-21,2025-08-21,0.0706,2.06,28.17847025495751,0.0706,2.06,28.17847025495751,3.53,2.06,-0.4164305949008497,raw,RAW_ONLY_REVIEW,True,,,AGMH_036,opend,POC,True,dual,raw/adjusted qualification mismatch
AGMH,AGM Group,NASDAQ,2025-05-27,2025-08-25,2025-08-25,0.0724,2.22,29.662983425414364,0.0724,2.22,29.662983425414364,3.62,2.22,-0.3867403314917127,raw,RAW_ONLY_REVIEW,True,,,AGMH_036,opend,POC,True,dual,raw/adjusted qualification mismatch
AGMH,AGM Group,NASDAQ,2025-05-28,2025-08-26,2025-08-26,0.0717,2.6,35.26220362622036,0.0717,2.6,35.26220362622036,3.585,2.6,-0.2747559274755927,raw,RAW_ONLY_REVIEW,True,,,AGMH_036,opend,POC,True,dual,raw/adjusted qualification mismatch
AGMH,AGM Group,NASDAQ,2025-05-29,2025-08-27,2025-08-27,0.068,2.03,28.852941176470583,0.068,2.03,28.852941176470583,3.4,2.03,-0.4029411764705882,raw,RAW_ONLY_REVIEW,True,,,AGMH_036,opend,POC,True,dual,raw/adjusted qualification mismatch
AGMH,AGM Group,NASDAQ,2025-05-30,2025-08-28,2025-08-28,0.06,2.03,32.83333333333333,0.06,2.03,32.83333333333333,3.0,2.03,-0.3233333333333333,raw,RAW_ONLY_REVIEW,True,,,AGMH_036,opend,POC,True,dual,raw/adjusted qualification mismatch
AGMH,AGM Group,NASDAQ,2025-06-02,2025-08-31,2025-09-02,0.0566,1.89,32.3922261484099,0.0566,1.89,32.3922261484099,2.83,1.89,-0.3321554770318021,raw,RAW_ONLY_REVIEW,True,,,AGMH_036,opend,POC,True,dual,raw/adjusted qualification mismatch
AGPU,Axe Compute,NASDAQ,2016-08-01,2016-10-30,2016-10-31,393.0,4710.0,10.98473282442748,0.131,1.57,10.98473282442748,393.0,4710.0,10.98473282442748,both,BOTH_QUALIFIED,False,,,AGPU_037,opend,POC,True,dual,
AGPU,Axe Compute,NASDAQ,2016-08-02,2016-10-31,2016-10-31,372.0,4710.0,11.661290322580646,0.124,1.57,11.661290322580646,372.0,4710.0,11.661290322580646,both,BOTH_QUALIFIED,False,,,AGPU_037,opend,POC,True,dual,
AGPU,Axe Compute,NASDAQ,2016-08-03,2016-11-01,2016-11-01,369.0,7830.0,20.21951219512195,0.123,2.61,20.21951219512195,369.0,7830.0,20.21951219512195,both,BOTH_QUALIFIED,False,,,AGPU_037,opend,POC,True,dual,
AGPU,Axe Compute,NASDAQ,2016-08-04,2016-11-02,2016-11-02,357.0,10050.0,27.151260504201684,0.119,3.35,27.151260504201684,357.0,10050.0,27.15126050420168,both,BOTH_QUALIFIED,False,,,AGPU_037,opend,POC,True,dual,
AGPU,Axe Compute,NASDAQ,2016-08-05,2016-11-03,2016-11-03,345.0,9090.0,25.347826086956523,0.115,3.03,25.34782608695652,345.0,9090.0,25.347826086956523,both,BOTH_QUALIFIED,False,,,AGPU_037,opend,POC,True,dual,
AGPU,Axe Compute,NASDAQ,2016-08-08,2016-11-06,2016-11-07,387.0,9090.0,22.48837209302325,0.129,3.03,22.48837209302325,387.0,9090.0,22.48837209302325,both,BOTH_QUALIFIED,False,,,AGPU_037,opend,POC,True,dual,
AGPU,Axe Compute,NASDAQ,2016-08-09,2016-11-07,2016-11-07,366.0,9090.0,23.83606557377049,0.122,3.03,23.83606557377049,366.0,9090.0,23.83606557377049,both,BOTH_QUALIFIED,False,,,AGPU_037,opend,POC,True,dual,
AGPU,Axe Compute,NASDAQ,2016-08-10,2016-11-08,2016-11-08,357.0,9570.0,25.80672268907563,0.119,3.19,25.80672268907563,357.0,9570.0,25.80672268907563,both,BOTH_QUALIFIED,False,,,AGPU_037,opend,POC,True,dual,
AGPU,Axe Compute,NASDAQ,2016-08-11,2016-11-09,2016-11-09,348.0,9750.0,27.017241379310345,0.116,3.25,27.01724137931034,348.0,9750.0,27.017241379310345,both,BOTH_QUALIFIED,False,,,AGPU_037,opend,POC,True,dual,
AGPU,Axe Compute,NASDAQ,2016-08-12,2016-11-10,2016-11-10,342.0,9480.0,26.719298245614038,0.114,3.16,26.719298245614038,342.0,9480.0,26.719298245614038,both,BOTH_QUALIFIED,False,,,AGPU_037,opend,POC,True,dual,
AGPU,Axe Compute,NASDAQ,2016-08-15,2016-11-13,2016-11-14,285.0,7980.0,27.0,0.095,2.66,27.0,285.0,7980.0,27.0,both,BOTH_QUALIFIED,False,,,AGPU_037,opend,POC,True,dual,
AGPU,Axe Compute,NASDAQ,2016-08-16,2016-11-14,2016-11-14,270.0,7980.0,28.55555555555556,0.09,2.66,28.55555555555556,270.0,7980.0,28.55555555555556,both,BOTH_QUALIFIED,False,,,AGPU_037,opend,POC,True,dual,
AGPU,Axe Compute,NASDAQ,2016-08-17,2016-11-15,2016-11-15,291.0,7560.0,24.97938144329897,0.097,2.52,24.97938144329897,291.0,7560.0,24.97938144329897,both,BOTH_QUALIFIED,False,,,AGPU_037,opend,POC,True,dual,
AGPU,Axe Compute,NASDAQ,2016-08-18,2016-11-16,2016-11-16,276.0,6870.0,23.89130434782609,0.092,2.29,23.89130434782609,276.0,6870.0,23.89130434782609,both,BOTH_QUALIFIED,False,,,AGPU_037,opend,POC,True,dual,
AGPU,Axe Compute,NASDAQ,2016-08-19,2016-11-17,2016-11-17,270.0,6390.0,22.666666666666668,0.09,2.13,22.666666666666668,270.0,6390.0,22.666666666666668,both,BOTH_QUALIFIED,False,,,AGPU_037,opend,POC,True,dual,
AGPU,Axe Compute,NASDAQ,2016-08-22,2016-11-20,2016-11-21,270.0,6240.0,22.111111111111114,0.09,2.08,22.111111111111114,270.0,6240.0,22.11111111111111,both,BOTH_QUALIFIED,False,,,AGPU_037,opend,POC,True,dual,
AGPU,Axe Compute,NASDAQ,2016-08-23,2016-11-21,2016-11-21,263.999999999,6240.0,22.63636363645317,0.088,2.08,22.63636363636364,263.999999999,6240.0,22.63636363645317,both,BOTH_QUALIFIED,False,,,AGPU_037,opend,POC,True,dual,
AGPU,Axe Compute,NASDAQ,2016-08-24,2016-11-22,2016-11-22,260.999999999,14220.0,53.4827586208984,0.087,4.74,53.48275862068966,260.999999999,14220.0,53.4827586208984,both,BOTH_QUALIFIED,False,,,AGPU_037,opend,POC,True,dual,
AGPU,Axe Compute,NASDAQ,2016-08-25,2016-11-23,2016-11-23,255.0,10950.0,41.94117647058823,0.085,3.65,41.94117647058823,255.0,10950.0,41.94117647058823,both,BOTH_QUALIFIED,False,,,AGPU_037,opend,POC,True,dual,
AGPU,Axe Compute,NASDAQ,2016-08-26,2016-11-24,2016-11-25,255.0,13005.0,50.0,0.085,4.335,49.99999999999999,255.0,13005.0,50.0,both,BOTH_QUALIFIED,False,,,AGPU_037,opend,POC,True,dual,
AGPU,Axe Compute,NASDAQ,2016-08-29,2016-11-27,2016-11-28,240.0,10590.0,43.125,0.08,3.53,43.125,240.0,10590.0,43.125,both,BOTH_QUALIFIED,False,,,AGPU_037,opend,POC,True,dual,
AGPU,Axe Compute,NASDAQ,2016-08-30,2016-11-28,2016-11-28,492.0,10590.0,20.52439024390244,0.164,3.53,20.52439024390244,492.0,10590.0,20.52439024390244,both,BOTH_QUALIFIED,False,,,AGPU_037,opend,POC,True,dual,
AGPU,Axe Compute,NASDAQ,2016-08-31,2016-11-29,2016-11-29,549.0,8520.0,14.519125683060109,0.183,2.84,14.519125683060109,549.0,8520.0,14.519125683060109,both,BOTH_QUALIFIED,False,,,AGPU_037,opend,POC,True,dual,
AGPU,Axe Compute,NASDAQ,2016-09-01,2016-11-30,2016-11-30,474.0,7950.0,15.772151898734176,0.158,2.65,15.772151898734176,474.0,7950.0,15.772151898734176,both,BOTH_QUALIFIED,False,,,AGPU_037,opend,POC,True,dual,
AGPU,Axe Compute,NASDAQ,2016-09-02,2016-12-01,2016-12-01,543.0,9300.0,16.12707182320442,0.181,3.1,16.12707182320442,543.0,9300.0,16.12707182320442,both,BOTH_QUALIFIED,False,,,AGPU_037,opend,POC,True,dual,
AGPU,Axe Compute,NASDAQ,2016-09-06,2016-12-05,2016-12-05,615.0,9060.0,13.731707317073171,0.205,3.02,13.731707317073171,615.0,9060.0,13.731707317073171,both,BOTH_QUALIFIED,False,,,AGPU_037,opend,POC,True,dual,
AGPU,Axe Compute,NASDAQ,2016-09-07,2016-12-06,2016-12-06,594.0,8850.0,13.8989898989899,0.198,2.95,13.8989898989899,594.0,8850.0,13.8989898989899,both,BOTH_QUALIFIED,False,,,AGPU_037,opend,POC,True,dual,
AGPU,Axe Compute,NASDAQ,2016-09-08,2016-12-07,2016-12-07,552.0,8850.0,15.032608695652176,0.184,2.95,15.032608695652176,552.0,8850.0,15.032608695652176,both,BOTH_QUALIFIED,False,,,AGPU_037,opend,POC,True,dual,
AGPU,Axe Compute,NASDAQ,2016-09-09,2016-12-08,2016-12-08,507.0,8820.0,16.39644970414201,0.169,2.94,16.39644970414201,507.0,8820.0,16.39644970414201,both,BOTH_QUALIFIED,False,,,AGPU_037,opend,POC,True,dual,
AGPU,Axe Compute,NASDAQ,2016-09-12,2016-12-11,2016-12-12,510.0,9000.0,16.647058823529413,0.17,3.0,16.64705882352941,510.0,9000.0,16.647058823529413,both,BOTH_QUALIFIED,False,,,AGPU_037,opend,POC,True,dual,
AGPU,Axe Compute,NASDAQ,2016-09-13,2016-12-12,2016-12-12,486.0,9000.0,17.51851851851852,0.162,3.0,17.51851851851852,486.0,9000.0,17.51851851851852,both,BOTH_QUALIFIED,False,,,AGPU_037,opend,POC,True,dual,
AGPU,Axe Compute,NASDAQ,2016-09-14,2016-12-13,2016-12-13,507.0,8940.0,16.633136094674555,0.169,2.98,16.633136094674555,507.0,8940.0,16.633136094674555,both,BOTH_QUALIFIED,False,,,AGPU_037,opend,POC,True,dual,
AGPU,Axe Compute,NASDAQ,2016-09-15,2016-12-14,2016-12-14,504.0,10410.0,19.654761904761905,0.168,3.47,19.654761904761905,504.0,10410.0,19.654761904761905,both,BOTH_QUALIFIED,False,,,AGPU_037,opend,POC,True,dual,
AGPU,Axe Compute,NASDAQ,2016-09-16,2016-12-15,2016-12-15,600.0,10080.0,15.8,0.2,3.36,15.799999999999995,600.0,10080.0,15.8,both,BOTH_QUALIFIED,False,,,AGPU_037,opend,POC,True,dual,
AGPU,Axe Compute,NASDAQ,2016-09-19,2016-12-18,2016-12-19,534.0,10680.0,19.0,0.178,3.56,19.0,534.0,10680.0,19.0,both,BOTH_QUALIFIED,False,,,AGPU_037,opend,POC,True,dual,
AGPU,Axe Compute,NASDAQ,2016-09-20,2016-12-19,2016-12-19,524.999999999,10680.0,19.34285714289589,0.175,3.56,19.342857142857145,524.999999999,10680.0,19.34285714289589,both,BOTH_QUALIFIED,False,,,AGPU_037,opend,POC,True,dual,
AGPU,Axe Compute,NASDAQ,2016-09-21,2016-12-20,2016-12-20,549.0,10050.0,17.30601092896175,0.183,3.35,17.30601092896175,549.0,10050.0,17.306010928961747,both,BOTH_QUALIFIED,False,,,AGPU_037,opend,POC,True,dual,
AGPU,Axe Compute,NASDAQ,2016-09-22,2016-12-21,2016-12-21,531.0,9960.0,17.757062146892654,0.177,3.32,17.757062146892654,531.0,9960.0,17.757062146892654,both,BOTH_QUALIFIED,False,,,AGPU_037,opend,POC,True,dual,
AGPU,Axe Compute,NASDAQ,2016-09-23,2016-12-22,2016-12-22,527.999999999,9660.0,17.295454545489196,0.176,3.22,17.295454545454547,527.999999999,9660.0,17.295454545489196,both,BOTH_QUALIFIED,False,,,AGPU_037,opend,POC,True,dual,
AGPU,Axe Compute,NASDAQ,2016-09-26,2016-12-25,2016-12-27,527.999999999,8880.0,15.81818181821367,0.176,2.96,15.81818181818182,527.999999999,8880.0,15.81818181821367,both,BOTH_QUALIFIED,False,,,AGPU_037,opend,POC,True,dual,
AGPU,Axe Compute,NASDAQ,2016-09-27,2016-12-26,2016-12-27,510.0,8880.0,16.41176470588235,0.17,2.96,16.41176470588235,510.0,8880.0,16.41176470588235,both,BOTH_QUALIFIED,False,,,AGPU_037,opend,POC,True,dual,
AGPU,Axe Compute,NASDAQ,2016-09-28,2016-12-27,2016-12-27,483.0,8880.0,17.385093167701864,0.161,2.96,17.385093167701864,483.0,8880.0,17.385093167701864,both,BOTH_QUALIFIED,False,,,AGPU_037,opend,POC,True,dual,
AGPU,Axe Compute,NASDAQ,2016-09-29,2016-12-28,2016-12-28,495.0,8520.0,16.21212121212121,0.165,2.84,16.21212121212121,495.0,8520.0,16.21212121212121,both,BOTH_QUALIFIED,False,,,AGPU_037,opend,POC,True,dual,
AGPU,Axe Compute,NASDAQ,2016-09-30,2016-12-29,2016-12-29,495.0,8399.999999999,15.969696969696969,0.165,2.8,15.969696969696969,495.0,8399.999999999,15.969696969694947,both,BOTH_QUALIFIED,False,,,AGPU_037,opend,POC,True,dual,
AGPU,Axe Compute,NASDAQ,2016-10-03,2017-01-01,2017-01-03,486.0,8040.0,15.543209876543209,0.162,2.68,15.543209876543209,486.0,8040.0,15.543209876543209,both,BOTH_QUALIFIED,False,,,AGPU_037,opend,POC,True,dual,
AGPU,Axe Compute,NASDAQ,2016-10-04,2017-01-02,2017-01-03,489.0,8040.0,15.441717791411044,0.163,2.68,15.441717791411044,489.0,8040.0,15.441717791411044,both,BOTH_QUALIFIED,False,,,AGPU_037,opend,POC,True,dual,
AGPU,Axe Compute,NASDAQ,2016-10-05,2017-01-03,2017-01-03,462.0,8040.0,16.402597402597404,0.154,2.68,16.402597402597404,462.0,8040.0,16.4025974025974,both,BOTH_QUALIFIED,False,,,AGPU_037,opend,POC,True,dual,
AGPU,Axe Compute,NASDAQ,2016-10-06,2017-01-04,2017-01-04,420.0,7620.0,17.142857142857142,0.14,2.54,17.142857142857142,420.0,7620.0,17.142857142857142,both,BOTH_QUALIFIED,False,,,AGPU_037,opend,POC,True,dual,
AGPU,Axe Compute,NASDAQ,2016-10-07,2017-01-05,2017-01-05,444.0,7980.0,16.972972972972975,0.148,2.66,16.972972972972975,444.0,7980.0,16.972972972972972,both,BOTH_QUALIFIED,False,,,AGPU_037,opend,POC,True,dual,
AGPU,Axe Compute,NASDAQ,2016-10-10,2017-01-08,2017-01-09,420.0,8339.999999999,18.85714285714285,0.14,2.78,18.85714285714285,420.0,8339.999999999,18.857142857140477,both,BOTH_QUALIFIED,False,,,AGPU_037,opend,POC,True,dual,
AGPU,Axe Compute,NASDAQ,2016-10-11,2017-01-09,2017-01-09,405.0,8339.999999999,19.592592592592588,0.135,2.78,19.592592592592588,405.0,8339.999999999,19.592592592590123,both,BOTH_QUALIFIED,False,,,AGPU_037,opend,POC,True,dual,
AGPU,Axe Compute,NASDAQ,2016-10-12,2017-01-10,2017-01-10,360.0,8970.0,23.916666666666668,0.12,2.99,23.916666666666668,360.0,8970.0,23.916666666666668,both,BOTH_QUALIFIED,False,,,AGPU_037,opend,POC,True,dual,
AGPU,Axe Compute,NASDAQ,2016-10-13,2017-01-11,2017-01-11,342.0,9240.0,26.017543859649123,0.114,3.08,26.017543859649123,342.0,9240.0,26.017543859649123,both,BOTH_QUALIFIED,False,,,AGPU_037,opend,POC,True,dual,
AGPU,Axe Compute,NASDAQ,2016-10-14,2017-01-12,2017-01-12,375.0,8460.0,21.56,0.125,2.82,21.56,375.0,8460.0,21.56,both,BOTH_QUALIFIED,False,,,AGPU_037,opend,POC,True,dual,
AGPU,Axe Compute,NASDAQ,2016-10-17,2017-01-15,2017-01-17,369.0,7710.0,19.89430894308943,0.123,2.57,19.89430894308943,369.0,7710.0,19.89430894308943,both,BOTH_QUALIFIED,False,,,AGPU_037,opend,POC,True,dual,
AGPU,Axe Compute,NASDAQ,2016-10-18,2017-01-16,2017-01-17,372.0,7710.0,19.725806451612904,0.124,2.57,19.7258064516129,372.0,7710.0,19.725806451612904,both,BOTH_QUALIFIED,False,,,AGPU_037,opend,POC,True,dual,
AGPU,Axe Compute,NASDAQ,2016-10-19,2017-01-17,2017-01-17,366.0,7710.0,20.0655737704918,0.122,2.57,20.0655737704918,366.0,7710.0,20.0655737704918,both,BOTH_QUALIFIED,False,,,AGPU_037,opend,POC,True,dual,
AGPU,Axe Compute,NASDAQ,2016-10-20,2017-01-18,2017-01-18,366.0,7830.0,20.39344262295082,0.122,2.61,20.39344262295082,366.0,7830.0,20.39344262295082,both,BOTH_QUALIFIED,False,,,AGPU_037,opend,POC,True,dual,
AGPU,Axe Compute,NASDAQ,2016-10-21,2017-01-19,2017-01-19,360.0,7260.0,19.166666666666668,0.12,2.42,19.166666666666668,360.0,7260.0,19.166666666666668,both,BOTH_QUALIFIED,False,,,AGPU_037,opend,POC,True,dual,
AGPU,Axe Compute,NASDAQ,2016-10-24,2017-01-22,2017-01-23,339.0,6839.999999999,19.176991150442475,0.113,2.28,19.176991150442475,339.0,6839.999999999,19.176991150439527,both,BOTH_QUALIFIED,False,,,AGPU_037,opend,POC,True,dual,
AGPU,Axe Compute,NASDAQ,2016-10-25,2017-01-23,2017-01-23,333.0,6839.999999999,19.540540540540537,0.111,2.28,19.540540540540537,333.0,6839.999999999,19.54054054053753,both,BOTH_QUALIFIED,False,,,AGPU_037,opend,POC,True,dual,
AGPU,Axe Compute,NASDAQ,2016-10-26,2017-01-24,2017-01-24,315.0,6600.0,19.95238095238096,0.105,2.2,19.95238095238096,315.0,6600.0,19.952380952380956,both,BOTH_QUALIFIED,False,,,AGPU_037,opend,POC,True,dual,
AGPU,Axe Compute,NASDAQ,2016-10-27,2017-01-25,2017-01-25,351.0,6600.0,17.803418803418804,0.117,2.2,17.803418803418804,351.0,6600.0,17.803418803418804,both,BOTH_QUALIFIED,False,,,AGPU_037,opend,POC,True,dual,
AGPU,Axe Compute,NASDAQ,2023-03-20,2023-06-18,2023-06-20,0.334,4.45,12.323353293413174,0.334,4.45,12.323353293413174,100.2,66.75,-0.3338323353293413,raw,RAW_ONLY_REVIEW,True,,,AGPU_038,opend,POC,True,dual,raw/adjusted qualification mismatch
AGPU,Axe Compute,NASDAQ,2023-03-21,2023-06-19,2023-06-20,0.3447,4.45,11.90977661734842,0.3447,4.45,11.90977661734842,103.41,66.75,-0.3545111691325791,raw,RAW_ONLY_REVIEW,True,,,AGPU_038,opend,POC,True,dual,raw/adjusted qualification mismatch
AGPU,Axe Compute,NASDAQ,2023-03-22,2023-06-20,2023-06-20,0.3112,4.45,13.299485861182522,0.3112,4.45,13.299485861182522,93.36,66.75,-0.285025706940874,raw,RAW_ONLY_REVIEW,True,,,AGPU_038,opend,POC,True,dual,raw/adjusted qualification mismatch
AGPU,Axe Compute,NASDAQ,2023-03-23,2023-06-21,2023-06-21,0.2976,3.83,11.86962365591398,0.2976,3.83,11.86962365591398,89.28,57.45,-0.356518817204301,raw,RAW_ONLY_REVIEW,True,,,AGPU_038,opend,POC,True,dual,raw/adjusted qualification mismatch
AGPU,Axe Compute,NASDAQ,2023-03-24,2023-06-22,2023-06-22,0.3004,4.46,13.846870838881491,0.3004,4.46,13.846870838881491,90.12,66.9,-0.2576564580559254,raw,RAW_ONLY_REVIEW,True,,,AGPU_038,opend,POC,True,dual,raw/adjusted qualification mismatch
AGPU,Axe Compute,NASDAQ,2023-03-27,2023-06-25,2023-06-26,0.28,4.52,15.14285714285714,0.28,4.52,15.14285714285714,84.0,67.799999999,-0.1928571428690476,raw,RAW_ONLY_REVIEW,True,,,AGPU_038,opend,POC,True,dual,raw/adjusted qualification mismatch
AGPU,Axe Compute,NASDAQ,2023-03-28,2023-06-26,2023-06-26,0.29,4.52,14.586206896551724,0.29,4.52,14.586206896551724,87.0,67.799999999,-0.2206896551839081,raw,RAW_ONLY_REVIEW,True,,,AGPU_038,opend,POC,True,dual,raw/adjusted qualification mismatch
AGPU,Axe Compute,NASDAQ,2023-03-29,2023-06-27,2023-06-27,0.2836,4.65,15.396332863187588,0.2836,4.65,15.396332863187588,85.08,69.75,-0.1801833568406206,raw,RAW_ONLY_REVIEW,True,,,AGPU_038,opend,POC,True,dual,raw/adjusted qualification mismatch
AGPU,Axe Compute,NASDAQ,2023-03-30,2023-06-28,2023-06-28,0.2773,5.13,17.49981968986657,0.2773,5.13,17.49981968986657,83.19,76.95,-0.0750090155066713,raw,RAW_ONLY_REVIEW,True,,,AGPU_038,opend,POC,True,dual,raw/adjusted qualification mismatch
AGPU,Axe Compute,NASDAQ,2023-03-31,2023-06-29,2023-06-29,0.3268,4.89,13.96328029375765,0.3268,4.89,13.96328029375765,98.04,73.35,-0.2518359853121176,raw,RAW_ONLY_REVIEW,True,,,AGPU_038,opend,POC,True,dual,raw/adjusted qualification mismatch
AGPU,Axe Compute,NASDAQ,2023-04-03,2023-07-02,2023-07-03,0.3112,4.845,14.568766066838046,0.3112,4.845,14.568766066838046,93.36,72.675,-0.2215616966580976,raw,RAW_ONLY_REVIEW,True,,,AGPU_038,opend,POC,True,dual,raw/adjusted qualification mismatch
AGPU,Axe Compute,NASDAQ,2023-04-04,2023-07-03,2023-07-03,0.2954,4.845,15.40148950575491,0.2954,4.845,15.40148950575491,88.62,72.675,-0.1799255247122546,raw,RAW_ONLY_REVIEW,True,,,AGPU_038,opend,POC,True,dual,raw/adjusted qualification mismatch
AGPU,Axe Compute,NASDAQ,2023-04-05,2023-07-04,2023-07-05,0.2768,4.95,16.882947976878615,0.2768,4.95,16.882947976878615,83.04,74.25,-0.1058526011560694,raw,RAW_ONLY_REVIEW,True,,,AGPU_038,opend,POC,True,dual,raw/adjusted qualification mismatch
AGPU,Axe Compute,NASDAQ,2023-04-06,2023-07-05,2023-07-05,0.272,4.95,17.198529411764707,0.272,4.95,17.198529411764707,81.6,74.25,-0.0900735294117646,raw,RAW_ONLY_REVIEW,True,,,AGPU_038,opend,POC,True,dual,raw/adjusted qualification mismatch
AGPU,Axe Compute,NASDAQ,2023-04-10,2023-07-09,2023-07-10,0.2791,5.15,17.452167681834467,0.2791,5.15,17.452167681834467,83.73,77.25,-0.0773916159082767,raw,RAW_ONLY_REVIEW,True,,,AGPU_038,opend,POC,True,dual,raw/adjusted qualification mismatch
AGPU,Axe Compute,NASDAQ,2023-04-11,2023-07-10,2023-07-10,0.2799,5.15,17.39942836727403,0.2799,5.15,17.39942836727403,83.97,77.25,-0.0800285816362986,raw,RAW_ONLY_REVIEW,True,,,AGPU_038,opend,POC,True,dual,raw/adjusted qualification mismatch
AGPU,Axe Compute,NASDAQ,2023-04-12,2023-07-11,2023-07-11,0.2755,5.6,19.326678765880214,0.2755,5.6,19.326678765880214,82.65,84.0,0.0163339382940108,raw,RAW_ONLY_REVIEW,True,,,AGPU_038,opend,POC,True,dual,raw/adjusted qualification mismatch
AGPU,Axe Compute,NASDAQ,2023-04-13,2023-07-12,2023-07-12,0.49,6.14,11.53061224489796,0.49,6.14,11.53061224489796,147.0,92.1,-0.3734693877551021,raw,RAW_ONLY_REVIEW,True,,,AGPU_038,opend,POC,True,dual,raw/adjusted qualification mismatch
AGPU,Axe Compute,NASDAQ,2023-04-14,2023-07-13,2023-07-13,0.38,6.49,16.07894736842105,0.38,6.49,16.07894736842105,114.0,97.35,-0.1460526315789474,raw,RAW_ONLY_REVIEW,True,,,AGPU_038,opend,POC,True,dual,raw/adjusted qualification mismatch
AGPU,Axe Compute,NASDAQ,2023-04-17,2023-07-16,2023-07-17,0.3182,6.64,19.86737900691389,0.3182,6.64,19.86737900691389,95.46,99.6,0.0433689503456944,raw,RAW_ONLY_REVIEW,True,,,AGPU_038,opend,POC,True,dual,raw/adjusted qualification mismatch
AGPU,Axe Compute,NASDAQ,2023-04-18,2023-07-17,2023-07-17,0.2871,6.64,22.127830024381744,0.2871,6.64,22.127830024381744,86.13,99.6,0.1563915012190875,raw,RAW_ONLY_REVIEW,True,,,AGPU_038,opend,POC,True,dual,raw/adjusted qualification mismatch
AGPU,Axe Compute,NASDAQ,2023-04-19,2023-07-18,2023-07-18,0.2798,6.31,21.5518227305218,0.2798,6.31,21.5518227305218,83.94,94.65,0.1275911365260902,raw,RAW_ONLY_REVIEW,True,,,AGPU_038,opend,POC,True,dual,raw/adjusted qualification mismatch
AGPU,Axe Compute,NASDAQ,2023-04-20,2023-07-19,2023-07-19,0.2769,6.21,21.426868905742147,0.2769,6.21,21.426868905742147,83.07,93.15,0.1213434452871073,raw,RAW_ONLY_REVIEW,True,,,AGPU_038,opend,POC,True,dual,raw/adjusted qualification mismatch
AGPU,Axe Compute,NASDAQ,2023-04-21,2023-07-20,2023-07-20,0.1871,6.15,31.870122928915023,0.1871,6.15,31.870122928915023,56.13,92.25,0.6435061464457508,raw,RAW_ONLY_REVIEW,True,,,AGPU_038,opend,POC,True,dual,raw/adjusted qualification mismatch
AGPU,Axe Compute,NASDAQ,2025-07-02,2025-09-30,2025-09-30,0.8343,14.22,16.044228694714132,0.8343,14.22,16.044228694714132,12.5145,14.22,0.136281912980942,raw,RAW_ONLY_REVIEW,True,,,AGPU_039,opend,POC,True,dual,raw/adjusted qualification mismatch
AGPU,Axe Compute,NASDAQ,2025-07-03,2025-10-01,2025-10-01,0.8501,13.68,15.09222444418304,0.8501,13.68,15.09222444418304,12.7515,13.68,0.0728149629455356,raw,RAW_ONLY_REVIEW,True,,,AGPU_039,opend,POC,True,dual,raw/adjusted qualification mismatch
AGPU,Axe Compute,NASDAQ,2025-07-07,2025-10-05,2025-10-06,0.85,14.3,15.823529411764708,0.85,14.3,15.823529411764708,12.75,14.3,0.1215686274509804,raw,RAW_ONLY_REVIEW,True,,,AGPU_039,opend,POC,True,dual,raw/adjusted qualification mismatch
AGPU,Axe Compute,NASDAQ,2025-07-08,2025-10-06,2025-10-06,0.8,14.3,16.875,0.8,14.3,16.875,12.0,14.3,0.1916666666666666,raw,RAW_ONLY_REVIEW,True,,,AGPU_039,opend,POC,True,dual,raw/adjusted qualification mismatch
AGPU,Axe Compute,NASDAQ,2025-07-09,2025-10-07,2025-10-07,0.8,14.26,16.825,0.8,14.26,16.825,12.0,14.26,0.1883333333333332,raw,RAW_ONLY_REVIEW,True,,,AGPU_039,opend,POC,True,dual,raw/adjusted qualification mismatch
AGPU,Axe Compute,NASDAQ,2025-07-10,2025-10-08,2025-10-08,0.8,14.5,17.125,0.8,14.5,17.125,12.0,14.5,0.2083333333333332,raw,RAW_ONLY_REVIEW,True,,,AGPU_039,opend,POC,True,dual,raw/adjusted qualification mismatch
AGPU,Axe Compute,NASDAQ,2025-07-11,2025-10-09,2025-10-09,0.79,14.27,17.063291139240505,0.79,14.27,17.063291139240505,11.85,14.27,0.2042194092827003,raw,RAW_ONLY_REVIEW,True,,,AGPU_039,opend,POC,True,dual,raw/adjusted qualification mismatch
AGPU,Axe Compute,NASDAQ,2025-07-14,2025-10-12,2025-10-13,0.8,13.47,15.8375,0.8,13.47,15.8375,12.0,13.47,0.1225,raw,RAW_ONLY_REVIEW,True,,,AGPU_039,opend,POC,True,dual,raw/adjusted qualification mismatch
AGPU,Axe Compute,NASDAQ,2025-07-15,2025-10-13,2025-10-13,0.7905,13.47,16.039848197343456,0.7905,13.47,16.039848197343456,11.8575,13.47,0.1359898798228969,raw,RAW_ONLY_REVIEW,True,,,AGPU_039,opend,POC,True,dual,raw/adjusted qualification mismatch
AGPU,Axe Compute,NASDAQ,2025-07-16,2025-10-14,2025-10-14,0.7833,13.58,16.336907953529938,0.7833,13.58,16.336907953529938,11.7495,13.58,0.1557938635686626,raw,RAW_ONLY_REVIEW,True,,,AGPU_039,opend,POC,True,dual,raw/adjusted qualification mismatch
AGPU,Axe Compute,NASDAQ,2025-07-17,2025-10-15,2025-10-15,0.7815,13.6,16.402431222008957,0.7815,13.6,16.402431222008957,11.7225,13.6,0.1601620814672637,raw,RAW_ONLY_REVIEW,True,,,AGPU_039,opend,POC,True,dual,raw/adjusted qualification mismatch
AGPU,Axe Compute,NASDAQ,2025-07-18,2025-10-16,2025-10-16,0.79,11.0,12.924050632911392,0.79,11.0,12.924050632911392,11.85,11.0,-0.0717299578059071,raw,RAW_ONLY_REVIEW,True,,,AGPU_039,opend,POC,True,dual,raw/adjusted qualification mismatch
AGPU,Axe Compute,NASDAQ,2025-07-21,2025-10-19,2025-10-20,0.7852,9.31,10.85685175751401,0.7852,9.31,10.85685175751401,11.778,9.31,-0.2095432161657326,raw,RAW_ONLY_REVIEW,True,,,AGPU_039,opend,POC,True,dual,raw/adjusted qualification mismatch
AGPU,Axe Compute,NASDAQ,2025-07-22,2025-10-20,2025-10-20,0.776,9.31,10.997422680412372,0.776,9.31,10.997422680412372,11.64,9.31,-0.2001718213058418,raw,RAW_ONLY_REVIEW,True,,,AGPU_039,opend,POC,True,dual,raw/adjusted qualification mismatch
AGPU,Axe Compute,NASDAQ,2025-07-23,2025-10-21,2025-10-21,0.7962,9.42,10.831198191409191,0.7962,9.42,10.831198191409191,11.943,9.42,-0.2112534539060537,raw,RAW_ONLY_REVIEW,True,,,AGPU_039,opend,POC,True,dual,raw/adjusted qualification mismatch
AGPU,Axe Compute,NASDAQ,2025-07-24,2025-10-22,2025-10-22,0.8,9.24,10.55,0.8,9.24,10.55,12.0,9.24,-0.2299999999999999,raw,RAW_ONLY_REVIEW,True,,,AGPU_039,opend,POC,True,dual,raw/adjusted qualification mismatch
AGPU,Axe Compute,NASDAQ,2025-07-28,2025-10-26,2025-10-27,0.8,9.3,10.625,0.8,9.3,10.625,12.0,9.3,-0.2249999999999999,raw,RAW_ONLY_REVIEW,True,,,AGPU_039,opend,POC,True,dual,raw/adjusted qualification mismatch
AGPU,Axe Compute,NASDAQ,2025-07-29,2025-10-27,2025-10-27,0.8001,9.3,10.623547056617925,0.8001,9.3,10.623547056617925,12.0015,9.3,-0.2250968628921383,raw,RAW_ONLY_REVIEW,True,,,AGPU_039,opend,POC,True,dual,raw/adjusted qualification mismatch
AGPU,Axe Compute,NASDAQ,2025-07-30,2025-10-28,2025-10-28,0.7817,9.69,11.39605986951516,0.7817,9.69,11.39605986951516,11.7255,9.69,-0.1735960086989894,raw,RAW_ONLY_REVIEW,True,,,AGPU_039,opend,POC,True,dual,raw/adjusted qualification mismatch
AGPU,Axe Compute,NASDAQ,2025-07-31,2025-10-29,2025-10-29,0.789,8.84,10.20405576679341,0.789,8.84,10.20405576679341,11.835,8.84,-0.2530629488804394,raw,RAW_ONLY_REVIEW,True,,,AGPU_039,opend,POC,True,dual,raw/adjusted qualification mismatch
AGPU,Axe Compute,NASDAQ,2025-08-01,2025-10-30,2025-10-30,0.762,8.46,10.102362204724413,0.762,8.46,10.102362204724413,11.43,8.46,-0.2598425196850392,raw,RAW_ONLY_REVIEW,True,,,AGPU_039,opend,POC,True,dual,raw/adjusted qualification mismatch
AHG,Akso Health,NASDAQ,2021-07-22,2021-10-20,2021-10-20,1.46,18.87,11.924657534246576,1.46,18.87,11.924657534246576,1.46,18.87,11.924657534246576,both,BOTH_QUALIFIED,False,,,AHG_040,opend,POC,True,dual,
AHI,Advanced Health Intelligence,NASDAQ,2023-04-03,2023-07-02,2023-07-03,0.3601,5.7,14.828936406553735,0.3601,5.7,14.828936406553735,1.4404,5.7,2.9572341016384343,raw,RAW_ONLY_REVIEW,True,,,AHI_041,opend,POC,True,dual,raw/adjusted qualification mismatch
AHI,Advanced Health Intelligence,NASDAQ,2023-04-04,2023-07-03,2023-07-03,0.3736,5.7,14.25695931477516,0.3736,5.7,14.25695931477516,1.4944,5.7,2.81423982869379,raw,RAW_ONLY_REVIEW,True,,,AHI_041,opend,POC,True,dual,raw/adjusted qualification mismatch
AHI,Advanced Health Intelligence,NASDAQ,2023-04-05,2023-07-04,2023-07-05,0.361,5.24,13.515235457063714,0.361,5.24,13.515235457063714,1.444,5.24,2.6288088642659284,raw,RAW_ONLY_REVIEW,True,,,AHI_041,opend,POC,True,dual,raw/adjusted qualification mismatch
AHI,Advanced Health Intelligence,NASDAQ,2023-04-06,2023-07-05,2023-07-05,0.363,5.24,13.435261707988982,0.363,5.24,13.435261707988982,1.452,5.24,2.608815426997245,raw,RAW_ONLY_REVIEW,True,,,AHI_041,opend,POC,True,dual,raw/adjusted qualification mismatch
AHI,Advanced Health Intelligence,NASDAQ,2023-04-10,2023-07-09,2023-07-10,0.3599,4.53,11.586829674909698,0.3599,4.53,11.586829674909698,1.4396,4.53,2.1467074187274244,raw,RAW_ONLY_REVIEW,True,,,AHI_041,opend,POC,True,dual,raw/adjusted qualification mismatch
AHI,Advanced Health Intelligence,NASDAQ,2023-04-11,2023-07-10,2023-07-10,0.3888,4.53,10.651234567901236,0.3888,4.53,10.651234567901236,1.5552,4.53,1.912808641975309,raw,RAW_ONLY_REVIEW,True,,,AHI_041,opend,POC,True,dual,raw/adjusted qualification mismatch
AHI,Advanced Health Intelligence,NASDAQ,2023-04-12,2023-07-11,2023-07-11,0.3845,4.49,10.677503250975294,0.3845,4.49,10.677503250975294,1.538,4.49,1.9193758127438236,raw,RAW_ONLY_REVIEW,True,,,AHI_041,opend,POC,True,dual,raw/adjusted qualification mismatch
AHI,Advanced Health Intelligence,NASDAQ,2023-05-04,2023-08-02,2023-08-02,0.335,4.14,11.358208955223878,0.335,4.14,11.358208955223878,1.34,4.14,2.089552238805969,raw,RAW_ONLY_REVIEW,True,,,AHI_041,opend,POC,True,dual,raw/adjusted qualification mismatch
AHI,Advanced Health Intelligence,NASDAQ,2023-05-05,2023-08-03,2023-08-04,0.335,4.27,11.746268656716415,0.335,4.27,11.746268656716415,1.34,4.27,2.186567164179104,raw,RAW_ONLY_REVIEW,True,,,AHI_041,opend,POC,True,dual,raw/adjusted qualification mismatch
AHI,Advanced Health Intelligence,NASDAQ,2023-05-09,2023-08-07,2023-08-07,0.34,3.75,10.029411764705882,0.34,3.75,10.029411764705882,1.36,3.75,1.7573529411764706,raw,RAW_ONLY_REVIEW,True,,,AHI_041,opend,POC,True,dual,raw/adjusted qualification mismatch
AHI,Advanced Health Intelligence,NASDAQ,2023-05-10,2023-08-08,2023-08-08,0.3202,4.14,11.92941911305434,0.3202,4.14,11.92941911305434,1.2808,4.14,2.232354778263585,raw,RAW_ONLY_REVIEW,True,,,AHI_041,opend,POC,True,dual,raw/adjusted qualification mismatch
AHI,Advanced Health Intelligence,NASDAQ,2023-05-11,2023-08-09,2023-08-09,0.3202,4.34,12.554028732042472,0.3202,4.34,12.554028732042472,1.2808,4.34,2.3885071830106184,raw,RAW_ONLY_REVIEW,True,,,AHI_041,opend,POC,True,dual,raw/adjusted qualification mismatch
AHI,Advanced Health Intelligence,NASDAQ,2023-05-12,2023-08-10,2023-08-10,0.32,4.05,11.65625,0.32,4.05,11.65625,1.28,4.05,2.1640625,raw,RAW_ONLY_REVIEW,True,,,AHI_041,opend,POC,True,dual,raw/adjusted qualification mismatch
AHI,Advanced Health Intelligence,NASDAQ,2023-05-15,2023-08-13,2023-08-14,0.3451,4.26,11.344248044045203,0.3451,4.26,11.344248044045203,1.3804,4.26,2.086062011011301,raw,RAW_ONLY_REVIEW,True,,,AHI_041,opend,POC,True,dual,raw/adjusted qualification mismatch
AHI,Advanced Health Intelligence,NASDAQ,2023-05-16,2023-08-14,2023-08-14,0.338,4.26,11.603550295857987,0.338,4.26,11.603550295857987,1.352,4.26,2.150887573964497,raw,RAW_ONLY_REVIEW,True,,,AHI_041,opend,POC,True,dual,raw/adjusted qualification mismatch
AHI,Advanced Health Intelligence,NASDAQ,2023-05-17,2023-08-15,2023-08-15,0.347,4.13,10.902017291066285,0.347,4.13,10.902017291066285,1.388,4.13,1.9755043227665707,raw,RAW_ONLY_REVIEW,True,,,AHI_041,opend,POC,True,dual,raw/adjusted qualification mismatch
AHI,Advanced Health Intelligence,NASDAQ,2023-05-18,2023-08-16,2023-08-16,0.33,3.84,10.636363636363637,0.33,3.84,10.636363636363637,1.32,3.84,1.9090909090909087,raw,RAW_ONLY_REVIEW,True,,,AHI_041,opend,POC,True,dual,raw/adjusted qualification mismatch
AHI,Advanced Health Intelligence,NASDAQ,2023-05-19,2023-08-17,2023-08-17,0.315,4.57,13.507936507936508,0.315,4.57,13.507936507936508,1.26,4.57,2.626984126984127,raw,RAW_ONLY_REVIEW,True,,,AHI_041,opend,POC,True,dual,raw/adjusted qualification mismatch
AHI,Advanced Health Intelligence,NASDAQ,2023-05-22,2023-08-20,2023-08-21,0.3389,4.15,11.245500147536148,0.3389,4.15,11.245500147536148,1.3556,4.15,2.061375036884037,raw,RAW_ONLY_REVIEW,True,,,AHI_041,opend,POC,True,dual,raw/adjusted qualification mismatch
AHI,Advanced Health Intelligence,NASDAQ,2023-05-23,2023-08-21,2023-08-21,0.34,4.15,11.205882352941178,0.34,4.15,11.205882352941178,1.36,4.15,2.0514705882352944,raw,RAW_ONLY_REVIEW,True,,,AHI_041,opend,POC,True,dual,raw/adjusted qualification mismatch
AHI,Advanced Health Intelligence,NASDAQ,2023-05-24,2023-08-22,2023-08-22,0.3249,3.93,11.096029547553092,0.3249,3.93,11.096029547553092,1.2996,3.93,2.024007386888273,raw,RAW_ONLY_REVIEW,True,,,AHI_041,opend,POC,True,dual,raw/adjusted qualification mismatch
AHI,Advanced Health Intelligence,NASDAQ,2023-05-25,2023-08-23,2023-08-23,0.3139,3.77,11.010194329404268,0.3139,3.77,11.010194329404268,1.2556,3.77,2.002548582351067,raw,RAW_ONLY_REVIEW,True,,,AHI_041,opend,POC,True,dual,raw/adjusted qualification mismatch
AHI,Advanced Health Intelligence,NASDAQ,2023-05-26,2023-08-24,2023-08-24,0.3292,3.75,10.391251518833537,0.3292,3.75,10.391251518833537,1.3168,3.75,1.847812879708384,raw,RAW_ONLY_REVIEW,True,,,AHI_041,opend,POC,True,dual,raw/adjusted qualification mismatch
AHI,Advanced Health Intelligence,NASDAQ,2023-05-30,2023-08-28,2023-08-28,0.3101,3.75,11.092873266688166,0.3101,3.75,11.092873266688166,1.2404,3.75,2.023218316672041,raw,RAW_ONLY_REVIEW,True,,,AHI_041,opend,POC,True,dual,raw/adjusted qualification mismatch
AHI,Advanced Health Intelligence,NASDAQ,2023-05-31,2023-08-29,2023-08-29,0.3257,3.7,10.360147374884864,0.3257,3.7,10.360147374884864,1.3028,3.7,1.840036843721216,raw,RAW_ONLY_REVIEW,True,,,AHI_041,opend,POC,True,dual,raw/adjusted qualification mismatch
AHI,Advanced Health Intelligence,NASDAQ,2023-06-01,2023-08-30,2023-08-30,0.315,3.73,10.841269841269842,0.315,3.73,10.841269841269842,1.26,3.73,1.9603174603174605,raw,RAW_ONLY_REVIEW,True,,,AHI_041,opend,POC,True,dual,raw/adjusted qualification mismatch
AHI,Advanced Health Intelligence,NASDAQ,2023-06-02,2023-08-31,2023-08-31,0.3334,3.76,10.27774445110978,0.3334,3.76,10.27774445110978,1.3336,3.76,1.8194361127774448,raw,RAW_ONLY_REVIEW,True,,,AHI_041,opend,POC,True,dual,raw/adjusted qualification mismatch
AHI,Advanced Health Intelligence,NASDAQ,2023-06-05,2023-09-03,2023-09-05,0.3102,3.65,10.766602192134108,0.3102,3.65,10.766602192134108,1.2408,3.65,1.941650548033527,raw,RAW_ONLY_REVIEW,True,,,AHI_041,opend,POC,True,dual,raw/adjusted qualification mismatch
AHI,Advanced Health Intelligence,NASDAQ,2023-06-06,2023-09-04,2023-09-05,0.321,3.65,10.370716510903426,0.321,3.65,10.370716510903426,1.284,3.65,1.8426791277258563,raw,RAW_ONLY_REVIEW,True,,,AHI_041,opend,POC,True,dual,raw/adjusted qualification mismatch
AHI,Advanced Health Intelligence,NASDAQ,2023-06-07,2023-09-05,2023-09-05,0.31,3.65,10.774193548387096,0.31,3.65,10.774193548387096,1.24,3.65,1.943548387096774,raw,RAW_ONLY_REVIEW,True,,,AHI_041,opend,POC,True,dual,raw/adjusted qualification mismatch
AHI,Advanced Health Intelligence,NASDAQ,2023-06-08,2023-09-06,2023-09-06,0.31,3.64,10.741935483870968,0.31,3.64,10.741935483870968,1.24,3.64,1.935483870967742,raw,RAW_ONLY_REVIEW,True,,,AHI_041,opend,POC,True,dual,raw/adjusted qualification mismatch
AHT,阿什福德信托,NYSE,2024-08-14,2024-11-12,2024-11-12,0.8959,10.7,10.943297242995868,0.8959,10.7,10.943297242995868,8.959,10.7,0.1943297242995869,raw,RAW_ONLY_REVIEW,True,,,AHT_042,opend,POC,True,dual,raw/adjusted qualification mismatch
AHT,阿什福德信托,NYSE,2024-09-10,2024-12-09,2024-12-09,0.8073,8.97,10.111111111111112,0.8073,8.97,10.111111111111112,8.073,8.97,0.1111111111111111,raw,RAW_ONLY_REVIEW,True,,,AHT_042,opend,POC,True,dual,raw/adjusted qualification mismatch
AHT,阿什福德信托,NYSE,2024-10-07,2025-01-05,2025-01-06,0.6997,8.61,11.305273688723736,0.6997,8.61,11.305273688723736,6.997,8.61,0.2305273688723739,raw,RAW_ONLY_REVIEW,True,,,AHT_042,opend,POC,True,dual,raw/adjusted qualification mismatch
AHT,阿什福德信托,NYSE,2024-10-08,2025-01-06,2025-01-06,0.6703,8.61,11.844994778457409,0.6703,8.61,11.844994778457409,6.703,8.61,0.2844994778457406,raw,RAW_ONLY_REVIEW,True,,,AHT_042,opend,POC,True,dual,raw/adjusted qualification mismatch
AHT,阿什福德信托,NYSE,2024-10-09,2025-01-07,2025-01-07,0.5999,8.83,13.719119853308886,0.5999,8.83,13.719119853308886,5.999,8.83,0.4719119853308886,raw,RAW_ONLY_REVIEW,True,,,AHT_042,opend,POC,True,dual,raw/adjusted qualification mismatch
AHT,阿什福德信托,NYSE,2024-10-10,2025-01-08,2025-01-08,0.5785,8.64,13.935177182368196,0.5785,8.64,13.935177182368196,5.785,8.64,0.4935177182368193,raw,RAW_ONLY_REVIEW,True,,,AHT_042,opend,POC,True,dual,raw/adjusted qualification mismatch
AHT,阿什福德信托,NYSE,2024-10-11,2025-01-09,2025-01-10,0.608,8.18,12.453947368421051,0.608,8.18,12.453947368421051,6.08,8.18,0.3453947368421053,raw,RAW_ONLY_REVIEW,True,,,AHT_042,opend,POC,True,dual,raw/adjusted qualification mismatch
AHT,阿什福德信托,NYSE,2024-10-14,2025-01-12,2025-01-13,0.6244,8.67,12.885329916720051,0.6244,8.67,12.885329916720051,6.244,8.67,0.388532991672005,raw,RAW_ONLY_REVIEW,True,,,AHT_042,opend,POC,True,dual,raw/adjusted qualification mismatch
AHT,阿什福德信托,NYSE,2024-10-15,2025-01-13,2025-01-13,0.6351,8.67,12.65139348134152,0.6351,8.67,12.65139348134152,6.351,8.67,0.365139348134152,raw,RAW_ONLY_REVIEW,True,,,AHT_042,opend,POC,True,dual,raw/adjusted qualification mismatch
AHT,阿什福德信托,NYSE,2024-10-16,2025-01-14,2025-01-14,0.6212,9.14,13.71345782356729,0.6212,9.14,13.71345782356729,6.212,9.14,0.4713457823567291,raw,RAW_ONLY_REVIEW,True,,,AHT_042,opend,POC,True,dual,raw/adjusted qualification mismatch
AHT,阿什福德信托,NYSE,2024-10-17,2025-01-15,2025-01-15,0.603,8.8,13.593698175787727,0.603,8.8,13.593698175787727,6.03,8.8,0.4593698175787728,raw,RAW_ONLY_REVIEW,True,,,AHT_042,opend,POC,True,dual,raw/adjusted qualification mismatch
AHT,阿什福德信托,NYSE,2024-10-18,2025-01-16,2025-01-16,0.6018,8.65,13.373546028580924,0.6018,8.65,13.373546028580924,6.018,8.65,0.4373546028580926,raw,RAW_ONLY_REVIEW,True,,,AHT_042,opend,POC,True,dual,raw/adjusted qualification mismatch
AHT,阿什福德信托,NYSE,2024-10-21,2025-01-19,2025-01-21,0.5691,8.33,13.637146371463713,0.5691,8.33,13.637146371463713,5.691,8.33,0.4637146371463716,raw,RAW_ONLY_REVIEW,True,,,AHT_042,opend,POC,True,dual,raw/adjusted qualification mismatch
AHT,阿什福德信托,NYSE,2024-10-22,2025-01-20,2025-01-21,0.5666,8.33,13.701729615248851,0.5666,8.33,13.701729615248851,5.666,8.33,0.4701729615248853,raw,RAW_ONLY_REVIEW,True,,,AHT_042,opend,POC,True,dual,raw/adjusted qualification mismatch
AHT,阿什福德信托,NYSE,2024-10-23,2025-01-21,2025-01-21,0.5549,8.33,14.011713822310329,0.5549,8.33,14.011713822310329,5.548999999,8.33,0.5011713825015627,raw,RAW_ONLY_REVIEW,True,,,AHT_042,opend,POC,True,dual,raw/adjusted qualification mismatch
AHT,阿什福德信托,NYSE,2024-10-24,2025-01-22,2025-01-22,0.5498,8.37,14.22371771553292,0.5498,8.37,14.22371771553292,5.498,8.37,0.5223717715532918,raw,RAW_ONLY_REVIEW,True,,,AHT_042,opend,POC,True,dual,raw/adjusted qualification mismatch
AHT,阿什福德信托,NYSE,2024-10-25,2025-01-23,2025-01-23,0.557,8.08,13.506283662477555,0.557,8.08,13.506283662477555,5.57,8.08,0.4506283662477557,raw,RAW_ONLY_REVIEW,True,,,AHT_042,opend,POC,True,dual,raw/adjusted qualification mismatch
AIB,BlockchAIn Digital Infrastructure,AMEX,2024-08-19,2024-11-17,2024-11-18,0.2253,8.4,36.28362183754994,0.2253,8.4,36.28362183754994,10.8144,8.4,-0.2232578783843762,raw,RAW_ONLY_REVIEW,True,,,AIB_043,opend,POC,True,dual,raw/adjusted qualification mismatch
AIB,BlockchAIn Digital Infrastructure,AMEX,2024-08-20,2024-11-18,2024-11-18,0.2208,8.4,37.04347826086957,0.2208,8.4,37.04347826086957,10.5984,8.4,-0.207427536231884,raw,RAW_ONLY_REVIEW,True,,,AIB_043,opend,POC,True,dual,raw/adjusted qualification mismatch
AIB,BlockchAIn Digital Infrastructure,AMEX,2024-08-21,2024-11-19,2024-11-19,0.22,6.41,28.13636363636364,0.22,6.41,28.13636363636364,10.56,6.41,-0.3929924242424243,raw,RAW_ONLY_REVIEW,True,,,AIB_043,opend,POC,True,dual,raw/adjusted qualification mismatch
AIB,BlockchAIn Digital Infrastructure,AMEX,2024-08-22,2024-11-20,2024-11-20,0.235,6.5226,26.755744680851063,0.235,6.5226,26.755744680851063,11.28,6.5226,-0.4217553191489361,raw,RAW_ONLY_REVIEW,True,,,AIB_043,opend,POC,True,dual,raw/adjusted qualification mismatch
AIB,BlockchAIn Digital Infrastructure,AMEX,2024-08-23,2024-11-21,2024-11-21,0.217,6.3,28.032258064516128,0.217,6.3,28.032258064516128,10.416,6.3,-0.3951612903225807,raw,RAW_ONLY_REVIEW,True,,,AIB_043,opend,POC,True,dual,raw/adjusted qualification mismatch
AIB,BlockchAIn Digital Infrastructure,AMEX,2024-08-26,2024-11-24,2024-11-25,0.2865,7.45,25.003490401396164,0.2865,7.45,25.003490401396164,13.751999999,7.45,-0.4582606165981865,raw,RAW_ONLY_REVIEW,True,,,AIB_043,opend,POC,True,dual,raw/adjusted qualification mismatch
AIB,BlockchAIn Digital Infrastructure,AMEX,2024-08-27,2024-11-25,2024-11-25,0.2002,7.45,36.21278721278721,0.2002,7.45,36.21278721278721,9.6096,7.45,-0.2247335997335997,raw,RAW_ONLY_REVIEW,True,,,AIB_043,opend,POC,True,dual,raw/adjusted qualification mismatch
AIB,BlockchAIn Digital Infrastructure,AMEX,2024-08-28,2024-11-26,2024-11-26,0.1807,7.0,37.7382401770891,0.1807,7.0,37.7382401770891,8.6736,7.0,-0.1929533296439771,raw,RAW_ONLY_REVIEW,True,,,AIB_043,opend,POC,True,dual,raw/adjusted qualification mismatch
AIB,BlockchAIn Digital Infrastructure,AMEX,2024-08-29,2024-11-27,2024-11-27,0.17,7.61,43.76470588235294,0.17,7.61,43.76470588235294,8.16,7.61,-0.0674019607843137,raw,RAW_ONLY_REVIEW,True,,,AIB_043,opend,POC,True,dual,raw/adjusted qualification mismatch
AIB,BlockchAIn Digital Infrastructure,AMEX,2024-08-30,2024-11-28,2024-11-29,0.1495,8.6,56.525083612040135,0.1495,8.6,56.525083612040135,7.176,8.6,0.1984392419175027,raw,RAW_ONLY_REVIEW,True,,,AIB_043,opend,POC,True,dual,raw/adjusted qualification mismatch
AIB,BlockchAIn Digital Infrastructure,AMEX,2024-09-03,2024-12-02,2024-12-02,0.15,7.78,50.86666666666667,0.15,7.78,50.86666666666667,7.2,7.78,0.0805555555555554,raw,RAW_ONLY_REVIEW,True,,,AIB_043,opend,POC,True,dual,raw/adjusted qualification mismatch
AIB,BlockchAIn Digital Infrastructure,AMEX,2024-09-04,2024-12-03,2024-12-03,0.14165,6.28,43.33462760324744,0.14165,6.28,43.33462760324744,6.7992,6.28,-0.0763619249323449,raw,RAW_ONLY_REVIEW,True,,,AIB_043,opend,POC,True,dual,raw/adjusted qualification mismatch
AIB,BlockchAIn Digital Infrastructure,AMEX,2024-09-05,2024-12-04,2024-12-04,0.1375,5.07,35.872727272727275,0.1375,5.07,35.872727272727275,6.6,5.07,-0.2318181818181817,raw,RAW_ONLY_REVIEW,True,,,AIB_043,opend,POC,True,dual,raw/adjusted qualification mismatch
AIB,BlockchAIn Digital Infrastructure,AMEX,2024-09-06,2024-12-05,2024-12-05,0.1283,3.86,29.08573655494934,0.1283,3.86,29.08573655494934,6.1584,3.86,-0.3732138217718889,raw,RAW_ONLY_REVIEW,True,,,AIB_043,opend,POC,True,dual,raw/adjusted qualification mismatch
AIB,BlockchAIn Digital Infrastructure,AMEX,2024-09-09,2024-12-08,2024-12-09,0.1331,3.84,27.850488354620587,0.1331,3.84,27.850488354620587,6.3888,3.84,-0.3989481592787378,raw,RAW_ONLY_REVIEW,True,,,AIB_043,opend,POC,True,dual,raw/adjusted qualification mismatch
AIB,BlockchAIn Digital Infrastructure,AMEX,2024-09-10,2024-12-09,2024-12-09,0.1228,3.84,30.27035830618892,0.1228,3.84,30.27035830618892,5.8944,3.84,-0.3485342019543974,raw,RAW_ONLY_REVIEW,True,,,AIB_043,opend,POC,True,dual,raw/adjusted qualification mismatch
AIB,BlockchAIn Digital Infrastructure,AMEX,2024-09-11,2024-12-10,2024-12-10,0.124,3.59,27.951612903225804,0.124,3.59,27.951612903225804,5.952,3.59,-0.3968413978494624,raw,RAW_ONLY_REVIEW,True,,,AIB_043,opend,POC,True,dual,raw/adjusted qualification mismatch
AIB,BlockchAIn Digital Infrastructure,AMEX,2024-09-12,2024-12-11,2024-12-11,0.1332,3.45,24.9009009009009,0.1332,3.45,24.9009009009009,6.3936,3.45,-0.4603978978978978,raw,RAW_ONLY_REVIEW,True,,,AIB_043,opend,POC,True,dual,raw/adjusted qualification mismatch
AIB,BlockchAIn Digital Infrastructure,AMEX,2024-09-13,2024-12-12,2024-12-12,0.128,3.24,24.3125,0.128,3.24,24.3125,6.144,3.24,-0.47265625,raw,RAW_ONLY_REVIEW,True,,,AIB_043,opend,POC,True,dual,raw/adjusted qualification mismatch
AIB,BlockchAIn Digital Infrastructure,AMEX,2024-09-16,2024-12-15,2024-12-16,0.1278,3.36,25.29107981220657,0.1278,3.36,25.29107981220657,6.1344,3.36,-0.4522691705790298,raw,RAW_ONLY_REVIEW,True,,,AIB_043,opend,POC,True,dual,raw/adjusted qualification mismatch
AIB,BlockchAIn Digital Infrastructure,AMEX,2024-09-17,2024-12-16,2024-12-16,0.114,3.36,28.473684210526315,0.114,3.36,28.473684210526315,5.472,3.36,-0.3859649122807018,raw,RAW_ONLY_REVIEW,True,,,AIB_043,opend,POC,True,dual,raw/adjusted qualification mismatch
AIB,BlockchAIn Digital Infrastructure,AMEX,2024-09-18,2024-12-17,2024-12-17,0.1299,3.31,24.481139337952275,0.1299,3.31,24.481139337952275,6.235199999,3.31,-0.4691429303741889,raw,RAW_ONLY_REVIEW,True,,,AIB_043,opend,POC,True,dual,raw/adjusted qualification mismatch
AIB,BlockchAIn Digital Infrastructure,AMEX,2024-09-20,2024-12-19,2024-12-19,0.26,2.95,10.346153846153848,0.26,2.95,10.346153846153848,12.48,2.95,-0.7636217948717949,raw,RAW_ONLY_REVIEW,True,,,AIB_043,opend,POC,True,dual,raw/adjusted qualification mismatch
AIB,BlockchAIn Digital Infrastructure,AMEX,2024-09-27,2024-12-26,2024-12-26,0.2621,2.98,10.36970621900038,0.2621,2.98,10.36970621900038,12.5808,2.98,-0.763131120437492,raw,RAW_ONLY_REVIEW,True,,,AIB_043,opend,POC,True,dual,raw/adjusted qualification mismatch
AIB,BlockchAIn Digital Infrastructure,AMEX,2024-10-01,2024-12-30,2024-12-30,0.2274,2.67,10.74142480211082,0.2274,2.67,10.74142480211082,10.9152,2.67,-0.7553869832893579,raw,RAW_ONLY_REVIEW,True,,,AIB_043,opend,POC,True,dual,raw/adjusted qualification mismatch
AIB,BlockchAIn Digital Infrastructure,AMEX,2024-10-02,2024-12-31,2024-12-31,0.215,2.63,11.232558139534884,0.215,2.63,11.232558139534884,10.32,2.63,-0.7451550387596899,raw,RAW_ONLY_REVIEW,True,,,AIB_043,opend,POC,True,dual,raw/adjusted qualification mismatch
AIB,BlockchAIn Digital Infrastructure,AMEX,2024-10-03,2025-01-01,2025-01-02,0.224,2.71,11.098214285714285,0.224,2.71,11.098214285714285,10.752,2.71,-0.7479538690476191,raw,RAW_ONLY_REVIEW,True,,,AIB_043,opend,POC,True,dual,raw/adjusted qualification mismatch
AIB,BlockchAIn Digital Infrastructure,AMEX,2024-10-04,2025-01-02,2025-01-02,0.2197,2.71,11.33500227583068,0.2197,2.71,11.33500227583068,10.5456,2.71,-0.7430207859201943,raw,RAW_ONLY_REVIEW,True,,,AIB_043,opend,POC,True,dual,raw/adjusted qualification mismatch
AIB,BlockchAIn Digital Infrastructure,AMEX,2024-10-07,2025-01-05,2025-01-06,0.2122,2.65,11.488218661639962,0.2122,2.65,11.488218661639962,10.1856,2.65,-0.7398287778825008,raw,RAW_ONLY_REVIEW,True,,,AIB_043,opend,POC,True,dual,raw/adjusted qualification mismatch
AIB,BlockchAIn Digital Infrastructure,AMEX,2024-10-08,2025-01-06,2025-01-06,0.224,2.65,10.830357142857142,0.224,2.65,10.830357142857142,10.752,2.65,-0.7535342261904763,raw,RAW_ONLY_REVIEW,True,,,AIB_043,opend,POC,True,dual,raw/adjusted qualification mismatch
AIB,BlockchAIn Digital Infrastructure,AMEX,2024-10-31,2025-01-29,2025-01-29,0.196,4.34,21.142857142857142,0.196,4.34,21.142857142857142,9.408,4.34,-0.5386904761904762,raw,RAW_ONLY_REVIEW,True,,,AIB_043,opend,POC,True,dual,raw/adjusted qualification mismatch
AIB,BlockchAIn Digital Infrastructure,AMEX,2024-11-01,2025-01-30,2025-01-30,0.192,2.56,12.333333333333334,0.192,2.56,12.333333333333334,9.216,2.56,-0.7222222222222222,raw,RAW_ONLY_REVIEW,True,,,AIB_043,opend,POC,True,dual,raw/adjusted qualification mismatch
AIB,BlockchAIn Digital Infrastructure,AMEX,2024-11-04,2025-02-02,2025-02-03,0.188,3.12,15.595744680851066,0.188,3.12,15.595744680851066,9.024,3.12,-0.6542553191489362,raw,RAW_ONLY_REVIEW,True,,,AIB_043,opend,POC,True,dual,raw/adjusted qualification mismatch
AIB,BlockchAIn Digital Infrastructure,AMEX,2024-11-05,2025-02-03,2025-02-03,0.1986,3.12,14.709969788519638,0.1986,3.12,14.709969788519638,9.5328,3.12,-0.6727089627391742,raw,RAW_ONLY_REVIEW,True,,,AIB_043,opend,POC,True,dual,raw/adjusted qualification mismatch
AIB,BlockchAIn Digital Infrastructure,AMEX,2024-11-06,2025-02-04,2025-02-04,0.1999,3.14,14.707853926963482,0.1999,3.14,14.707853926963482,9.5952,3.14,-0.6727530431882608,raw,RAW_ONLY_REVIEW,True,,,AIB_043,opend,POC,True,dual,raw/adjusted qualification mismatch
AIB,BlockchAIn Digital Infrastructure,AMEX,2024-11-07,2025-02-05,2025-02-05,0.1683,3.41,19.26143790849673,0.1683,3.41,19.26143790849673,8.0784,3.41,-0.5778867102396514,raw,RAW_ONLY_REVIEW,True,,,AIB_043,opend,POC,True,dual,raw/adjusted qualification mismatch
AIB,BlockchAIn Digital Infrastructure,AMEX,2024-11-08,2025-02-06,2025-02-06,0.185,3.03,15.37837837837838,0.185,3.03,15.37837837837838,8.88,3.03,-0.6587837837837838,raw,RAW_ONLY_REVIEW,True,,,AIB_043,opend,POC,True,dual,raw/adjusted qualification mismatch
AIB,BlockchAIn Digital Infrastructure,AMEX,2024-11-11,2025-02-09,2025-02-10,0.2495,2.87,10.503006012024048,0.2495,2.87,10.503006012024048,11.976,2.87,-0.7603540414161657,raw,RAW_ONLY_REVIEW,True,,,AIB_043,opend,POC,True,dual,raw/adjusted qualification mismatch
AIB,BlockchAIn Digital Infrastructure,AMEX,2024-11-12,2025-02-10,2025-02-10,0.2399,2.87,10.963318049187162,0.2399,2.87,10.963318049187162,11.5152,2.87,-0.7507642073086008,raw,RAW_ONLY_REVIEW,True,,,AIB_043,opend,POC,True,dual,raw/adjusted qualification mismatch
AIB,BlockchAIn Digital Infrastructure,AMEX,2024-11-13,2025-02-11,2025-02-11,0.2059,2.65,11.870325400679942,0.2059,2.65,11.870325400679942,9.8832,2.65,-0.7318682208191679,raw,RAW_ONLY_REVIEW,True,,,AIB_043,opend,POC,True,dual,raw/adjusted qualification mismatch
AIB,BlockchAIn Digital Infrastructure,AMEX,2024-11-14,2025-02-12,2025-02-12,0.1999,2.46,11.30615307653827,0.1999,2.46,11.30615307653827,9.5952,2.46,-0.7436218109054527,raw,RAW_ONLY_REVIEW,True,,,AIB_043,opend,POC,True,dual,raw/adjusted qualification mismatch
AIB,BlockchAIn Digital Infrastructure,AMEX,2024-11-15,2025-02-13,2025-02-13,0.177,2.4,12.559322033898304,0.177,2.4,12.559322033898304,8.496,2.4,-0.7175141242937854,raw,RAW_ONLY_REVIEW,True,,,AIB_043,opend,POC,True,dual,raw/adjusted qualification mismatch
AIFC,AI Financial,NASDAQ,2019-01-24,2019-04-24,2019-04-24,0.227646651,2.506154101,10.008965385570288,0.52,4.7,8.038461538461538,0.227646651,2.506154101,10.008965385570288,adjusted,ADJUSTED_ONLY_REVIEW,True,,,AIFC_044,opend,POC,True,dual,raw/adjusted qualification mismatch
AIFC,AI Financial,NASDAQ,2019-01-25,2019-04-25,2019-04-25,0.223268831,2.778098483,11.442840635466936,0.51,5.21,9.215686274509803,0.223268831,2.778098483,11.442840635466936,adjusted,ADJUSTED_ONLY_REVIEW,True,,,AIFC_044,opend,POC,True,dual,raw/adjusted qualification mismatch
AIFC,AI Financial,NASDAQ,2019-01-28,2019-04-28,2019-04-29,0.20186129,2.351519061,10.64918276802848,0.4611,4.41,8.564085881587507,0.20186129,2.351519061,10.64918276802848,adjusted,ADJUSTED_ONLY_REVIEW,True,,,AIFC_044,opend,POC,True,dual,raw/adjusted qualification mismatch
AIFC,AI Financial,NASDAQ,2019-01-29,2019-04-29,2019-04-29,0.195163225,2.351519061,11.04898648810502,0.4458,4.41,8.892328398384928,0.195163225,2.351519061,11.04898648810502,adjusted,ADJUSTED_ONLY_REVIEW,True,,,AIFC_044,opend,POC,True,dual,raw/adjusted qualification mismatch
AIFC,AI Financial,NASDAQ,2019-01-30,2019-04-30,2019-04-30,0.193499654,2.399509246,11.40058675247037,0.442,4.5,9.180995475113122,0.193499654,2.399509246,11.40058675247037,adjusted,ADJUSTED_ONLY_REVIEW,True,,,AIFC_044,opend,POC,True,dual,raw/adjusted qualification mismatch
AIFC,AI Financial,NASDAQ,2019-01-31,2019-05-01,2019-05-01,0.194813,2.362183547,11.12538971731866,0.445,4.43,8.95505617977528,0.194813,2.362183547,11.12538971731866,adjusted,ADJUSTED_ONLY_REVIEW,True,,,AIFC_044,opend,POC,True,dual,raw/adjusted qualification mismatch
AIFC,AI Financial,NASDAQ,2019-02-01,2019-05-02,2019-05-02,0.193893657,2.639460171,12.612926858148846,0.4429,4.95,10.17633777376383,0.193893657,2.639460171,12.612926858148846,both,BOTH_QUALIFIED,False,,,AIFC_044,opend,POC,True,dual,
AIFC,AI Financial,NASDAQ,2019-02-04,2019-05-05,2019-05-06,0.193408595,2.527483072,12.068101094473077,0.441792,4.74,9.7290308561495,0.193408595,2.527483072,12.068101094473077,adjusted,ADJUSTED_ONLY_REVIEW,True,,,AIFC_044,opend,POC,True,dual,raw/adjusted qualification mismatch
AIFC,AI Financial,NASDAQ,2019-02-05,2019-05-06,2019-05-06,0.19700191,2.527483072,11.829738919790168,0.45,4.74,9.533333333333331,0.19700191,2.527483072,11.829738919790168,adjusted,ADJUSTED_ONLY_REVIEW,True,,,AIFC_044,opend,POC,True,dual,raw/adjusted qualification mismatch
AIFC,AI Financial,NASDAQ,2019-02-06,2019-05-07,2019-05-07,0.20575755,2.559476529,11.439283656905904,0.47,4.8,9.212765957446807,0.20575755,2.559476529,11.439283656905904,adjusted,ADJUSTED_ONLY_REVIEW,True,,,AIFC_044,opend,POC,True,dual,raw/adjusted qualification mismatch
AIFC,AI Financial,NASDAQ,2019-02-07,2019-05-08,2019-05-08,0.198490369,2.447499431,11.330570210184856,0.4534,4.59,9.12351124834583,0.198490369,2.447499431,11.330570210184856,adjusted,ADJUSTED_ONLY_REVIEW,True,,,AIFC_044,opend,POC,True,dual,raw/adjusted qualification mismatch
AIFC,AI Financial,NASDAQ,2019-02-08,2019-05-09,2019-05-09,0.193061872,2.340854576,11.124893184502012,0.441,4.39,8.954648526077097,0.193061872,2.340854576,11.124893184502012,adjusted,ADJUSTED_ONLY_REVIEW,True,,,AIFC_044,opend,POC,True,dual,raw/adjusted qualification mismatch
AIFC,AI Financial,NASDAQ,2019-02-11,2019-05-12,2019-05-13,0.197877474,2.351519061,10.8837127514575,0.452,4.41,8.756637168141593,0.197877474,2.351519061,10.8837127514575,adjusted,ADJUSTED_ONLY_REVIEW,True,,,AIFC_044,opend,POC,True,dual,raw/adjusted qualification mismatch
AIFC,AI Financial,NASDAQ,2019-02-12,2019-05-13,2019-05-13,0.19700191,2.351519061,10.936529249894074,0.45,4.41,8.8,0.19700191,2.351519061,10.936529249894074,adjusted,ADJUSTED_ONLY_REVIEW,True,,,AIFC_044,opend,POC,True,dual,raw/adjusted qualification mismatch
AIFC,AI Financial,NASDAQ,2019-02-13,2019-05-14,2019-05-14,0.191748526,2.410173732,11.569451157084774,0.438,4.52,9.319634703196346,0.191748526,2.410173732,11.569451157084774,adjusted,ADJUSTED_ONLY_REVIEW,True,,,AIFC_044,opend,POC,True,dual,raw/adjusted qualification mismatch
AIFC,AI Financial,NASDAQ,2019-02-14,2019-05-15,2019-05-15,0.189121833,2.6181312,12.84362216920772,0.432,4.91,10.36574074074074,0.189121833,2.6181312,12.84362216920772,both,BOTH_QUALIFIED,False,,,AIFC_044,opend,POC,True,dual,
AIFC,AI Financial,NASDAQ,2019-02-15,2019-05-16,2019-05-16,0.18872783,2.479492888,12.13792930274247,0.4311,4.65,9.786360473208074,0.18872783,2.479492888,12.13792930274247,adjusted,ADJUSTED_ONLY_REVIEW,True,,,AIFC_044,opend,POC,True,dual,raw/adjusted qualification mismatch
AIFC,AI Financial,NASDAQ,2019-02-19,2019-05-20,2019-05-20,0.186101137,2.420838217,12.008186064978206,0.4251,4.54,9.679840037638204,0.186101137,2.420838217,12.008186064978206,adjusted,ADJUSTED_ONLY_REVIEW,True,,,AIFC_044,opend,POC,True,dual,raw/adjusted qualification mismatch
AIFC,AI Financial,NASDAQ,2019-02-20,2019-05-21,2019-05-21,0.186057359,2.564808772,12.785043417712922,0.425,4.81,10.317647058823528,0.186057359,2.564808772,12.785043417712922,both,BOTH_QUALIFIED,False,,,AIFC_044,opend,POC,True,dual,
AIFC,AI Financial,NASDAQ,2019-02-21,2019-05-22,2019-05-22,0.182992885,2.634127928,13.394701345902057,0.418,4.94,10.81818181818182,0.182992885,2.634127928,13.394701345902057,both,BOTH_QUALIFIED,False,,,AIFC_044,opend,POC,True,dual,
AIFC,AI Financial,NASDAQ,2019-02-22,2019-05-23,2019-05-23,0.184350009,2.740772783,13.867223483563812,0.4211,5.14,11.206126810733792,0.184350009,2.740772783,13.867223483563812,both,BOTH_QUALIFIED,False,,,AIFC_044,opend,POC,True,dual,
AIFC,AI Financial,NASDAQ,2019-02-25,2019-05-26,2019-05-28,0.20794646,3.018049407,13.513588771840595,0.475,5.66,10.915789473684212,0.20794646,3.018049407,13.513588771840595,both,BOTH_QUALIFIED,False,,,AIFC_044,opend,POC,True,dual,
AIFC,AI Financial,NASDAQ,2019-02-26,2019-05-27,2019-05-28,0.218847233,3.018049407,12.790667424157014,0.4999,5.66,10.32226445289058,0.218847233,3.018049407,12.790667424157014,both,BOTH_QUALIFIED,False,,,AIFC_044,opend,POC,True,dual,
AIFC,AI Financial,NASDAQ,2019-02-27,2019-05-28,2019-05-28,0.2142943,3.018049407,13.083666280437695,0.4895,5.66,10.562819203268642,0.2142943,3.018049407,13.083666280437695,both,BOTH_QUALIFIED,False,,,AIFC_044,opend,POC,True,dual,
AIFC,AI Financial,NASDAQ,2019-02-28,2019-05-29,2019-05-29,0.214469413,2.644792413,11.331793032883434,0.4899,4.96,9.12451520718514,0.214469413,2.644792413,11.331793032883434,adjusted,ADJUSTED_ONLY_REVIEW,True,,,AIFC_044,opend,POC,True,dual,raw/adjusted qualification mismatch
AIFC,AI Financial,NASDAQ,2019-03-01,2019-05-30,2019-05-30,0.211886499,2.703447084,11.75893979446043,0.484,5.07,9.475206611570249,0.211886499,2.703447084,11.75893979446043,adjusted,ADJUSTED_ONLY_REVIEW,True,,,AIFC_044,opend,POC,True,dual,raw/adjusted qualification mismatch
AIFC,AI Financial,NASDAQ,2019-03-04,2019-06-02,2019-06-03,0.210135371,2.730108298,11.992140661554783,0.48,5.12,9.666666666666668,0.210135371,2.730108298,11.992140661554783,adjusted,ADJUSTED_ONLY_REVIEW,True,,,AIFC_044,opend,POC,True,dual,raw/adjusted qualification mismatch
AIFC,AI Financial,NASDAQ,2019-03-05,2019-06-03,2019-06-03,0.211010935,2.730108298,11.938231367014229,0.482,5.12,9.62240663900415,0.211010935,2.730108298,11.938231367014229,adjusted,ADJUSTED_ONLY_REVIEW,True,,,AIFC_044,opend,POC,True,dual,raw/adjusted qualification mismatch
AIFC,AI Financial,NASDAQ,2019-03-06,2019-06-04,2019-06-04,0.195688564,2.660789142,12.597059979447751,0.447,4.99,10.16331096196868,0.195688564,2.660789142,12.597059979447751,both,BOTH_QUALIFIED,False,,,AIFC_044,opend,POC,True,dual,
AIFC,AI Financial,NASDAQ,2019-03-07,2019-06-05,2019-06-05,0.193937436,2.543479801,12.114950127524631,0.443,4.77,9.76749435665914,0.193937436,2.543479801,12.114950127524631,adjusted,ADJUSTED_ONLY_REVIEW,True,,,AIFC_044,opend,POC,True,dual,raw/adjusted qualification mismatch
AIFC,AI Financial,NASDAQ,2019-03-08,2019-06-06,2019-06-06,0.19043518,2.442167188,11.82413883821256,0.435,4.58,9.528735632183908,0.19043518,2.442167188,11.82413883821256,adjusted,ADJUSTED_ONLY_REVIEW,True,,,AIFC_044,opend,POC,True,dual,raw/adjusted qualification mismatch
AIFC,AI Financial,NASDAQ,2019-03-11,2019-06-09,2019-06-10,0.204006422,2.468828402,11.10171904294268,0.466,4.63,8.935622317596566,0.204006422,2.468828402,11.10171904294268,adjusted,ADJUSTED_ONLY_REVIEW,True,,,AIFC_044,opend,POC,True,dual,raw/adjusted qualification mismatch
AIFC,AI Financial,NASDAQ,2019-03-13,2019-06-11,2019-06-11,0.218891011,2.511486344,10.473684243707934,0.5,4.71,8.42,0.218891011,2.511486344,10.473684243707934,adjusted,ADJUSTED_ONLY_REVIEW,True,,,AIFC_044,opend,POC,True,dual,raw/adjusted qualification mismatch
AIFC,AI Financial,NASDAQ,2019-03-19,2019-06-17,2019-06-17,0.210135371,2.458163916,10.69800164675751,0.48,4.61,8.604166666666668,0.210135371,2.458163916,10.69800164675751,adjusted,ADJUSTED_ONLY_REVIEW,True,,,AIFC_044,opend,POC,True,dual,raw/adjusted qualification mismatch
AIFC,AI Financial,NASDAQ,2019-03-22,2019-06-20,2019-06-20,0.20356864,2.452831674,11.049162749232888,0.465,4.6,8.892473118279568,0.20356864,2.452831674,11.049162749232888,adjusted,ADJUSTED_ONLY_REVIEW,True,,,AIFC_044,opend,POC,True,dual,raw/adjusted qualification mismatch
AIFC,AI Financial,NASDAQ,2019-03-25,2019-06-23,2019-06-24,0.214513191,2.500821859,10.658126231500608,0.49,4.69,8.571428571428573,0.214513191,2.500821859,10.658126231500608,adjusted,ADJUSTED_ONLY_REVIEW,True,,,AIFC_044,opend,POC,True,dual,raw/adjusted qualification mismatch
AIFC,AI Financial,NASDAQ,2019-03-29,2019-06-27,2019-06-27,0.190872962,2.27153542,10.90077104791825,0.436,4.26,8.770642201834862,0.190872962,2.27153542,10.90077104791825,adjusted,ADJUSTED_ONLY_REVIEW,True,,,AIFC_044,opend,POC,True,dual,raw/adjusted qualification mismatch
AIFF,Firefly Neuroscience,NASDAQ,2023-07-21,2023-10-19,2023-10-19,0.297,3.3,10.11111111111111,0.297,3.3,10.11111111111111,8.91,9.9,0.1111111111111111,raw,RAW_ONLY_REVIEW,True,,,AIFF_045,opend,POC,True,dual,raw/adjusted qualification mismatch
AIFU,智能未来,NASDAQ,2025-03-17,2025-06-15,2025-06-16,0.3002,3.4027,10.334776815456362,0.3002,3.4027,10.334776815456362,6.004,3.4027,-0.4332611592271819,raw,RAW_ONLY_REVIEW,True,,,AIFU_046,opend,POC,True,dual,raw/adjusted qualification mismatch
AIFU,智能未来,NASDAQ,2025-03-20,2025-06-18,2025-06-18,0.3203,3.98,11.4258507649079,0.3203,3.98,11.4258507649079,6.405999999,3.98,-0.378707461657619,raw,RAW_ONLY_REVIEW,True,,,AIFU_046,opend,POC,True,dual,raw/adjusted qualification mismatch
AIFU,智能未来,NASDAQ,2025-03-21,2025-06-19,2025-06-20,0.3314,4.3,11.975256487628243,0.3314,4.3,11.975256487628243,6.627999999,4.3,-0.3512371755207056,raw,RAW_ONLY_REVIEW,True,,,AIFU_046,opend,POC,True,dual,raw/adjusted qualification mismatch
AIFU,智能未来,NASDAQ,2025-03-24,2025-06-22,2025-06-23,0.3369,4.23,11.555654496883353,0.3369,4.23,11.555654496883353,6.738,4.23,-0.3722172751558326,raw,RAW_ONLY_REVIEW,True,,,AIFU_046,opend,POC,True,dual,raw/adjusted qualification mismatch
AIFU,智能未来,NASDAQ,2025-03-25,2025-06-23,2025-06-23,0.31838,4.23,12.286010427790693,0.31838,4.23,12.286010427790693,6.3676,4.23,-0.3356994786104654,raw,RAW_ONLY_REVIEW,True,,,AIFU_046,opend,POC,True,dual,raw/adjusted qualification mismatch
AIFU,智能未来,NASDAQ,2025-03-26,2025-06-24,2025-06-24,0.2613,6.17,22.612705702257944,0.2613,6.17,22.612705702257944,5.226,6.17,0.1806352851128969,raw,RAW_ONLY_REVIEW,True,,,AIFU_046,opend,POC,True,dual,raw/adjusted qualification mismatch
AIFU,智能未来,NASDAQ,2025-03-27,2025-06-25,2025-06-25,0.2449,5.96,23.336463862801143,0.2449,5.96,23.336463862801143,4.898,5.96,0.2168231931400572,raw,RAW_ONLY_REVIEW,True,,,AIFU_046,opend,POC,True,dual,raw/adjusted qualification mismatch
AIFU,智能未来,NASDAQ,2025-03-28,2025-06-26,2025-06-26,0.2229,4.88,20.89322566173172,0.2229,4.88,20.89322566173172,4.458,4.88,0.0946612830865858,raw,RAW_ONLY_REVIEW,True,,,AIFU_046,opend,POC,True,dual,raw/adjusted qualification mismatch
AIFU,智能未来,NASDAQ,2025-03-31,2025-06-29,2025-06-30,0.2101,6.04,27.74821513564969,0.2101,6.04,27.74821513564969,4.202,6.04,0.4374107567824845,raw,RAW_ONLY_REVIEW,True,,,AIFU_046,opend,POC,True,dual,raw/adjusted qualification mismatch
AIFU,智能未来,NASDAQ,2025-04-01,2025-06-30,2025-06-30,0.2223,6.04,26.170490328385064,0.2223,6.04,26.170490328385064,4.446,6.04,0.3585245164192534,raw,RAW_ONLY_REVIEW,True,,,AIFU_046,opend,POC,True,dual,raw/adjusted qualification mismatch
AIFU,智能未来,NASDAQ,2025-04-02,2025-07-01,2025-07-01,0.2099,6.2,28.537875178656503,0.2099,6.2,28.537875178656503,4.198,6.2,0.476893758932825,raw,RAW_ONLY_REVIEW,True,,,AIFU_046,opend,POC,True,dual,raw/adjusted qualification mismatch
AIFU,智能未来,NASDAQ,2025-04-03,2025-07-02,2025-07-02,0.194,6.47,32.350515463917525,0.194,6.47,32.350515463917525,3.88,6.47,0.6675257731958764,raw,RAW_ONLY_REVIEW,True,,,AIFU_046,opend,POC,True,dual,raw/adjusted qualification mismatch
AIFU,智能未来,NASDAQ,2025-04-04,2025-07-03,2025-07-03,0.2,6.94,33.7,0.2,6.94,33.7,4.0,6.94,0.7350000000000001,raw,RAW_ONLY_REVIEW,True,,,AIFU_046,opend,POC,True,dual,raw/adjusted qualification mismatch
AIFU,智能未来,NASDAQ,2025-04-07,2025-07-06,2025-07-07,0.1823,5.96,31.693362589138783,0.1823,5.96,31.693362589138783,3.646,5.96,0.6346681294569392,raw,RAW_ONLY_REVIEW,True,,,AIFU_046,opend,POC,True,dual,raw/adjusted qualification mismatch
AIFU,智能未来,NASDAQ,2025-04-08,2025-07-07,2025-07-07,0.1664,5.96,34.81730769230769,0.1664,5.96,34.81730769230769,3.328,5.96,0.7908653846153846,raw,RAW_ONLY_REVIEW,True,,,AIFU_046,opend,POC,True,dual,raw/adjusted qualification mismatch
AIFU,智能未来,NASDAQ,2025-04-09,2025-07-08,2025-07-08,0.1658,5.3,30.966224366706875,0.1658,5.3,30.966224366706875,3.316,5.3,0.5983112183353438,raw,RAW_ONLY_REVIEW,True,,,AIFU_046,opend,POC,True,dual,raw/adjusted qualification mismatch
AIFU,智能未来,NASDAQ,2025-04-10,2025-07-09,2025-07-09,0.1527,5.95,37.9652914210871,0.1527,5.95,37.9652914210871,3.054,5.95,0.9482645710543552,raw,RAW_ONLY_REVIEW,True,,,AIFU_046,opend,POC,True,dual,raw/adjusted qualification mismatch
AIFU,智能未来,NASDAQ,2025-04-11,2025-07-10,2025-07-10,0.145,6.01,40.44827586206897,0.145,6.01,40.44827586206897,2.9,6.01,1.0724137931034483,raw,RAW_ONLY_REVIEW,True,,,AIFU_046,opend,POC,True,dual,raw/adjusted qualification mismatch
AIFU,智能未来,NASDAQ,2025-04-14,2025-07-13,2025-07-14,0.1516,6.01,38.64379947229551,0.1516,6.01,38.64379947229551,3.032,6.01,0.9821899736147756,raw,RAW_ONLY_REVIEW,True,,,AIFU_046,opend,POC,True,dual,raw/adjusted qualification mismatch
AIFU,智能未来,NASDAQ,2025-04-15,2025-07-14,2025-07-14,0.1431,6.01,40.998602375960864,0.1431,6.01,40.998602375960864,2.862,6.01,1.099930118798043,raw,RAW_ONLY_REVIEW,True,,,AIFU_046,opend,POC,True,dual,raw/adjusted qualification mismatch
AIFU,智能未来,NASDAQ,2025-04-16,2025-07-15,2025-07-15,0.1344,7.0,51.083333333333336,0.1344,7.0,51.083333333333336,2.688,7.0,1.6041666666666663,raw,RAW_ONLY_REVIEW,True,,,AIFU_046,opend,POC,True,dual,raw/adjusted qualification mismatch
AIFU,智能未来,NASDAQ,2025-04-17,2025-07-16,2025-07-16,0.127,7.4,57.267716535433074,0.127,7.4,57.267716535433074,2.54,7.4,1.9133858267716537,raw,RAW_ONLY_REVIEW,True,,,AIFU_046,opend,POC,True,dual,raw/adjusted qualification mismatch
AIFU,智能未来,NASDAQ,2025-04-21,2025-07-20,2025-07-21,0.1282,6.78,51.886115444617786,0.1282,6.78,51.886115444617786,2.564,6.78,1.6443057722308891,raw,RAW_ONLY_REVIEW,True,,,AIFU_046,opend,POC,True,dual,raw/adjusted qualification mismatch
AIFU,智能未来,NASDAQ,2025-04-22,2025-07-21,2025-07-21,0.13,6.78,51.15384615384615,0.13,6.78,51.15384615384615,2.6,6.78,1.6076923076923078,raw,RAW_ONLY_REVIEW,True,,,AIFU_046,opend,POC,True,dual,raw/adjusted qualification mismatch
AIFU,智能未来,NASDAQ,2025-04-23,2025-07-22,2025-07-22,0.1281,6.95,53.2544886807182,0.1281,6.95,53.2544886807182,2.562,6.95,1.7127244340359096,raw,RAW_ONLY_REVIEW,True,,,AIFU_046,opend,POC,True,dual,raw/adjusted qualification mismatch
AIFU,智能未来,NASDAQ,2025-04-24,2025-07-23,2025-07-23,0.13,7.68,58.07692307692307,0.13,7.68,58.07692307692307,2.6,7.68,1.9538461538461536,raw,RAW_ONLY_REVIEW,True,,,AIFU_046,opend,POC,True,dual,raw/adjusted qualification mismatch
AIFU,智能未来,NASDAQ,2025-04-25,2025-07-24,2025-07-24,0.123,9.2,73.79674796747967,0.123,9.2,73.79674796747967,2.46,9.2,2.739837398373984,raw,RAW_ONLY_REVIEW,True,,,AIFU_046,opend,POC,True,dual,raw/adjusted qualification mismatch
AIFU,智能未来,NASDAQ,2025-04-28,2025-07-27,2025-07-28,0.1157,7.98,67.97147796024201,0.1157,7.98,67.97147796024201,2.314,7.98,2.4485738980121003,raw,RAW_ONLY_REVIEW,True,,,AIFU_046,opend,POC,True,dual,raw/adjusted qualification mismatch
AIFU,智能未来,NASDAQ,2025-04-29,2025-07-28,2025-07-28,0.114,7.98,69.0,0.114,7.98,69.0,2.28,7.98,2.5000000000000004,raw,RAW_ONLY_REVIEW,True,,,AIFU_046,opend,POC,True,dual,raw/adjusted qualification mismatch
AIFU,智能未来,NASDAQ,2025-04-30,2025-07-29,2025-07-29,0.1379,7.91,56.36040609137056,0.1379,7.91,56.36040609137056,2.758,7.91,1.868020304568528,raw,RAW_ONLY_REVIEW,True,,,AIFU_046,opend,POC,True,dual,raw/adjusted qualification mismatch
AIFU,智能未来,NASDAQ,2025-05-01,2025-07-30,2025-07-30,0.1561,7.53,47.23830877642537,0.1561,7.53,47.23830877642537,3.122,7.53,1.411915438821269,raw,RAW_ONLY_REVIEW,True,,,AIFU_046,opend,POC,True,dual,raw/adjusted qualification mismatch
AIFU,智能未来,NASDAQ,2025-05-02,2025-07-31,2025-07-31,0.1389,7.51,53.06767458603312,0.1389,7.51,53.06767458603312,2.778,7.51,1.7033837293016556,raw,RAW_ONLY_REVIEW,True,,,AIFU_046,opend,POC,True,dual,raw/adjusted qualification mismatch
AIFU,智能未来,NASDAQ,2025-05-05,2025-08-03,2025-08-04,0.1235,7.02,55.84210526315789,0.1235,7.02,55.84210526315789,2.47,7.02,1.8421052631578945,raw,RAW_ONLY_REVIEW,True,,,AIFU_046,opend,POC,True,dual,raw/adjusted qualification mismatch
AIFU,智能未来,NASDAQ,2025-05-06,2025-08-04,2025-08-04,0.2249,7.02,30.21387283236994,0.2249,7.02,30.21387283236994,4.498,7.02,0.5606936416184969,raw,RAW_ONLY_REVIEW,True,,,AIFU_046,opend,POC,True,dual,raw/adjusted qualification mismatch
AIFU,智能未来,NASDAQ,2025-05-07,2025-08-05,2025-08-05,0.1746,6.855,38.26116838487973,0.1746,6.855,38.26116838487973,3.492,6.855,0.9630584192439864,raw,RAW_ONLY_REVIEW,True,,,AIFU_046,opend,POC,True,dual,raw/adjusted qualification mismatch
AIFU,智能未来,NASDAQ,2025-05-08,2025-08-06,2025-08-06,0.1699,7.5,43.14361389052384,0.1699,7.5,43.14361389052384,3.398,7.5,1.2071806945261918,raw,RAW_ONLY_REVIEW,True,,,AIFU_046,opend,POC,True,dual,raw/adjusted qualification mismatch
AIFU,智能未来,NASDAQ,2025-05-09,2025-08-07,2025-08-07,0.1703,7.39,42.39401056958309,0.1703,7.39,42.39401056958309,3.406,7.39,1.1697005284791544,raw,RAW_ONLY_REVIEW,True,,,AIFU_046,opend,POC,True,dual,raw/adjusted qualification mismatch
AIFU,智能未来,NASDAQ,2025-05-12,2025-08-10,2025-08-11,0.18,5.97,32.166666666666664,0.18,5.97,32.166666666666664,3.6,5.97,0.6583333333333332,raw,RAW_ONLY_REVIEW,True,,,AIFU_046,opend,POC,True,dual,raw/adjusted qualification mismatch
AIFU,智能未来,NASDAQ,2025-05-13,2025-08-11,2025-08-11,0.172,5.97,33.7093023255814,0.172,5.97,33.7093023255814,3.439999999,5.97,0.7354651167835655,raw,RAW_ONLY_REVIEW,True,,,AIFU_046,opend,POC,True,dual,raw/adjusted qualification mismatch
AIFU,智能未来,NASDAQ,2025-05-14,2025-08-12,2025-08-12,0.1727,6.15,34.61088592935727,0.1727,6.15,34.61088592935727,3.454,6.15,0.7805442964678633,raw,RAW_ONLY_REVIEW,True,,,AIFU_046,opend,POC,True,dual,raw/adjusted qualification mismatch
AIFU,智能未来,NASDAQ,2025-05-15,2025-08-13,2025-08-13,0.174,5.82,32.44827586206897,0.174,5.82,32.44827586206897,3.479999999,5.82,0.6724137935840271,raw,RAW_ONLY_REVIEW,True,,,AIFU_046,opend,POC,True,dual,raw/adjusted qualification mismatch
AIFU,智能未来,NASDAQ,2025-05-16,2025-08-14,2025-08-14,0.1751,5.47,30.23929183323815,0.1751,5.47,30.23929183323815,3.502,5.47,0.5619645916619076,raw,RAW_ONLY_REVIEW,True,,,AIFU_046,opend,POC,True,dual,raw/adjusted qualification mismatch
AIFU,智能未来,NASDAQ,2025-05-19,2025-08-17,2025-08-18,0.1772,4.9,26.652370203160277,0.1772,4.9,26.652370203160277,3.544,4.9,0.3826185101580137,raw,RAW_ONLY_REVIEW,True,,,AIFU_046,opend,POC,True,dual,raw/adjusted qualification mismatch
AIFU,智能未来,NASDAQ,2025-05-20,2025-08-18,2025-08-18,0.1724,4.9,27.422273781902557,0.1724,4.9,27.422273781902557,3.448,4.9,0.4211136890951277,raw,RAW_ONLY_REVIEW,True,,,AIFU_046,opend,POC,True,dual,raw/adjusted qualification mismatch
AIMD,Ainos,NASDAQ,2022-05-20,2022-08-18,2022-08-18,0.1254,2.45,18.53748006379585,0.1254,2.45,18.53748006379585,47.025,61.25,0.3024986709197235,raw,RAW_ONLY_REVIEW,True,,,AIMD_047,opend,POC,True,dual,raw/adjusted qualification mismatch
AIMD,Ainos,NASDAQ,2022-05-26,2022-08-24,2022-08-24,0.201,2.38,10.840796019900496,0.201,2.38,10.840796019900496,75.375,59.5,-0.2106135986733002,raw,RAW_ONLY_REVIEW,True,,,AIMD_047,opend,POC,True,dual,raw/adjusted qualification mismatch
AIMD,Ainos,NASDAQ,2022-06-29,2022-09-27,2022-09-27,0.1024,1.56,14.234375,0.1024,1.56,14.234375,38.4,39.0,0.015625,raw,RAW_ONLY_REVIEW,True,,,AIMD_047,opend,POC,True,dual,raw/adjusted qualification mismatch
AIRTP,AIR T FUNDING 8% ALPHA INCOME TR PFD SECS NEW(R/S),NASDAQ,2019-10-16,2020-01-14,2020-01-14,2.46,27.3999,10.138170731707318,2.46,27.3999,10.138170731707318,13.333592401,15.111888383,0.1333696072685279,raw,RAW_ONLY_REVIEW,True,,,AIRTP_048,opend,POC,True,dual,raw/adjusted qualification mismatch
AIXC,AIxCrypto,NASDAQ,2018-02-22,2018-05-23,2018-05-23,0.299,3.32,10.103678929765886,0.299,3.32,10.103678929765886,37375.0,41500.0,0.1103678929765885,raw,RAW_ONLY_REVIEW,True,,,AIXC_049,opend,POC,True,dual,raw/adjusted qualification mismatch
AIXC,AIxCrypto,NASDAQ,2018-02-23,2018-05-24,2018-05-24,0.29,3.37,10.620689655172416,0.29,3.37,10.620689655172416,36250.0,42125.0,0.1620689655172413,raw,RAW_ONLY_REVIEW,True,,,AIXC_049,opend,POC,True,dual,raw/adjusted qualification mismatch
AIXC,AIxCrypto,NASDAQ,2018-02-27,2018-05-28,2018-05-29,0.271,3.12,10.512915129151292,0.271,3.12,10.512915129151292,33875.0,39000.0,0.1512915129151291,raw,RAW_ONLY_REVIEW,True,,,AIXC_049,opend,POC,True,dual,raw/adjusted qualification mismatch
AIXC,AIxCrypto,NASDAQ,2018-02-28,2018-05-29,2018-05-29,0.269,3.12,10.598513011152416,0.269,3.12,10.598513011152416,33625.0,39000.0,0.1598513011152416,raw,RAW_ONLY_REVIEW,True,,,AIXC_049,opend,POC,True,dual,raw/adjusted qualification mismatch
AIXC,AIxCrypto,NASDAQ,2018-03-01,2018-05-30,2018-05-30,0.25,3.35,12.4,0.25,3.35,12.4,31250.0,41875.0,0.3400000000000001,raw,RAW_ONLY_REVIEW,True,,,AIXC_049,opend,POC,True,dual,raw/adjusted qualification mismatch
AIXC,AIxCrypto,NASDAQ,2018-03-02,2018-05-31,2018-05-31,0.217,3.6,15.589861751152077,0.217,3.6,15.589861751152077,27125.0,45000.0,0.6589861751152073,raw,RAW_ONLY_REVIEW,True,,,AIXC_049,opend,POC,True,dual,raw/adjusted qualification mismatch
AIXC,AIxCrypto,NASDAQ,2018-03-05,2018-06-03,2018-06-04,0.23,3.7,15.086956521739127,0.23,3.7,15.086956521739127,28750.0,46250.0,0.6086956521739131,raw,RAW_ONLY_REVIEW,True,,,AIXC_049,opend,POC,True,dual,raw/adjusted qualification mismatch
AIXC,AIxCrypto,NASDAQ,2018-03-06,2018-06-04,2018-06-04,0.237,3.7,14.611814345991563,0.237,3.7,14.611814345991563,29625.0,46250.0,0.5611814345991561,raw,RAW_ONLY_REVIEW,True,,,AIXC_049,opend,POC,True,dual,raw/adjusted qualification mismatch
AIXC,AIxCrypto,NASDAQ,2018-03-07,2018-06-05,2018-06-05,0.24,3.43,13.291666666666668,0.24,3.43,13.291666666666668,30000.0,42875.0,0.4291666666666667,raw,RAW_ONLY_REVIEW,True,,,AIXC_049,opend,POC,True,dual,raw/adjusted qualification mismatch
AIXC,AIxCrypto,NASDAQ,2018-03-08,2018-06-06,2018-06-06,0.28,3.18,10.357142857142856,0.28,3.18,10.357142857142856,35000.0,39750.0,0.1357142857142856,raw,RAW_ONLY_REVIEW,True,,,AIXC_049,opend,POC,True,dual,raw/adjusted qualification mismatch
AIXC,AIxCrypto,NASDAQ,2020-02-24,2020-05-24,2020-05-26,0.2175,7.8,34.86206896551724,0.2175,7.8,34.86206896551724,2718.75,3900.0,0.4344827586206896,raw,RAW_ONLY_REVIEW,True,,,AIXC_050,opend,POC,True,dual,raw/adjusted qualification mismatch
AIXC,AIxCrypto,NASDAQ,2020-02-25,2020-05-25,2020-05-26,0.205,7.8,37.04878048780488,0.205,7.8,37.04878048780488,2562.5,3900.0,0.5219512195121951,raw,RAW_ONLY_REVIEW,True,,,AIXC_050,opend,POC,True,dual,raw/adjusted qualification mismatch
AIXC,AIxCrypto,NASDAQ,2020-02-26,2020-05-26,2020-05-26,0.21,7.8,36.142857142857146,0.21,7.8,36.142857142857146,2625.0,3900.0,0.4857142857142857,raw,RAW_ONLY_REVIEW,True,,,AIXC_050,opend,POC,True,dual,raw/adjusted qualification mismatch
AIXC,AIxCrypto,NASDAQ,2020-02-27,2020-05-27,2020-05-27,0.2837,6.4,21.55904124074727,0.2837,6.4,21.55904124074727,3546.25,3200.0,-0.0976383503701092,raw,RAW_ONLY_REVIEW,True,,,AIXC_050,opend,POC,True,dual,raw/adjusted qualification mismatch
AIXC,AIxCrypto,NASDAQ,2020-03-03,2020-06-01,2020-06-01,0.4692,5.89,11.553282182438192,0.4692,5.89,11.553282182438192,5865.0,2945.0,-0.4978687127024722,raw,RAW_ONLY_REVIEW,True,,,AIXC_050,opend,POC,True,dual,raw/adjusted qualification mismatch
AIXC,AIxCrypto,NASDAQ,2020-03-04,2020-06-02,2020-06-02,0.4499,5.59,11.424983329628803,0.4499,5.59,11.424983329628803,5623.75,2795.0,-0.5030006668148477,raw,RAW_ONLY_REVIEW,True,,,AIXC_050,opend,POC,True,dual,raw/adjusted qualification mismatch
AIXC,AIxCrypto,NASDAQ,2020-03-06,2020-06-04,2020-06-04,0.406,5.0,11.31527093596059,0.406,5.0,11.31527093596059,5075.0,2500.0,-0.5073891625615763,raw,RAW_ONLY_REVIEW,True,,,AIXC_050,opend,POC,True,dual,raw/adjusted qualification mismatch
AIXC,AIxCrypto,NASDAQ,2020-03-09,2020-06-07,2020-06-08,0.36,5.89,15.36111111111111,0.36,5.89,15.36111111111111,4500.0,2945.0,-0.3455555555555555,raw,RAW_ONLY_REVIEW,True,,,AIXC_050,opend,POC,True,dual,raw/adjusted qualification mismatch
AIXC,AIxCrypto,NASDAQ,2020-03-10,2020-06-08,2020-06-08,0.302,5.89,18.503311258278146,0.302,5.89,18.503311258278146,3775.0,2945.0,-0.2198675496688741,raw,RAW_ONLY_REVIEW,True,,,AIXC_050,opend,POC,True,dual,raw/adjusted qualification mismatch
AIXC,AIxCrypto,NASDAQ,2020-03-11,2020-06-09,2020-06-09,0.268,5.39,19.11194029850746,0.268,5.39,19.11194029850746,3350.0,2695.0,-0.1955223880597014,raw,RAW_ONLY_REVIEW,True,,,AIXC_050,opend,POC,True,dual,raw/adjusted qualification mismatch
AIXC,AIxCrypto,NASDAQ,2020-03-12,2020-06-10,2020-06-10,0.2232,5.42,23.2831541218638,0.2232,5.42,23.2831541218638,2790.0,2710.0,-0.028673835125448,raw,RAW_ONLY_REVIEW,True,,,AIXC_050,opend,POC,True,dual,raw/adjusted qualification mismatch
AIXC,AIxCrypto,NASDAQ,2020-03-13,2020-06-11,2020-06-11,0.23001,4.85,20.08603973740272,0.23001,4.85,20.08603973740272,2875.125,2425.0,-0.1565584105038912,raw,RAW_ONLY_REVIEW,True,,,AIXC_050,opend,POC,True,dual,raw/adjusted qualification mismatch
AIXC,AIxCrypto,NASDAQ,2020-03-16,2020-06-14,2020-06-15,0.204,4.91,23.068627450980397,0.204,4.91,23.068627450980397,2550.0,2455.0,-0.0372549019607842,raw,RAW_ONLY_REVIEW,True,,,AIXC_050,opend,POC,True,dual,raw/adjusted qualification mismatch
AIXC,AIxCrypto,NASDAQ,2020-03-17,2020-06-15,2020-06-15,0.2189,4.91,21.430333485609868,0.2189,4.91,21.430333485609868,2736.25,2455.0,-0.1027866605756052,raw,RAW_ONLY_REVIEW,True,,,AIXC_050,opend,POC,True,dual,raw/adjusted qualification mismatch
AIXC,AIxCrypto,NASDAQ,2020-03-18,2020-06-16,2020-06-16,0.189,4.99,25.4021164021164,0.189,4.99,25.4021164021164,2362.5,2495.0,0.0560846560846561,raw,RAW_ONLY_REVIEW,True,,,AIXC_050,opend,POC,True,dual,raw/adjusted qualification mismatch
AIXC,AIxCrypto,NASDAQ,2020-03-19,2020-06-17,2020-06-17,0.1895,4.99,25.33245382585752,0.1895,4.99,25.33245382585752,2368.75,2495.0,0.0532981530343008,raw,RAW_ONLY_REVIEW,True,,,AIXC_050,opend,POC,True,dual,raw/adjusted qualification mismatch
AIXC,AIxCrypto,NASDAQ,2020-03-20,2020-06-18,2020-06-18,0.278,5.11,17.381294964028775,0.278,5.11,17.381294964028775,3475.0,2555.0,-0.2647482014388489,raw,RAW_ONLY_REVIEW,True,,,AIXC_050,opend,POC,True,dual,raw/adjusted qualification mismatch
AIXC,AIxCrypto,NASDAQ,2020-03-23,2020-06-21,2020-06-22,0.449,4.97,10.06904231625835,0.449,4.97,10.06904231625835,5612.5,2485.0,-0.557238307349666,raw,RAW_ONLY_REVIEW,True,,,AIXC_050,opend,POC,True,dual,raw/adjusted qualification mismatch
AIXC,AIxCrypto,NASDAQ,2020-03-24,2020-06-22,2020-06-22,0.315,4.97,14.777777777777777,0.315,4.97,14.777777777777777,3937.5,2485.0,-0.3688888888888889,raw,RAW_ONLY_REVIEW,True,,,AIXC_050,opend,POC,True,dual,raw/adjusted qualification mismatch
AIXC,AIxCrypto,NASDAQ,2020-03-25,2020-06-23,2020-06-23,0.31,4.93,14.903225806451612,0.31,4.93,14.903225806451612,3875.0,2465.0,-0.3638709677419355,raw,RAW_ONLY_REVIEW,True,,,AIXC_050,opend,POC,True,dual,raw/adjusted qualification mismatch
AIXC,AIxCrypto,NASDAQ,2020-03-26,2020-06-24,2020-06-24,0.33,4.75,13.393939393939393,0.33,4.75,13.393939393939393,4125.0,2375.0,-0.4242424242424242,raw,RAW_ONLY_REVIEW,True,,,AIXC_050,opend,POC,True,dual,raw/adjusted qualification mismatch
AIXC,AIxCrypto,NASDAQ,2020-03-27,2020-06-25,2020-06-25,0.3176,4.7,13.798488664987406,0.3176,4.7,13.798488664987406,3970.0,2350.0,-0.4080604534005038,raw,RAW_ONLY_REVIEW,True,,,AIXC_050,opend,POC,True,dual,raw/adjusted qualification mismatch
AIXC,AIxCrypto,NASDAQ,2020-03-30,2020-06-28,2020-06-29,0.3025,4.4,13.545454545454549,0.3025,4.4,13.545454545454549,3781.25,2200.0,-0.4181818181818182,raw,RAW_ONLY_REVIEW,True,,,AIXC_050,opend,POC,True,dual,raw/adjusted qualification mismatch
AIXC,AIxCrypto,NASDAQ,2020-03-31,2020-06-29,2020-06-29,0.267,4.4,15.479400749063672,0.267,4.4,15.479400749063672,3337.5,2200.0,-0.3408239700374532,raw,RAW_ONLY_REVIEW,True,,,AIXC_050,opend,POC,True,dual,raw/adjusted qualification mismatch
AIXC,AIxCrypto,NASDAQ,2020-04-01,2020-06-30,2020-06-30,0.26,3.97,14.26923076923077,0.26,3.97,14.26923076923077,3250.0,1985.0,-0.3892307692307692,raw,RAW_ONLY_REVIEW,True,,,AIXC_050,opend,POC,True,dual,raw/adjusted qualification mismatch
AIXC,AIxCrypto,NASDAQ,2020-04-02,2020-07-01,2020-07-01,0.241,4.57,17.96265560165975,0.241,4.57,17.96265560165975,3012.5,2285.0,-0.24149377593361,raw,RAW_ONLY_REVIEW,True,,,AIXC_050,opend,POC,True,dual,raw/adjusted qualification mismatch
AIXC,AIxCrypto,NASDAQ,2020-04-03,2020-07-02,2020-07-02,0.262,4.1,14.64885496183206,0.262,4.1,14.64885496183206,3275.0,2049.999999999,-0.3740458015270229,raw,RAW_ONLY_REVIEW,True,,,AIXC_050,opend,POC,True,dual,raw/adjusted qualification mismatch
AIXC,AIxCrypto,NASDAQ,2020-04-06,2020-07-05,2020-07-06,0.2645,4.04,14.274102079395083,0.2645,4.04,14.274102079395083,3306.25,2020.0,-0.3890359168241966,raw,RAW_ONLY_REVIEW,True,,,AIXC_050,opend,POC,True,dual,raw/adjusted qualification mismatch
AIXC,AIxCrypto,NASDAQ,2020-04-07,2020-07-06,2020-07-06,0.2466,4.04,15.38280616382806,0.2466,4.04,15.38280616382806,3082.5,2020.0,-0.3446877534468775,raw,RAW_ONLY_REVIEW,True,,,AIXC_050,opend,POC,True,dual,raw/adjusted qualification mismatch
AIXC,AIxCrypto,NASDAQ,2020-04-08,2020-07-07,2020-07-07,0.267,4.04,14.131086142322095,0.267,4.04,14.131086142322095,3337.5,2020.0,-0.3947565543071161,raw,RAW_ONLY_REVIEW,True,,,AIXC_050,opend,POC,True,dual,raw/adjusted qualification mismatch
AIXC,AIxCrypto,NASDAQ,2020-04-09,2020-07-08,2020-07-08,0.247,4.11,15.639676113360329,0.247,4.11,15.639676113360329,3087.5,2055.0,-0.334412955465587,raw,RAW_ONLY_REVIEW,True,,,AIXC_050,opend,POC,True,dual,raw/adjusted qualification mismatch
AIXC,AIxCrypto,NASDAQ,2020-04-13,2020-07-12,2020-07-13,0.2783,4.2,14.091627739849084,0.2783,4.2,14.091627739849084,3478.75,2100.0,-0.3963348904060366,raw,RAW_ONLY_REVIEW,True,,,AIXC_050,opend,POC,True,dual,raw/adjusted qualification mismatch
AIXC,AIxCrypto,NASDAQ,2020-04-14,2020-07-13,2020-07-13,0.299,4.2,13.046822742474918,0.299,4.2,13.046822742474918,3737.5,2100.0,-0.4381270903010034,raw,RAW_ONLY_REVIEW,True,,,AIXC_050,opend,POC,True,dual,raw/adjusted qualification mismatch
AIXC,AIxCrypto,NASDAQ,2020-04-15,2020-07-14,2020-07-14,0.3097,4.2,12.561511139812724,0.3097,4.2,12.561511139812724,3871.249999999,2100.0,-0.4575395544073509,raw,RAW_ONLY_REVIEW,True,,,AIXC_050,opend,POC,True,dual,raw/adjusted qualification mismatch
AIXC,AIxCrypto,NASDAQ,2020-04-16,2020-07-15,2020-07-15,0.2839,4.3,14.146178231771753,0.2839,4.3,14.146178231771753,3548.75,2150.0,-0.3941528707291299,raw,RAW_ONLY_REVIEW,True,,,AIXC_050,opend,POC,True,dual,raw/adjusted qualification mismatch
AIXC,AIxCrypto,NASDAQ,2020-04-17,2020-07-16,2020-07-16,0.27,4.3,14.925925925925924,0.27,4.3,14.925925925925924,3375.0,2150.0,-0.3629629629629629,raw,RAW_ONLY_REVIEW,True,,,AIXC_050,opend,POC,True,dual,raw/adjusted qualification mismatch
AIXC,AIxCrypto,NASDAQ,2020-04-20,2020-07-19,2020-07-20,0.2834,4.96,16.501764290755116,0.2834,4.96,16.501764290755116,3542.5,2480.0,-0.2999294283697953,raw,RAW_ONLY_REVIEW,True,,,AIXC_050,opend,POC,True,dual,raw/adjusted qualification mismatch
AIXC,AIxCrypto,NASDAQ,2020-04-21,2020-07-20,2020-07-20,0.2714,4.96,17.2756079587325,0.2714,4.96,17.2756079587325,3392.499999999,2480.0,-0.2689756816504846,raw,RAW_ONLY_REVIEW,True,,,AIXC_050,opend,POC,True,dual,raw/adjusted qualification mismatch
AIXC,AIxCrypto,NASDAQ,2020-04-22,2020-07-21,2020-07-21,0.294,5.79,18.69387755102041,0.294,5.79,18.69387755102041,3675.0,2895.0,-0.2122448979591836,raw,RAW_ONLY_REVIEW,True,,,AIXC_050,opend,POC,True,dual,raw/adjusted qualification mismatch
AIXC,AIxCrypto,NASDAQ,2020-04-23,2020-07-22,2020-07-22,0.309,5.3,16.15210355987055,0.309,5.3,16.15210355987055,3862.5,2650.0,-0.313915857605178,raw,RAW_ONLY_REVIEW,True,,,AIXC_050,opend,POC,True,dual,raw/adjusted qualification mismatch
AIXC,AIxCrypto,NASDAQ,2020-04-24,2020-07-23,2020-07-23,0.3595,4.99,12.88038942976356,0.3595,4.99,12.88038942976356,4493.75,2495.0,-0.4447844228094576,raw,RAW_ONLY_REVIEW,True,,,AIXC_050,opend,POC,True,dual,raw/adjusted qualification mismatch
AIXC,AIxCrypto,NASDAQ,2020-04-27,2020-07-26,2020-07-27,0.33,5.36,15.242424242424242,0.33,5.36,15.242424242424242,4125.0,2680.0,-0.3503030303030303,raw,RAW_ONLY_REVIEW,True,,,AIXC_050,opend,POC,True,dual,raw/adjusted qualification mismatch
AIXC,AIxCrypto,NASDAQ,2020-04-28,2020-07-27,2020-07-27,0.32,5.36,15.75,0.32,5.36,15.75,4000.0,2680.0,-0.3299999999999999,raw,RAW_ONLY_REVIEW,True,,,AIXC_050,opend,POC,True,dual,raw/adjusted qualification mismatch
AIXC,AIxCrypto,NASDAQ,2020-04-29,2020-07-28,2020-07-28,0.3465,5.05,13.574314574314576,0.3465,5.05,13.574314574314576,4331.249999999,2525.0,-0.4170274170272824,raw,RAW_ONLY_REVIEW,True,,,AIXC_050,opend,POC,True,dual,raw/adjusted qualification mismatch
AIXC,AIxCrypto,NASDAQ,2020-04-30,2020-07-29,2020-07-29,0.3244,6.42,18.790382244143032,0.3244,6.42,18.790382244143032,4055.0,3210.0,-0.2083847102342786,raw,RAW_ONLY_REVIEW,True,,,AIXC_050,opend,POC,True,dual,raw/adjusted qualification mismatch
AIXC,AIxCrypto,NASDAQ,2020-05-01,2020-07-30,2020-07-30,0.3793,5.93,14.63406274716583,0.3793,5.93,14.63406274716583,4741.25,2965.0,-0.3746374901133668,raw,RAW_ONLY_REVIEW,True,,,AIXC_050,opend,POC,True,dual,raw/adjusted qualification mismatch
AIXC,AIxCrypto,NASDAQ,2020-05-04,2020-08-02,2020-08-03,0.341,5.48,15.070381231671554,0.341,5.48,15.070381231671554,4262.5,2740.0,-0.3571847507331378,raw,RAW_ONLY_REVIEW,True,,,AIXC_050,opend,POC,True,dual,raw/adjusted qualification mismatch
AIXC,AIxCrypto,NASDAQ,2020-05-06,2020-08-04,2020-08-04,0.44,5.51,11.522727272727272,0.44,5.51,11.522727272727272,5500.0,2755.0,-0.4990909090909091,raw,RAW_ONLY_REVIEW,True,,,AIXC_050,opend,POC,True,dual,raw/adjusted qualification mismatch
AIXC,AIxCrypto,NASDAQ,2020-05-07,2020-08-05,2020-08-05,0.48,5.88,11.25,0.48,5.88,11.25,6000.0,2940.0,-0.51,raw,RAW_ONLY_REVIEW,True,,,AIXC_050,opend,POC,True,dual,raw/adjusted qualification mismatch
AIXC,AIxCrypto,NASDAQ,2020-05-08,2020-08-06,2020-08-06,0.489,5.78,10.820040899795504,0.489,5.78,10.820040899795504,6112.5,2890.0,-0.5271983640081799,raw,RAW_ONLY_REVIEW,True,,,AIXC_050,opend,POC,True,dual,raw/adjusted qualification mismatch
AIXC,AIxCrypto,NASDAQ,2020-05-20,2020-08-18,2020-08-18,0.453,5.6,11.362030905077262,0.453,5.6,11.362030905077262,5662.5,2800.0,-0.5055187637969094,raw,RAW_ONLY_REVIEW,True,,,AIXC_050,opend,POC,True,dual,raw/adjusted qualification mismatch
AIXC,AIxCrypto,NASDAQ,2020-05-21,2020-08-19,2020-08-19,0.44,5.23,10.886363636363637,0.44,5.23,10.886363636363637,5500.0,2615.0,-0.5245454545454545,raw,RAW_ONLY_REVIEW,True,,,AIXC_050,opend,POC,True,dual,raw/adjusted qualification mismatch
AIXC,AIxCrypto,NASDAQ,2020-05-22,2020-08-20,2020-08-20,0.448,5.16,10.517857142857142,0.448,5.16,10.517857142857142,5600.0,2580.0,-0.5392857142857144,raw,RAW_ONLY_REVIEW,True,,,AIXC_050,opend,POC,True,dual,raw/adjusted qualification mismatch
AIXC,AIxCrypto,NASDAQ,2024-08-07,2024-11-05,2024-11-05,0.2088,5.08,23.32950191570881,0.2088,5.08,23.32950191570881,10.44,5.08,-0.5134099616858236,raw,RAW_ONLY_REVIEW,True,,,AIXC_051,opend,POC,True,dual,raw/adjusted qualification mismatch
AIXC,AIxCrypto,NASDAQ,2024-08-08,2024-11-06,2024-11-06,0.2094,4.69,21.397325692454636,0.2094,4.69,21.397325692454636,10.47,4.69,-0.5520534861509073,raw,RAW_ONLY_REVIEW,True,,,AIXC_051,opend,POC,True,dual,raw/adjusted qualification mismatch
AIXC,AIxCrypto,NASDAQ,2024-08-09,2024-11-07,2024-11-07,0.2111,4.53,20.459024159166272,0.2111,4.53,20.459024159166272,10.555,4.53,-0.5708195168166745,raw,RAW_ONLY_REVIEW,True,,,AIXC_051,opend,POC,True,dual,raw/adjusted qualification mismatch
AIXC,AIxCrypto,NASDAQ,2024-08-12,2024-11-10,2024-11-11,0.2031,4.29,20.122599704579024,0.2031,4.29,20.122599704579024,10.155,4.29,-0.5775480059084195,raw,RAW_ONLY_REVIEW,True,,,AIXC_051,opend,POC,True,dual,raw/adjusted qualification mismatch
AIXC,AIxCrypto,NASDAQ,2024-08-13,2024-11-11,2024-11-11,0.2004,4.29,20.407185628742518,0.2004,4.29,20.407185628742518,10.02,4.29,-0.5718562874251496,raw,RAW_ONLY_REVIEW,True,,,AIXC_051,opend,POC,True,dual,raw/adjusted qualification mismatch
AIXC,AIxCrypto,NASDAQ,2024-08-14,2024-11-12,2024-11-12,0.2035,3.9299,18.311547911547912,0.2035,3.9299,18.311547911547912,10.175,3.9299,-0.6137690417690418,raw,RAW_ONLY_REVIEW,True,,,AIXC_051,opend,POC,True,dual,raw/adjusted qualification mismatch
AIXC,AIxCrypto,NASDAQ,2024-08-15,2024-11-13,2024-11-13,0.197,4.12,19.913705583756347,0.197,4.12,19.913705583756347,9.85,4.12,-0.581725888324873,raw,RAW_ONLY_REVIEW,True,,,AIXC_051,opend,POC,True,dual,raw/adjusted qualification mismatch
AIXC,AIxCrypto,NASDAQ,2024-08-16,2024-11-14,2024-11-14,0.1942,4.06,19.906282183316165,0.1942,4.06,19.906282183316165,9.71,4.06,-0.5818743563336767,raw,RAW_ONLY_REVIEW,True,,,AIXC_051,opend,POC,True,dual,raw/adjusted qualification mismatch
AIXC,AIxCrypto,NASDAQ,2024-08-19,2024-11-17,2024-11-18,0.2165,3.64,15.812933025404156,0.2165,3.64,15.812933025404156,10.825,3.64,-0.6637413394919168,raw,RAW_ONLY_REVIEW,True,,,AIXC_051,opend,POC,True,dual,raw/adjusted qualification mismatch
AIXC,AIxCrypto,NASDAQ,2024-08-20,2024-11-18,2024-11-18,0.207,3.64,16.584541062801932,0.207,3.64,16.584541062801932,10.35,3.64,-0.6483091787439613,raw,RAW_ONLY_REVIEW,True,,,AIXC_051,opend,POC,True,dual,raw/adjusted qualification mismatch
AIXC,AIxCrypto,NASDAQ,2024-08-21,2024-11-19,2024-11-19,0.2011,3.86,18.194430631526604,0.2011,3.86,18.194430631526604,10.055,3.86,-0.6161113873694679,raw,RAW_ONLY_REVIEW,True,,,AIXC_051,opend,POC,True,dual,raw/adjusted qualification mismatch
AIXC,AIxCrypto,NASDAQ,2024-08-22,2024-11-20,2024-11-20,0.2097,3.87,17.454935622317596,0.2097,3.87,17.454935622317596,10.485,3.87,-0.630901287553648,raw,RAW_ONLY_REVIEW,True,,,AIXC_051,opend,POC,True,dual,raw/adjusted qualification mismatch
AIXC,AIxCrypto,NASDAQ,2024-08-23,2024-11-21,2024-11-21,0.2027,4.42,20.805624074987666,0.2027,4.42,20.805624074987666,10.135,4.42,-0.5638875185002467,raw,RAW_ONLY_REVIEW,True,,,AIXC_051,opend,POC,True,dual,raw/adjusted qualification mismatch
AIXC,AIxCrypto,NASDAQ,2024-08-26,2024-11-24,2024-11-25,0.2023,4.7808,22.632229362333167,0.2023,4.7808,22.632229362333167,10.115,4.7808,-0.5273554127533366,raw,RAW_ONLY_REVIEW,True,,,AIXC_051,opend,POC,True,dual,raw/adjusted qualification mismatch
AIXC,AIxCrypto,NASDAQ,2024-08-27,2024-11-25,2024-11-25,0.2008,4.7808,22.808764940239044,0.2008,4.7808,22.808764940239044,10.04,4.7808,-0.5238247011952191,raw,RAW_ONLY_REVIEW,True,,,AIXC_051,opend,POC,True,dual,raw/adjusted qualification mismatch
AIXC,AIxCrypto,NASDAQ,2024-08-28,2024-11-26,2024-11-26,0.186,4.47,23.032258064516128,0.186,4.47,23.032258064516128,9.3,4.47,-0.5193548387096775,raw,RAW_ONLY_REVIEW,True,,,AIXC_051,opend,POC,True,dual,raw/adjusted qualification mismatch
AIXC,AIxCrypto,NASDAQ,2024-08-29,2024-11-27,2024-11-27,0.185,4.66,24.18918918918919,0.185,4.66,24.18918918918919,9.25,4.66,-0.4962162162162162,raw,RAW_ONLY_REVIEW,True,,,AIXC_051,opend,POC,True,dual,raw/adjusted qualification mismatch
AIXC,AIxCrypto,NASDAQ,2024-08-30,2024-11-28,2024-11-29,0.1876,4.6172,23.611940298507463,0.1876,4.6172,23.611940298507463,9.38,4.6172,-0.5077611940298508,raw,RAW_ONLY_REVIEW,True,,,AIXC_051,opend,POC,True,dual,raw/adjusted qualification mismatch
AIXC,AIxCrypto,NASDAQ,2024-09-03,2024-12-02,2024-12-02,0.1866,4.69,24.133976420150056,0.1866,4.69,24.133976420150056,9.33,4.69,-0.4973204715969989,raw,RAW_ONLY_REVIEW,True,,,AIXC_051,opend,POC,True,dual,raw/adjusted qualification mismatch
AIXC,AIxCrypto,NASDAQ,2024-09-04,2024-12-03,2024-12-03,0.1836,4.528,23.66230936819172,0.1836,4.528,23.66230936819172,9.18,4.528,-0.5067538126361656,raw,RAW_ONLY_REVIEW,True,,,AIXC_051,opend,POC,True,dual,raw/adjusted qualification mismatch
AIXC,AIxCrypto,NASDAQ,2024-09-05,2024-12-04,2024-12-04,0.164,4.7437,27.925,0.164,4.7437,27.925,8.2,4.7437,-0.4215,raw,RAW_ONLY_REVIEW,True,,,AIXC_051,opend,POC,True,dual,raw/adjusted qualification mismatch
AIXC,AIxCrypto,NASDAQ,2024-09-06,2024-12-05,2024-12-05,0.1598,4.53,27.347934918648317,0.1598,4.53,27.347934918648317,7.99,4.53,-0.4330413016270338,raw,RAW_ONLY_REVIEW,True,,,AIXC_051,opend,POC,True,dual,raw/adjusted qualification mismatch
AIXC,AIxCrypto,NASDAQ,2024-09-09,2024-12-08,2024-12-09,0.155,4.5,28.032258064516128,0.155,4.5,28.032258064516128,7.75,4.5,-0.4193548387096774,raw,RAW_ONLY_REVIEW,True,,,AIXC_051,opend,POC,True,dual,raw/adjusted qualification mismatch
AIXC,AIxCrypto,NASDAQ,2024-09-10,2024-12-09,2024-12-09,0.1541,4.5,28.20181700194679,0.1541,4.5,28.20181700194679,7.704999999,4.5,-0.4159636598852646,raw,RAW_ONLY_REVIEW,True,,,AIXC_051,opend,POC,True,dual,raw/adjusted qualification mismatch
AIXC,AIxCrypto,NASDAQ,2024-09-11,2024-12-10,2024-12-10,0.155,4.28,26.61290322580645,0.155,4.28,26.61290322580645,7.75,4.28,-0.447741935483871,raw,RAW_ONLY_REVIEW,True,,,AIXC_051,opend,POC,True,dual,raw/adjusted qualification mismatch
AIXC,AIxCrypto,NASDAQ,2024-09-12,2024-12-11,2024-12-11,0.1627,3.9,22.97049784880147,0.1627,3.9,22.97049784880147,8.135,3.9,-0.5205900430239705,raw,RAW_ONLY_REVIEW,True,,,AIXC_051,opend,POC,True,dual,raw/adjusted qualification mismatch
AIXC,AIxCrypto,NASDAQ,2024-09-13,2024-12-12,2024-12-12,0.1646,3.76,21.84325637910085,0.1646,3.76,21.84325637910085,8.23,3.76,-0.543134872417983,raw,RAW_ONLY_REVIEW,True,,,AIXC_051,opend,POC,True,dual,raw/adjusted qualification mismatch
AIXC,AIxCrypto,NASDAQ,2024-09-16,2024-12-15,2024-12-16,0.1707,4.39,24.717633274751023,0.1707,4.39,24.717633274751023,8.535,4.39,-0.4856473345049795,raw,RAW_ONLY_REVIEW,True,,,AIXC_051,opend,POC,True,dual,raw/adjusted qualification mismatch
AIXC,AIxCrypto,NASDAQ,2024-09-17,2024-12-16,2024-12-16,0.1777,4.39,23.70455824423185,0.1777,4.39,23.70455824423185,8.885,4.39,-0.505908835115363,raw,RAW_ONLY_REVIEW,True,,,AIXC_051,opend,POC,True,dual,raw/adjusted qualification mismatch
AIXC,AIxCrypto,NASDAQ,2024-09-18,2024-12-17,2024-12-17,0.1741,4.23,23.296381390005745,0.1741,4.23,23.296381390005745,8.705,4.23,-0.514072372199885,raw,RAW_ONLY_REVIEW,True,,,AIXC_051,opend,POC,True,dual,raw/adjusted qualification mismatch
AIXC,AIxCrypto,NASDAQ,2024-09-19,2024-12-18,2024-12-18,0.1776,3.9,20.95945945945946,0.1776,3.9,20.95945945945946,8.88,3.9,-0.5608108108108109,raw,RAW_ONLY_REVIEW,True,,,AIXC_051,opend,POC,True,dual,raw/adjusted qualification mismatch
AIXC,AIxCrypto,NASDAQ,2024-09-20,2024-12-19,2024-12-19,0.169,4.04,22.90532544378698,0.169,4.04,22.90532544378698,8.45,4.04,-0.5218934911242603,raw,RAW_ONLY_REVIEW,True,,,AIXC_051,opend,POC,True,dual,raw/adjusted qualification mismatch
AIXC,AIxCrypto,NASDAQ,2024-09-23,2024-12-22,2024-12-23,0.167,4.04,23.191616766467064,0.167,4.04,23.191616766467064,8.35,4.04,-0.5161676646706587,raw,RAW_ONLY_REVIEW,True,,,AIXC_051,opend,POC,True,dual,raw/adjusted qualification mismatch
AIXC,AIxCrypto,NASDAQ,2024-09-24,2024-12-23,2024-12-23,0.1702,4.04,22.736780258519392,0.1702,4.04,22.736780258519392,8.509999999,4.04,-0.5252643947738266,raw,RAW_ONLY_REVIEW,True,,,AIXC_051,opend,POC,True,dual,raw/adjusted qualification mismatch
AIXC,AIxCrypto,NASDAQ,2024-09-25,2024-12-24,2024-12-24,0.1721,4.03,22.41661824520628,0.1721,4.03,22.41661824520628,8.605,4.03,-0.5316676350958744,raw,RAW_ONLY_REVIEW,True,,,AIXC_051,opend,POC,True,dual,raw/adjusted qualification mismatch
AIXC,AIxCrypto,NASDAQ,2024-09-26,2024-12-25,2024-12-26,0.173,4.3,23.85549132947977,0.173,4.3,23.85549132947977,8.65,4.3,-0.5028901734104047,raw,RAW_ONLY_REVIEW,True,,,AIXC_051,opend,POC,True,dual,raw/adjusted qualification mismatch
AIXC,AIxCrypto,NASDAQ,2024-09-27,2024-12-26,2024-12-26,0.173,4.3,23.85549132947977,0.173,4.3,23.85549132947977,8.65,4.3,-0.5028901734104047,raw,RAW_ONLY_REVIEW,True,,,AIXC_051,opend,POC,True,dual,raw/adjusted qualification mismatch
AIXC,AIxCrypto,NASDAQ,2024-09-30,2024-12-29,2024-12-30,0.1705,4.11,23.10557184750733,0.1705,4.11,23.10557184750733,8.525,4.11,-0.5178885630498533,raw,RAW_ONLY_REVIEW,True,,,AIXC_051,opend,POC,True,dual,raw/adjusted qualification mismatch
AIXC,AIxCrypto,NASDAQ,2024-10-01,2024-12-30,2024-12-30,0.164,4.11,24.0609756097561,0.164,4.11,24.0609756097561,8.2,4.11,-0.4987804878048779,raw,RAW_ONLY_REVIEW,True,,,AIXC_051,opend,POC,True,dual,raw/adjusted qualification mismatch
AIXC,AIxCrypto,NASDAQ,2024-10-02,2024-12-31,2024-12-31,0.1612,4.21,25.116625310173696,0.1612,4.21,25.116625310173696,8.06,4.21,-0.477667493796526,raw,RAW_ONLY_REVIEW,True,,,AIXC_051,opend,POC,True,dual,raw/adjusted qualification mismatch
AIXC,AIxCrypto,NASDAQ,2024-10-03,2025-01-01,2025-01-02,0.16,4.2014,25.25875,0.16,4.2014,25.25875,8.0,4.2014,-0.474825,raw,RAW_ONLY_REVIEW,True,,,AIXC_051,opend,POC,True,dual,raw/adjusted qualification mismatch
AIXC,AIxCrypto,NASDAQ,2024-10-04,2025-01-02,2025-01-02,0.1655,4.2014,24.38610271903323,0.1655,4.2014,24.38610271903323,8.275,4.2014,-0.4922779456193354,raw,RAW_ONLY_REVIEW,True,,,AIXC_051,opend,POC,True,dual,raw/adjusted qualification mismatch
AIXC,AIxCrypto,NASDAQ,2024-10-07,2025-01-05,2025-01-06,0.1695,4.51,25.60766961651917,0.1695,4.51,25.60766961651917,8.475,4.51,-0.4678466076696165,raw,RAW_ONLY_REVIEW,True,,,AIXC_051,opend,POC,True,dual,raw/adjusted qualification mismatch
AIXC,AIxCrypto,NASDAQ,2024-10-08,2025-01-06,2025-01-06,0.1616,4.51,26.90841584158416,0.1616,4.51,26.90841584158416,8.08,4.51,-0.4418316831683169,raw,RAW_ONLY_REVIEW,True,,,AIXC_051,opend,POC,True,dual,raw/adjusted qualification mismatch
AIXC,AIxCrypto,NASDAQ,2024-10-09,2025-01-07,2025-01-07,0.16,4.4,26.5,0.16,4.4,26.5,8.0,4.4,-0.4499999999999999,raw,RAW_ONLY_REVIEW,True,,,AIXC_051,opend,POC,True,dual,raw/adjusted qualification mismatch
AIXC,AIxCrypto,NASDAQ,2024-10-10,2025-01-08,2025-01-08,0.1694,4.17,23.61629279811098,0.1694,4.17,23.61629279811098,8.47,4.17,-0.5076741440377804,raw,RAW_ONLY_REVIEW,True,,,AIXC_051,opend,POC,True,dual,raw/adjusted qualification mismatch
AIXC,AIxCrypto,NASDAQ,2024-10-11,2025-01-09,2025-01-10,0.1679,4.28,24.491363907087557,0.1679,4.28,24.491363907087557,8.395,4.28,-0.4901727218582489,raw,RAW_ONLY_REVIEW,True,,,AIXC_051,opend,POC,True,dual,raw/adjusted qualification mismatch
AIXC,AIxCrypto,NASDAQ,2024-10-14,2025-01-12,2025-01-13,0.1684,4.1,23.34679334916865,0.1684,4.1,23.34679334916865,8.42,4.1,-0.5130641330166271,raw,RAW_ONLY_REVIEW,True,,,AIXC_051,opend,POC,True,dual,raw/adjusted qualification mismatch
AIXC,AIxCrypto,NASDAQ,2024-10-15,2025-01-13,2025-01-13,0.1629,4.1,24.16881522406384,0.1629,4.1,24.16881522406384,8.144999999,4.1,-0.4966236954569213,raw,RAW_ONLY_REVIEW,True,,,AIXC_051,opend,POC,True,dual,raw/adjusted qualification mismatch
AIXC,AIxCrypto,NASDAQ,2024-10-16,2025-01-14,2025-01-14,0.1611,4.05,24.139664804469277,0.1611,4.05,24.139664804469277,8.055,4.05,-0.4972067039106145,raw,RAW_ONLY_REVIEW,True,,,AIXC_051,opend,POC,True,dual,raw/adjusted qualification mismatch
AIXC,AIxCrypto,NASDAQ,2024-10-17,2025-01-15,2025-01-15,0.1602,3.95,23.656679151061173,0.1602,3.95,23.656679151061173,8.01,3.95,-0.5068664169787764,raw,RAW_ONLY_REVIEW,True,,,AIXC_051,opend,POC,True,dual,raw/adjusted qualification mismatch
AIXC,AIxCrypto,NASDAQ,2024-10-18,2025-01-16,2025-01-16,0.1672,4.0,22.92344497607656,0.1672,4.0,22.92344497607656,8.359999999,4.0,-0.5215311004212357,raw,RAW_ONLY_REVIEW,True,,,AIXC_051,opend,POC,True,dual,raw/adjusted qualification mismatch
AIXC,AIxCrypto,NASDAQ,2024-10-21,2025-01-19,2025-01-21,0.1825,4.18,21.90410958904109,0.1825,4.18,21.90410958904109,9.125,4.18,-0.5419178082191781,raw,RAW_ONLY_REVIEW,True,,,AIXC_051,opend,POC,True,dual,raw/adjusted qualification mismatch
AIXC,AIxCrypto,NASDAQ,2024-10-22,2025-01-20,2025-01-21,0.1768,4.18,22.64253393665158,0.1768,4.18,22.64253393665158,8.84,4.18,-0.5271493212669683,raw,RAW_ONLY_REVIEW,True,,,AIXC_051,opend,POC,True,dual,raw/adjusted qualification mismatch
AIXC,AIxCrypto,NASDAQ,2024-10-23,2025-01-21,2025-01-21,0.174,4.18,23.02298850574713,0.174,4.18,23.02298850574713,8.7,4.18,-0.5195402298850575,raw,RAW_ONLY_REVIEW,True,,,AIXC_051,opend,POC,True,dual,raw/adjusted qualification mismatch
AIXC,AIxCrypto,NASDAQ,2024-10-24,2025-01-22,2025-01-22,0.1081,4.21,37.94542090656799,0.1081,4.21,37.94542090656799,5.405,4.21,-0.2210915818686402,raw,RAW_ONLY_REVIEW,True,,,AIXC_051,opend,POC,True,dual,raw/adjusted qualification mismatch
AIXC,AIxCrypto,NASDAQ,2024-10-25,2025-01-23,2025-01-23,0.1215,4.34,34.7201646090535,0.1215,4.34,34.7201646090535,6.075,4.34,-0.2855967078189301,raw,RAW_ONLY_REVIEW,True,,,AIXC_051,opend,POC,True,dual,raw/adjusted qualification mismatch
AIXC,AIxCrypto,NASDAQ,2024-10-28,2025-01-26,2025-01-27,0.1122,3.9703,34.38591800356507,0.1122,3.9703,34.38591800356507,5.61,3.9703,-0.2922816399286988,raw,RAW_ONLY_REVIEW,True,,,AIXC_051,opend,POC,True,dual,raw/adjusted qualification mismatch
AIXC,AIxCrypto,NASDAQ,2024-10-29,2025-01-27,2025-01-27,0.105,3.9703,36.81238095238096,0.105,3.9703,36.81238095238096,5.25,3.9703,-0.2437523809523809,raw,RAW_ONLY_REVIEW,True,,,AIXC_051,opend,POC,True,dual,raw/adjusted qualification mismatch
AIXC,AIxCrypto,NASDAQ,2024-10-30,2025-01-28,2025-01-28,0.1029,3.12,29.32069970845481,0.1029,3.12,29.32069970845481,5.145,3.12,-0.3935860058309037,raw,RAW_ONLY_REVIEW,True,,,AIXC_051,opend,POC,True,dual,raw/adjusted qualification mismatch
AIXC,AIxCrypto,NASDAQ,2024-10-31,2025-01-29,2025-01-29,0.0986,3.34,32.87423935091278,0.0986,3.34,32.87423935091278,4.93,3.34,-0.3225152129817444,raw,RAW_ONLY_REVIEW,True,,,AIXC_051,opend,POC,True,dual,raw/adjusted qualification mismatch
AIXC,AIxCrypto,NASDAQ,2024-11-01,2025-01-30,2025-01-30,0.0984,3.405,33.603658536585364,0.0984,3.405,33.603658536585364,4.92,3.405,-0.3079268292682927,raw,RAW_ONLY_REVIEW,True,,,AIXC_051,opend,POC,True,dual,raw/adjusted qualification mismatch
AIXC,AIxCrypto,NASDAQ,2024-11-04,2025-02-02,2025-02-03,0.1011,3.5,33.619188921859546,0.1011,3.5,33.619188921859546,5.055,3.5,-0.3076162215628091,raw,RAW_ONLY_REVIEW,True,,,AIXC_051,opend,POC,True,dual,raw/adjusted qualification mismatch
AIXI,小i机器人,NASDAQ,2024-07-08,2024-10-06,2024-10-07,0.66,7.97,11.075757575757574,0.66,7.97,11.075757575757574,118.8,159.4,0.3417508417508419,raw,RAW_ONLY_REVIEW,True,,,AIXI_052,opend,POC,True,dual,raw/adjusted qualification mismatch
AIXI,小i机器人,NASDAQ,2024-07-09,2024-10-07,2024-10-07,0.663,7.97,11.021116138763196,0.663,7.97,11.021116138763196,119.34,159.4,0.3356795709736886,raw,RAW_ONLY_REVIEW,True,,,AIXI_052,opend,POC,True,dual,raw/adjusted qualification mismatch
AIXI,小i机器人,NASDAQ,2024-08-05,2024-11-03,2024-11-04,0.485,6.28,11.948453608247425,0.485,6.28,11.948453608247425,87.3,125.6,0.4387170675830469,raw,RAW_ONLY_REVIEW,True,,,AIXI_052,opend,POC,True,dual,raw/adjusted qualification mismatch
AIXI,小i机器人,NASDAQ,2024-08-06,2024-11-04,2024-11-04,0.5,6.28,11.56,0.5,6.28,11.56,90.0,125.6,0.3955555555555554,raw,RAW_ONLY_REVIEW,True,,,AIXI_052,opend,POC,True,dual,raw/adjusted qualification mismatch
AIXI,小i机器人,NASDAQ,2024-08-07,2024-11-05,2024-11-05,0.4422,5.83,12.184079601990051,0.4422,5.83,12.184079601990051,79.596,116.6,0.4648977335544497,raw,RAW_ONLY_REVIEW,True,,,AIXI_052,opend,POC,True,dual,raw/adjusted qualification mismatch
AIXI,小i机器人,NASDAQ,2024-08-08,2024-11-06,2024-11-06,0.4249,6.45,14.18004236290892,0.4249,6.45,14.18004236290892,76.482,129.0,0.6866713736565466,raw,RAW_ONLY_REVIEW,True,,,AIXI_052,opend,POC,True,dual,raw/adjusted qualification mismatch
AIXI,小i机器人,NASDAQ,2024-08-09,2024-11-07,2024-11-07,0.3741,6.6,16.64234161988773,0.3741,6.6,16.64234161988773,67.338,132.0,0.960260179987526,raw,RAW_ONLY_REVIEW,True,,,AIXI_052,opend,POC,True,dual,raw/adjusted qualification mismatch
AIXI,小i机器人,NASDAQ,2024-08-12,2024-11-10,2024-11-11,0.3549,5.92,15.680755142293602,0.3549,5.92,15.680755142293602,63.882,118.4,0.8534172380326228,raw,RAW_ONLY_REVIEW,True,,,AIXI_052,opend,POC,True,dual,raw/adjusted qualification mismatch
AIXI,小i机器人,NASDAQ,2024-08-13,2024-11-11,2024-11-11,0.2967,5.92,18.95281429052915,0.2967,5.92,18.95281429052915,53.406,118.4,1.2169793656143506,raw,RAW_ONLY_REVIEW,True,,,AIXI_052,opend,POC,True,dual,raw/adjusted qualification mismatch
AIXI,小i机器人,NASDAQ,2024-08-14,2024-11-12,2024-11-12,0.2826,5.39,18.072894550601557,0.2826,5.39,18.072894550601557,50.868,107.8,1.1192105056223949,raw,RAW_ONLY_REVIEW,True,,,AIXI_052,opend,POC,True,dual,raw/adjusted qualification mismatch
AIXI,小i机器人,NASDAQ,2024-08-15,2024-11-13,2024-11-13,0.25,5.54,21.16,0.25,5.54,21.16,45.0,110.8,1.462222222222222,raw,RAW_ONLY_REVIEW,True,,,AIXI_052,opend,POC,True,dual,raw/adjusted qualification mismatch
AIXI,小i机器人,NASDAQ,2024-08-16,2024-11-14,2024-11-14,0.2501,5.57,21.27109156337465,0.2501,5.57,21.27109156337465,45.018,111.4,1.4745657292638503,raw,RAW_ONLY_REVIEW,True,,,AIXI_052,opend,POC,True,dual,raw/adjusted qualification mismatch
AIXI,小i机器人,NASDAQ,2024-08-19,2024-11-17,2024-11-18,0.3268,5.79,16.717258261933907,0.3268,5.79,16.717258261933907,58.824,115.8,0.9685842513259896,raw,RAW_ONLY_REVIEW,True,,,AIXI_052,opend,POC,True,dual,raw/adjusted qualification mismatch
AIXI,小i机器人,NASDAQ,2024-08-20,2024-11-18,2024-11-18,0.3801,5.79,14.232833464877665,0.3801,5.79,14.232833464877665,68.418,115.8,0.6925370516530736,raw,RAW_ONLY_REVIEW,True,,,AIXI_052,opend,POC,True,dual,raw/adjusted qualification mismatch
AIXI,小i机器人,NASDAQ,2024-08-21,2024-11-19,2024-11-19,0.4454,5.32,10.944319712617872,0.4454,5.32,10.944319712617872,80.172,106.4,0.3271466347353191,raw,RAW_ONLY_REVIEW,True,,,AIXI_052,opend,POC,True,dual,raw/adjusted qualification mismatch
AIXI,小i机器人,NASDAQ,2024-08-22,2024-11-20,2024-11-20,0.3977,5.46,12.72894141312547,0.3977,5.46,12.72894141312547,71.586,109.2,0.5254379347917191,raw,RAW_ONLY_REVIEW,True,,,AIXI_052,opend,POC,True,dual,raw/adjusted qualification mismatch
AKA,a.k.a. Brands,NYSE,2023-07-05,2023-10-03,2023-10-03,0.415,4.62,10.13253012048193,0.415,4.62,10.13253012048193,4.98,4.62,-0.072289156626506,raw,RAW_ONLY_REVIEW,True,,,AKA_053,opend,POC,True,dual,raw/adjusted qualification mismatch
AKA,a.k.a. Brands,NYSE,2023-07-10,2023-10-08,2023-10-09,0.4025,4.5,10.180124223602483,0.4025,4.5,10.180124223602483,4.83,4.5,-0.0683229813664596,raw,RAW_ONLY_REVIEW,True,,,AKA_053,opend,POC,True,dual,raw/adjusted qualification mismatch
AKA,a.k.a. Brands,NYSE,2023-07-11,2023-10-09,2023-10-09,0.4,4.5,10.25,0.4,4.5,10.25,4.8,4.5,-0.0625,raw,RAW_ONLY_REVIEW,True,,,AKA_053,opend,POC,True,dual,raw/adjusted qualification mismatch
AKA,a.k.a. Brands,NYSE,2023-07-12,2023-10-10,2023-10-10,0.41,4.71,10.48780487804878,0.41,4.71,10.48780487804878,4.92,4.71,-0.0426829268292683,raw,RAW_ONLY_REVIEW,True,,,AKA_053,opend,POC,True,dual,raw/adjusted qualification mismatch
AKA,a.k.a. Brands,NYSE,2023-07-13,2023-10-11,2023-10-11,0.41,4.9202,11.00048780487805,0.41,4.9202,11.00048780487805,4.92,4.9202,4.0650406504250114e-05,raw,RAW_ONLY_REVIEW,True,,,AKA_053,opend,POC,True,dual,raw/adjusted qualification mismatch
AKA,a.k.a. Brands,NYSE,2023-07-14,2023-10-12,2023-10-12,0.3999,5.11,11.778194548637162,0.3999,5.11,11.778194548637162,4.7988,5.11,0.0648495457197633,raw,RAW_ONLY_REVIEW,True,,,AKA_053,opend,POC,True,dual,raw/adjusted qualification mismatch
AKA,a.k.a. Brands,NYSE,2023-07-17,2023-10-15,2023-10-16,0.4098,6.98,16.032698877501222,0.4098,6.98,16.032698877501222,4.9176,6.98,0.4193915731251016,raw,RAW_ONLY_REVIEW,True,,,AKA_053,opend,POC,True,dual,raw/adjusted qualification mismatch
AKA,a.k.a. Brands,NYSE,2023-07-18,2023-10-16,2023-10-16,0.43,6.98,15.232558139534884,0.43,6.98,15.232558139534884,5.16,6.98,0.3527131782945736,raw,RAW_ONLY_REVIEW,True,,,AKA_053,opend,POC,True,dual,raw/adjusted qualification mismatch
AKA,a.k.a. Brands,NYSE,2023-07-19,2023-10-17,2023-10-17,0.46,6.79,13.76086956521739,0.46,6.79,13.76086956521739,5.52,6.79,0.2300724637681159,raw,RAW_ONLY_REVIEW,True,,,AKA_053,opend,POC,True,dual,raw/adjusted qualification mismatch
AKA,a.k.a. Brands,NYSE,2023-07-20,2023-10-18,2023-10-18,0.4734,6.25,12.202365863962822,0.4734,6.25,12.202365863962822,5.6808,6.25,0.1001971553302352,raw,RAW_ONLY_REVIEW,True,,,AKA_053,opend,POC,True,dual,raw/adjusted qualification mismatch
AKA,a.k.a. Brands,NYSE,2023-07-21,2023-10-19,2023-10-19,0.4684,6.86,13.645602049530318,0.4684,6.86,13.645602049530318,5.6208,6.86,0.2204668374608598,raw,RAW_ONLY_REVIEW,True,,,AKA_053,opend,POC,True,dual,raw/adjusted qualification mismatch
AKA,a.k.a. Brands,NYSE,2023-07-24,2023-10-22,2023-10-23,0.4601,8.51,17.495979134970657,0.4601,8.51,17.495979134970657,5.5212,8.51,0.5413315945808881,raw,RAW_ONLY_REVIEW,True,,,AKA_053,opend,POC,True,dual,raw/adjusted qualification mismatch
AKA,a.k.a. Brands,NYSE,2023-07-25,2023-10-23,2023-10-23,0.4565,8.51,17.64184008762322,0.4565,8.51,17.64184008762322,5.478,8.51,0.5534866739686017,raw,RAW_ONLY_REVIEW,True,,,AKA_053,opend,POC,True,dual,raw/adjusted qualification mismatch
AKA,a.k.a. Brands,NYSE,2023-07-26,2023-10-24,2023-10-24,0.4805,6.78,13.110301768990636,0.4805,6.78,13.110301768990636,5.766,6.78,0.1758584807492196,raw,RAW_ONLY_REVIEW,True,,,AKA_053,opend,POC,True,dual,raw/adjusted qualification mismatch
AKA,a.k.a. Brands,NYSE,2023-07-27,2023-10-25,2023-10-25,0.48,7.05,13.6875,0.48,7.05,13.6875,5.76,7.05,0.2239583333333332,raw,RAW_ONLY_REVIEW,True,,,AKA_053,opend,POC,True,dual,raw/adjusted qualification mismatch
AKA,a.k.a. Brands,NYSE,2023-07-28,2023-10-26,2023-10-26,0.485,6.58,12.56701030927835,0.485,6.58,12.56701030927835,5.82,6.58,0.1305841924398625,raw,RAW_ONLY_REVIEW,True,,,AKA_053,opend,POC,True,dual,raw/adjusted qualification mismatch
AKA,a.k.a. Brands,NYSE,2023-07-31,2023-10-29,2023-10-30,0.51,6.93,12.588235294117649,0.51,6.93,12.588235294117649,6.12,6.93,0.1323529411764705,raw,RAW_ONLY_REVIEW,True,,,AKA_053,opend,POC,True,dual,raw/adjusted qualification mismatch
AKA,a.k.a. Brands,NYSE,2023-08-01,2023-10-30,2023-10-30,0.51,6.93,12.588235294117649,0.51,6.93,12.588235294117649,6.12,6.93,0.1323529411764705,raw,RAW_ONLY_REVIEW,True,,,AKA_053,opend,POC,True,dual,raw/adjusted qualification mismatch
AKA,a.k.a. Brands,NYSE,2023-08-02,2023-10-31,2023-10-31,0.4882,6.53,12.375665710774271,0.4882,6.53,12.375665710774271,5.8584,6.53,0.1146388092311896,raw,RAW_ONLY_REVIEW,True,,,AKA_053,opend,POC,True,dual,raw/adjusted qualification mismatch
AKA,a.k.a. Brands,NYSE,2023-08-03,2023-11-01,2023-11-01,0.524,6.0,10.450381679389311,0.524,6.0,10.450381679389311,6.288,6.0,-0.0458015267175573,raw,RAW_ONLY_REVIEW,True,,,AKA_053,opend,POC,True,dual,raw/adjusted qualification mismatch
AKA,a.k.a. Brands,NYSE,2023-08-04,2023-11-02,2023-11-02,0.5355,7.15,12.352007469654527,0.5355,7.15,12.352007469654527,6.426,7.15,0.1126672891378774,raw,RAW_ONLY_REVIEW,True,,,AKA_053,opend,POC,True,dual,raw/adjusted qualification mismatch
AKA,a.k.a. Brands,NYSE,2023-08-07,2023-11-05,2023-11-06,0.5399,7.8,13.447119837006852,0.5399,7.8,13.447119837006852,6.4788,7.8,0.2039266530839045,raw,RAW_ONLY_REVIEW,True,,,AKA_053,opend,POC,True,dual,raw/adjusted qualification mismatch
AKA,a.k.a. Brands,NYSE,2023-08-08,2023-11-06,2023-11-06,0.5603,7.8,12.921113689095126,0.5603,7.8,12.921113689095126,6.7236,7.8,0.1600928074245939,raw,RAW_ONLY_REVIEW,True,,,AKA_053,opend,POC,True,dual,raw/adjusted qualification mismatch
AKA,a.k.a. Brands,NYSE,2023-08-09,2023-11-07,2023-11-07,0.64,8.155,11.742187499999998,0.64,8.155,11.742187499999998,7.68,8.155,0.0618489583333332,raw,RAW_ONLY_REVIEW,True,,,AKA_053,opend,POC,True,dual,raw/adjusted qualification mismatch
AKA,a.k.a. Brands,NYSE,2023-08-10,2023-11-08,2023-11-08,0.4375,7.67,16.53142857142857,0.4375,7.67,16.53142857142857,5.25,7.67,0.460952380952381,raw,RAW_ONLY_REVIEW,True,,,AKA_053,opend,POC,True,dual,raw/adjusted qualification mismatch
AKA,a.k.a. Brands,NYSE,2023-08-11,2023-11-09,2023-11-09,0.421,6.41,14.225653206650833,0.421,6.41,14.225653206650833,5.052,6.41,0.2688044338875694,raw,RAW_ONLY_REVIEW,True,,,AKA_053,opend,POC,True,dual,raw/adjusted qualification mismatch
AKA,a.k.a. Brands,NYSE,2023-08-14,2023-11-12,2023-11-13,0.39,6.5025,15.673076923076923,0.39,6.5025,15.673076923076923,4.68,6.5025,0.3894230769230771,raw,RAW_ONLY_REVIEW,True,,,AKA_053,opend,POC,True,dual,raw/adjusted qualification mismatch
AKA,a.k.a. Brands,NYSE,2023-08-15,2023-11-13,2023-11-13,0.3612,6.5025,17.00249169435216,0.3612,6.5025,17.00249169435216,4.3344,6.5025,0.5002076411960135,raw,RAW_ONLY_REVIEW,True,,,AKA_053,opend,POC,True,dual,raw/adjusted qualification mismatch
AKA,a.k.a. Brands,NYSE,2023-08-16,2023-11-14,2023-11-14,0.366,6.66,17.19672131147541,0.366,6.66,17.19672131147541,4.392,6.66,0.5163934426229508,raw,RAW_ONLY_REVIEW,True,,,AKA_053,opend,POC,True,dual,raw/adjusted qualification mismatch
AKA,a.k.a. Brands,NYSE,2023-08-17,2023-11-15,2023-11-15,0.4022,7.3,17.150174042764792,0.4022,7.3,17.150174042764792,4.8264,7.3,0.5125145035637328,raw,RAW_ONLY_REVIEW,True,,,AKA_053,opend,POC,True,dual,raw/adjusted qualification mismatch
AKA,a.k.a. Brands,NYSE,2023-08-18,2023-11-16,2023-11-16,0.43,7.49,16.41860465116279,0.43,7.49,16.41860465116279,5.16,7.49,0.4515503875968991,raw,RAW_ONLY_REVIEW,True,,,AKA_053,opend,POC,True,dual,raw/adjusted qualification mismatch
AKA,a.k.a. Brands,NYSE,2023-08-21,2023-11-19,2023-11-20,0.4382,8.2686,17.869465997261525,0.4382,8.2686,17.869465997261525,5.2584,8.2686,0.5724554997717937,raw,RAW_ONLY_REVIEW,True,,,AKA_053,opend,POC,True,dual,raw/adjusted qualification mismatch
AKA,a.k.a. Brands,NYSE,2023-08-22,2023-11-20,2023-11-20,0.4488,8.2686,17.42379679144385,0.4488,8.2686,17.42379679144385,5.3856,8.2686,0.5353163992869874,raw,RAW_ONLY_REVIEW,True,,,AKA_053,opend,POC,True,dual,raw/adjusted qualification mismatch
AKA,a.k.a. Brands,NYSE,2023-08-23,2023-11-21,2023-11-21,0.4798,9.0,17.757815756565236,0.4798,9.0,17.757815756565236,5.7576,9.0,0.5631513130471029,raw,RAW_ONLY_REVIEW,True,,,AKA_053,opend,POC,True,dual,raw/adjusted qualification mismatch
AKA,a.k.a. Brands,NYSE,2023-08-24,2023-11-22,2023-11-22,0.4669,9.52,19.389805097451276,0.4669,9.52,19.389805097451276,5.6028,9.52,0.6991504247876061,raw,RAW_ONLY_REVIEW,True,,,AKA_053,opend,POC,True,dual,raw/adjusted qualification mismatch
AKA,a.k.a. Brands,NYSE,2023-08-25,2023-11-23,2023-11-24,0.44,9.85,21.38636363636364,0.44,9.85,21.38636363636364,5.28,9.85,0.865530303030303,raw,RAW_ONLY_REVIEW,True,,,AKA_053,opend,POC,True,dual,raw/adjusted qualification mismatch
AKA,a.k.a. Brands,NYSE,2023-08-28,2023-11-26,2023-11-27,0.439,9.11,19.75170842824601,0.439,9.11,19.75170842824601,5.268,9.11,0.7293090356871679,raw,RAW_ONLY_REVIEW,True,,,AKA_053,opend,POC,True,dual,raw/adjusted qualification mismatch
AKA,a.k.a. Brands,NYSE,2023-08-29,2023-11-27,2023-11-27,0.444,9.11,19.51801801801801,0.444,9.11,19.51801801801801,5.328,9.11,0.7098348348348347,raw,RAW_ONLY_REVIEW,True,,,AKA_053,opend,POC,True,dual,raw/adjusted qualification mismatch
AKA,a.k.a. Brands,NYSE,2023-08-30,2023-11-28,2023-11-28,0.48,9.26,18.291666666666668,0.48,9.26,18.291666666666668,5.76,9.26,0.6076388888888888,raw,RAW_ONLY_REVIEW,True,,,AKA_053,opend,POC,True,dual,raw/adjusted qualification mismatch
AKA,a.k.a. Brands,NYSE,2023-08-31,2023-11-29,2023-11-29,0.503,9.18,17.250497017892645,0.503,9.18,17.250497017892645,6.036,9.18,0.5208747514910537,raw,RAW_ONLY_REVIEW,True,,,AKA_053,opend,POC,True,dual,raw/adjusted qualification mismatch
AKA,a.k.a. Brands,NYSE,2023-09-01,2023-11-30,2023-11-30,0.5005,9.665,18.310689310689312,0.5005,9.665,18.310689310689312,6.005999999,9.665,0.6092241094920452,raw,RAW_ONLY_REVIEW,True,,,AKA_053,opend,POC,True,dual,raw/adjusted qualification mismatch
AKA,a.k.a. Brands,NYSE,2023-09-05,2023-12-04,2023-12-04,0.52,9.12,16.538461538461537,0.52,9.12,16.538461538461537,6.24,9.12,0.4615384615384614,raw,RAW_ONLY_REVIEW,True,,,AKA_053,opend,POC,True,dual,raw/adjusted qualification mismatch
AKA,a.k.a. Brands,NYSE,2023-09-06,2023-12-05,2023-12-05,0.5317,9.0575,16.034982132781643,0.5317,9.0575,16.034982132781643,6.380399999,9.0575,0.4195818446209614,raw,RAW_ONLY_REVIEW,True,,,AKA_053,opend,POC,True,dual,raw/adjusted qualification mismatch
AKA,a.k.a. Brands,NYSE,2023-09-07,2023-12-06,2023-12-06,0.5131,9.49,17.495419996102125,0.5131,9.49,17.495419996102125,6.1572,9.49,0.5412849996751772,raw,RAW_ONLY_REVIEW,True,,,AKA_053,opend,POC,True,dual,raw/adjusted qualification mismatch
AKA,a.k.a. Brands,NYSE,2023-09-08,2023-12-07,2023-12-07,0.525,9.8,17.666666666666668,0.525,9.8,17.666666666666668,6.3,9.8,0.5555555555555558,raw,RAW_ONLY_REVIEW,True,,,AKA_053,opend,POC,True,dual,raw/adjusted qualification mismatch
AKA,a.k.a. Brands,NYSE,2023-09-11,2023-12-10,2023-12-11,0.5367,9.075,15.908887646730015,0.5367,9.075,15.908887646730015,6.440399999,9.075,0.4090739707796214,raw,RAW_ONLY_REVIEW,True,,,AKA_053,opend,POC,True,dual,raw/adjusted qualification mismatch
AKA,a.k.a. Brands,NYSE,2023-09-12,2023-12-11,2023-12-11,0.523,9.075,16.351816443594643,0.523,9.075,16.351816443594643,6.276,9.075,0.4459847036328872,raw,RAW_ONLY_REVIEW,True,,,AKA_053,opend,POC,True,dual,raw/adjusted qualification mismatch
AKA,a.k.a. Brands,NYSE,2023-09-13,2023-12-12,2023-12-12,0.521,9.19,16.63915547024952,0.521,9.19,16.63915547024952,6.252,9.19,0.4699296225207934,raw,RAW_ONLY_REVIEW,True,,,AKA_053,opend,POC,True,dual,raw/adjusted qualification mismatch
AKA,a.k.a. Brands,NYSE,2023-09-14,2023-12-13,2023-12-13,0.511,9.09,16.788649706457925,0.511,9.09,16.788649706457925,6.132,9.09,0.4823874755381605,raw,RAW_ONLY_REVIEW,True,,,AKA_053,opend,POC,True,dual,raw/adjusted qualification mismatch
AKA,a.k.a. Brands,NYSE,2023-09-15,2023-12-14,2023-12-14,0.516,9.9115,18.20833333333333,0.516,9.9115,18.20833333333333,6.192,9.9115,0.6006944444444444,raw,RAW_ONLY_REVIEW,True,,,AKA_053,opend,POC,True,dual,raw/adjusted qualification mismatch
AKA,a.k.a. Brands,NYSE,2023-09-18,2023-12-17,2023-12-18,0.515,10.2,18.805825242718445,0.515,10.2,18.805825242718445,6.18,10.2,0.6504854368932038,raw,RAW_ONLY_REVIEW,True,,,AKA_053,opend,POC,True,dual,raw/adjusted qualification mismatch
AKA,a.k.a. Brands,NYSE,2023-09-19,2023-12-18,2023-12-18,0.52,10.2,18.615384615384613,0.52,10.2,18.615384615384613,6.24,10.2,0.6346153846153844,raw,RAW_ONLY_REVIEW,True,,,AKA_053,opend,POC,True,dual,raw/adjusted qualification mismatch
AKA,a.k.a. Brands,NYSE,2023-09-20,2023-12-19,2023-12-19,0.51,9.8,18.215686274509807,0.51,9.8,18.215686274509807,6.12,9.8,0.6013071895424837,raw,RAW_ONLY_REVIEW,True,,,AKA_053,opend,POC,True,dual,raw/adjusted qualification mismatch
AKA,a.k.a. Brands,NYSE,2023-09-21,2023-12-20,2023-12-20,0.491,9.715,18.78615071283096,0.491,9.715,18.78615071283096,5.892,9.715,0.6488458927359131,raw,RAW_ONLY_REVIEW,True,,,AKA_053,opend,POC,True,dual,raw/adjusted qualification mismatch
AKA,a.k.a. Brands,NYSE,2023-09-22,2023-12-21,2023-12-21,0.4911,9.555,18.45632254123397,0.4911,9.555,18.45632254123397,5.8932,9.555,0.621360211769497,raw,RAW_ONLY_REVIEW,True,,,AKA_053,opend,POC,True,dual,raw/adjusted qualification mismatch
AKA,a.k.a. Brands,NYSE,2023-09-25,2023-12-24,2023-12-26,0.48,9.4,18.583333333333336,0.48,9.4,18.583333333333336,5.76,9.4,0.6319444444444446,raw,RAW_ONLY_REVIEW,True,,,AKA_053,opend,POC,True,dual,raw/adjusted qualification mismatch
AKA,a.k.a. Brands,NYSE,2023-09-26,2023-12-25,2023-12-26,0.4101,9.4,21.921238722262864,0.4101,9.4,21.921238722262864,4.9212,9.4,0.9101032268552388,raw,RAW_ONLY_REVIEW,True,,,AKA_053,opend,POC,True,dual,raw/adjusted qualification mismatch
AKA,a.k.a. Brands,NYSE,2023-09-27,2023-12-26,2023-12-26,0.4627,9.4,19.315539226280528,0.4627,9.4,19.315539226280528,5.5524,9.4,0.6929616021900442,raw,RAW_ONLY_REVIEW,True,,,AKA_053,opend,POC,True,dual,raw/adjusted qualification mismatch
AKA,a.k.a. Brands,NYSE,2023-09-28,2023-12-27,2023-12-27,0.51,9.275,17.186274509803923,0.51,9.275,17.186274509803923,6.12,9.275,0.5155228758169934,raw,RAW_ONLY_REVIEW,True,,,AKA_053,opend,POC,True,dual,raw/adjusted qualification mismatch
AKA,a.k.a. Brands,NYSE,2023-09-29,2023-12-28,2023-12-28,0.4349,8.8301,19.303747988043227,0.4349,8.8301,19.303747988043227,5.2188,8.8301,0.6919789990036023,raw,RAW_ONLY_REVIEW,True,,,AKA_053,opend,POC,True,dual,raw/adjusted qualification mismatch
AKAN,Akanda,NASDAQ,2024-02-26,2024-05-26,2024-05-28,0.2903,3.52,11.125387530141234,0.2903,3.52,11.125387530141234,1632.9375,495.0,-0.6968653117464692,raw,RAW_ONLY_REVIEW,True,,,AKAN_054,opend,POC,True,dual,raw/adjusted qualification mismatch
AKAN,Akanda,NASDAQ,2024-02-27,2024-05-27,2024-05-28,0.2805,3.52,11.549019607843135,0.2805,3.52,11.549019607843135,1577.8125,495.0,-0.6862745098039216,raw,RAW_ONLY_REVIEW,True,,,AKAN_054,opend,POC,True,dual,raw/adjusted qualification mismatch
AKAN,Akanda,NASDAQ,2024-02-28,2024-05-28,2024-05-28,0.2665,3.52,12.208255159474673,0.2665,3.52,12.208255159474673,1499.0625,495.0,-0.6697936210131332,raw,RAW_ONLY_REVIEW,True,,,AKAN_054,opend,POC,True,dual,raw/adjusted qualification mismatch
AKAN,Akanda,NASDAQ,2024-02-29,2024-05-29,2024-05-29,0.2568,2.99,10.64330218068536,0.2568,2.99,10.64330218068536,1444.499999999,420.46875,-0.7089174454826646,raw,RAW_ONLY_REVIEW,True,,,AKAN_054,opend,POC,True,dual,raw/adjusted qualification mismatch
AKAN,Akanda,NASDAQ,2024-03-01,2024-05-30,2024-05-30,0.22,2.87,12.045454545454549,0.22,2.87,12.045454545454549,1237.5,403.59375,-0.6738636363636363,raw,RAW_ONLY_REVIEW,True,,,AKAN_054,opend,POC,True,dual,raw/adjusted qualification mismatch
AKAN,Akanda,NASDAQ,2024-03-04,2024-06-02,2024-06-03,0.210949,2.65,11.562278086172489,0.210949,2.65,11.562278086172489,1186.588125,372.65625,-0.6859430478456878,raw,RAW_ONLY_REVIEW,True,,,AKAN_054,opend,POC,True,dual,raw/adjusted qualification mismatch
AKAN,Akanda,NASDAQ,2024-03-05,2024-06-03,2024-06-03,0.195,2.65,12.58974358974359,0.195,2.65,12.58974358974359,1096.875,372.65625,-0.6602564102564102,raw,RAW_ONLY_REVIEW,True,,,AKAN_054,opend,POC,True,dual,raw/adjusted qualification mismatch
AKAN,Akanda,NASDAQ,2024-03-06,2024-06-04,2024-06-04,0.181,2.51,12.867403314917128,0.181,2.51,12.867403314917128,1018.125,352.96875,-0.6533149171270718,raw,RAW_ONLY_REVIEW,True,,,AKAN_054,opend,POC,True,dual,raw/adjusted qualification mismatch
AKAN,Akanda,NASDAQ,2024-03-07,2024-06-05,2024-06-05,0.1769,2.44,12.79310344827586,0.1769,2.44,12.79310344827586,995.0625,343.125,-0.6551724137931034,raw,RAW_ONLY_REVIEW,True,,,AKAN_054,opend,POC,True,dual,raw/adjusted qualification mismatch
AKAN,Akanda,NASDAQ,2024-03-08,2024-06-06,2024-06-06,0.1795,2.46,12.70473537604457,0.1795,2.46,12.70473537604457,1009.6875,345.9375,-0.6573816155988859,raw,RAW_ONLY_REVIEW,True,,,AKAN_054,opend,POC,True,dual,raw/adjusted qualification mismatch
AKAN,Akanda,NASDAQ,2024-03-11,2024-06-09,2024-06-10,0.1837,2.71,13.752313554708763,0.1837,2.71,13.752313554708763,1033.3125,381.09375,-0.6311921611322808,raw,RAW_ONLY_REVIEW,True,,,AKAN_054,opend,POC,True,dual,raw/adjusted qualification mismatch
AKAN,Akanda,NASDAQ,2024-03-12,2024-06-10,2024-06-10,0.1622,2.71,15.707768187422932,0.1622,2.71,15.707768187422932,912.375,381.09375,-0.5823057953144266,raw,RAW_ONLY_REVIEW,True,,,AKAN_054,opend,POC,True,dual,raw/adjusted qualification mismatch
AKAN,Akanda,NASDAQ,2024-03-13,2024-06-11,2024-06-11,0.1641,2.62,14.965874466788543,0.1641,2.62,14.965874466788543,923.0625,368.4375,-0.6008531383302864,raw,RAW_ONLY_REVIEW,True,,,AKAN_054,opend,POC,True,dual,raw/adjusted qualification mismatch
AKAN,Akanda,NASDAQ,2024-03-14,2024-06-12,2024-06-12,0.1569,2.45,14.61504142766093,0.1569,2.45,14.61504142766093,882.5625,344.53125,-0.6096239643084768,raw,RAW_ONLY_REVIEW,True,,,AKAN_054,opend,POC,True,dual,raw/adjusted qualification mismatch
AKAN,Akanda,NASDAQ,2024-03-15,2024-06-13,2024-06-13,0.17,2.52,13.823529411764705,0.17,2.52,13.823529411764705,956.25,354.375,-0.6294117647058823,raw,RAW_ONLY_REVIEW,True,,,AKAN_054,opend,POC,True,dual,raw/adjusted qualification mismatch
AKAN,Akanda,NASDAQ,2024-03-18,2024-06-16,2024-06-17,0.1737,2.27,12.068508923431205,0.1737,2.27,12.068508923431205,977.0625,319.21875,-0.67328727691422,raw,RAW_ONLY_REVIEW,True,,,AKAN_054,opend,POC,True,dual,raw/adjusted qualification mismatch
AKAN,Akanda,NASDAQ,2024-03-19,2024-06-17,2024-06-17,0.17845,2.27,11.72065004202858,0.17845,2.27,11.72065004202858,1003.78125,319.21875,-0.6819837489492855,raw,RAW_ONLY_REVIEW,True,,,AKAN_054,opend,POC,True,dual,raw/adjusted qualification mismatch
AKAN,Akanda,NASDAQ,2024-03-25,2024-06-23,2024-06-24,0.165,2.35,13.242424242424242,0.165,2.35,13.242424242424242,928.125,330.46875,-0.6439393939393939,raw,RAW_ONLY_REVIEW,True,,,AKAN_054,opend,POC,True,dual,raw/adjusted qualification mismatch
AKAN,Akanda,NASDAQ,2024-03-26,2024-06-24,2024-06-24,0.1646,2.35,13.277035236938032,0.1646,2.35,13.277035236938032,925.875,330.46875,-0.6430741190765492,raw,RAW_ONLY_REVIEW,True,,,AKAN_054,opend,POC,True,dual,raw/adjusted qualification mismatch
AKAN,Akanda,NASDAQ,2024-03-27,2024-06-25,2024-06-25,0.1649,2.39,13.493632504548213,0.1649,2.39,13.493632504548213,927.5625,336.09375,-0.6376591873862947,raw,RAW_ONLY_REVIEW,True,,,AKAN_054,opend,POC,True,dual,raw/adjusted qualification mismatch
AKAN,Akanda,NASDAQ,2024-03-28,2024-06-26,2024-06-26,0.1166,2.35,19.15437392795884,0.1166,2.35,19.15437392795884,655.875,330.46875,-0.4961406518010292,raw,RAW_ONLY_REVIEW,True,,,AKAN_054,opend,POC,True,dual,raw/adjusted qualification mismatch
AKAN,Akanda,NASDAQ,2024-04-01,2024-06-30,2024-07-01,0.1476,2.26,14.311653116531163,0.1476,2.26,14.311653116531163,830.25,317.8125,-0.6172086720867209,raw,RAW_ONLY_REVIEW,True,,,AKAN_054,opend,POC,True,dual,raw/adjusted qualification mismatch
AKAN,Akanda,NASDAQ,2024-04-02,2024-07-01,2024-07-01,0.1276,2.26,16.711598746081503,0.1276,2.26,16.711598746081503,717.75,317.8125,-0.5572100313479624,raw,RAW_ONLY_REVIEW,True,,,AKAN_054,opend,POC,True,dual,raw/adjusted qualification mismatch
AKAN,Akanda,NASDAQ,2024-04-03,2024-07-02,2024-07-02,0.1265,2.23,16.628458498023715,0.1265,2.23,16.628458498023715,711.5625,313.59375,-0.5592885375494071,raw,RAW_ONLY_REVIEW,True,,,AKAN_054,opend,POC,True,dual,raw/adjusted qualification mismatch
AKAN,Akanda,NASDAQ,2024-04-04,2024-07-03,2024-07-03,0.1203,2.23,17.53699085619285,0.1203,2.23,17.53699085619285,676.6875,313.59375,-0.5365752285951787,raw,RAW_ONLY_REVIEW,True,,,AKAN_054,opend,POC,True,dual,raw/adjusted qualification mismatch
AKAN,Akanda,NASDAQ,2024-04-05,2024-07-04,2024-07-05,0.1225,2.19,16.877551020408163,0.1225,2.19,16.877551020408163,689.0625,307.96875,-0.5530612244897959,raw,RAW_ONLY_REVIEW,True,,,AKAN_054,opend,POC,True,dual,raw/adjusted qualification mismatch
AKAN,Akanda,NASDAQ,2024-04-08,2024-07-07,2024-07-08,0.1201,2.27,17.90091590341382,0.1201,2.27,17.90091590341382,675.5625,319.21875,-0.5274771024146545,raw,RAW_ONLY_REVIEW,True,,,AKAN_054,opend,POC,True,dual,raw/adjusted qualification mismatch
AKAN,Akanda,NASDAQ,2024-04-09,2024-07-08,2024-07-08,0.1207,2.27,17.806959403479702,0.1207,2.27,17.806959403479702,678.9375,319.21875,-0.5298260149130074,raw,RAW_ONLY_REVIEW,True,,,AKAN_054,opend,POC,True,dual,raw/adjusted qualification mismatch
AKAN,Akanda,NASDAQ,2024-04-10,2024-07-09,2024-07-09,0.1196,2.25,17.812709030100336,0.1196,2.25,17.812709030100336,672.75,316.40625,-0.5296822742474916,raw,RAW_ONLY_REVIEW,True,,,AKAN_054,opend,POC,True,dual,raw/adjusted qualification mismatch
AKAN,Akanda,NASDAQ,2024-04-11,2024-07-10,2024-07-10,0.151,2.22,13.701986754966889,0.151,2.22,13.701986754966889,849.375,312.1875,-0.6324503311258278,raw,RAW_ONLY_REVIEW,True,,,AKAN_054,opend,POC,True,dual,raw/adjusted qualification mismatch
AKAN,Akanda,NASDAQ,2024-04-12,2024-07-11,2024-07-11,0.1544,2.18,13.11917098445596,0.1544,2.18,13.11917098445596,868.5,306.5625,-0.6470207253886011,raw,RAW_ONLY_REVIEW,True,,,AKAN_054,opend,POC,True,dual,raw/adjusted qualification mismatch
AKAN,Akanda,NASDAQ,2024-04-15,2024-07-14,2024-07-15,0.113,2.27,19.08849557522124,0.113,2.27,19.08849557522124,635.625,319.21875,-0.4977876106194691,raw,RAW_ONLY_REVIEW,True,,,AKAN_054,opend,POC,True,dual,raw/adjusted qualification mismatch
AKAN,Akanda,NASDAQ,2024-04-16,2024-07-15,2024-07-15,0.102,2.27,21.25490196078432,0.102,2.27,21.25490196078432,573.75,319.21875,-0.4436274509803921,raw,RAW_ONLY_REVIEW,True,,,AKAN_054,opend,POC,True,dual,raw/adjusted qualification mismatch
AKAN,Akanda,NASDAQ,2024-04-17,2024-07-16,2024-07-16,0.1045,2.24,20.435406698564595,0.1045,2.24,20.435406698564595,587.8125,315.0,-0.4641148325358851,raw,RAW_ONLY_REVIEW,True,,,AKAN_054,opend,POC,True,dual,raw/adjusted qualification mismatch
AKAN,Akanda,NASDAQ,2024-04-18,2024-07-17,2024-07-17,0.0941,2.31,23.548352816153027,0.0941,2.31,23.548352816153027,529.3125,324.84375,-0.3862911795961743,raw,RAW_ONLY_REVIEW,True,,,AKAN_054,opend,POC,True,dual,raw/adjusted qualification mismatch
AKAN,Akanda,NASDAQ,2024-04-19,2024-07-18,2024-07-18,0.0944,2.14,21.66949152542373,0.0944,2.14,21.66949152542373,531.0,300.9375,-0.4332627118644068,raw,RAW_ONLY_REVIEW,True,,,AKAN_054,opend,POC,True,dual,raw/adjusted qualification mismatch
AKAN,Akanda,NASDAQ,2024-04-22,2024-07-21,2024-07-22,0.0913,2.02,21.12486308871851,0.0913,2.02,21.12486308871851,513.5625,284.0625,-0.4468784227820372,raw,RAW_ONLY_REVIEW,True,,,AKAN_054,opend,POC,True,dual,raw/adjusted qualification mismatch
AKAN,Akanda,NASDAQ,2024-04-23,2024-07-22,2024-07-22,0.0919,2.02,20.98041349292709,0.0919,2.02,20.98041349292709,516.9375,284.0625,-0.4504896626768226,raw,RAW_ONLY_REVIEW,True,,,AKAN_054,opend,POC,True,dual,raw/adjusted qualification mismatch
AKAN,Akanda,NASDAQ,2024-04-24,2024-07-23,2024-07-23,0.0897,2.03,21.630992196209583,0.0897,2.03,21.630992196209583,504.5625,285.46875,-0.4342251950947603,raw,RAW_ONLY_REVIEW,True,,,AKAN_054,opend,POC,True,dual,raw/adjusted qualification mismatch
AKAN,Akanda,NASDAQ,2024-04-25,2024-07-24,2024-07-24,0.0915,1.61,16.59562841530055,0.0915,1.61,16.59562841530055,514.6875,226.40625,-0.5601092896174864,raw,RAW_ONLY_REVIEW,True,,,AKAN_054,opend,POC,True,dual,raw/adjusted qualification mismatch
AKAN,Akanda,NASDAQ,2024-04-26,2024-07-25,2024-07-25,0.103,1.64,14.92233009708738,0.103,1.64,14.92233009708738,579.375,230.625,-0.6019417475728155,raw,RAW_ONLY_REVIEW,True,,,AKAN_054,opend,POC,True,dual,raw/adjusted qualification mismatch
AKAN,Akanda,NASDAQ,2024-04-29,2024-07-28,2024-07-29,0.09,1.57,16.444444444444446,0.09,1.57,16.444444444444446,506.25,220.78125,-0.5638888888888889,raw,RAW_ONLY_REVIEW,True,,,AKAN_054,opend,POC,True,dual,raw/adjusted qualification mismatch
AKAN,Akanda,NASDAQ,2024-04-30,2024-07-29,2024-07-29,0.093,1.57,15.881720430107528,0.093,1.57,15.881720430107528,523.125,220.78125,-0.5779569892473118,raw,RAW_ONLY_REVIEW,True,,,AKAN_054,opend,POC,True,dual,raw/adjusted qualification mismatch
AKAN,Akanda,NASDAQ,2024-05-01,2024-07-30,2024-07-30,0.1166,1.46,11.521440823327616,0.1166,1.46,11.521440823327616,655.875,205.3125,-0.6869639794168096,raw,RAW_ONLY_REVIEW,True,,,AKAN_054,opend,POC,True,dual,raw/adjusted qualification mismatch
AKAN,Akanda,NASDAQ,2024-05-02,2024-07-31,2024-07-31,0.0969,1.5,14.479876160990711,0.0969,1.5,14.479876160990711,545.0625,210.9375,-0.6130030959752322,raw,RAW_ONLY_REVIEW,True,,,AKAN_054,opend,POC,True,dual,raw/adjusted qualification mismatch
AKAN,Akanda,NASDAQ,2024-05-03,2024-08-01,2024-08-01,0.0905,1.45,15.022099447513812,0.0905,1.45,15.022099447513812,509.0625,203.90625,-0.5994475138121547,raw,RAW_ONLY_REVIEW,True,,,AKAN_054,opend,POC,True,dual,raw/adjusted qualification mismatch
AKAN,Akanda,NASDAQ,2024-05-06,2024-08-04,2024-08-05,0.091,1.44,14.824175824175825,0.091,1.44,14.824175824175825,511.875,202.5,-0.6043956043956045,raw,RAW_ONLY_REVIEW,True,,,AKAN_054,opend,POC,True,dual,raw/adjusted qualification mismatch
AKAN,Akanda,NASDAQ,2024-05-07,2024-08-05,2024-08-05,0.0905,1.44,14.911602209944752,0.0905,1.44,14.911602209944752,509.0625,202.5,-0.6022099447513812,raw,RAW_ONLY_REVIEW,True,,,AKAN_054,opend,POC,True,dual,raw/adjusted qualification mismatch
AKAN,Akanda,NASDAQ,2024-05-08,2024-08-06,2024-08-06,0.0891,1.37,14.37598204264871,0.0891,1.37,14.37598204264871,501.1875,192.65625,-0.6156004489337823,raw,RAW_ONLY_REVIEW,True,,,AKAN_054,opend,POC,True,dual,raw/adjusted qualification mismatch
AKAN,Akanda,NASDAQ,2024-05-09,2024-08-07,2024-08-07,0.0915,1.32,13.426229508196723,0.0915,1.32,13.426229508196723,514.6875,185.625,-0.639344262295082,raw,RAW_ONLY_REVIEW,True,,,AKAN_054,opend,POC,True,dual,raw/adjusted qualification mismatch
AKAN,Akanda,NASDAQ,2024-05-10,2024-08-08,2024-08-08,0.0982,1.24,11.627291242362526,0.0982,1.24,11.627291242362526,552.375,174.375,-0.6843177189409368,raw,RAW_ONLY_REVIEW,True,,,AKAN_054,opend,POC,True,dual,raw/adjusted qualification mismatch
AKAN,Akanda,NASDAQ,2024-05-13,2024-08-11,2024-08-12,0.0926,1.36,13.686825053995682,0.0926,1.36,13.686825053995682,520.875,191.25,-0.632829373650108,raw,RAW_ONLY_REVIEW,True,,,AKAN_054,opend,POC,True,dual,raw/adjusted qualification mismatch
AKAN,Akanda,NASDAQ,2024-05-14,2024-08-12,2024-08-12,0.088,1.36,14.454545454545457,0.088,1.36,14.454545454545457,495.0,191.25,-0.6136363636363636,raw,RAW_ONLY_REVIEW,True,,,AKAN_054,opend,POC,True,dual,raw/adjusted qualification mismatch
AKAN,Akanda,NASDAQ,2024-05-15,2024-08-13,2024-08-13,0.104,1.46,13.038461538461538,0.104,1.46,13.038461538461538,585.0,205.3125,-0.6490384615384616,raw,RAW_ONLY_REVIEW,True,,,AKAN_054,opend,POC,True,dual,raw/adjusted qualification mismatch
AKAN,Akanda,NASDAQ,2024-05-16,2024-08-14,2024-08-14,0.1325,1.49,10.245283018867925,0.1325,1.49,10.245283018867925,745.3125,209.53125,-0.7188679245283018,raw,RAW_ONLY_REVIEW,True,,,AKAN_054,opend,POC,True,dual,raw/adjusted qualification mismatch
AKAN,Akanda,NASDAQ,2024-05-21,2024-08-19,2024-08-19,0.093,1.43,14.376344086021504,0.093,1.43,14.376344086021504,523.125,201.09375,-0.6155913978494624,raw,RAW_ONLY_REVIEW,True,,,AKAN_054,opend,POC,True,dual,raw/adjusted qualification mismatch
AKAN,Akanda,NASDAQ,2024-05-22,2024-08-20,2024-08-20,0.0916,1.4,14.283842794759824,0.0916,1.4,14.283842794759824,515.25,196.875,-0.6179039301310043,raw,RAW_ONLY_REVIEW,True,,,AKAN_054,opend,POC,True,dual,raw/adjusted qualification mismatch
AKTX,Akari Therapeutics,NASDAQ,2015-06-19,2015-09-17,2015-09-17,0.61,19.675,31.25409836065574,0.61,19.675,31.25409836065574,4880.0,15740.0,2.2254098360655736,raw,RAW_ONLY_REVIEW,True,,,AKTX_055,opend,POC,True,dual,raw/adjusted qualification mismatch
AKTX,Akari Therapeutics,NASDAQ,2015-06-22,2015-09-20,2015-09-21,0.61,31.5,50.63934426229508,0.61,31.5,50.63934426229508,4880.0,25200.0,4.163934426229508,raw,RAW_ONLY_REVIEW,True,,,AKTX_055,opend,POC,True,dual,raw/adjusted qualification mismatch
AKTX,Akari Therapeutics,NASDAQ,2015-06-23,2015-09-21,2015-09-21,0.635,31.5,48.60629921259842,0.635,31.5,48.60629921259842,5080.0,25200.0,3.9606299212598426,raw,RAW_ONLY_REVIEW,True,,,AKTX_055,opend,POC,True,dual,raw/adjusted qualification mismatch
AKTX,Akari Therapeutics,NASDAQ,2015-06-24,2015-09-22,2015-09-22,0.62,24.25,38.11290322580645,0.62,24.25,38.11290322580645,4960.0,19400.0,2.911290322580645,raw,RAW_ONLY_REVIEW,True,,,AKTX_055,opend,POC,True,dual,raw/adjusted qualification mismatch
AKTX,Akari Therapeutics,NASDAQ,2015-06-25,2015-09-23,2015-09-23,0.64,28.63,43.734375,0.64,28.63,43.734375,5120.0,22904.0,3.4734375,raw,RAW_ONLY_REVIEW,True,,,AKTX_055,opend,POC,True,dual,raw/adjusted qualification mismatch
AKTX,Akari Therapeutics,NASDAQ,2015-06-26,2015-09-24,2015-09-24,0.65,26.2,39.30769230769231,0.65,26.2,39.30769230769231,5200.0,20960.0,3.0307692307692307,raw,RAW_ONLY_REVIEW,True,,,AKTX_055,opend,POC,True,dual,raw/adjusted qualification mismatch
AKTX,Akari Therapeutics,NASDAQ,2015-06-29,2015-09-27,2015-09-28,0.59,24.75,40.949152542372886,0.59,24.75,40.949152542372886,4720.0,19800.0,3.194915254237288,raw,RAW_ONLY_REVIEW,True,,,AKTX_055,opend,POC,True,dual,raw/adjusted qualification mismatch
AKTX,Akari Therapeutics,NASDAQ,2015-06-30,2015-09-28,2015-09-28,0.58,24.75,41.67241379310345,0.58,24.75,41.67241379310345,4640.0,19800.0,3.267241379310345,raw,RAW_ONLY_REVIEW,True,,,AKTX_055,opend,POC,True,dual,raw/adjusted qualification mismatch
AKTX,Akari Therapeutics,NASDAQ,2015-07-01,2015-09-29,2015-09-29,0.58,23.09,38.810344827586206,0.58,23.09,38.810344827586206,4640.0,18472.0,2.981034482758621,raw,RAW_ONLY_REVIEW,True,,,AKTX_055,opend,POC,True,dual,raw/adjusted qualification mismatch
AKTX,Akari Therapeutics,NASDAQ,2015-07-02,2015-09-30,2015-09-30,0.6199,23.995,37.70785610582352,0.6199,23.995,37.70785610582352,4959.2,19196.0,2.870785610582352,raw,RAW_ONLY_REVIEW,True,,,AKTX_055,opend,POC,True,dual,raw/adjusted qualification mismatch
AKTX,Akari Therapeutics,NASDAQ,2015-07-06,2015-10-04,2015-10-05,0.5972,19.4202,31.51875418620228,0.5972,19.4202,31.51875418620228,4777.6,15536.16,2.2518754186202274,raw,RAW_ONLY_REVIEW,True,,,AKTX_055,opend,POC,True,dual,raw/adjusted qualification mismatch
AKTX,Akari Therapeutics,NASDAQ,2015-07-07,2015-10-05,2015-10-05,0.5901,19.4202,31.91001525165227,0.5901,19.4202,31.91001525165227,4720.8,15536.16,2.291001525165226,raw,RAW_ONLY_REVIEW,True,,,AKTX_055,opend,POC,True,dual,raw/adjusted qualification mismatch
AKTX,Akari Therapeutics,NASDAQ,2015-07-08,2015-10-06,2015-10-06,0.56,19.39,33.625,0.56,19.39,33.625,4480.0,15512.0,2.4625,raw,RAW_ONLY_REVIEW,True,,,AKTX_055,opend,POC,True,dual,raw/adjusted qualification mismatch
AKTX,Akari Therapeutics,NASDAQ,2015-07-09,2015-10-07,2015-10-07,0.51,20.09,38.3921568627451,0.51,20.09,38.3921568627451,4080.0,16072.0,2.93921568627451,raw,RAW_ONLY_REVIEW,True,,,AKTX_055,opend,POC,True,dual,raw/adjusted qualification mismatch
AKTX,Akari Therapeutics,NASDAQ,2015-07-10,2015-10-08,2015-10-08,0.49,19.6344,39.07020408163265,0.49,19.6344,39.07020408163265,3920.0,15707.52,3.0070204081632657,raw,RAW_ONLY_REVIEW,True,,,AKTX_055,opend,POC,True,dual,raw/adjusted qualification mismatch
AKTX,Akari Therapeutics,NASDAQ,2015-07-13,2015-10-11,2015-10-12,0.65,21.25,31.692307692307693,0.65,21.25,31.692307692307693,5200.0,17000.0,2.269230769230769,raw,RAW_ONLY_REVIEW,True,,,AKTX_055,opend,POC,True,dual,raw/adjusted qualification mismatch
AKTX,Akari Therapeutics,NASDAQ,2015-07-14,2015-10-12,2015-10-12,0.69,21.25,29.797101449275363,0.69,21.25,29.797101449275363,5520.0,17000.0,2.079710144927536,raw,RAW_ONLY_REVIEW,True,,,AKTX_055,opend,POC,True,dual,raw/adjusted qualification mismatch
AKTX,Akari Therapeutics,NASDAQ,2015-07-15,2015-10-13,2015-10-13,0.632,18.3,27.955696202531648,0.632,18.3,27.955696202531648,5056.0,14640.0,1.8955696202531644,raw,RAW_ONLY_REVIEW,True,,,AKTX_055,opend,POC,True,dual,raw/adjusted qualification mismatch
AKTX,Akari Therapeutics,NASDAQ,2015-07-16,2015-10-14,2015-10-14,0.6,18.99,30.65,0.6,18.99,30.65,4800.0,15191.999999999,2.164999999999792,raw,RAW_ONLY_REVIEW,True,,,AKTX_055,opend,POC,True,dual,raw/adjusted qualification mismatch
AKTX,Akari Therapeutics,NASDAQ,2015-07-17,2015-10-15,2015-10-15,0.64,18.6,28.0625,0.64,18.6,28.0625,5120.0,14880.0,1.90625,raw,RAW_ONLY_REVIEW,True,,,AKTX_055,opend,POC,True,dual,raw/adjusted qualification mismatch
AKTX,Akari Therapeutics,NASDAQ,2015-07-20,2015-10-18,2015-10-20,0.61,18.53,29.377049180327877,0.61,18.53,29.377049180327877,4880.0,14824.0,2.037704918032787,raw,RAW_ONLY_REVIEW,True,,,AKTX_055,opend,POC,True,dual,raw/adjusted qualification mismatch
AKTX,Akari Therapeutics,NASDAQ,2015-07-21,2015-10-19,2015-10-20,0.565,18.53,31.796460176991157,0.565,18.53,31.796460176991157,4520.0,14824.0,2.279646017699115,raw,RAW_ONLY_REVIEW,True,,,AKTX_055,opend,POC,True,dual,raw/adjusted qualification mismatch
AKTX,Akari Therapeutics,NASDAQ,2015-07-22,2015-10-20,2015-10-20,0.6,18.53,29.883333333333336,0.6,18.53,29.883333333333336,4800.0,14824.0,2.0883333333333334,raw,RAW_ONLY_REVIEW,True,,,AKTX_055,opend,POC,True,dual,raw/adjusted qualification mismatch
AKTX,Akari Therapeutics,NASDAQ,2015-07-23,2015-10-21,2015-10-21,0.61,19.1,30.311475409836067,0.61,19.1,30.311475409836067,4880.0,15280.0,2.1311475409836067,raw,RAW_ONLY_REVIEW,True,,,AKTX_055,opend,POC,True,dual,raw/adjusted qualification mismatch
AKTX,Akari Therapeutics,NASDAQ,2015-07-24,2015-10-22,2015-10-22,0.5644,18.99,32.64635010630758,0.5644,18.99,32.64635010630758,4515.2,15191.999999999,2.3646350106305367,raw,RAW_ONLY_REVIEW,True,,,AKTX_055,opend,POC,True,dual,raw/adjusted qualification mismatch
AKTX,Akari Therapeutics,NASDAQ,2015-07-27,2015-10-25,2015-10-26,0.525,19.94,36.98095238095238,0.525,19.94,36.98095238095238,4200.0,15952.0,2.798095238095238,raw,RAW_ONLY_REVIEW,True,,,AKTX_055,opend,POC,True,dual,raw/adjusted qualification mismatch
AKTX,Akari Therapeutics,NASDAQ,2015-07-28,2015-10-26,2015-10-26,0.57,19.94,33.982456140350884,0.57,19.94,33.982456140350884,4560.0,15952.0,2.498245614035088,raw,RAW_ONLY_REVIEW,True,,,AKTX_055,opend,POC,True,dual,raw/adjusted qualification mismatch
AKTX,Akari Therapeutics,NASDAQ,2015-07-29,2015-10-27,2015-10-27,0.5899,18.1,29.683166638413294,0.5899,18.1,29.683166638413294,4719.2,14480.0,2.0683166638413293,raw,RAW_ONLY_REVIEW,True,,,AKTX_055,opend,POC,True,dual,raw/adjusted qualification mismatch
AKTX,Akari Therapeutics,NASDAQ,2015-07-30,2015-10-28,2015-10-28,0.58,18.79,31.39655172413793,0.58,18.79,31.39655172413793,4640.0,15032.0,2.239655172413793,raw,RAW_ONLY_REVIEW,True,,,AKTX_055,opend,POC,True,dual,raw/adjusted qualification mismatch
AKTX,Akari Therapeutics,NASDAQ,2015-07-31,2015-10-29,2015-10-29,0.57,18.473,31.40877192982456,0.57,18.473,31.40877192982456,4560.0,14778.4,2.240877192982456,raw,RAW_ONLY_REVIEW,True,,,AKTX_055,opend,POC,True,dual,raw/adjusted qualification mismatch
AKTX,Akari Therapeutics,NASDAQ,2015-08-03,2015-11-01,2015-11-02,0.5401,19.29,34.71560822069987,0.5401,19.29,34.71560822069987,4320.8,15432.0,2.571560822069987,raw,RAW_ONLY_REVIEW,True,,,AKTX_055,opend,POC,True,dual,raw/adjusted qualification mismatch
AKTX,Akari Therapeutics,NASDAQ,2015-08-04,2015-11-02,2015-11-02,0.5541,19.29,33.81321061180292,0.5541,19.29,33.81321061180292,4432.8,15432.0,2.4813210611802923,raw,RAW_ONLY_REVIEW,True,,,AKTX_055,opend,POC,True,dual,raw/adjusted qualification mismatch
AKTX,Akari Therapeutics,NASDAQ,2015-08-05,2015-11-03,2015-11-03,0.54,19.11,34.388888888888886,0.54,19.11,34.388888888888886,4320.0,15288.0,2.5388888888888888,raw,RAW_ONLY_REVIEW,True,,,AKTX_055,opend,POC,True,dual,raw/adjusted qualification mismatch
AKTX,Akari Therapeutics,NASDAQ,2015-08-06,2015-11-04,2015-11-04,0.5501,19.1,33.720959825486275,0.5501,19.1,33.720959825486275,4400.8,15280.0,2.4720959825486277,raw,RAW_ONLY_REVIEW,True,,,AKTX_055,opend,POC,True,dual,raw/adjusted qualification mismatch
AKTX,Akari Therapeutics,NASDAQ,2015-08-07,2015-11-05,2015-11-05,0.64,19.2,29.0,0.64,19.2,29.0,5120.0,15360.0,2.0,raw,RAW_ONLY_REVIEW,True,,,AKTX_055,opend,POC,True,dual,raw/adjusted qualification mismatch
AKTX,Akari Therapeutics,NASDAQ,2015-08-10,2015-11-08,2015-11-09,0.677,19.3,27.50812407680945,0.677,19.3,27.50812407680945,5416.0,15440.0,1.8508124076809451,raw,RAW_ONLY_REVIEW,True,,,AKTX_055,opend,POC,True,dual,raw/adjusted qualification mismatch
AKTX,Akari Therapeutics,NASDAQ,2015-08-11,2015-11-09,2015-11-09,0.65,19.3,28.692307692307693,0.65,19.3,28.692307692307693,5200.0,15440.0,1.9692307692307691,raw,RAW_ONLY_REVIEW,True,,,AKTX_055,opend,POC,True,dual,raw/adjusted qualification mismatch
AKTX,Akari Therapeutics,NASDAQ,2015-08-12,2015-11-10,2015-11-10,0.6489,19.125,28.472954230235786,0.6489,19.125,28.472954230235786,5191.2,15300.0,1.9472954230235784,raw,RAW_ONLY_REVIEW,True,,,AKTX_055,opend,POC,True,dual,raw/adjusted qualification mismatch
AKTX,Akari Therapeutics,NASDAQ,2015-08-13,2015-11-11,2015-11-11,0.64,19.03,28.734375,0.64,19.03,28.734375,5120.0,15224.0,1.9734375,raw,RAW_ONLY_REVIEW,True,,,AKTX_055,opend,POC,True,dual,raw/adjusted qualification mismatch
AKTX,Akari Therapeutics,NASDAQ,2015-08-14,2015-11-12,2015-11-12,0.5832,19.03,31.630315500685867,0.5832,19.03,31.630315500685867,4665.6,15224.0,2.263031550068587,raw,RAW_ONLY_REVIEW,True,,,AKTX_055,opend,POC,True,dual,raw/adjusted qualification mismatch
AKTX,Akari Therapeutics,NASDAQ,2015-08-17,2015-11-15,2015-11-16,0.6101,19.0,30.142435666284214,0.6101,19.0,30.142435666284214,4880.8,15200.0,2.1142435666284216,raw,RAW_ONLY_REVIEW,True,,,AKTX_055,opend,POC,True,dual,raw/adjusted qualification mismatch
AKTX,Akari Therapeutics,NASDAQ,2015-08-18,2015-11-16,2015-11-16,1.02,19.0,17.627450980392158,1.02,19.0,17.627450980392158,8160.0,15200.0,0.8627450980392157,raw,RAW_ONLY_REVIEW,True,,,AKTX_055,opend,POC,True,dual,raw/adjusted qualification mismatch
AKTX,Akari Therapeutics,NASDAQ,2023-05-19,2023-08-17,2023-08-17,0.2078,3.1,13.918190567853705,0.2078,3.1,13.918190567853705,166.24,124.0,-0.2540904716073148,raw,RAW_ONLY_REVIEW,True,,,AKTX_056,opend,POC,True,dual,raw/adjusted qualification mismatch
AKTX,Akari Therapeutics,NASDAQ,2023-05-22,2023-08-20,2023-08-21,0.203,3.55,16.487684729064036,0.203,3.55,16.487684729064036,162.4,142.0,-0.125615763546798,raw,RAW_ONLY_REVIEW,True,,,AKTX_056,opend,POC,True,dual,raw/adjusted qualification mismatch
AKTX,Akari Therapeutics,NASDAQ,2023-05-23,2023-08-21,2023-08-21,0.1877,3.55,17.91315929675013,0.1877,3.55,17.91315929675013,150.16,142.0,-0.0543420351624933,raw,RAW_ONLY_REVIEW,True,,,AKTX_056,opend,POC,True,dual,raw/adjusted qualification mismatch
AKTX,Akari Therapeutics,NASDAQ,2023-05-24,2023-08-22,2023-08-22,0.19,3.55,17.684210526315788,0.19,3.55,17.684210526315788,152.0,142.0,-0.0657894736842105,raw,RAW_ONLY_REVIEW,True,,,AKTX_056,opend,POC,True,dual,raw/adjusted qualification mismatch
AKTX,Akari Therapeutics,NASDAQ,2023-05-25,2023-08-23,2023-08-23,0.1734,3.645,20.02076124567474,0.1734,3.645,20.02076124567474,138.72,145.8,0.0510380622837371,raw,RAW_ONLY_REVIEW,True,,,AKTX_056,opend,POC,True,dual,raw/adjusted qualification mismatch
AKTX,Akari Therapeutics,NASDAQ,2023-05-26,2023-08-24,2023-08-24,0.1851,3.43,17.53052404105889,0.1851,3.43,17.53052404105889,148.08,137.2,-0.0734737979470557,raw,RAW_ONLY_REVIEW,True,,,AKTX_056,opend,POC,True,dual,raw/adjusted qualification mismatch
AKTX,Akari Therapeutics,NASDAQ,2023-05-30,2023-08-28,2023-08-28,0.1854,3.5746,18.28047464940669,0.1854,3.5746,18.28047464940669,148.32,142.984,-0.0359762675296654,raw,RAW_ONLY_REVIEW,True,,,AKTX_056,opend,POC,True,dual,raw/adjusted qualification mismatch
AKTX,Akari Therapeutics,NASDAQ,2023-05-31,2023-08-29,2023-08-29,0.1769,3.58,19.23742227247032,0.1769,3.58,19.23742227247032,141.52,143.2,0.0118711136235158,raw,RAW_ONLY_REVIEW,True,,,AKTX_056,opend,POC,True,dual,raw/adjusted qualification mismatch
AKTX,Akari Therapeutics,NASDAQ,2023-06-01,2023-08-30,2023-08-30,0.1611,3.37,19.91868404717567,0.1611,3.37,19.91868404717567,128.88,134.8,0.0459342023587834,raw,RAW_ONLY_REVIEW,True,,,AKTX_056,opend,POC,True,dual,raw/adjusted qualification mismatch
AKTX,Akari Therapeutics,NASDAQ,2023-06-02,2023-08-31,2023-08-31,0.1621,3.15,18.43244910549044,0.1621,3.15,18.43244910549044,129.68,126.0,-0.0283775447254781,raw,RAW_ONLY_REVIEW,True,,,AKTX_056,opend,POC,True,dual,raw/adjusted qualification mismatch
AKTX,Akari Therapeutics,NASDAQ,2023-06-05,2023-09-03,2023-09-05,0.1609,3.12,18.39092604101927,0.1609,3.12,18.39092604101927,128.719999999,124.8,-0.0304536979415045,raw,RAW_ONLY_REVIEW,True,,,AKTX_056,opend,POC,True,dual,raw/adjusted qualification mismatch
AKTX,Akari Therapeutics,NASDAQ,2023-06-06,2023-09-04,2023-09-05,0.1602,3.12,18.47565543071161,0.1602,3.12,18.47565543071161,128.16,124.8,-0.0262172284644194,raw,RAW_ONLY_REVIEW,True,,,AKTX_056,opend,POC,True,dual,raw/adjusted qualification mismatch
AKTX,Akari Therapeutics,NASDAQ,2023-06-07,2023-09-05,2023-09-05,0.1629,3.12,18.15285451197053,0.1629,3.12,18.15285451197053,130.319999999,124.8,-0.0423572743941249,raw,RAW_ONLY_REVIEW,True,,,AKTX_056,opend,POC,True,dual,raw/adjusted qualification mismatch
AKTX,Akari Therapeutics,NASDAQ,2023-06-08,2023-09-06,2023-09-06,0.162,3.18,18.62962962962963,0.162,3.18,18.62962962962963,129.6,127.2,-0.0185185185185184,raw,RAW_ONLY_REVIEW,True,,,AKTX_056,opend,POC,True,dual,raw/adjusted qualification mismatch
AKTX,Akari Therapeutics,NASDAQ,2023-06-09,2023-09-07,2023-09-07,0.156,3.63,22.26923076923077,0.156,3.63,22.26923076923077,124.8,145.2,0.1634615384615383,raw,RAW_ONLY_REVIEW,True,,,AKTX_056,opend,POC,True,dual,raw/adjusted qualification mismatch
AKTX,Akari Therapeutics,NASDAQ,2023-06-12,2023-09-10,2023-09-11,0.1592,3.5074,21.03140703517588,0.1592,3.5074,21.03140703517588,127.36,140.296,0.1015703517587938,raw,RAW_ONLY_REVIEW,True,,,AKTX_056,opend,POC,True,dual,raw/adjusted qualification mismatch
AKTX,Akari Therapeutics,NASDAQ,2023-06-13,2023-09-11,2023-09-11,0.158,3.5074,21.19873417721519,0.158,3.5074,21.19873417721519,126.4,140.296,0.1099367088607594,raw,RAW_ONLY_REVIEW,True,,,AKTX_056,opend,POC,True,dual,raw/adjusted qualification mismatch
AKTX,Akari Therapeutics,NASDAQ,2023-06-14,2023-09-12,2023-09-12,0.1629,3.68,21.590546347452428,0.1629,3.68,21.590546347452428,130.319999999,147.2,0.1295273173812885,raw,RAW_ONLY_REVIEW,True,,,AKTX_056,opend,POC,True,dual,raw/adjusted qualification mismatch
AKTX,Akari Therapeutics,NASDAQ,2023-06-15,2023-09-13,2023-09-13,0.159,3.58,21.51572327044025,0.159,3.58,21.51572327044025,127.2,143.2,0.1257861635220125,raw,RAW_ONLY_REVIEW,True,,,AKTX_056,opend,POC,True,dual,raw/adjusted qualification mismatch
AKTX,Akari Therapeutics,NASDAQ,2023-06-16,2023-09-14,2023-09-14,0.1571,3.65,22.23360916613622,0.1571,3.65,22.23360916613622,125.679999999,146.0,0.161680458316054,raw,RAW_ONLY_REVIEW,True,,,AKTX_056,opend,POC,True,dual,raw/adjusted qualification mismatch
AKTX,Akari Therapeutics,NASDAQ,2023-06-20,2023-09-18,2023-09-18,0.16,3.695,22.09375,0.16,3.695,22.09375,128.0,147.8,0.1546875000000001,raw,RAW_ONLY_REVIEW,True,,,AKTX_056,opend,POC,True,dual,raw/adjusted qualification mismatch
AKTX,Akari Therapeutics,NASDAQ,2023-06-21,2023-09-19,2023-09-19,0.1557,3.65,22.44251766217084,0.1557,3.65,22.44251766217084,124.56,146.0,0.1721258831085421,raw,RAW_ONLY_REVIEW,True,,,AKTX_056,opend,POC,True,dual,raw/adjusted qualification mismatch
AKTX,Akari Therapeutics,NASDAQ,2023-06-22,2023-09-20,2023-09-20,0.1649,3.6058,20.866585809581565,0.1649,3.6058,20.866585809581565,131.92,144.232,0.0933292904790783,raw,RAW_ONLY_REVIEW,True,,,AKTX_056,opend,POC,True,dual,raw/adjusted qualification mismatch
AKTX,Akari Therapeutics,NASDAQ,2023-06-23,2023-09-21,2023-09-21,0.1613,3.485,20.60570365778053,0.1613,3.485,20.60570365778053,129.04,139.4,0.0802851828890267,raw,RAW_ONLY_REVIEW,True,,,AKTX_056,opend,POC,True,dual,raw/adjusted qualification mismatch
AKTX,Akari Therapeutics,NASDAQ,2023-06-26,2023-09-24,2023-09-25,0.1605,3.85,22.98753894080997,0.1605,3.85,22.98753894080997,128.4,154.0,0.1993769470404984,raw,RAW_ONLY_REVIEW,True,,,AKTX_056,opend,POC,True,dual,raw/adjusted qualification mismatch
AKTX,Akari Therapeutics,NASDAQ,2023-06-27,2023-09-25,2023-09-25,0.1629,3.85,22.634131368938,0.1629,3.85,22.634131368938,130.319999999,154.0,0.1817065684559675,raw,RAW_ONLY_REVIEW,True,,,AKTX_056,opend,POC,True,dual,raw/adjusted qualification mismatch
AKTX,Akari Therapeutics,NASDAQ,2023-06-28,2023-09-26,2023-09-26,0.1624,4.05,23.9384236453202,0.1624,4.05,23.9384236453202,129.919999999,162.0,0.2469211822756074,raw,RAW_ONLY_REVIEW,True,,,AKTX_056,opend,POC,True,dual,raw/adjusted qualification mismatch
AKTX,Akari Therapeutics,NASDAQ,2023-06-29,2023-09-27,2023-09-27,0.1652,4.05,23.515738498789343,0.1652,4.05,23.515738498789343,132.16,162.0,0.2257869249394672,raw,RAW_ONLY_REVIEW,True,,,AKTX_056,opend,POC,True,dual,raw/adjusted qualification mismatch
AKTX,Akari Therapeutics,NASDAQ,2023-06-30,2023-09-28,2023-09-28,0.17,4.08,23.0,0.17,4.08,23.0,136.0,163.2,0.1999999999999999,raw,RAW_ONLY_REVIEW,True,,,AKTX_056,opend,POC,True,dual,raw/adjusted qualification mismatch
AKTX,Akari Therapeutics,NASDAQ,2023-07-03,2023-10-01,2023-10-02,0.1656,3.6123,20.81340579710145,0.1656,3.6123,20.81340579710145,132.48,144.492,0.0906702898550724,raw,RAW_ONLY_REVIEW,True,,,AKTX_056,opend,POC,True,dual,raw/adjusted qualification mismatch
AKTX,Akari Therapeutics,NASDAQ,2023-07-05,2023-10-03,2023-10-03,0.1702,3.84,21.56169212690952,0.1702,3.84,21.56169212690952,136.159999999,153.6,0.1280846063537608,raw,RAW_ONLY_REVIEW,True,,,AKTX_056,opend,POC,True,dual,raw/adjusted qualification mismatch
AKTX,Akari Therapeutics,NASDAQ,2023-07-06,2023-10-04,2023-10-04,0.1735,3.64,19.979827089337174,0.1735,3.64,19.979827089337174,138.8,145.6,0.0489913544668587,raw,RAW_ONLY_REVIEW,True,,,AKTX_056,opend,POC,True,dual,raw/adjusted qualification mismatch
AKTX,Akari Therapeutics,NASDAQ,2023-07-07,2023-10-05,2023-10-05,0.1789,3.64,19.346562325321408,0.1789,3.64,19.346562325321408,143.12,145.6,0.0173281162660703,raw,RAW_ONLY_REVIEW,True,,,AKTX_056,opend,POC,True,dual,raw/adjusted qualification mismatch
AKTX,Akari Therapeutics,NASDAQ,2023-07-10,2023-10-08,2023-10-09,0.18,3.67,19.38888888888889,0.18,3.67,19.38888888888889,144.0,146.8,0.0194444444444445,raw,RAW_ONLY_REVIEW,True,,,AKTX_056,opend,POC,True,dual,raw/adjusted qualification mismatch
AKTX,Akari Therapeutics,NASDAQ,2023-07-11,2023-10-09,2023-10-09,0.18,3.67,19.38888888888889,0.18,3.67,19.38888888888889,144.0,146.8,0.0194444444444445,raw,RAW_ONLY_REVIEW,True,,,AKTX_056,opend,POC,True,dual,raw/adjusted qualification mismatch
AKTX,Akari Therapeutics,NASDAQ,2023-07-12,2023-10-10,2023-10-10,0.1707,3.5699,19.91329818394845,0.1707,3.5699,19.91329818394845,136.56,142.796,0.0456649091974223,raw,RAW_ONLY_REVIEW,True,,,AKTX_056,opend,POC,True,dual,raw/adjusted qualification mismatch
AKTX,Akari Therapeutics,NASDAQ,2023-07-13,2023-10-11,2023-10-11,0.1812,3.61,18.922737306843267,0.1812,3.61,18.922737306843267,144.96,144.4,-0.0038631346578366,raw,RAW_ONLY_REVIEW,True,,,AKTX_056,opend,POC,True,dual,raw/adjusted qualification mismatch
AKTX,Akari Therapeutics,NASDAQ,2023-07-14,2023-10-12,2023-10-12,0.1713,3.51,19.49036777583187,0.1713,3.51,19.49036777583187,137.04,140.4,0.0245183887915938,raw,RAW_ONLY_REVIEW,True,,,AKTX_056,opend,POC,True,dual,raw/adjusted qualification mismatch
AKTX,Akari Therapeutics,NASDAQ,2023-07-17,2023-10-15,2023-10-16,0.171,3.447,19.157894736842103,0.171,3.447,19.157894736842103,136.8,137.88,0.0078947368421051,raw,RAW_ONLY_REVIEW,True,,,AKTX_056,opend,POC,True,dual,raw/adjusted qualification mismatch
AKTX,Akari Therapeutics,NASDAQ,2023-07-18,2023-10-16,2023-10-16,0.174,3.447,18.81034482758621,0.174,3.447,18.81034482758621,139.2,137.88,-0.0094827586206895,raw,RAW_ONLY_REVIEW,True,,,AKTX_056,opend,POC,True,dual,raw/adjusted qualification mismatch
AKTX,Akari Therapeutics,NASDAQ,2023-07-19,2023-10-17,2023-10-17,0.176,3.41,18.375000000000004,0.176,3.41,18.375000000000004,140.8,136.4,-0.03125,raw,RAW_ONLY_REVIEW,True,,,AKTX_056,opend,POC,True,dual,raw/adjusted qualification mismatch
AKTX,Akari Therapeutics,NASDAQ,2023-07-20,2023-10-18,2023-10-18,0.1753,3.45,18.68054763262978,0.1753,3.45,18.68054763262978,140.24,138.0,-0.0159726183685111,raw,RAW_ONLY_REVIEW,True,,,AKTX_056,opend,POC,True,dual,raw/adjusted qualification mismatch
AKTX,Akari Therapeutics,NASDAQ,2023-07-21,2023-10-19,2023-10-19,0.174,3.55,19.402298850574716,0.174,3.55,19.402298850574716,139.2,142.0,0.0201149425287356,raw,RAW_ONLY_REVIEW,True,,,AKTX_056,opend,POC,True,dual,raw/adjusted qualification mismatch
AKTX,Akari Therapeutics,NASDAQ,2023-07-24,2023-10-22,2023-10-23,0.1744,3.43,18.66743119266055,0.1744,3.43,18.66743119266055,139.52,137.2,-0.0166284403669726,raw,RAW_ONLY_REVIEW,True,,,AKTX_056,opend,POC,True,dual,raw/adjusted qualification mismatch
AKTX,Akari Therapeutics,NASDAQ,2023-07-25,2023-10-23,2023-10-23,0.1882,3.43,17.22529224229543,0.1882,3.43,17.22529224229543,150.56,137.2,-0.0887353878852286,raw,RAW_ONLY_REVIEW,True,,,AKTX_056,opend,POC,True,dual,raw/adjusted qualification mismatch
AKTX,Akari Therapeutics,NASDAQ,2023-07-26,2023-10-24,2023-10-24,0.1964,3.5,16.820773930753564,0.1964,3.5,16.820773930753564,157.12,140.0,-0.1089613034623218,raw,RAW_ONLY_REVIEW,True,,,AKTX_056,opend,POC,True,dual,raw/adjusted qualification mismatch
AKTX,Akari Therapeutics,NASDAQ,2023-07-27,2023-10-25,2023-10-25,0.212,3.6,15.9811320754717,0.212,3.6,15.9811320754717,169.6,144.0,-0.150943396226415,raw,RAW_ONLY_REVIEW,True,,,AKTX_056,opend,POC,True,dual,raw/adjusted qualification mismatch
AKTX,Akari Therapeutics,NASDAQ,2023-07-28,2023-10-26,2023-10-26,0.218,3.6,15.513761467889909,0.218,3.6,15.513761467889909,174.4,144.0,-0.1743119266055046,raw,RAW_ONLY_REVIEW,True,,,AKTX_056,opend,POC,True,dual,raw/adjusted qualification mismatch
AKTX,Akari Therapeutics,NASDAQ,2023-07-31,2023-10-29,2023-10-30,0.2496,3.7,13.82371794871795,0.2496,3.7,13.82371794871795,199.68,148.0,-0.2588141025641026,raw,RAW_ONLY_REVIEW,True,,,AKTX_056,opend,POC,True,dual,raw/adjusted qualification mismatch
AKTX,Akari Therapeutics,NASDAQ,2023-08-01,2023-10-30,2023-10-30,0.2674,3.7,12.836948391922212,0.2674,3.7,12.836948391922212,213.92,148.0,-0.3081525804038892,raw,RAW_ONLY_REVIEW,True,,,AKTX_056,opend,POC,True,dual,raw/adjusted qualification mismatch
AKTX,Akari Therapeutics,NASDAQ,2023-08-02,2023-10-31,2023-10-31,0.2566,3.4101,12.289555728760718,0.2566,3.4101,12.289555728760718,205.28,136.404,-0.3355222135619642,raw,RAW_ONLY_REVIEW,True,,,AKTX_056,opend,POC,True,dual,raw/adjusted qualification mismatch
AKTX,Akari Therapeutics,NASDAQ,2023-08-03,2023-11-01,2023-11-01,0.265,3.59,12.547169811320751,0.265,3.59,12.547169811320751,212.0,143.6,-0.3226415094339623,raw,RAW_ONLY_REVIEW,True,,,AKTX_056,opend,POC,True,dual,raw/adjusted qualification mismatch
AKTX,Akari Therapeutics,NASDAQ,2023-08-04,2023-11-02,2023-11-02,0.2652,3.54,12.34841628959276,0.2652,3.54,12.34841628959276,212.16,141.6,-0.332579185520362,raw,RAW_ONLY_REVIEW,True,,,AKTX_056,opend,POC,True,dual,raw/adjusted qualification mismatch
AKTX,Akari Therapeutics,NASDAQ,2023-08-07,2023-11-05,2023-11-06,0.2652,3.685,12.895173453996984,0.2652,3.685,12.895173453996984,212.16,147.4,-0.3052413273001507,raw,RAW_ONLY_REVIEW,True,,,AKTX_056,opend,POC,True,dual,raw/adjusted qualification mismatch
AKTX,Akari Therapeutics,NASDAQ,2023-08-08,2023-11-06,2023-11-06,0.2504,3.685,13.716453674121404,0.2504,3.685,13.716453674121404,200.32,147.4,-0.2641773162939297,raw,RAW_ONLY_REVIEW,True,,,AKTX_056,opend,POC,True,dual,raw/adjusted qualification mismatch
AKTX,Akari Therapeutics,NASDAQ,2023-08-09,2023-11-07,2023-11-07,0.251,3.61,13.382470119521912,0.251,3.61,13.382470119521912,200.8,144.4,-0.2808764940239043,raw,RAW_ONLY_REVIEW,True,,,AKTX_056,opend,POC,True,dual,raw/adjusted qualification mismatch
AKTX,Akari Therapeutics,NASDAQ,2023-08-10,2023-11-08,2023-11-08,0.2573,3.52,12.68052856587641,0.2573,3.52,12.68052856587641,205.839999999,140.8,-0.3159735717028564,raw,RAW_ONLY_REVIEW,True,,,AKTX_056,opend,POC,True,dual,raw/adjusted qualification mismatch
AKTX,Akari Therapeutics,NASDAQ,2023-08-11,2023-11-09,2023-11-09,0.2496,3.505,13.042467948717947,0.2496,3.505,13.042467948717947,199.68,140.2,-0.2978766025641026,raw,RAW_ONLY_REVIEW,True,,,AKTX_056,opend,POC,True,dual,raw/adjusted qualification mismatch
AKTX,Akari Therapeutics,NASDAQ,2023-08-14,2023-11-12,2023-11-13,0.2425,3.4,13.02061855670103,0.2425,3.4,13.02061855670103,194.0,136.0,-0.2989690721649485,raw,RAW_ONLY_REVIEW,True,,,AKTX_056,opend,POC,True,dual,raw/adjusted qualification mismatch
AKTX,Akari Therapeutics,NASDAQ,2023-08-15,2023-11-13,2023-11-13,0.1911,3.4,16.791732077446362,0.1911,3.4,16.791732077446362,152.88,136.0,-0.1104133961276818,raw,RAW_ONLY_REVIEW,True,,,AKTX_056,opend,POC,True,dual,raw/adjusted qualification mismatch
AKTX,Akari Therapeutics,NASDAQ,2023-08-16,2023-11-14,2023-11-14,0.1888,3.2009,15.953919491525422,0.1888,3.2009,15.953919491525422,151.04,128.036,-0.1523040254237287,raw,RAW_ONLY_REVIEW,True,,,AKTX_056,opend,POC,True,dual,raw/adjusted qualification mismatch
AKTX,Akari Therapeutics,NASDAQ,2025-12-31,2026-03-31,2026-03-31,0.289,5.15,16.82006920415225,0.289,5.15,16.82006920415225,11.56,5.15,-0.5544982698961938,raw,RAW_ONLY_REVIEW,True,,,AKTX_057,opend,POC,True,dual,raw/adjusted qualification mismatch
ALBT,Avalon GloboCare,NASDAQ,2024-07-29,2024-10-27,2024-10-28,0.383,4.3,10.227154046997388,0.383,4.3,10.227154046997388,5.745,4.3,-0.2515230635335074,raw,RAW_ONLY_REVIEW,True,,,ALBT_058,opend,POC,True,dual,raw/adjusted qualification mismatch
ALBT,Avalon GloboCare,NASDAQ,2024-07-30,2024-10-28,2024-10-28,0.35,4.3,11.285714285714286,0.35,4.3,11.285714285714286,5.25,4.3,-0.1809523809523809,raw,RAW_ONLY_REVIEW,True,,,ALBT_058,opend,POC,True,dual,raw/adjusted qualification mismatch
ALBT,Avalon GloboCare,NASDAQ,2024-08-07,2024-11-05,2024-11-05,0.2724,3.6,12.215859030837006,0.2724,3.6,12.215859030837006,4.085999999,3.6,-0.1189427310619047,raw,RAW_ONLY_REVIEW,True,,,ALBT_058,opend,POC,True,dual,raw/adjusted qualification mismatch
ALBT,Avalon GloboCare,NASDAQ,2024-08-08,2024-11-06,2024-11-06,0.271,3.04,10.21771217712177,0.271,3.04,10.21771217712177,4.065,3.04,-0.2521525215252153,raw,RAW_ONLY_REVIEW,True,,,ALBT_058,opend,POC,True,dual,raw/adjusted qualification mismatch
ALBT,Avalon GloboCare,NASDAQ,2024-08-09,2024-11-07,2024-11-07,0.2692,3.44,11.778603268945025,0.2692,3.44,11.778603268945025,4.038,3.44,-0.1480931154036652,raw,RAW_ONLY_REVIEW,True,,,ALBT_058,opend,POC,True,dual,raw/adjusted qualification mismatch
ALBT,Avalon GloboCare,NASDAQ,2024-08-12,2024-11-10,2024-11-11,0.2584,3.42,12.235294117647058,0.2584,3.42,12.235294117647058,3.876,3.42,-0.1176470588235294,raw,RAW_ONLY_REVIEW,True,,,ALBT_058,opend,POC,True,dual,raw/adjusted qualification mismatch
ALBT,Avalon GloboCare,NASDAQ,2024-08-13,2024-11-11,2024-11-11,0.255,3.42,12.411764705882351,0.255,3.42,12.411764705882351,3.825,3.42,-0.1058823529411765,raw,RAW_ONLY_REVIEW,True,,,ALBT_058,opend,POC,True,dual,raw/adjusted qualification mismatch
ALBT,Avalon GloboCare,NASDAQ,2024-08-29,2024-11-27,2024-11-27,0.246,2.8,10.38211382113821,0.246,2.8,10.38211382113821,3.69,2.8,-0.2411924119241193,raw,RAW_ONLY_REVIEW,True,,,ALBT_058,opend,POC,True,dual,raw/adjusted qualification mismatch
ALBT,Avalon GloboCare,NASDAQ,2024-08-30,2024-11-28,2024-11-29,0.2458,2.8,10.391375101708704,0.2458,2.8,10.391375101708704,3.687,2.8,-0.2405749932194195,raw,RAW_ONLY_REVIEW,True,,,ALBT_058,opend,POC,True,dual,raw/adjusted qualification mismatch
ALBT,Avalon GloboCare,NASDAQ,2024-09-09,2024-12-08,2024-12-09,0.366,4.05,10.065573770491802,0.366,4.05,10.065573770491802,5.49,4.05,-0.2622950819672132,raw,RAW_ONLY_REVIEW,True,,,ALBT_058,opend,POC,True,dual,raw/adjusted qualification mismatch
ALBT,Avalon GloboCare,NASDAQ,2024-09-10,2024-12-09,2024-12-09,0.3482,4.05,10.631246410109132,0.3482,4.05,10.631246410109132,5.223,4.05,-0.2245835726593912,raw,RAW_ONLY_REVIEW,True,,,ALBT_058,opend,POC,True,dual,raw/adjusted qualification mismatch
ALBT,Avalon GloboCare,NASDAQ,2024-09-11,2024-12-10,2024-12-10,0.3,4.19,12.966666666666669,0.3,4.19,12.966666666666669,4.5,4.19,-0.0688888888888887,raw,RAW_ONLY_REVIEW,True,,,ALBT_058,opend,POC,True,dual,raw/adjusted qualification mismatch
ALBT,Avalon GloboCare,NASDAQ,2024-09-12,2024-12-11,2024-12-11,0.2475,4.73,18.111111111111114,0.2475,4.73,18.111111111111114,3.7125,4.73,0.2740740740740741,raw,RAW_ONLY_REVIEW,True,,,ALBT_058,opend,POC,True,dual,raw/adjusted qualification mismatch
ALBT,Avalon GloboCare,NASDAQ,2024-09-13,2024-12-12,2024-12-12,0.25,4.83,18.32,0.25,4.83,18.32,3.75,4.83,0.288,raw,RAW_ONLY_REVIEW,True,,,ALBT_058,opend,POC,True,dual,raw/adjusted qualification mismatch
ALBT,Avalon GloboCare,NASDAQ,2024-09-16,2024-12-15,2024-12-16,0.2423,3.86,14.93066446553859,0.2423,3.86,14.93066446553859,3.6345,3.86,0.0620442977025725,raw,RAW_ONLY_REVIEW,True,,,ALBT_058,opend,POC,True,dual,raw/adjusted qualification mismatch
ALBT,Avalon GloboCare,NASDAQ,2024-09-17,2024-12-16,2024-12-16,0.206,3.86,17.737864077669904,0.206,3.86,17.737864077669904,3.09,3.86,0.2491909385113269,raw,RAW_ONLY_REVIEW,True,,,ALBT_058,opend,POC,True,dual,raw/adjusted qualification mismatch
ALBT,Avalon GloboCare,NASDAQ,2024-09-18,2024-12-17,2024-12-17,0.1951,3.13,15.043054843669914,0.1951,3.13,15.043054843669914,2.9265,3.13,0.0695369895779942,raw,RAW_ONLY_REVIEW,True,,,ALBT_058,opend,POC,True,dual,raw/adjusted qualification mismatch
ALBT,Avalon GloboCare,NASDAQ,2024-09-19,2024-12-18,2024-12-18,0.2081,2.68,11.87842383469486,0.2081,2.68,11.87842383469486,3.1215,2.68,-0.1414384110203428,raw,RAW_ONLY_REVIEW,True,,,ALBT_058,opend,POC,True,dual,raw/adjusted qualification mismatch
ALBT,Avalon GloboCare,NASDAQ,2024-09-20,2024-12-19,2024-12-19,0.205,3.89,17.975609756097562,0.205,3.89,17.975609756097562,3.075,3.89,0.2650406504065039,raw,RAW_ONLY_REVIEW,True,,,ALBT_058,opend,POC,True,dual,raw/adjusted qualification mismatch
ALBT,Avalon GloboCare,NASDAQ,2024-09-23,2024-12-22,2024-12-23,0.206,3.57,16.33009708737864,0.206,3.57,16.33009708737864,3.09,3.57,0.1553398058252426,raw,RAW_ONLY_REVIEW,True,,,ALBT_058,opend,POC,True,dual,raw/adjusted qualification mismatch
ALBT,Avalon GloboCare,NASDAQ,2024-09-24,2024-12-23,2024-12-23,0.219,3.57,15.301369863013695,0.219,3.57,15.301369863013695,3.285,3.57,0.0867579908675797,raw,RAW_ONLY_REVIEW,True,,,ALBT_058,opend,POC,True,dual,raw/adjusted qualification mismatch
ALBT,Avalon GloboCare,NASDAQ,2024-09-25,2024-12-24,2024-12-24,0.215,4.1,18.069767441860463,0.215,4.1,18.069767441860463,3.225,4.1,0.2713178294573641,raw,RAW_ONLY_REVIEW,True,,,ALBT_058,opend,POC,True,dual,raw/adjusted qualification mismatch
ALBT,Avalon GloboCare,NASDAQ,2024-09-26,2024-12-25,2024-12-26,0.219,3.55,15.210045662100455,0.219,3.55,15.210045662100455,3.285,3.55,0.0806697108066969,raw,RAW_ONLY_REVIEW,True,,,ALBT_058,opend,POC,True,dual,raw/adjusted qualification mismatch
ALBT,Avalon GloboCare,NASDAQ,2024-09-27,2024-12-26,2024-12-26,0.217,3.55,15.359447004608295,0.217,3.55,15.359447004608295,3.255,3.55,0.0906298003072196,raw,RAW_ONLY_REVIEW,True,,,ALBT_058,opend,POC,True,dual,raw/adjusted qualification mismatch
ALBT,Avalon GloboCare,NASDAQ,2024-09-30,2024-12-29,2024-12-30,0.2082,3.43,15.474543707973105,0.2082,3.43,15.474543707973105,3.123,3.43,0.0983029138648734,raw,RAW_ONLY_REVIEW,True,,,ALBT_058,opend,POC,True,dual,raw/adjusted qualification mismatch
ALBT,Avalon GloboCare,NASDAQ,2024-10-01,2024-12-30,2024-12-30,0.2034,3.43,15.863323500491642,0.2034,3.43,15.863323500491642,3.051,3.43,0.1242215666994428,raw,RAW_ONLY_REVIEW,True,,,ALBT_058,opend,POC,True,dual,raw/adjusted qualification mismatch
ALBT,Avalon GloboCare,NASDAQ,2024-10-02,2024-12-31,2024-12-31,0.2,3.26,15.299999999999995,0.2,3.26,15.299999999999995,3.0,3.26,0.0866666666666666,raw,RAW_ONLY_REVIEW,True,,,ALBT_058,opend,POC,True,dual,raw/adjusted qualification mismatch
ALBT,Avalon GloboCare,NASDAQ,2024-10-03,2025-01-01,2025-01-02,0.1998,3.43,16.167167167167168,0.1998,3.43,16.167167167167168,2.997,3.43,0.144477811144478,raw,RAW_ONLY_REVIEW,True,,,ALBT_058,opend,POC,True,dual,raw/adjusted qualification mismatch
ALBT,Avalon GloboCare,NASDAQ,2024-10-04,2025-01-02,2025-01-02,0.2137,3.43,15.05053813757604,0.2137,3.43,15.05053813757604,3.2055,3.43,0.0700358758384027,raw,RAW_ONLY_REVIEW,True,,,ALBT_058,opend,POC,True,dual,raw/adjusted qualification mismatch
ALBT,Avalon GloboCare,NASDAQ,2024-10-07,2025-01-05,2025-01-06,0.209,3.91,17.70813397129187,0.209,3.91,17.70813397129187,3.135,3.91,0.2472089314194578,raw,RAW_ONLY_REVIEW,True,,,ALBT_058,opend,POC,True,dual,raw/adjusted qualification mismatch
ALBT,Avalon GloboCare,NASDAQ,2024-10-08,2025-01-06,2025-01-06,0.227,3.91,16.22466960352423,0.227,3.91,16.22466960352423,3.405,3.91,0.1483113069016153,raw,RAW_ONLY_REVIEW,True,,,ALBT_058,opend,POC,True,dual,raw/adjusted qualification mismatch
ALBT,Avalon GloboCare,NASDAQ,2024-10-09,2025-01-07,2025-01-07,0.2117,3.78,16.85545583372697,0.2117,3.78,16.85545583372697,3.1755,3.78,0.1903637222484646,raw,RAW_ONLY_REVIEW,True,,,ALBT_058,opend,POC,True,dual,raw/adjusted qualification mismatch
ALBT,Avalon GloboCare,NASDAQ,2024-10-10,2025-01-08,2025-01-08,0.211,3.54,15.777251184834125,0.211,3.54,15.777251184834125,3.165,3.54,0.1184834123222748,raw,RAW_ONLY_REVIEW,True,,,ALBT_058,opend,POC,True,dual,raw/adjusted qualification mismatch
ALBT,Avalon GloboCare,NASDAQ,2024-10-11,2025-01-09,2025-01-10,0.2152,3.45,15.031598513011154,0.2152,3.45,15.031598513011154,3.228,3.45,0.0687732342007434,raw,RAW_ONLY_REVIEW,True,,,ALBT_058,opend,POC,True,dual,raw/adjusted qualification mismatch
ALBT,Avalon GloboCare,NASDAQ,2024-10-14,2025-01-12,2025-01-13,0.2151,3.25,14.10925151092515,0.2151,3.25,14.10925151092515,3.2265,3.25,0.0072834340616767,raw,RAW_ONLY_REVIEW,True,,,ALBT_058,opend,POC,True,dual,raw/adjusted qualification mismatch
ALBT,Avalon GloboCare,NASDAQ,2024-10-15,2025-01-13,2025-01-13,0.217,3.25,13.976958525345625,0.217,3.25,13.976958525345625,3.255,3.25,-0.0015360983102917,raw,RAW_ONLY_REVIEW,True,,,ALBT_058,opend,POC,True,dual,raw/adjusted qualification mismatch
ALBT,Avalon GloboCare,NASDAQ,2024-10-16,2025-01-14,2025-01-14,0.2172,3.35,14.423572744014733,0.2172,3.35,14.423572744014733,3.258,3.35,0.0282381829343154,raw,RAW_ONLY_REVIEW,True,,,ALBT_058,opend,POC,True,dual,raw/adjusted qualification mismatch
ALBT,Avalon GloboCare,NASDAQ,2024-10-17,2025-01-15,2025-01-15,0.176,3.77,20.420454545454547,0.176,3.77,20.420454545454547,2.64,3.77,0.428030303030303,raw,RAW_ONLY_REVIEW,True,,,ALBT_058,opend,POC,True,dual,raw/adjusted qualification mismatch
ALBT,Avalon GloboCare,NASDAQ,2024-10-18,2025-01-16,2025-01-16,0.18,3.4666,18.25888888888889,0.18,3.4666,18.25888888888889,2.7,3.4666,0.2839259259259259,raw,RAW_ONLY_REVIEW,True,,,ALBT_058,opend,POC,True,dual,raw/adjusted qualification mismatch
ALBT,Avalon GloboCare,NASDAQ,2024-10-21,2025-01-19,2025-01-21,0.2,3.73,17.65,0.2,3.73,17.65,3.0,3.73,0.2433333333333334,raw,RAW_ONLY_REVIEW,True,,,ALBT_058,opend,POC,True,dual,raw/adjusted qualification mismatch
ALBT,Avalon GloboCare,NASDAQ,2024-10-22,2025-01-20,2025-01-21,0.198,3.73,17.838383838383837,0.198,3.73,17.838383838383837,2.97,3.73,0.2558922558922558,raw,RAW_ONLY_REVIEW,True,,,ALBT_058,opend,POC,True,dual,raw/adjusted qualification mismatch
ALBT,Avalon GloboCare,NASDAQ,2024-10-23,2025-01-21,2025-01-21,0.2018,3.73,17.483647175421208,0.2018,3.73,17.483647175421208,3.027,3.73,0.2322431450280806,raw,RAW_ONLY_REVIEW,True,,,ALBT_058,opend,POC,True,dual,raw/adjusted qualification mismatch
ALBT,Avalon GloboCare,NASDAQ,2024-10-24,2025-01-22,2025-01-22,0.2022,3.4,15.81503461918892,0.2022,3.4,15.81503461918892,3.033,3.4,0.1210023079459281,raw,RAW_ONLY_REVIEW,True,,,ALBT_058,opend,POC,True,dual,raw/adjusted qualification mismatch
ALBT,Avalon GloboCare,NASDAQ,2024-10-25,2025-01-23,2025-01-23,0.23,3.46,14.043478260869565,0.23,3.46,14.043478260869565,3.45,3.46,0.0028985507246375,raw,RAW_ONLY_REVIEW,True,,,ALBT_058,opend,POC,True,dual,raw/adjusted qualification mismatch
ALGS,Aligos Therapeutics,NASDAQ,2024-05-20,2024-08-18,2024-08-19,0.6711,14.25,20.233795261510952,0.6711,14.25,20.233795261510952,16.7775,14.25,-0.1506481895395619,raw,RAW_ONLY_REVIEW,True,,,ALGS_059,opend,POC,True,dual,raw/adjusted qualification mismatch
ALGS,Aligos Therapeutics,NASDAQ,2024-05-21,2024-08-19,2024-08-19,0.6385,14.25,21.31793265465936,0.6385,14.25,21.31793265465936,15.962499999,14.25,-0.1072826937576998,raw,RAW_ONLY_REVIEW,True,,,ALGS_059,opend,POC,True,dual,raw/adjusted qualification mismatch
ALGS,Aligos Therapeutics,NASDAQ,2024-05-22,2024-08-20,2024-08-20,0.659,14.48,20.97268588770865,0.659,14.48,20.97268588770865,16.475,14.48,-0.121092564491654,raw,RAW_ONLY_REVIEW,True,,,ALGS_059,opend,POC,True,dual,raw/adjusted qualification mismatch
ALGS,Aligos Therapeutics,NASDAQ,2024-05-23,2024-08-21,2024-08-21,0.6,13.75,21.916666666666668,0.6,13.75,21.916666666666668,15.0,13.75,-0.0833333333333333,raw,RAW_ONLY_REVIEW,True,,,ALGS_059,opend,POC,True,dual,raw/adjusted qualification mismatch
ALGS,Aligos Therapeutics,NASDAQ,2024-05-24,2024-08-22,2024-08-22,0.58,13.84,22.86206896551724,0.58,13.84,22.86206896551724,14.499999999,13.84,-0.045517241313484,raw,RAW_ONLY_REVIEW,True,,,ALGS_059,opend,POC,True,dual,raw/adjusted qualification mismatch
ALGS,Aligos Therapeutics,NASDAQ,2024-05-28,2024-08-26,2024-08-26,0.613,13.36,20.794453507340947,0.613,13.36,20.794453507340947,15.325,13.36,-0.1282218597063621,raw,RAW_ONLY_REVIEW,True,,,ALGS_059,opend,POC,True,dual,raw/adjusted qualification mismatch
ALGS,Aligos Therapeutics,NASDAQ,2024-05-29,2024-08-27,2024-08-27,0.61,13.1,20.475409836065573,0.61,13.1,20.475409836065573,15.25,13.1,-0.140983606557377,raw,RAW_ONLY_REVIEW,True,,,ALGS_059,opend,POC,True,dual,raw/adjusted qualification mismatch
ALGS,Aligos Therapeutics,NASDAQ,2024-05-30,2024-08-28,2024-08-28,0.6,13.05,20.750000000000004,0.6,13.05,20.750000000000004,15.0,13.05,-0.13,raw,RAW_ONLY_REVIEW,True,,,ALGS_059,opend,POC,True,dual,raw/adjusted qualification mismatch
ALGS,Aligos Therapeutics,NASDAQ,2024-05-31,2024-08-29,2024-08-29,0.59,13.16,21.305084745762716,0.59,13.16,21.305084745762716,14.75,13.16,-0.1077966101694914,raw,RAW_ONLY_REVIEW,True,,,ALGS_059,opend,POC,True,dual,raw/adjusted qualification mismatch
ALGS,Aligos Therapeutics,NASDAQ,2024-06-03,2024-09-01,2024-09-03,0.6167,11.97,18.409761634506243,0.6167,11.97,18.409761634506243,15.4175,11.97,-0.2236095346197503,raw,RAW_ONLY_REVIEW,True,,,ALGS_059,opend,POC,True,dual,raw/adjusted qualification mismatch
ALGS,Aligos Therapeutics,NASDAQ,2024-06-04,2024-09-02,2024-09-03,0.6,11.97,18.950000000000003,0.6,11.97,18.950000000000003,15.0,11.97,-0.2019999999999999,raw,RAW_ONLY_REVIEW,True,,,ALGS_059,opend,POC,True,dual,raw/adjusted qualification mismatch
ALGS,Aligos Therapeutics,NASDAQ,2024-06-05,2024-09-03,2024-09-03,0.5995,11.97,18.96663886572144,0.5995,11.97,18.96663886572144,14.9875,11.97,-0.2013344453711426,raw,RAW_ONLY_REVIEW,True,,,ALGS_059,opend,POC,True,dual,raw/adjusted qualification mismatch
ALGS,Aligos Therapeutics,NASDAQ,2024-06-06,2024-09-04,2024-09-04,0.578,11.74,19.311418685121108,0.578,11.74,19.311418685121108,14.449999999,11.74,-0.1875432525389302,raw,RAW_ONLY_REVIEW,True,,,ALGS_059,opend,POC,True,dual,raw/adjusted qualification mismatch
ALGS,Aligos Therapeutics,NASDAQ,2024-06-07,2024-09-05,2024-09-05,0.5401,11.94,21.107017219033512,0.5401,11.94,21.107017219033512,13.5025,11.94,-0.1157193112386595,raw,RAW_ONLY_REVIEW,True,,,ALGS_059,opend,POC,True,dual,raw/adjusted qualification mismatch
ALGS,Aligos Therapeutics,NASDAQ,2024-06-10,2024-09-08,2024-09-09,0.5399,19.43,34.98814595295425,0.5399,19.43,34.98814595295425,13.4975,19.43,0.4395258381181699,raw,RAW_ONLY_REVIEW,True,,,ALGS_059,opend,POC,True,dual,raw/adjusted qualification mismatch
ALGS,Aligos Therapeutics,NASDAQ,2024-06-11,2024-09-09,2024-09-09,0.521,19.43,36.2936660268714,0.521,19.43,36.2936660268714,13.025,19.43,0.4917466410748559,raw,RAW_ONLY_REVIEW,True,,,ALGS_059,opend,POC,True,dual,raw/adjusted qualification mismatch
ALGS,Aligos Therapeutics,NASDAQ,2024-06-12,2024-09-10,2024-09-10,0.51,13.79,26.039215686274503,0.51,13.79,26.039215686274503,12.75,13.79,0.0815686274509803,raw,RAW_ONLY_REVIEW,True,,,ALGS_059,opend,POC,True,dual,raw/adjusted qualification mismatch
ALGS,Aligos Therapeutics,NASDAQ,2024-06-13,2024-09-11,2024-09-11,0.5081,13.8,26.16000787246605,0.5081,13.8,26.16000787246605,12.7025,13.8,0.086400314898642,raw,RAW_ONLY_REVIEW,True,,,ALGS_059,opend,POC,True,dual,raw/adjusted qualification mismatch
ALGS,Aligos Therapeutics,NASDAQ,2024-06-14,2024-09-12,2024-09-12,0.5,14.03,27.06,0.5,14.03,27.06,12.5,14.03,0.1223999999999998,raw,RAW_ONLY_REVIEW,True,,,ALGS_059,opend,POC,True,dual,raw/adjusted qualification mismatch
ALGS,Aligos Therapeutics,NASDAQ,2024-06-17,2024-09-15,2024-09-16,0.4712,14.22,29.178268251273344,0.4712,14.22,29.178268251273344,11.78,14.22,0.2071307300509339,raw,RAW_ONLY_REVIEW,True,,,ALGS_059,opend,POC,True,dual,raw/adjusted qualification mismatch
ALGS,Aligos Therapeutics,NASDAQ,2024-06-18,2024-09-16,2024-09-16,0.4206,14.22,32.80884450784594,0.4206,14.22,32.80884450784594,10.515,14.22,0.3523537803138374,raw,RAW_ONLY_REVIEW,True,,,ALGS_059,opend,POC,True,dual,raw/adjusted qualification mismatch
ALGS,Aligos Therapeutics,NASDAQ,2024-06-20,2024-09-18,2024-09-18,0.4161,14.16,33.030281182408075,0.4161,14.16,33.030281182408075,10.4025,14.16,0.3612112472963229,raw,RAW_ONLY_REVIEW,True,,,ALGS_059,opend,POC,True,dual,raw/adjusted qualification mismatch
ALGS,Aligos Therapeutics,NASDAQ,2024-06-21,2024-09-19,2024-09-19,0.451,10.18,21.572062084257205,0.451,10.18,21.572062084257205,11.275,10.18,-0.0971175166297118,raw,RAW_ONLY_REVIEW,True,,,ALGS_059,opend,POC,True,dual,raw/adjusted qualification mismatch
ALGS,Aligos Therapeutics,NASDAQ,2024-06-24,2024-09-22,2024-09-23,0.429,8.1,17.88111888111888,0.429,8.1,17.88111888111888,10.725,8.1,-0.2447552447552448,raw,RAW_ONLY_REVIEW,True,,,ALGS_059,opend,POC,True,dual,raw/adjusted qualification mismatch
ALGS,Aligos Therapeutics,NASDAQ,2024-06-25,2024-09-23,2024-09-23,0.403,8.1,19.09925558312655,0.403,8.1,19.09925558312655,10.075,8.1,-0.1960297766749379,raw,RAW_ONLY_REVIEW,True,,,ALGS_059,opend,POC,True,dual,raw/adjusted qualification mismatch
ALGS,Aligos Therapeutics,NASDAQ,2024-06-26,2024-09-24,2024-09-24,0.3986,8.15,19.44656297039639,0.3986,8.15,19.44656297039639,9.965,8.15,-0.1821374811841444,raw,RAW_ONLY_REVIEW,True,,,ALGS_059,opend,POC,True,dual,raw/adjusted qualification mismatch
ALGS,Aligos Therapeutics,NASDAQ,2024-06-27,2024-09-25,2024-09-25,0.3784,8.22,20.723044397463003,0.3784,8.22,20.723044397463003,9.46,8.22,-0.1310782241014799,raw,RAW_ONLY_REVIEW,True,,,ALGS_059,opend,POC,True,dual,raw/adjusted qualification mismatch
ALGS,Aligos Therapeutics,NASDAQ,2024-06-28,2024-09-26,2024-09-26,0.35,8.02,21.914285714285715,0.35,8.02,21.914285714285715,8.75,8.02,-0.0834285714285715,raw,RAW_ONLY_REVIEW,True,,,ALGS_059,opend,POC,True,dual,raw/adjusted qualification mismatch
ALGS,Aligos Therapeutics,NASDAQ,2024-07-01,2024-09-29,2024-09-30,0.369,8.66,22.468834688346885,0.369,8.66,22.468834688346885,9.225,8.66,-0.0612466124661246,raw,RAW_ONLY_REVIEW,True,,,ALGS_059,opend,POC,True,dual,raw/adjusted qualification mismatch
ALGS,Aligos Therapeutics,NASDAQ,2024-07-02,2024-09-30,2024-09-30,0.4,8.66,20.65,0.4,8.66,20.65,10.0,8.66,-0.134,raw,RAW_ONLY_REVIEW,True,,,ALGS_059,opend,POC,True,dual,raw/adjusted qualification mismatch
ALGS,Aligos Therapeutics,NASDAQ,2024-07-03,2024-10-01,2024-10-01,0.4225,8.62,19.402366863905325,0.4225,8.62,19.402366863905325,10.5625,8.62,-0.183905325443787,raw,RAW_ONLY_REVIEW,True,,,ALGS_059,opend,POC,True,dual,raw/adjusted qualification mismatch
ALGS,Aligos Therapeutics,NASDAQ,2024-07-05,2024-10-03,2024-10-03,0.4041,8.19,19.267260579064587,0.4041,8.19,19.267260579064587,10.1025,8.19,-0.1893095768374164,raw,RAW_ONLY_REVIEW,True,,,ALGS_059,opend,POC,True,dual,raw/adjusted qualification mismatch
ALGS,Aligos Therapeutics,NASDAQ,2024-07-08,2024-10-06,2024-10-07,0.412,7.5,17.203883495145632,0.412,7.5,17.203883495145632,10.3,7.5,-0.2718446601941748,raw,RAW_ONLY_REVIEW,True,,,ALGS_059,opend,POC,True,dual,raw/adjusted qualification mismatch
ALGS,Aligos Therapeutics,NASDAQ,2024-07-09,2024-10-07,2024-10-07,0.4725,7.5,14.873015873015872,0.4725,7.5,14.873015873015872,11.8125,7.5,-0.3650793650793651,raw,RAW_ONLY_REVIEW,True,,,ALGS_059,opend,POC,True,dual,raw/adjusted qualification mismatch
ALGS,Aligos Therapeutics,NASDAQ,2024-07-10,2024-10-08,2024-10-08,0.5098,7.32,13.3585719890153,0.5098,7.32,13.3585719890153,12.745,7.32,-0.4256571204393879,raw,RAW_ONLY_REVIEW,True,,,ALGS_059,opend,POC,True,dual,raw/adjusted qualification mismatch
ALGS,Aligos Therapeutics,NASDAQ,2024-07-11,2024-10-09,2024-10-09,0.5114,7.76,14.17403206883066,0.5114,7.76,14.17403206883066,12.785,7.76,-0.3930387172467736,raw,RAW_ONLY_REVIEW,True,,,ALGS_059,opend,POC,True,dual,raw/adjusted qualification mismatch
ALGS,Aligos Therapeutics,NASDAQ,2024-07-12,2024-10-10,2024-10-10,0.5199,6.89,12.25254856703212,0.5199,6.89,12.25254856703212,12.9975,6.89,-0.4698980573187151,raw,RAW_ONLY_REVIEW,True,,,ALGS_059,opend,POC,True,dual,raw/adjusted qualification mismatch
ALGS,Aligos Therapeutics,NASDAQ,2024-07-15,2024-10-13,2024-10-14,0.5099,7.23,13.179250833496765,0.5099,7.23,13.179250833496765,12.7475,7.23,-0.4328299666601294,raw,RAW_ONLY_REVIEW,True,,,ALGS_059,opend,POC,True,dual,raw/adjusted qualification mismatch
ALGS,Aligos Therapeutics,NASDAQ,2024-07-16,2024-10-14,2024-10-14,0.5258,7.23,12.750475465956637,0.5258,7.23,12.750475465956637,13.145,7.23,-0.4499809813617345,raw,RAW_ONLY_REVIEW,True,,,ALGS_059,opend,POC,True,dual,raw/adjusted qualification mismatch
ALGS,Aligos Therapeutics,NASDAQ,2024-07-17,2024-10-15,2024-10-15,0.5153,7.27,13.108286435086358,0.5153,7.27,13.108286435086358,12.8825,7.27,-0.4356685425965457,raw,RAW_ONLY_REVIEW,True,,,ALGS_059,opend,POC,True,dual,raw/adjusted qualification mismatch
ALGS,Aligos Therapeutics,NASDAQ,2024-07-18,2024-10-16,2024-10-16,0.493,7.38,13.969574036511156,0.493,7.38,13.969574036511156,12.325,7.38,-0.4012170385395537,raw,RAW_ONLY_REVIEW,True,,,ALGS_059,opend,POC,True,dual,raw/adjusted qualification mismatch
ALGS,Aligos Therapeutics,NASDAQ,2024-07-19,2024-10-17,2024-10-17,0.5037,7.21,13.314075838792933,0.5037,7.21,13.314075838792933,12.5925,7.21,-0.4274369664482826,raw,RAW_ONLY_REVIEW,True,,,ALGS_059,opend,POC,True,dual,raw/adjusted qualification mismatch
ALGS,Aligos Therapeutics,NASDAQ,2024-07-22,2024-10-20,2024-10-21,0.5595,7.29,12.029490616621985,0.5595,7.29,12.029490616621985,13.9875,7.29,-0.4788203753351207,raw,RAW_ONLY_REVIEW,True,,,ALGS_059,opend,POC,True,dual,raw/adjusted qualification mismatch
ALGS,Aligos Therapeutics,NASDAQ,2024-07-23,2024-10-21,2024-10-21,0.55,7.29,12.254545454545454,0.55,7.29,12.254545454545454,13.75,7.29,-0.4698181818181818,raw,RAW_ONLY_REVIEW,True,,,ALGS_059,opend,POC,True,dual,raw/adjusted qualification mismatch
ALGS,Aligos Therapeutics,NASDAQ,2024-07-24,2024-10-22,2024-10-22,0.539,7.34,12.617810760667902,0.539,7.34,12.617810760667902,13.475,7.34,-0.4552875695732838,raw,RAW_ONLY_REVIEW,True,,,ALGS_059,opend,POC,True,dual,raw/adjusted qualification mismatch
ALGS,Aligos Therapeutics,NASDAQ,2024-07-25,2024-10-23,2024-10-23,0.54,7.21,12.351851851851851,0.54,7.21,12.351851851851851,13.5,7.21,-0.4659259259259259,raw,RAW_ONLY_REVIEW,True,,,ALGS_059,opend,POC,True,dual,raw/adjusted qualification mismatch
ALGS,Aligos Therapeutics,NASDAQ,2024-07-26,2024-10-24,2024-10-24,0.5399,9.03,15.72531950361178,0.5399,9.03,15.72531950361178,13.4975,9.03,-0.3309872198555289,raw,RAW_ONLY_REVIEW,True,,,ALGS_059,opend,POC,True,dual,raw/adjusted qualification mismatch
ALGS,Aligos Therapeutics,NASDAQ,2024-07-29,2024-10-27,2024-10-28,0.53,8.87,15.735849056603772,0.53,8.87,15.735849056603772,13.25,8.87,-0.3305660377358491,raw,RAW_ONLY_REVIEW,True,,,ALGS_059,opend,POC,True,dual,raw/adjusted qualification mismatch
ALGS,Aligos Therapeutics,NASDAQ,2024-07-30,2024-10-28,2024-10-28,0.52,8.87,16.057692307692307,0.52,8.87,16.057692307692307,13.0,8.87,-0.3176923076923077,raw,RAW_ONLY_REVIEW,True,,,ALGS_059,opend,POC,True,dual,raw/adjusted qualification mismatch
ALGS,Aligos Therapeutics,NASDAQ,2024-07-31,2024-10-29,2024-10-29,0.52,9.36,17.0,0.52,9.36,17.0,13.0,9.36,-0.28,raw,RAW_ONLY_REVIEW,True,,,ALGS_059,opend,POC,True,dual,raw/adjusted qualification mismatch
ALGS,Aligos Therapeutics,NASDAQ,2024-08-01,2024-10-30,2024-10-30,0.53,9.77,17.433962264150942,0.53,9.77,17.433962264150942,13.25,9.77,-0.2626415094339622,raw,RAW_ONLY_REVIEW,True,,,ALGS_059,opend,POC,True,dual,raw/adjusted qualification mismatch
ALGS,Aligos Therapeutics,NASDAQ,2024-08-02,2024-10-31,2024-10-31,0.485,9.78,19.164948453608247,0.485,9.78,19.164948453608247,12.125,9.78,-0.1934020618556701,raw,RAW_ONLY_REVIEW,True,,,ALGS_059,opend,POC,True,dual,raw/adjusted qualification mismatch
ALGS,Aligos Therapeutics,NASDAQ,2024-08-05,2024-11-03,2024-11-04,0.4598,9.48,19.61765985210961,0.4598,9.48,19.61765985210961,11.495,9.48,-0.1752936059156153,raw,RAW_ONLY_REVIEW,True,,,ALGS_059,opend,POC,True,dual,raw/adjusted qualification mismatch
ALGS,Aligos Therapeutics,NASDAQ,2024-08-06,2024-11-04,2024-11-04,0.447,9.48,20.20805369127517,0.447,9.48,20.20805369127517,11.175,9.48,-0.1516778523489933,raw,RAW_ONLY_REVIEW,True,,,ALGS_059,opend,POC,True,dual,raw/adjusted qualification mismatch
ALGS,Aligos Therapeutics,NASDAQ,2024-08-07,2024-11-05,2024-11-05,0.5451,9.83,17.033388369106586,0.5451,9.83,17.033388369106586,13.6275,9.83,-0.2786644652357365,raw,RAW_ONLY_REVIEW,True,,,ALGS_059,opend,POC,True,dual,raw/adjusted qualification mismatch
ALGS,Aligos Therapeutics,NASDAQ,2024-08-08,2024-11-06,2024-11-06,0.5451,9.35,16.152815997064756,0.5451,9.35,16.152815997064756,13.6275,9.35,-0.3138873601174097,raw,RAW_ONLY_REVIEW,True,,,ALGS_059,opend,POC,True,dual,raw/adjusted qualification mismatch
ALGS,Aligos Therapeutics,NASDAQ,2024-08-09,2024-11-07,2024-11-07,0.55,9.92,17.036363636363635,0.55,9.92,17.036363636363635,13.75,9.92,-0.2785454545454545,raw,RAW_ONLY_REVIEW,True,,,ALGS_059,opend,POC,True,dual,raw/adjusted qualification mismatch
ALGS,Aligos Therapeutics,NASDAQ,2024-08-12,2024-11-10,2024-11-11,0.542,13.99,24.811808118081174,0.542,13.99,24.811808118081174,13.55,13.99,0.0324723247232472,raw,RAW_ONLY_REVIEW,True,,,ALGS_059,opend,POC,True,dual,raw/adjusted qualification mismatch
ALGS,Aligos Therapeutics,NASDAQ,2024-08-13,2024-11-11,2024-11-11,0.539,13.99,24.95547309833024,0.539,13.99,24.95547309833024,13.475,13.99,0.0382189239332095,raw,RAW_ONLY_REVIEW,True,,,ALGS_059,opend,POC,True,dual,raw/adjusted qualification mismatch
ALGS,Aligos Therapeutics,NASDAQ,2024-08-14,2024-11-12,2024-11-12,0.493,17.85,35.20689655172414,0.493,17.85,35.20689655172414,12.325,17.85,0.4482758620689657,raw,RAW_ONLY_REVIEW,True,,,ALGS_059,opend,POC,True,dual,raw/adjusted qualification mismatch
ALGS,Aligos Therapeutics,NASDAQ,2024-08-15,2024-11-13,2024-11-13,0.4801,19.58,39.783170172880645,0.4801,19.58,39.783170172880645,12.0025,19.58,0.631326806915226,raw,RAW_ONLY_REVIEW,True,,,ALGS_059,opend,POC,True,dual,raw/adjusted qualification mismatch
ALGS,Aligos Therapeutics,NASDAQ,2024-08-16,2024-11-14,2024-11-14,0.5251,19.46,36.05960769377261,0.5251,19.46,36.05960769377261,13.1275,19.46,0.4823843077509047,raw,RAW_ONLY_REVIEW,True,,,ALGS_059,opend,POC,True,dual,raw/adjusted qualification mismatch
