ticker,company_name,exchange,start_date,target_end_date,end_date,start_price,end_price,return_90d,raw_start_price,raw_end_price,raw_return_90d,adjusted_start_price,adjusted_end_price,adjusted_return_90d,qualification_basis,quality_tier,needs_manual_review,market_cap_at_start,industry,episode_id,data_source,data_quality,preliminary,price_basis,notes
AACG,ATA Creativity Global,NASDAQ,2020-11-06,2021-02-04,2021-02-04,1.155,14.3,11.380952380952381,1.155,14.3,11.380952380952381,1.155,14.3,11.380952380952381,both,BOTH_QUALIFIED,False,,,AACG_001,opend,POC,True,dual,
ABEO,Abeona Therapeutics,NASDAQ,2022-04-04,2022-07-03,2022-07-05,0.329,4.08,11.401215805471125,0.329,4.08,11.401215805471125,8.225,4.08,-0.5039513677811549,raw,RAW_ONLY_REVIEW,True,,,ABEO_002,opend,POC,True,dual,raw/adjusted qualification mismatch
ABEO,Abeona Therapeutics,NASDAQ,2022-04-05,2022-07-04,2022-07-05,0.3411,4.08,10.961301671064204,0.3411,4.08,10.961301671064204,8.5275,4.08,-0.5215479331574318,raw,RAW_ONLY_REVIEW,True,,,ABEO_002,opend,POC,True,dual,raw/adjusted qualification mismatch
ABEO,Abeona Therapeutics,NASDAQ,2022-04-06,2022-07-05,2022-07-05,0.325,4.08,11.553846153846154,0.325,4.08,11.553846153846154,8.125,4.08,-0.4978461538461538,raw,RAW_ONLY_REVIEW,True,,,ABEO_002,opend,POC,True,dual,raw/adjusted qualification mismatch
ABEO,Abeona Therapeutics,NASDAQ,2022-04-07,2022-07-06,2022-07-06,0.3254,3.8,10.677934849416102,0.3254,3.8,10.677934849416102,8.135,3.8,-0.5328826060233558,raw,RAW_ONLY_REVIEW,True,,,ABEO_002,opend,POC,True,dual,raw/adjusted qualification mismatch
ABEO,Abeona Therapeutics,NASDAQ,2022-04-08,2022-07-07,2022-07-07,0.3033,4.52,13.90273656445763,0.3033,4.52,13.90273656445763,7.5825,4.52,-0.4038905374216947,raw,RAW_ONLY_REVIEW,True,,,ABEO_002,opend,POC,True,dual,raw/adjusted qualification mismatch
ABEO,Abeona Therapeutics,NASDAQ,2022-04-11,2022-07-10,2022-07-11,0.2846,5.56,18.53619114546732,0.2846,5.56,18.53619114546732,7.115,5.56,-0.21855235418130714,raw,RAW_ONLY_REVIEW,True,,,ABEO_002,opend,POC,True,dual,raw/adjusted qualification mismatch
ABEO,Abeona Therapeutics,NASDAQ,2022-04-12,2022-07-11,2022-07-11,0.2726,5.56,19.396184886280263,0.2726,5.56,19.396184886280263,6.815,5.56,-0.18415260454878957,raw,RAW_ONLY_REVIEW,True,,,ABEO_002,opend,POC,True,dual,raw/adjusted qualification mismatch
ABEO,Abeona Therapeutics,NASDAQ,2022-04-13,2022-07-12,2022-07-12,0.2765,5.46,18.746835443037973,0.2765,5.46,18.746835443037973,6.9125,5.46,-0.21012658227848102,raw,RAW_ONLY_REVIEW,True,,,ABEO_002,opend,POC,True,dual,raw/adjusted qualification mismatch
ABEO,Abeona Therapeutics,NASDAQ,2022-04-14,2022-07-13,2022-07-13,0.2725,5.05,17.532110091743117,0.2725,5.05,17.532110091743117,6.8125,5.05,-0.2587155963302753,raw,RAW_ONLY_REVIEW,True,,,ABEO_002,opend,POC,True,dual,raw/adjusted qualification mismatch
ABEO,Abeona Therapeutics,NASDAQ,2022-04-18,2022-07-17,2022-07-18,0.2679,4.7,16.543859649122805,0.2679,4.7,16.543859649122805,6.6975,4.7,-0.29824561403508765,raw,RAW_ONLY_REVIEW,True,,,ABEO_002,opend,POC,True,dual,raw/adjusted qualification mismatch
ABEO,Abeona Therapeutics,NASDAQ,2022-04-19,2022-07-18,2022-07-18,0.2614,4.7,16.98010711553175,0.2614,4.7,16.98010711553175,6.535,4.7,-0.28079571537872994,raw,RAW_ONLY_REVIEW,True,,,ABEO_002,opend,POC,True,dual,raw/adjusted qualification mismatch
ABEO,Abeona Therapeutics,NASDAQ,2022-04-20,2022-07-19,2022-07-19,0.2564,4.86,17.954758190327613,0.2564,4.86,17.954758190327613,6.41,4.86,-0.24180967238689544,raw,RAW_ONLY_REVIEW,True,,,ABEO_002,opend,POC,True,dual,raw/adjusted qualification mismatch
ABEO,Abeona Therapeutics,NASDAQ,2022-04-21,2022-07-20,2022-07-20,0.246,5.08,19.650406504065042,0.246,5.08,19.650406504065042,6.15,5.08,-0.17398373983739845,raw,RAW_ONLY_REVIEW,True,,,ABEO_002,opend,POC,True,dual,raw/adjusted qualification mismatch
ABEO,Abeona Therapeutics,NASDAQ,2022-04-22,2022-07-21,2022-07-21,0.2492,5.1,19.46548956661316,0.2492,5.1,19.46548956661316,6.23,5.1,-0.1813804173354736,raw,RAW_ONLY_REVIEW,True,,,ABEO_002,opend,POC,True,dual,raw/adjusted qualification mismatch
ABEO,Abeona Therapeutics,NASDAQ,2022-04-25,2022-07-24,2022-07-25,0.24,4.29,16.875,0.24,4.29,16.875,6.0,4.29,-0.28500000000000003,raw,RAW_ONLY_REVIEW,True,,,ABEO_002,opend,POC,True,dual,raw/adjusted qualification mismatch
ABEO,Abeona Therapeutics,NASDAQ,2022-04-26,2022-07-25,2022-07-25,0.2239,4.29,18.160339437248773,0.2239,4.29,18.160339437248773,5.5975,4.29,-0.23358642251004913,raw,RAW_ONLY_REVIEW,True,,,ABEO_002,opend,POC,True,dual,raw/adjusted qualification mismatch
ABEO,Abeona Therapeutics,NASDAQ,2022-04-27,2022-07-26,2022-07-26,0.22,4.0,17.181818181818183,0.22,4.0,17.181818181818183,5.5,4.0,-0.2727272727272727,raw,RAW_ONLY_REVIEW,True,,,ABEO_002,opend,POC,True,dual,raw/adjusted qualification mismatch
ABEO,Abeona Therapeutics,NASDAQ,2022-04-28,2022-07-27,2022-07-27,0.2222,3.91,16.596759675967597,0.2222,3.91,16.596759675967597,5.555,3.91,-0.29612961296129603,raw,RAW_ONLY_REVIEW,True,,,ABEO_002,opend,POC,True,dual,raw/adjusted qualification mismatch
ABEO,Abeona Therapeutics,NASDAQ,2022-04-29,2022-07-28,2022-07-28,0.2065,4.14,19.048426150121063,0.2065,4.14,19.048426150121063,5.1625,4.14,-0.1980629539951574,raw,RAW_ONLY_REVIEW,True,,,ABEO_002,opend,POC,True,dual,raw/adjusted qualification mismatch
ABEO,Abeona Therapeutics,NASDAQ,2022-05-02,2022-07-31,2022-08-01,0.2156,3.9,17.089053803339517,0.2156,3.9,17.089053803339517,5.39,3.9,-0.27643784786641923,raw,RAW_ONLY_REVIEW,True,,,ABEO_002,opend,POC,True,dual,raw/adjusted qualification mismatch
ABEO,Abeona Therapeutics,NASDAQ,2022-05-03,2022-08-01,2022-08-01,0.21,3.9,17.571428571428573,0.21,3.9,17.571428571428573,5.25,3.9,-0.2571428571428571,raw,RAW_ONLY_REVIEW,True,,,ABEO_002,opend,POC,True,dual,raw/adjusted qualification mismatch
ABEO,Abeona Therapeutics,NASDAQ,2022-05-04,2022-08-02,2022-08-02,0.1999,3.91,18.559779889944974,0.1999,3.91,18.559779889944974,4.9975,3.91,-0.21760880440220098,raw,RAW_ONLY_REVIEW,True,,,ABEO_002,opend,POC,True,dual,raw/adjusted qualification mismatch
ABEO,Abeona Therapeutics,NASDAQ,2022-05-05,2022-08-03,2022-08-03,0.1814,4.01,21.105843439911794,0.1814,4.01,21.105843439911794,4.535,4.01,-0.11576626240352816,raw,RAW_ONLY_REVIEW,True,,,ABEO_002,opend,POC,True,dual,raw/adjusted qualification mismatch
ABEO,Abeona Therapeutics,NASDAQ,2022-05-06,2022-08-04,2022-08-04,0.1644,4.26,24.912408759124087,0.1644,4.26,24.912408759124087,4.11,4.26,0.03649635036496335,raw,RAW_ONLY_REVIEW,True,,,ABEO_002,opend,POC,True,dual,raw/adjusted qualification mismatch
ABEO,Abeona Therapeutics,NASDAQ,2022-05-09,2022-08-07,2022-08-08,0.1545,4.02,25.019417475728154,0.1545,4.02,25.019417475728154,3.8625,4.02,0.04077669902912606,raw,RAW_ONLY_REVIEW,True,,,ABEO_002,opend,POC,True,dual,raw/adjusted qualification mismatch
ABEO,Abeona Therapeutics,NASDAQ,2022-05-10,2022-08-08,2022-08-08,0.16,4.02,24.124999999999996,0.16,4.02,24.124999999999996,4.0,4.02,0.004999999999999893,raw,RAW_ONLY_REVIEW,True,,,ABEO_002,opend,POC,True,dual,raw/adjusted qualification mismatch
ABEO,Abeona Therapeutics,NASDAQ,2022-05-11,2022-08-09,2022-08-09,0.1365,3.95,27.937728937728938,0.1365,3.95,27.937728937728938,3.4125,3.95,0.15750915750915762,raw,RAW_ONLY_REVIEW,True,,,ABEO_002,opend,POC,True,dual,raw/adjusted qualification mismatch
ABEO,Abeona Therapeutics,NASDAQ,2022-05-12,2022-08-10,2022-08-10,0.1571,4.16,25.479949077021008,0.1571,4.16,25.479949077021008,3.927499999,4.16,0.05919796335052774,raw,RAW_ONLY_REVIEW,True,,,ABEO_002,opend,POC,True,dual,raw/adjusted qualification mismatch
ABEO,Abeona Therapeutics,NASDAQ,2022-05-13,2022-08-11,2022-08-11,0.1619,4.66,27.783199505867824,0.1619,4.66,27.783199505867824,4.047499999,4.66,0.15132798051916696,raw,RAW_ONLY_REVIEW,True,,,ABEO_002,opend,POC,True,dual,raw/adjusted qualification mismatch
ABEO,Abeona Therapeutics,NASDAQ,2022-05-16,2022-08-14,2022-08-15,0.18,4.65,24.833333333333336,0.18,4.65,24.833333333333336,4.5,4.65,0.03333333333333344,raw,RAW_ONLY_REVIEW,True,,,ABEO_002,opend,POC,True,dual,raw/adjusted qualification mismatch
ABEO,Abeona Therapeutics,NASDAQ,2022-05-17,2022-08-15,2022-08-15,0.1749,4.65,25.58662092624357,0.1749,4.65,25.58662092624357,4.3725,4.65,0.06346483704974282,raw,RAW_ONLY_REVIEW,True,,,ABEO_002,opend,POC,True,dual,raw/adjusted qualification mismatch
ABEO,Abeona Therapeutics,NASDAQ,2022-05-18,2022-08-16,2022-08-16,0.1626,4.77,28.33579335793358,0.1626,4.77,28.33579335793358,4.065,4.77,0.17343173431734304,raw,RAW_ONLY_REVIEW,True,,,ABEO_002,opend,POC,True,dual,raw/adjusted qualification mismatch
ABEO,Abeona Therapeutics,NASDAQ,2022-05-19,2022-08-17,2022-08-17,0.1695,4.6,26.138643067846605,0.1695,4.6,26.138643067846605,4.2375,4.6,0.08554572271386429,raw,RAW_ONLY_REVIEW,True,,,ABEO_002,opend,POC,True,dual,raw/adjusted qualification mismatch
ABEO,Abeona Therapeutics,NASDAQ,2022-05-20,2022-08-18,2022-08-18,0.156,4.36,26.948717948717952,0.156,4.36,26.948717948717952,3.9,4.36,0.11794871794871797,raw,RAW_ONLY_REVIEW,True,,,ABEO_002,opend,POC,True,dual,raw/adjusted qualification mismatch
ABEO,Abeona Therapeutics,NASDAQ,2022-05-23,2022-08-21,2022-08-22,0.1565,4.01,24.623003194888177,0.1565,4.01,24.623003194888177,3.9125,4.01,0.024920127795527103,raw,RAW_ONLY_REVIEW,True,,,ABEO_002,opend,POC,True,dual,raw/adjusted qualification mismatch
ABEO,Abeona Therapeutics,NASDAQ,2022-05-24,2022-08-22,2022-08-22,0.1527,4.01,25.260641781270465,0.1527,4.01,25.260641781270465,3.8175,4.01,0.05042567125081865,raw,RAW_ONLY_REVIEW,True,,,ABEO_002,opend,POC,True,dual,raw/adjusted qualification mismatch
ABEO,Abeona Therapeutics,NASDAQ,2022-05-25,2022-08-23,2022-08-23,0.1533,4.1,25.74494455316373,0.1533,4.1,25.74494455316373,3.8325,4.1,0.06979778212654919,raw,RAW_ONLY_REVIEW,True,,,ABEO_002,opend,POC,True,dual,raw/adjusted qualification mismatch
ABEO,Abeona Therapeutics,NASDAQ,2022-05-26,2022-08-24,2022-08-24,0.1541,4.36,27.29331602855289,0.1541,4.36,27.29331602855289,3.852499999,4.36,0.13173264143588148,raw,RAW_ONLY_REVIEW,True,,,ABEO_002,opend,POC,True,dual,raw/adjusted qualification mismatch
ABEO,Abeona Therapeutics,NASDAQ,2022-05-27,2022-08-25,2022-08-25,0.168,4.51,25.84523809523809,0.168,4.51,25.84523809523809,4.2,4.51,0.07380952380952377,raw,RAW_ONLY_REVIEW,True,,,ABEO_002,opend,POC,True,dual,raw/adjusted qualification mismatch
ABEO,Abeona Therapeutics,NASDAQ,2022-05-31,2022-08-29,2022-08-29,0.1683,4.08,23.242424242424242,0.1683,4.08,23.242424242424242,4.2075,4.08,-0.030303030303030165,raw,RAW_ONLY_REVIEW,True,,,ABEO_002,opend,POC,True,dual,raw/adjusted qualification mismatch
ABEO,Abeona Therapeutics,NASDAQ,2022-06-01,2022-08-30,2022-08-30,0.1551,3.83,23.693745970341716,0.1551,3.83,23.693745970341716,3.877499999,3.83,-0.01225016093159248,raw,RAW_ONLY_REVIEW,True,,,ABEO_002,opend,POC,True,dual,raw/adjusted qualification mismatch
ABEO,Abeona Therapeutics,NASDAQ,2022-06-02,2022-08-31,2022-08-31,0.155,3.64,22.483870967741936,0.155,3.64,22.483870967741936,3.875,3.64,-0.0606451612903226,raw,RAW_ONLY_REVIEW,True,,,ABEO_002,opend,POC,True,dual,raw/adjusted qualification mismatch
ABEO,Abeona Therapeutics,NASDAQ,2022-06-03,2022-09-01,2022-09-01,0.1594,3.48,20.831869510664994,0.1594,3.48,20.831869510664994,3.984999999,3.48,-0.12672521935425973,raw,RAW_ONLY_REVIEW,True,,,ABEO_002,opend,POC,True,dual,raw/adjusted qualification mismatch
ABEO,Abeona Therapeutics,NASDAQ,2022-06-06,2022-09-04,2022-09-06,0.1577,3.73,22.652504755865568,0.1577,3.73,22.652504755865568,3.9425,3.73,-0.05389980976537723,raw,RAW_ONLY_REVIEW,True,,,ABEO_002,opend,POC,True,dual,raw/adjusted qualification mismatch
ABEO,Abeona Therapeutics,NASDAQ,2022-06-07,2022-09-05,2022-09-06,0.1567,3.73,22.803446075303125,0.1567,3.73,22.803446075303125,3.9175,3.73,-0.04786215698787488,raw,RAW_ONLY_REVIEW,True,,,ABEO_002,opend,POC,True,dual,raw/adjusted qualification mismatch
ABEO,Abeona Therapeutics,NASDAQ,2022-06-08,2022-09-06,2022-09-06,0.17,3.73,20.941176470588232,0.17,3.73,20.941176470588232,4.25,3.73,-0.12235294117647055,raw,RAW_ONLY_REVIEW,True,,,ABEO_002,opend,POC,True,dual,raw/adjusted qualification mismatch
ABEO,Abeona Therapeutics,NASDAQ,2022-06-09,2022-09-07,2022-09-07,0.17,3.76,21.117647058823525,0.17,3.76,21.117647058823525,4.25,3.76,-0.11529411764705888,raw,RAW_ONLY_REVIEW,True,,,ABEO_002,opend,POC,True,dual,raw/adjusted qualification mismatch
ABEO,Abeona Therapeutics,NASDAQ,2022-06-10,2022-09-08,2022-09-08,0.1699,3.85,21.66038846380224,0.1699,3.85,21.66038846380224,4.2475,3.85,-0.09358446144791044,raw,RAW_ONLY_REVIEW,True,,,ABEO_002,opend,POC,True,dual,raw/adjusted qualification mismatch
ABEO,Abeona Therapeutics,NASDAQ,2022-06-13,2022-09-11,2022-09-12,0.1594,3.94,23.717691342534508,0.1594,3.94,23.717691342534508,3.984999999,3.94,-0.011292346050512436,raw,RAW_ONLY_REVIEW,True,,,ABEO_002,opend,POC,True,dual,raw/adjusted qualification mismatch
ABEO,Abeona Therapeutics,NASDAQ,2022-06-14,2022-09-12,2022-09-12,0.1554,3.94,24.35392535392535,0.1554,3.94,24.35392535392535,3.885,3.94,0.014157014157014203,raw,RAW_ONLY_REVIEW,True,,,ABEO_002,opend,POC,True,dual,raw/adjusted qualification mismatch
ABEO,Abeona Therapeutics,NASDAQ,2022-06-15,2022-09-13,2022-09-13,0.1617,3.85,22.80952380952381,0.1617,3.85,22.80952380952381,4.0425,3.85,-0.04761904761904767,raw,RAW_ONLY_REVIEW,True,,,ABEO_002,opend,POC,True,dual,raw/adjusted qualification mismatch
ABEO,Abeona Therapeutics,NASDAQ,2022-06-16,2022-09-14,2022-09-14,0.1562,3.73,22.879641485275286,0.1562,3.73,22.879641485275286,3.905,3.73,-0.04481434058898848,raw,RAW_ONLY_REVIEW,True,,,ABEO_002,opend,POC,True,dual,raw/adjusted qualification mismatch
ABEO,Abeona Therapeutics,NASDAQ,2022-06-17,2022-09-15,2022-09-15,0.16,4.07,24.4375,0.16,4.07,24.4375,4.0,4.07,0.01750000000000007,raw,RAW_ONLY_REVIEW,True,,,ABEO_002,opend,POC,True,dual,raw/adjusted qualification mismatch
ABEO,Abeona Therapeutics,NASDAQ,2022-06-21,2022-09-19,2022-09-19,0.1676,3.86,22.031026252983292,0.1676,3.86,22.031026252983292,4.19,3.86,-0.07875894988066834,raw,RAW_ONLY_REVIEW,True,,,ABEO_002,opend,POC,True,dual,raw/adjusted qualification mismatch
ABEO,Abeona Therapeutics,NASDAQ,2022-06-22,2022-09-20,2022-09-20,0.1727,3.72,20.540243196294153,0.1727,3.72,20.540243196294153,4.3175,3.72,-0.13839027214823385,raw,RAW_ONLY_REVIEW,True,,,ABEO_002,opend,POC,True,dual,raw/adjusted qualification mismatch
ABEO,Abeona Therapeutics,NASDAQ,2022-06-23,2022-09-21,2022-09-21,0.1867,3.58,18.17514729512587,0.1867,3.58,18.17514729512587,4.6675,3.58,-0.23299410819496524,raw,RAW_ONLY_REVIEW,True,,,ABEO_002,opend,POC,True,dual,raw/adjusted qualification mismatch
ABEO,Abeona Therapeutics,NASDAQ,2022-06-24,2022-09-22,2022-09-22,0.17,3.25,18.11764705882353,0.17,3.25,18.11764705882353,4.25,3.25,-0.23529411764705888,raw,RAW_ONLY_REVIEW,True,,,ABEO_002,opend,POC,True,dual,raw/adjusted qualification mismatch
ABEO,Abeona Therapeutics,NASDAQ,2022-06-27,2022-09-25,2022-09-26,0.1831,2.79,14.237575095576187,0.1831,2.79,14.237575095576187,4.5775,2.79,-0.39049699617695244,raw,RAW_ONLY_REVIEW,True,,,ABEO_002,opend,POC,True,dual,raw/adjusted qualification mismatch
ABEO,Abeona Therapeutics,NASDAQ,2022-06-28,2022-09-26,2022-09-26,0.1842,2.79,14.146579804560261,0.1842,2.79,14.146579804560261,4.605,2.79,-0.39413680781758964,raw,RAW_ONLY_REVIEW,True,,,ABEO_002,opend,POC,True,dual,raw/adjusted qualification mismatch
ABEO,Abeona Therapeutics,NASDAQ,2022-06-29,2022-09-27,2022-09-27,0.2,3.0,14.0,0.2,3.0,14.0,5.0,3.0,-0.4,raw,RAW_ONLY_REVIEW,True,,,ABEO_002,opend,POC,True,dual,raw/adjusted qualification mismatch
ABEO,Abeona Therapeutics,NASDAQ,2022-06-30,2022-09-28,2022-09-28,0.208,3.08,13.807692307692308,0.208,3.08,13.807692307692308,5.2,3.08,-0.4076923076923077,raw,RAW_ONLY_REVIEW,True,,,ABEO_002,opend,POC,True,dual,raw/adjusted qualification mismatch
ABEO,Abeona Therapeutics,NASDAQ,2022-07-01,2022-09-29,2022-09-29,0.1916,2.96,14.448851774530272,0.1916,2.96,14.448851774530272,4.79,2.96,-0.3820459290187892,raw,RAW_ONLY_REVIEW,True,,,ABEO_002,opend,POC,True,dual,raw/adjusted qualification mismatch
ABTC,American Bitcoin,NASDAQ,2022-10-14,2023-01-12,2023-01-12,9.26,165.0,16.81857451403888,0.0926,1.65,16.818574514038875,9.26,165.0,16.81857451403888,both,BOTH_QUALIFIED,False,,,ABTC_003,opend,POC,True,dual,
ABTC,American Bitcoin,NASDAQ,2022-10-17,2023-01-15,2023-01-17,9.52,170.0,16.857142857142858,0.0952,1.7,16.857142857142854,9.52,170.0,16.857142857142858,both,BOTH_QUALIFIED,False,,,ABTC_003,opend,POC,True,dual,
ABTC,American Bitcoin,NASDAQ,2022-10-18,2023-01-16,2023-01-17,10.1,170.0,15.831683168316832,0.101,1.7,15.831683168316829,10.1,170.0,15.831683168316832,both,BOTH_QUALIFIED,False,,,ABTC_003,opend,POC,True,dual,
ABTC,American Bitcoin,NASDAQ,2022-10-19,2023-01-17,2023-01-17,9.22,170.0,17.43817787418655,0.0922,1.7,17.43817787418655,9.22,170.0,17.43817787418655,both,BOTH_QUALIFIED,False,,,ABTC_003,opend,POC,True,dual,
ABTC,American Bitcoin,NASDAQ,2022-10-20,2023-01-18,2023-01-18,9.5,157.0,15.526315789473685,0.095,1.57,15.526315789473685,9.5,157.0,15.526315789473685,both,BOTH_QUALIFIED,False,,,ABTC_003,opend,POC,True,dual,
ABTC,American Bitcoin,NASDAQ,2022-10-21,2023-01-19,2023-01-19,9.65,153.0,14.854922279792746,0.0965,1.53,14.854922279792746,9.65,153.0,14.854922279792746,both,BOTH_QUALIFIED,False,,,ABTC_003,opend,POC,True,dual,
ABTC,American Bitcoin,NASDAQ,2022-10-24,2023-01-22,2023-01-23,9.45,154.0,15.296296296296298,0.0945,1.54,15.296296296296298,9.45,154.0,15.296296296296298,both,BOTH_QUALIFIED,False,,,ABTC_003,opend,POC,True,dual,
ABTC,American Bitcoin,NASDAQ,2022-10-25,2023-01-23,2023-01-23,9.9,154.0,14.555555555555555,0.099,1.54,14.555555555555555,9.9,154.0,14.555555555555555,both,BOTH_QUALIFIED,False,,,ABTC_003,opend,POC,True,dual,
ABTC,American Bitcoin,NASDAQ,2022-10-26,2023-01-24,2023-01-24,10.1,151.0,13.950495049504951,0.101,1.51,13.95049504950495,10.1,151.0,13.950495049504951,both,BOTH_QUALIFIED,False,,,ABTC_003,opend,POC,True,dual,
ABTC,American Bitcoin,NASDAQ,2022-10-27,2023-01-25,2023-01-25,10.06,169.0,15.79920477137177,0.1006,1.69,15.79920477137177,10.06,169.0,15.79920477137177,both,BOTH_QUALIFIED,False,,,ABTC_003,opend,POC,True,dual,
ABTC,American Bitcoin,NASDAQ,2022-10-28,2023-01-26,2023-01-26,9.92,178.0,16.943548387096776,0.0992,1.78,16.943548387096776,9.92,178.0,16.943548387096776,both,BOTH_QUALIFIED,False,,,ABTC_003,opend,POC,True,dual,
ABTC,American Bitcoin,NASDAQ,2022-11-02,2023-01-31,2023-01-31,9.9,110.0,10.11111111111111,0.099,1.1,10.11111111111111,9.9,110.0,10.11111111111111,both,BOTH_QUALIFIED,False,,,ABTC_003,opend,POC,True,dual,
ABTC,American Bitcoin,NASDAQ,2022-11-03,2023-02-01,2023-02-01,9.79,109.0,10.133810010214505,0.0979,1.09,10.133810010214505,9.79,109.0,10.133810010214505,both,BOTH_QUALIFIED,False,,,ABTC_003,opend,POC,True,dual,
ABTC,American Bitcoin,NASDAQ,2022-11-04,2023-02-02,2023-02-02,10.09,112.0,10.10009910802775,0.1009,1.12,10.10009910802775,10.09,112.0,10.10009910802775,both,BOTH_QUALIFIED,False,,,ABTC_003,opend,POC,True,dual,
ABTC,American Bitcoin,NASDAQ,2022-11-07,2023-02-05,2023-02-06,7.9,104.0,12.164556962025317,0.079,1.04,12.164556962025317,7.9,104.0,12.164556962025316,both,BOTH_QUALIFIED,False,,,ABTC_003,opend,POC,True,dual,
ABTC,American Bitcoin,NASDAQ,2023-11-13,2024-02-11,2024-02-12,0.2397,4.09,16.06299541093033,0.2397,4.09,16.06299541093033,23.97,20.45,-0.14685022945348347,raw,RAW_ONLY_REVIEW,True,,,ABTC_004,opend,POC,True,dual,raw/adjusted qualification mismatch
ABTC,American Bitcoin,NASDAQ,2023-11-14,2024-02-12,2024-02-12,0.238,4.09,16.18487394957983,0.238,4.09,16.18487394957983,23.8,20.45,-0.14075630252100846,raw,RAW_ONLY_REVIEW,True,,,ABTC_004,opend,POC,True,dual,raw/adjusted qualification mismatch
ABTC,American Bitcoin,NASDAQ,2023-11-15,2024-02-13,2024-02-13,0.2409,2.7,10.207970112079702,0.2409,2.7,10.207970112079702,24.09,13.5,-0.4396014943960149,raw,RAW_ONLY_REVIEW,True,,,ABTC_004,opend,POC,True,dual,raw/adjusted qualification mismatch
ABTS,Abits,NASDAQ,2025-03-04,2025-06-02,2025-06-02,0.3515,4.0999,10.664011379800854,0.3515,4.0999,10.664011379800854,5.2725,4.0999,-0.22239924134660982,raw,RAW_ONLY_REVIEW,True,,,ABTS_005,opend,POC,True,dual,raw/adjusted qualification mismatch
ABTS,Abits,NASDAQ,2025-03-06,2025-06-04,2025-06-04,0.3201,4.2891,12.399250234301782,0.3201,4.2891,12.399250234301782,4.8015,4.2891,-0.10671665104654782,raw,RAW_ONLY_REVIEW,True,,,ABTS_005,opend,POC,True,dual,raw/adjusted qualification mismatch
ABTS,Abits,NASDAQ,2025-03-07,2025-06-05,2025-06-05,0.2515,4.11,15.341948310139166,0.2515,4.11,15.341948310139166,3.7725,4.11,0.08946322067594448,raw,RAW_ONLY_REVIEW,True,,,ABTS_005,opend,POC,True,dual,raw/adjusted qualification mismatch
ABVX,Abivax S.A.,NASDAQ,2025-05-13,2025-08-11,2025-08-11,6.04,69.0,10.42384105960265,6.04,69.0,10.42384105960265,6.04,69.0,10.42384105960265,both,BOTH_QUALIFIED,False,,,ABVX_006,opend,POC,True,dual,
ABVX,Abivax S.A.,NASDAQ,2025-05-14,2025-08-12,2025-08-12,6.1,71.91,10.788524590163934,6.1,71.91,10.788524590163934,6.1,71.91,10.788524590163934,both,BOTH_QUALIFIED,False,,,ABVX_006,opend,POC,True,dual,
ABVX,Abivax S.A.,NASDAQ,2025-05-15,2025-08-13,2025-08-13,5.99,69.89,10.667779632721201,5.99,69.89,10.667779632721201,5.99,69.89,10.667779632721201,both,BOTH_QUALIFIED,False,,,ABVX_006,opend,POC,True,dual,
ABVX,Abivax S.A.,NASDAQ,2025-05-16,2025-08-14,2025-08-14,6.01,69.56,10.574043261231282,6.01,69.56,10.574043261231282,6.01,69.56,10.574043261231282,both,BOTH_QUALIFIED,False,,,ABVX_006,opend,POC,True,dual,
ABVX,Abivax S.A.,NASDAQ,2025-05-19,2025-08-17,2025-08-18,5.88,70.01,10.906462585034015,5.88,70.01,10.906462585034015,5.88,70.01,10.906462585034015,both,BOTH_QUALIFIED,False,,,ABVX_006,opend,POC,True,dual,
ABVX,Abivax S.A.,NASDAQ,2025-05-20,2025-08-18,2025-08-18,5.8,70.01,11.070689655172416,5.8,70.01,11.070689655172416,5.8,70.01,11.070689655172416,both,BOTH_QUALIFIED,False,,,ABVX_006,opend,POC,True,dual,
ABVX,Abivax S.A.,NASDAQ,2025-05-21,2025-08-19,2025-08-19,5.82,68.96,10.848797250859105,5.82,68.96,10.848797250859105,5.82,68.96,10.848797250859105,both,BOTH_QUALIFIED,False,,,ABVX_006,opend,POC,True,dual,
ABVX,Abivax S.A.,NASDAQ,2025-05-22,2025-08-20,2025-08-20,6.05,71.89,10.882644628099174,6.05,71.89,10.882644628099174,6.05,71.89,10.882644628099174,both,BOTH_QUALIFIED,False,,,ABVX_006,opend,POC,True,dual,
ABVX,Abivax S.A.,NASDAQ,2025-05-23,2025-08-21,2025-08-21,5.67,74.43,12.126984126984128,5.67,74.43,12.126984126984128,5.67,74.43,12.126984126984128,both,BOTH_QUALIFIED,False,,,ABVX_006,opend,POC,True,dual,
ABVX,Abivax S.A.,NASDAQ,2025-05-27,2025-08-25,2025-08-25,5.69,77.46,12.613356766256588,5.69,77.46,12.613356766256588,5.69,77.46,12.613356766256588,both,BOTH_QUALIFIED,False,,,ABVX_006,opend,POC,True,dual,
ABVX,Abivax S.A.,NASDAQ,2025-05-28,2025-08-26,2025-08-26,5.68,79.7,13.031690140845072,5.68,79.7,13.031690140845072,5.68,79.7,13.031690140845072,both,BOTH_QUALIFIED,False,,,ABVX_006,opend,POC,True,dual,
ABVX,Abivax S.A.,NASDAQ,2025-05-29,2025-08-27,2025-08-27,6.015,79.43,12.20532003325021,6.015,79.43,12.20532003325021,6.015,79.43,12.20532003325021,both,BOTH_QUALIFIED,False,,,ABVX_006,opend,POC,True,dual,
ABVX,Abivax S.A.,NASDAQ,2025-05-30,2025-08-28,2025-08-28,6.02,81.64,12.561461794019934,6.02,81.64,12.561461794019934,6.02,81.64,12.561461794019934,both,BOTH_QUALIFIED,False,,,ABVX_006,opend,POC,True,dual,
ABVX,Abivax S.A.,NASDAQ,2025-06-02,2025-08-31,2025-09-02,6.35,81.99,11.911811023622047,6.35,81.99,11.911811023622047,6.35,81.99,11.911811023622047,both,BOTH_QUALIFIED,False,,,ABVX_006,opend,POC,True,dual,
ABVX,Abivax S.A.,NASDAQ,2025-06-09,2025-09-07,2025-09-08,7.8,90.0,10.538461538461538,7.8,90.0,10.538461538461538,7.8,90.0,10.538461538461538,both,BOTH_QUALIFIED,False,,,ABVX_006,opend,POC,True,dual,
ABVX,Abivax S.A.,NASDAQ,2025-06-10,2025-09-08,2025-09-08,7.87,90.0,10.435832274459974,7.87,90.0,10.435832274459974,7.87,90.0,10.435832274459974,both,BOTH_QUALIFIED,False,,,ABVX_006,opend,POC,True,dual,
ABVX,Abivax S.A.,NASDAQ,2025-06-11,2025-09-09,2025-09-09,7.42,89.25,11.028301886792454,7.42,89.25,11.028301886792454,7.42,89.25,11.028301886792454,both,BOTH_QUALIFIED,False,,,ABVX_006,opend,POC,True,dual,
ABVX,Abivax S.A.,NASDAQ,2025-06-12,2025-09-10,2025-09-10,7.02,87.63,11.482905982905983,7.02,87.63,11.482905982905983,7.02,87.63,11.482905982905983,both,BOTH_QUALIFIED,False,,,ABVX_006,opend,POC,True,dual,
ABVX,Abivax S.A.,NASDAQ,2025-06-13,2025-09-11,2025-09-11,6.98,85.96,11.315186246418337,6.98,85.96,11.315186246418337,6.98,85.96,11.315186246418337,both,BOTH_QUALIFIED,False,,,ABVX_006,opend,POC,True,dual,
ABVX,Abivax S.A.,NASDAQ,2025-06-16,2025-09-14,2025-09-15,6.72,85.87,11.77827380952381,6.72,85.87,11.77827380952381,6.72,85.87,11.77827380952381,both,BOTH_QUALIFIED,False,,,ABVX_006,opend,POC,True,dual,
ABVX,Abivax S.A.,NASDAQ,2025-06-17,2025-09-15,2025-09-15,6.06,85.87,13.16996699669967,6.06,85.87,13.16996699669967,6.06,85.87,13.16996699669967,both,BOTH_QUALIFIED,False,,,ABVX_006,opend,POC,True,dual,
ABVX,Abivax S.A.,NASDAQ,2025-06-18,2025-09-16,2025-09-16,6.05,82.28,12.600000000000001,6.05,82.28,12.600000000000001,6.05,82.28,12.600000000000001,both,BOTH_QUALIFIED,False,,,ABVX_006,opend,POC,True,dual,
ABVX,Abivax S.A.,NASDAQ,2025-06-20,2025-09-18,2025-09-18,5.97,83.31,12.954773869346734,5.97,83.31,12.954773869346734,5.97,83.31,12.954773869346734,both,BOTH_QUALIFIED,False,,,ABVX_006,opend,POC,True,dual,
ABVX,Abivax S.A.,NASDAQ,2025-06-23,2025-09-21,2025-09-22,6.11,82.21,12.454991816693942,6.11,82.21,12.454991816693942,6.11,82.21,12.454991816693942,both,BOTH_QUALIFIED,False,,,ABVX_006,opend,POC,True,dual,
ABVX,Abivax S.A.,NASDAQ,2025-06-24,2025-09-22,2025-09-22,6.65,82.21,11.362406015037593,6.65,82.21,11.362406015037593,6.65,82.21,11.362406015037593,both,BOTH_QUALIFIED,False,,,ABVX_006,opend,POC,True,dual,
ABVX,Abivax S.A.,NASDAQ,2025-06-25,2025-09-23,2025-09-23,7.05,82.02,10.63404255319149,7.05,82.02,10.63404255319149,7.05,82.02,10.63404255319149,both,BOTH_QUALIFIED,False,,,ABVX_006,opend,POC,True,dual,
ABVX,Abivax S.A.,NASDAQ,2025-06-26,2025-09-24,2025-09-24,7.18,82.55,10.497214484679667,7.18,82.55,10.497214484679667,7.18,82.55,10.497214484679667,both,BOTH_QUALIFIED,False,,,ABVX_006,opend,POC,True,dual,
ABVX,Abivax S.A.,NASDAQ,2025-06-27,2025-09-25,2025-09-25,7.4,82.0,10.08108108108108,7.4,82.0,10.08108108108108,7.4,82.0,10.08108108108108,both,BOTH_QUALIFIED,False,,,ABVX_006,opend,POC,True,dual,
ABVX,Abivax S.A.,NASDAQ,2025-07-08,2025-10-06,2025-10-06,7.75,86.67,10.183225806451613,7.75,86.67,10.183225806451613,7.75,86.67,10.183225806451613,both,BOTH_QUALIFIED,False,,,ABVX_006,opend,POC,True,dual,
ACB,极光大麻,NASDAQ,2020-02-28,2020-05-28,2020-05-28,1.34,15.34,10.44776119402985,1.34,15.34,10.44776119402985,160.8,153.4,-0.04601990049751248,raw,RAW_ONLY_REVIEW,True,,,ACB_007,opend,POC,True,dual,raw/adjusted qualification mismatch
ACB,极光大麻,NASDAQ,2020-03-06,2020-06-04,2020-06-04,1.17,14.23,11.162393162393164,1.17,14.23,11.162393162393164,140.4,142.3,0.013532763532763559,raw,RAW_ONLY_REVIEW,True,,,ACB_007,opend,POC,True,dual,raw/adjusted qualification mismatch
ACB,极光大麻,NASDAQ,2020-03-09,2020-06-07,2020-06-08,0.949,15.74,15.585879873551107,0.949,15.74,15.585879873551107,113.88,157.4,0.38215665612925886,raw,RAW_ONLY_REVIEW,True,,,ACB_007,opend,POC,True,dual,raw/adjusted qualification mismatch
ACB,极光大麻,NASDAQ,2020-03-10,2020-06-08,2020-06-08,0.9802,15.74,15.057947357682107,0.9802,15.74,15.057947357682107,117.624,157.4,0.3381622798068422,raw,RAW_ONLY_REVIEW,True,,,ACB_007,opend,POC,True,dual,raw/adjusted qualification mismatch
ACB,极光大麻,NASDAQ,2020-03-11,2020-06-09,2020-06-09,0.8587,14.81,16.247001281006174,0.8587,14.81,16.247001281006174,103.044,148.1,0.43725010675051434,raw,RAW_ONLY_REVIEW,True,,,ACB_007,opend,POC,True,dual,raw/adjusted qualification mismatch
ACB,极光大麻,NASDAQ,2020-03-12,2020-06-10,2020-06-10,0.7001,14.29,19.41136980431367,0.7001,14.29,19.41136980431367,84.012,142.9,0.7009474836928058,raw,RAW_ONLY_REVIEW,True,,,ACB_007,opend,POC,True,dual,raw/adjusted qualification mismatch
ACB,极光大麻,NASDAQ,2020-03-13,2020-06-11,2020-06-11,0.77,12.91,15.766233766233768,0.77,12.91,15.766233766233768,92.4,129.1,0.3971861471861471,raw,RAW_ONLY_REVIEW,True,,,ACB_007,opend,POC,True,dual,raw/adjusted qualification mismatch
ACB,极光大麻,NASDAQ,2020-03-16,2020-06-14,2020-06-15,0.6921,13.25,18.14463227857246,0.6921,13.25,18.14463227857246,83.052,132.5,0.5953860232143715,raw,RAW_ONLY_REVIEW,True,,,ACB_007,opend,POC,True,dual,raw/adjusted qualification mismatch
ACB,极光大麻,NASDAQ,2020-03-17,2020-06-15,2020-06-15,0.7095,13.25,17.675123326286116,0.7095,13.25,17.675123326286116,85.14,132.5,0.5562602771905096,raw,RAW_ONLY_REVIEW,True,,,ACB_007,opend,POC,True,dual,raw/adjusted qualification mismatch
ACB,极光大麻,NASDAQ,2020-03-18,2020-06-16,2020-06-16,0.625,13.11,19.976,0.625,13.11,19.976,75.0,131.1,0.748,raw,RAW_ONLY_REVIEW,True,,,ACB_007,opend,POC,True,dual,raw/adjusted qualification mismatch
ACB,极光大麻,NASDAQ,2020-03-19,2020-06-17,2020-06-17,0.6617,13.19,18.93350460933958,0.6617,13.19,18.93350460933958,79.404,131.9,0.6611253841116318,raw,RAW_ONLY_REVIEW,True,,,ACB_007,opend,POC,True,dual,raw/adjusted qualification mismatch
ACB,极光大麻,NASDAQ,2020-03-20,2020-06-18,2020-06-18,0.73,13.01,16.82191780821918,0.73,13.01,16.82191780821918,87.6,130.1,0.4851598173515983,raw,RAW_ONLY_REVIEW,True,,,ACB_007,opend,POC,True,dual,raw/adjusted qualification mismatch
ACB,极光大麻,NASDAQ,2020-03-23,2020-06-21,2020-06-22,0.6826,13.72,19.099619103428072,0.6826,13.72,19.099619103428072,81.912,137.2,0.6749682586190056,raw,RAW_ONLY_REVIEW,True,,,ACB_007,opend,POC,True,dual,raw/adjusted qualification mismatch
ACB,极光大麻,NASDAQ,2020-03-24,2020-06-22,2020-06-22,0.717,13.72,18.135285913528595,0.717,13.72,18.135285913528595,86.04,137.2,0.5946071594607156,raw,RAW_ONLY_REVIEW,True,,,ACB_007,opend,POC,True,dual,raw/adjusted qualification mismatch
ACB,极光大麻,NASDAQ,2020-03-25,2020-06-23,2020-06-23,0.7461,13.58,17.20131349685029,0.7461,13.58,17.20131349685029,89.532,135.8,0.5167761247375242,raw,RAW_ONLY_REVIEW,True,,,ACB_007,opend,POC,True,dual,raw/adjusted qualification mismatch
ACB,极光大麻,NASDAQ,2020-03-26,2020-06-24,2020-06-24,0.905,13.67,14.104972375690608,0.905,13.67,14.104972375690608,108.6,136.7,0.25874769797421737,raw,RAW_ONLY_REVIEW,True,,,ACB_007,opend,POC,True,dual,raw/adjusted qualification mismatch
ACB,极光大麻,NASDAQ,2020-03-27,2020-06-25,2020-06-25,1.03,13.2,11.815533980582524,1.03,13.2,11.815533980582524,123.6,132.0,0.06796116504854366,raw,RAW_ONLY_REVIEW,True,,,ACB_007,opend,POC,True,dual,raw/adjusted qualification mismatch
ACB,极光大麻,NASDAQ,2020-03-30,2020-06-28,2020-06-29,0.8875,12.36,12.926760563380281,0.8875,12.36,12.926760563380281,106.5,123.6,0.16056338028169015,raw,RAW_ONLY_REVIEW,True,,,ACB_007,opend,POC,True,dual,raw/adjusted qualification mismatch
ACB,极光大麻,NASDAQ,2020-03-31,2020-06-29,2020-06-29,0.9059,12.36,12.643890054089853,0.9059,12.36,12.643890054089853,108.708,123.6,0.13699083784082133,raw,RAW_ONLY_REVIEW,True,,,ACB_007,opend,POC,True,dual,raw/adjusted qualification mismatch
ACB,极光大麻,NASDAQ,2020-04-01,2020-06-30,2020-06-30,0.809,12.42,14.352286773794807,0.809,12.42,14.352286773794807,97.08,124.2,0.27935723114956734,raw,RAW_ONLY_REVIEW,True,,,ACB_007,opend,POC,True,dual,raw/adjusted qualification mismatch
ACB,极光大麻,NASDAQ,2020-04-02,2020-07-01,2020-07-01,0.8333,12.27,13.724588983559341,0.8333,12.27,13.724588983559341,99.996,122.7,0.22704908196327866,raw,RAW_ONLY_REVIEW,True,,,ACB_007,opend,POC,True,dual,raw/adjusted qualification mismatch
ACB,极光大麻,NASDAQ,2020-04-03,2020-07-02,2020-07-02,0.8096,12.27,14.155632411067193,0.8096,12.27,14.155632411067193,97.152,122.7,0.26296936758893286,raw,RAW_ONLY_REVIEW,True,,,ACB_007,opend,POC,True,dual,raw/adjusted qualification mismatch
ACB,极光大麻,NASDAQ,2020-04-06,2020-07-05,2020-07-06,0.7995,12.18,14.23452157598499,0.7995,12.18,14.23452157598499,95.94,121.8,0.2695434646654158,raw,RAW_ONLY_REVIEW,True,,,ACB_007,opend,POC,True,dual,raw/adjusted qualification mismatch
ACB,极光大麻,NASDAQ,2020-04-07,2020-07-06,2020-07-06,0.8001,12.18,14.223097112860891,0.8001,12.18,14.223097112860891,96.012,121.8,0.268591426071741,raw,RAW_ONLY_REVIEW,True,,,ACB_007,opend,POC,True,dual,raw/adjusted qualification mismatch
ACB,极光大麻,NASDAQ,2020-04-08,2020-07-07,2020-07-07,0.8522,12.42,13.574043651724947,0.8522,12.42,13.574043651724947,102.264,124.2,0.2145036376437457,raw,RAW_ONLY_REVIEW,True,,,ACB_007,opend,POC,True,dual,raw/adjusted qualification mismatch
ACB,极光大麻,NASDAQ,2020-04-09,2020-07-08,2020-07-08,0.8763,12.16,12.876526303777245,0.8763,12.16,12.876526303777245,105.156,121.6,0.15637719198143696,raw,RAW_ONLY_REVIEW,True,,,ACB_007,opend,POC,True,dual,raw/adjusted qualification mismatch
ACB,极光大麻,NASDAQ,2020-04-13,2020-07-12,2020-07-13,0.7598,12.08,14.898920768623322,0.7598,12.08,14.898920768623322,91.176,120.8,0.32491006405194334,raw,RAW_ONLY_REVIEW,True,,,ACB_007,opend,POC,True,dual,raw/adjusted qualification mismatch
ACB,极光大麻,NASDAQ,2020-04-14,2020-07-13,2020-07-13,0.7502,12.08,15.10237270061317,0.7502,12.08,15.10237270061317,90.024,120.8,0.34186439171776417,raw,RAW_ONLY_REVIEW,True,,,ACB_007,opend,POC,True,dual,raw/adjusted qualification mismatch
ACB,极光大麻,NASDAQ,2020-04-15,2020-07-14,2020-07-14,0.7086,11.75,15.581992661586227,0.7086,11.75,15.581992661586227,85.032,117.5,0.3818327217988522,raw,RAW_ONLY_REVIEW,True,,,ACB_007,opend,POC,True,dual,raw/adjusted qualification mismatch
ACB,极光大麻,NASDAQ,2020-04-16,2020-07-15,2020-07-15,0.6686,12.87,18.249177385581813,0.6686,12.87,18.249177385581813,80.232,128.699999999,0.6040981154526872,raw,RAW_ONLY_REVIEW,True,,,ACB_007,opend,POC,True,dual,raw/adjusted qualification mismatch
ACB,极光大麻,NASDAQ,2020-04-17,2020-07-16,2020-07-16,0.69,12.05,16.46376811594203,0.69,12.05,16.46376811594203,82.8,120.5,0.4553140096618358,raw,RAW_ONLY_REVIEW,True,,,ACB_007,opend,POC,True,dual,raw/adjusted qualification mismatch
ACB,极光大麻,NASDAQ,2020-04-20,2020-07-19,2020-07-20,0.715,11.54,15.13986013986014,0.715,11.54,15.13986013986014,85.8,115.399999999,0.34498834497668995,raw,RAW_ONLY_REVIEW,True,,,ACB_007,opend,POC,True,dual,raw/adjusted qualification mismatch
ACB,极光大麻,NASDAQ,2020-04-21,2020-07-20,2020-07-20,0.72,11.54,15.027777777777779,0.72,11.54,15.027777777777779,86.4,115.399999999,0.33564814813657406,raw,RAW_ONLY_REVIEW,True,,,ACB_007,opend,POC,True,dual,raw/adjusted qualification mismatch
ACB,极光大麻,NASDAQ,2020-04-22,2020-07-21,2020-07-21,0.7179,11.61,15.172168825741746,0.7179,11.61,15.172168825741746,86.148,116.1,0.347680735478479,raw,RAW_ONLY_REVIEW,True,,,ACB_007,opend,POC,True,dual,raw/adjusted qualification mismatch
ACB,极光大麻,NASDAQ,2020-04-23,2020-07-22,2020-07-22,0.7156,11.16,14.595304639463388,0.7156,11.16,14.595304639463388,85.872,111.6,0.29960871995528215,raw,RAW_ONLY_REVIEW,True,,,ACB_007,opend,POC,True,dual,raw/adjusted qualification mismatch
ACB,极光大麻,NASDAQ,2020-04-24,2020-07-23,2020-07-23,0.73,10.78,13.767123287671232,0.73,10.78,13.767123287671232,87.6,107.8,0.23059360730593603,raw,RAW_ONLY_REVIEW,True,,,ACB_007,opend,POC,True,dual,raw/adjusted qualification mismatch
ACB,极光大麻,NASDAQ,2020-04-27,2020-07-26,2020-07-27,0.76,10.67,13.039473684210526,0.76,10.67,13.039473684210526,91.2,106.7,0.16995614035087714,raw,RAW_ONLY_REVIEW,True,,,ACB_007,opend,POC,True,dual,raw/adjusted qualification mismatch
ACB,极光大麻,NASDAQ,2020-04-28,2020-07-27,2020-07-27,0.7575,10.67,13.085808580858087,0.7575,10.67,13.085808580858087,90.9,106.7,0.17381738173817385,raw,RAW_ONLY_REVIEW,True,,,ACB_007,opend,POC,True,dual,raw/adjusted qualification mismatch
ACB,极光大麻,NASDAQ,2020-04-29,2020-07-28,2020-07-28,0.7538,11.7,14.521358450517377,0.7538,11.7,14.521358450517377,90.456,117.0,0.2934465375431148,raw,RAW_ONLY_REVIEW,True,,,ACB_007,opend,POC,True,dual,raw/adjusted qualification mismatch
ACB,极光大麻,NASDAQ,2020-04-30,2020-07-29,2020-07-29,0.74,10.7,13.459459459459458,0.74,10.7,13.459459459459458,88.8,107.0,0.20495495495495497,raw,RAW_ONLY_REVIEW,True,,,ACB_007,opend,POC,True,dual,raw/adjusted qualification mismatch
ACB,极光大麻,NASDAQ,2020-05-01,2020-07-30,2020-07-30,0.7031,10.54,13.99075522685251,0.7031,10.54,13.99075522685251,84.372,105.399999999,0.24922960222585688,raw,RAW_ONLY_REVIEW,True,,,ACB_007,opend,POC,True,dual,raw/adjusted qualification mismatch
ACB,极光大麻,NASDAQ,2020-05-04,2020-08-02,2020-08-03,0.71,10.42,13.67605633802817,0.71,10.42,13.67605633802817,85.2,104.2,0.22300469483568075,raw,RAW_ONLY_REVIEW,True,,,ACB_007,opend,POC,True,dual,raw/adjusted qualification mismatch
ACB,极光大麻,NASDAQ,2020-05-05,2020-08-03,2020-08-03,0.699,10.42,13.907010014306152,0.699,10.42,13.907010014306152,83.88,104.2,0.24225083452551277,raw,RAW_ONLY_REVIEW,True,,,ACB_007,opend,POC,True,dual,raw/adjusted qualification mismatch
ACB,极光大麻,NASDAQ,2020-05-06,2020-08-04,2020-08-04,0.6915,10.73,14.516992046276211,0.6915,10.73,14.516992046276211,82.98,107.3,0.2930826705230174,raw,RAW_ONLY_REVIEW,True,,,ACB_007,opend,POC,True,dual,raw/adjusted qualification mismatch
ACB,极光大麻,NASDAQ,2020-05-07,2020-08-05,2020-08-05,0.6937,10.71,14.438950554994957,0.6937,10.71,14.438950554994957,83.244,107.1,0.2865792129162461,raw,RAW_ONLY_REVIEW,True,,,ACB_007,opend,POC,True,dual,raw/adjusted qualification mismatch
ACB,极光大麻,NASDAQ,2020-05-08,2020-08-06,2020-08-06,0.6716,10.31,14.351399642644433,0.6716,10.31,14.351399642644433,80.592,103.1,0.27928330355370257,raw,RAW_ONLY_REVIEW,True,,,ACB_007,opend,POC,True,dual,raw/adjusted qualification mismatch
ACB,极光大麻,NASDAQ,2024-01-04,2024-04-03,2024-04-03,0.4754,7.21,14.166175851914177,0.4754,7.21,14.166175851914177,4.754,7.21,0.5166175851914179,raw,RAW_ONLY_REVIEW,True,,,ACB_008,opend,POC,True,dual,raw/adjusted qualification mismatch
ACB,极光大麻,NASDAQ,2024-01-05,2024-04-04,2024-04-04,0.475,7.06,13.863157894736842,0.475,7.06,13.863157894736842,4.75,7.06,0.48631578947368403,raw,RAW_ONLY_REVIEW,True,,,ACB_008,opend,POC,True,dual,raw/adjusted qualification mismatch
ACB,极光大麻,NASDAQ,2024-01-08,2024-04-07,2024-04-08,0.4774,7.01,13.683703393380812,0.4774,7.01,13.683703393380812,4.774,7.01,0.46837033933808114,raw,RAW_ONLY_REVIEW,True,,,ACB_008,opend,POC,True,dual,raw/adjusted qualification mismatch
ACB,极光大麻,NASDAQ,2024-01-09,2024-04-08,2024-04-08,0.463,7.01,14.140388768898488,0.463,7.01,14.140388768898488,4.63,7.01,0.5140388768898487,raw,RAW_ONLY_REVIEW,True,,,ACB_008,opend,POC,True,dual,raw/adjusted qualification mismatch
ACB,极光大麻,NASDAQ,2024-01-10,2024-04-09,2024-04-09,0.4578,6.355,12.88160768894714,0.4578,6.355,12.88160768894714,4.578,6.355,0.38816076889471396,raw,RAW_ONLY_REVIEW,True,,,ACB_008,opend,POC,True,dual,raw/adjusted qualification mismatch
ACB,极光大麻,NASDAQ,2024-01-11,2024-04-10,2024-04-10,0.45,6.76,14.022222222222222,0.45,6.76,14.022222222222222,4.5,6.76,0.5022222222222221,raw,RAW_ONLY_REVIEW,True,,,ACB_008,opend,POC,True,dual,raw/adjusted qualification mismatch
ACB,极光大麻,NASDAQ,2024-01-12,2024-04-11,2024-04-11,0.4581,6.83,13.909408426107836,0.4581,6.83,13.909408426107836,4.581,6.83,0.4909408426107835,raw,RAW_ONLY_REVIEW,True,,,ACB_008,opend,POC,True,dual,raw/adjusted qualification mismatch
ACB,极光大麻,NASDAQ,2024-01-16,2024-04-15,2024-04-15,0.4551,6.28,12.799165018677215,0.4551,6.28,12.799165018677215,4.551,6.28,0.3799165018677213,raw,RAW_ONLY_REVIEW,True,,,ACB_008,opend,POC,True,dual,raw/adjusted qualification mismatch
ACB,极光大麻,NASDAQ,2024-01-17,2024-04-16,2024-04-16,0.4438,5.9,12.294276701216766,0.4438,5.9,12.294276701216766,4.438,5.9,0.3294276701216765,raw,RAW_ONLY_REVIEW,True,,,ACB_008,opend,POC,True,dual,raw/adjusted qualification mismatch
ACB,极光大麻,NASDAQ,2024-01-18,2024-04-17,2024-04-17,0.41,5.79,13.121951219512196,0.41,5.79,13.121951219512196,4.099999999,5.79,0.41219512229565747,raw,RAW_ONLY_REVIEW,True,,,ACB_008,opend,POC,True,dual,raw/adjusted qualification mismatch
ACB,极光大麻,NASDAQ,2024-01-19,2024-04-18,2024-04-18,0.4114,6.535,14.88478366553233,0.4114,6.535,14.88478366553233,4.114,6.535,0.5884783665532329,raw,RAW_ONLY_REVIEW,True,,,ACB_008,opend,POC,True,dual,raw/adjusted qualification mismatch
ACB,极光大麻,NASDAQ,2024-01-22,2024-04-21,2024-04-22,0.42,6.28,13.952380952380954,0.42,6.28,13.952380952380954,4.2,6.28,0.49523809523809526,raw,RAW_ONLY_REVIEW,True,,,ACB_008,opend,POC,True,dual,raw/adjusted qualification mismatch
ACB,极光大麻,NASDAQ,2024-01-23,2024-04-22,2024-04-22,0.412,6.28,14.242718446601943,0.412,6.28,14.242718446601943,4.12,6.28,0.5242718446601942,raw,RAW_ONLY_REVIEW,True,,,ACB_008,opend,POC,True,dual,raw/adjusted qualification mismatch
ACB,极光大麻,NASDAQ,2024-01-24,2024-04-23,2024-04-23,0.386,7.42,18.22279792746114,0.386,7.42,18.22279792746114,3.86,7.42,0.9222797927461139,raw,RAW_ONLY_REVIEW,True,,,ACB_008,opend,POC,True,dual,raw/adjusted qualification mismatch
ACB,极光大麻,NASDAQ,2024-01-25,2024-04-24,2024-04-24,0.405,7.2,16.77777777777778,0.405,7.2,16.77777777777778,4.05,7.2,0.7777777777777779,raw,RAW_ONLY_REVIEW,True,,,ACB_008,opend,POC,True,dual,raw/adjusted qualification mismatch
ACB,极光大麻,NASDAQ,2024-01-26,2024-04-25,2024-04-25,0.3991,6.71,15.812828864946127,0.3991,6.71,15.812828864946127,3.991,6.71,0.6812828864946128,raw,RAW_ONLY_REVIEW,True,,,ACB_008,opend,POC,True,dual,raw/adjusted qualification mismatch
ACB,极光大麻,NASDAQ,2024-01-29,2024-04-28,2024-04-29,0.4088,6.32,14.459882583170256,0.4088,6.32,14.459882583170256,4.088,6.32,0.5459882583170255,raw,RAW_ONLY_REVIEW,True,,,ACB_008,opend,POC,True,dual,raw/adjusted qualification mismatch
ACB,极光大麻,NASDAQ,2024-01-30,2024-04-29,2024-04-29,0.396,6.32,14.95959595959596,0.396,6.32,14.95959595959596,3.96,6.32,0.595959595959596,raw,RAW_ONLY_REVIEW,True,,,ACB_008,opend,POC,True,dual,raw/adjusted qualification mismatch
ACB,极光大麻,NASDAQ,2024-01-31,2024-04-30,2024-04-30,0.3801,9.23,23.2830833991055,0.3801,9.23,23.2830833991055,3.801,9.23,1.4283083399105498,raw,RAW_ONLY_REVIEW,True,,,ACB_008,opend,POC,True,dual,raw/adjusted qualification mismatch
ACB,极光大麻,NASDAQ,2024-02-01,2024-05-01,2024-05-01,0.3989,7.36,17.450739533717726,0.3989,7.36,17.450739533717726,3.989,7.36,0.8450739533717726,raw,RAW_ONLY_REVIEW,True,,,ACB_008,opend,POC,True,dual,raw/adjusted qualification mismatch
ACB,极光大麻,NASDAQ,2024-02-02,2024-05-02,2024-05-02,0.388,6.97,16.963917525773194,0.388,6.97,16.963917525773194,3.88,6.97,0.7963917525773196,raw,RAW_ONLY_REVIEW,True,,,ACB_008,opend,POC,True,dual,raw/adjusted qualification mismatch
ACB,极光大麻,NASDAQ,2024-02-05,2024-05-05,2024-05-06,0.38,6.64,16.473684210526315,0.38,6.64,16.473684210526315,3.8,6.64,0.7473684210526317,raw,RAW_ONLY_REVIEW,True,,,ACB_008,opend,POC,True,dual,raw/adjusted qualification mismatch
ACB,极光大麻,NASDAQ,2024-02-06,2024-05-06,2024-05-06,0.4,6.64,15.599999999999998,0.4,6.64,15.599999999999998,4.0,6.64,0.6599999999999999,raw,RAW_ONLY_REVIEW,True,,,ACB_008,opend,POC,True,dual,raw/adjusted qualification mismatch
ACB,极光大麻,NASDAQ,2024-02-07,2024-05-07,2024-05-07,0.3964,6.66,15.801210898082747,0.3964,6.66,15.801210898082747,3.963999999,6.66,0.6801210902321195,raw,RAW_ONLY_REVIEW,True,,,ACB_008,opend,POC,True,dual,raw/adjusted qualification mismatch
ACB,极光大麻,NASDAQ,2024-02-08,2024-05-08,2024-05-08,0.408,6.42,14.73529411764706,0.408,6.42,14.73529411764706,4.079999999,6.42,0.5735294121503749,raw,RAW_ONLY_REVIEW,True,,,ACB_008,opend,POC,True,dual,raw/adjusted qualification mismatch
ACB,极光大麻,NASDAQ,2024-02-09,2024-05-09,2024-05-09,0.4343,6.81,14.680405249827306,0.4343,6.81,14.680405249827306,4.343,6.81,0.5680405249827307,raw,RAW_ONLY_REVIEW,True,,,ACB_008,opend,POC,True,dual,raw/adjusted qualification mismatch
ACB,极光大麻,NASDAQ,2024-02-12,2024-05-12,2024-05-13,0.4,6.68,15.7,0.4,6.68,15.7,4.0,6.68,0.6699999999999999,raw,RAW_ONLY_REVIEW,True,,,ACB_008,opend,POC,True,dual,raw/adjusted qualification mismatch
ACB,极光大麻,NASDAQ,2024-02-13,2024-05-13,2024-05-13,0.3922,6.68,16.03212646608873,0.3922,6.68,16.03212646608873,3.922,6.68,0.7032126466088728,raw,RAW_ONLY_REVIEW,True,,,ACB_008,opend,POC,True,dual,raw/adjusted qualification mismatch
ACB,极光大麻,NASDAQ,2024-02-14,2024-05-14,2024-05-14,0.399,7.0,16.543859649122805,0.399,7.0,16.543859649122805,3.99,7.0,0.7543859649122806,raw,RAW_ONLY_REVIEW,True,,,ACB_008,opend,POC,True,dual,raw/adjusted qualification mismatch
ACB,极光大麻,NASDAQ,2024-02-15,2024-05-15,2024-05-15,0.39,7.12,17.256410256410255,0.39,7.12,17.256410256410255,3.9,7.12,0.8256410256410258,raw,RAW_ONLY_REVIEW,True,,,ACB_008,opend,POC,True,dual,raw/adjusted qualification mismatch
ACB,极光大麻,NASDAQ,2024-02-16,2024-05-16,2024-05-16,0.393,7.61,18.36386768447837,0.393,7.61,18.36386768447837,3.93,7.61,0.9363867684478371,raw,RAW_ONLY_REVIEW,True,,,ACB_008,opend,POC,True,dual,raw/adjusted qualification mismatch
ACET,艾切托,NASDAQ,2020-05-27,2020-08-25,2020-09-16,15.064,246.4,113.49814126394051,0.1345,15.4,113.49814126394051,15.064,246.4,15.356877323420075,both,BOTH_QUALIFIED,False,,,ACET_009,opend,POC,True,dual,
ACET,艾切托,NASDAQ,2020-05-28,2020-08-26,2020-09-16,15.064,246.4,113.49814126394051,0.1345,15.4,113.49814126394051,15.064,246.4,15.356877323420075,both,BOTH_QUALIFIED,False,,,ACET_009,opend,POC,True,dual,
ACET,艾切托,NASDAQ,2020-05-29,2020-08-27,2020-09-16,15.064,246.4,113.49814126394051,0.1345,15.4,113.49814126394051,15.064,246.4,15.356877323420075,both,BOTH_QUALIFIED,False,,,ACET_009,opend,POC,True,dual,
ACET,艾切托,NASDAQ,2020-06-01,2020-08-30,2020-09-16,15.064,246.4,113.49814126394051,0.1345,15.4,113.49814126394051,15.064,246.4,15.356877323420075,both,BOTH_QUALIFIED,False,,,ACET_009,opend,POC,True,dual,
ACET,艾切托,NASDAQ,2020-06-02,2020-08-31,2020-09-16,15.064,246.4,113.49814126394051,0.1345,15.4,113.49814126394051,15.064,246.4,15.356877323420075,both,BOTH_QUALIFIED,False,,,ACET_009,opend,POC,True,dual,
ACET,艾切托,NASDAQ,2020-06-03,2020-09-01,2020-09-16,15.064,246.4,113.49814126394051,0.1345,15.4,113.49814126394051,15.064,246.4,15.356877323420075,both,BOTH_QUALIFIED,False,,,ACET_009,opend,POC,True,dual,
ACET,艾切托,NASDAQ,2020-06-04,2020-09-02,2020-09-16,15.064,246.4,113.49814126394051,0.1345,15.4,113.49814126394051,15.064,246.4,15.356877323420075,both,BOTH_QUALIFIED,False,,,ACET_009,opend,POC,True,dual,
ACET,艾切托,NASDAQ,2020-06-05,2020-09-03,2020-09-16,15.064,246.4,113.49814126394051,0.1345,15.4,113.49814126394051,15.064,246.4,15.356877323420075,both,BOTH_QUALIFIED,False,,,ACET_009,opend,POC,True,dual,
ACET,艾切托,NASDAQ,2020-06-08,2020-09-06,2020-09-16,15.064,246.4,113.49814126394051,0.1345,15.4,113.49814126394051,15.064,246.4,15.356877323420075,both,BOTH_QUALIFIED,False,,,ACET_009,opend,POC,True,dual,
ACET,艾切托,NASDAQ,2020-06-09,2020-09-07,2020-09-16,15.064,246.4,113.49814126394051,0.1345,15.4,113.49814126394051,15.064,246.4,15.356877323420075,both,BOTH_QUALIFIED,False,,,ACET_009,opend,POC,True,dual,
ACET,艾切托,NASDAQ,2020-06-10,2020-09-08,2020-09-16,15.064,246.4,113.49814126394051,0.1345,15.4,113.49814126394051,15.064,246.4,15.356877323420075,both,BOTH_QUALIFIED,False,,,ACET_009,opend,POC,True,dual,
ACET,艾切托,NASDAQ,2020-06-11,2020-09-09,2020-09-16,15.064,246.4,113.49814126394051,0.1345,15.4,113.49814126394051,15.064,246.4,15.356877323420075,both,BOTH_QUALIFIED,False,,,ACET_009,opend,POC,True,dual,
ACET,艾切托,NASDAQ,2020-06-12,2020-09-10,2020-09-16,15.064,246.4,113.49814126394051,0.1345,15.4,113.49814126394051,15.064,246.4,15.356877323420075,both,BOTH_QUALIFIED,False,,,ACET_009,opend,POC,True,dual,
ACET,艾切托,NASDAQ,2020-06-15,2020-09-13,2020-09-16,15.064,246.4,113.49814126394051,0.1345,15.4,113.49814126394051,15.064,246.4,15.356877323420075,both,BOTH_QUALIFIED,False,,,ACET_009,opend,POC,True,dual,
ACET,艾切托,NASDAQ,2020-06-16,2020-09-14,2020-09-16,15.064,246.4,113.49814126394051,0.1345,15.4,113.49814126394051,15.064,246.4,15.356877323420075,both,BOTH_QUALIFIED,False,,,ACET_009,opend,POC,True,dual,
ACET,艾切托,NASDAQ,2020-06-17,2020-09-15,2020-09-16,15.064,246.4,113.49814126394051,0.1345,15.4,113.49814126394051,15.064,246.4,15.356877323420075,both,BOTH_QUALIFIED,False,,,ACET_009,opend,POC,True,dual,
ACET,艾切托,NASDAQ,2020-06-18,2020-09-16,2020-09-16,15.064,246.4,113.49814126394051,0.1345,15.4,113.49814126394051,15.064,246.4,15.356877323420075,both,BOTH_QUALIFIED,False,,,ACET_009,opend,POC,True,dual,
ACET,艾切托,NASDAQ,2020-06-19,2020-09-17,2020-09-17,15.064,257.76,118.77695167286244,0.1345,16.11,118.77695167286244,15.064,257.76,16.110993096123206,both,BOTH_QUALIFIED,False,,,ACET_009,opend,POC,True,dual,
ACET,艾切托,NASDAQ,2020-06-22,2020-09-20,2020-09-21,15.064,215.68,99.22304832713755,0.1345,13.48,99.22304832713755,15.064,215.68,13.317578332448221,both,BOTH_QUALIFIED,False,,,ACET_009,opend,POC,True,dual,
ACET,艾切托,NASDAQ,2020-06-23,2020-09-21,2020-09-21,15.064,215.68,99.22304832713755,0.1345,13.48,99.22304832713755,15.064,215.68,13.317578332448221,both,BOTH_QUALIFIED,False,,,ACET_009,opend,POC,True,dual,
ACET,艾切托,NASDAQ,2020-06-24,2020-09-22,2020-09-22,0.1345,10.175,74.65055762081785,0.1345,10.175,74.65055762081785,15.064,162.8,9.807222517259692,raw,RAW_ONLY_REVIEW,True,,,ACET_009,opend,POC,True,dual,raw/adjusted qualification mismatch
ACET,艾切托,NASDAQ,2020-06-25,2020-09-23,2020-09-23,15.064,180.32,82.79182156133828,0.1345,11.27,82.79182156133828,15.064,180.32,10.970260223048326,both,BOTH_QUALIFIED,False,,,ACET_009,opend,POC,True,dual,
ACET,艾切托,NASDAQ,2020-06-26,2020-09-24,2020-09-24,15.064,168.8,77.43866171003718,0.1345,10.55,77.43866171003718,15.064,168.8,10.205523101433883,both,BOTH_QUALIFIED,False,,,ACET_009,opend,POC,True,dual,
ACET,艾切托,NASDAQ,2020-06-29,2020-09-27,2020-09-28,15.064,169.12,77.58736059479554,0.1345,10.57,77.58736059479554,15.064,169.12,10.226765799256507,both,BOTH_QUALIFIED,False,,,ACET_009,opend,POC,True,dual,
ACET,艾切托,NASDAQ,2020-06-30,2020-09-28,2020-09-28,15.064,169.12,77.58736059479554,0.1345,10.57,77.58736059479554,15.064,169.12,10.226765799256507,both,BOTH_QUALIFIED,False,,,ACET_009,opend,POC,True,dual,
ACET,艾切托,NASDAQ,2020-07-01,2020-09-29,2020-09-29,15.064,200.48,92.15985130111522,0.1345,12.53,92.15985130111522,15.064,200.48,12.308550185873605,both,BOTH_QUALIFIED,False,,,ACET_009,opend,POC,True,dual,
ACET,艾切托,NASDAQ,2020-07-02,2020-09-30,2020-09-30,15.064,190.24,87.40148698884758,0.1345,11.89,87.40148698884758,15.064,190.24,11.628783855549655,both,BOTH_QUALIFIED,False,,,ACET_009,opend,POC,True,dual,
ACET,艾切托,NASDAQ,2020-07-06,2020-10-04,2020-10-05,15.064,192.48,88.44237918215612,0.1345,12.03,88.44237918215612,15.064,192.48,11.777482740308018,both,BOTH_QUALIFIED,False,,,ACET_009,opend,POC,True,dual,
ACET,艾切托,NASDAQ,2020-07-07,2020-10-05,2020-10-05,15.064,192.48,88.44237918215612,0.1345,12.03,88.44237918215612,15.064,192.48,11.777482740308018,both,BOTH_QUALIFIED,False,,,ACET_009,opend,POC,True,dual,
ACET,艾切托,NASDAQ,2020-07-08,2020-10-06,2020-10-06,15.064,194.24,89.26022304832713,0.1345,12.14,89.26022304832713,15.064,194.24,11.89431757833245,both,BOTH_QUALIFIED,False,,,ACET_009,opend,POC,True,dual,
ACET,艾切托,NASDAQ,2020-07-09,2020-10-07,2020-10-07,15.064,202.56,93.1263940520446,0.1345,12.66,93.1263940520446,15.064,202.56,12.446627721720658,both,BOTH_QUALIFIED,False,,,ACET_009,opend,POC,True,dual,
ACET,艾切托,NASDAQ,2020-07-10,2020-10-08,2020-10-08,15.064,202.24,92.97769516728624,0.1345,12.64,92.97769516728624,15.064,202.24,12.425385023898036,both,BOTH_QUALIFIED,False,,,ACET_009,opend,POC,True,dual,
ACET,艾切托,NASDAQ,2020-07-13,2020-10-11,2020-10-12,15.064,218.56,100.56133828996282,0.1345,13.66,100.56133828996282,15.064,218.56,13.508762612851832,both,BOTH_QUALIFIED,False,,,ACET_009,opend,POC,True,dual,
ACET,艾切托,NASDAQ,2020-07-14,2020-10-12,2020-10-12,15.064,218.56,100.56133828996282,0.1345,13.66,100.56133828996282,15.064,218.56,13.508762612851832,both,BOTH_QUALIFIED,False,,,ACET_009,opend,POC,True,dual,
ACET,艾切托,NASDAQ,2020-07-15,2020-10-13,2020-10-13,15.064,224.0,103.08921933085502,0.1345,14.0,103.08921933085502,15.064,224.0,13.869888475836431,both,BOTH_QUALIFIED,False,,,ACET_009,opend,POC,True,dual,
ACET,艾切托,NASDAQ,2020-07-16,2020-10-14,2020-10-14,15.064,216.16,99.44609665427508,0.1345,13.51,99.44609665427508,15.064,216.16,13.349442379182156,both,BOTH_QUALIFIED,False,,,ACET_009,opend,POC,True,dual,
ACET,艾切托,NASDAQ,2020-07-17,2020-10-15,2020-10-15,15.064,208.64,95.95167286245352,0.1345,13.04,95.95167286245352,15.064,208.64,12.850238980350504,both,BOTH_QUALIFIED,False,,,ACET_009,opend,POC,True,dual,
ACET,艾切托,NASDAQ,2020-07-20,2020-10-18,2020-10-19,15.064,213.6,98.25650557620817,0.1345,13.35,98.25650557620817,15.064,213.6,13.179500796601168,both,BOTH_QUALIFIED,False,,,ACET_009,opend,POC,True,dual,
ACET,艾切托,NASDAQ,2020-07-21,2020-10-19,2020-10-19,15.064,213.6,98.25650557620817,0.1345,13.35,98.25650557620817,15.064,213.6,13.179500796601168,both,BOTH_QUALIFIED,False,,,ACET_009,opend,POC,True,dual,
ACET,艾切托,NASDAQ,2020-07-22,2020-10-20,2020-10-20,15.064,210.88,96.99256505576207,0.1345,13.18,96.99256505576207,15.064,210.88,12.998937865108868,both,BOTH_QUALIFIED,False,,,ACET_009,opend,POC,True,dual,
ACET,艾切托,NASDAQ,2020-07-23,2020-10-21,2020-10-21,15.064,209.6,96.39776951672862,0.1345,13.1,96.39776951672862,15.064,209.6,12.913967073818375,both,BOTH_QUALIFIED,False,,,ACET_009,opend,POC,True,dual,
ACET,艾切托,NASDAQ,2020-07-24,2020-10-22,2020-10-22,15.064,205.76,94.61338289962825,0.1345,12.86,94.61338289962825,15.064,205.76,12.659054699946893,both,BOTH_QUALIFIED,False,,,ACET_009,opend,POC,True,dual,
ACET,艾切托,NASDAQ,2020-07-27,2020-10-25,2020-10-26,15.064,191.68,88.07063197026022,0.1345,11.98,88.07063197026022,15.064,191.68,11.72437599575146,both,BOTH_QUALIFIED,False,,,ACET_009,opend,POC,True,dual,
ACET,艾切托,NASDAQ,2020-07-28,2020-10-26,2020-10-26,15.064,191.68,88.07063197026022,0.1345,11.98,88.07063197026022,15.064,191.68,11.72437599575146,both,BOTH_QUALIFIED,False,,,ACET_009,opend,POC,True,dual,
ACET,艾切托,NASDAQ,2020-07-29,2020-10-27,2020-10-27,15.064,195.68,89.92936802973978,0.1345,12.23,89.92936802973978,15.064,195.68,11.989909718534255,both,BOTH_QUALIFIED,False,,,ACET_009,opend,POC,True,dual,
ACET,艾切托,NASDAQ,2020-07-30,2020-10-28,2020-10-28,15.064,180.32,82.79182156133828,0.1345,11.27,82.79182156133828,15.064,180.32,10.970260223048326,both,BOTH_QUALIFIED,False,,,ACET_009,opend,POC,True,dual,
ACET,艾切托,NASDAQ,2020-07-31,2020-10-29,2020-10-29,15.064,186.72,85.76579925650557,0.1345,11.67,85.76579925650557,15.064,186.72,11.395114179500796,both,BOTH_QUALIFIED,False,,,ACET_009,opend,POC,True,dual,
ACET,艾切托,NASDAQ,2020-08-03,2020-11-01,2020-11-02,15.064,165.76,76.02602230483271,0.1345,10.36,76.02602230483271,15.064,165.76,10.003717472118959,both,BOTH_QUALIFIED,False,,,ACET_009,opend,POC,True,dual,
ACET,艾切托,NASDAQ,2020-08-04,2020-11-02,2020-11-02,15.064,165.76,76.02602230483271,0.1345,10.36,76.02602230483271,15.064,165.76,10.003717472118959,both,BOTH_QUALIFIED,False,,,ACET_009,opend,POC,True,dual,
ACET,艾切托,NASDAQ,2020-08-05,2020-11-03,2020-11-03,15.064,172.16,79.0,0.1345,10.76,79.0,15.064,172.16,10.428571428571429,both,BOTH_QUALIFIED,False,,,ACET_009,opend,POC,True,dual,
ACET,艾切托,NASDAQ,2020-08-06,2020-11-04,2020-11-04,15.064,180.0,82.64312267657992,0.1345,11.25,82.64312267657992,15.064,180.0,10.949017525225704,both,BOTH_QUALIFIED,False,,,ACET_009,opend,POC,True,dual,
ACET,艾切托,NASDAQ,2020-08-07,2020-11-05,2020-11-05,15.064,190.72,87.62453531598513,0.1345,11.92,87.62453531598513,15.064,190.72,11.66064790228359,both,BOTH_QUALIFIED,False,,,ACET_009,opend,POC,True,dual,
ACET,艾切托,NASDAQ,2020-08-10,2020-11-08,2020-11-09,15.064,176.8,81.15613382899629,0.1345,11.05,81.15613382899629,15.064,176.8,10.73659054699947,both,BOTH_QUALIFIED,False,,,ACET_009,opend,POC,True,dual,
ACET,艾切托,NASDAQ,2020-08-11,2020-11-09,2020-11-09,15.064,176.8,81.15613382899629,0.1345,11.05,81.15613382899629,15.064,176.8,10.73659054699947,both,BOTH_QUALIFIED,False,,,ACET_009,opend,POC,True,dual,
ACET,艾切托,NASDAQ,2020-08-12,2020-11-10,2020-11-10,15.064,196.48,90.30111524163567,0.1345,12.28,90.30111524163567,15.064,196.48,12.043016463090812,both,BOTH_QUALIFIED,False,,,ACET_009,opend,POC,True,dual,
ACET,艾切托,NASDAQ,2020-08-13,2020-11-11,2020-11-11,15.064,191.36,87.92193308550186,0.1345,11.96,87.92193308550186,15.064,191.36,11.703133297928838,both,BOTH_QUALIFIED,False,,,ACET_009,opend,POC,True,dual,
ACET,艾切托,NASDAQ,2020-08-14,2020-11-12,2020-11-12,15.064,199.68,91.78810408921933,0.1345,12.48,91.78810408921933,15.064,199.68,12.255443441317048,both,BOTH_QUALIFIED,False,,,ACET_009,opend,POC,True,dual,
ACET,艾切托,NASDAQ,2020-08-17,2020-11-15,2020-11-16,15.064,201.12,92.45724907063196,0.1345,12.57,92.45724907063196,15.064,201.12,12.351035581518854,both,BOTH_QUALIFIED,False,,,ACET_009,opend,POC,True,dual,
ACET,艾切托,NASDAQ,2020-08-18,2020-11-16,2020-11-16,15.064,201.12,92.45724907063196,0.1345,12.57,92.45724907063196,15.064,201.12,12.351035581518854,both,BOTH_QUALIFIED,False,,,ACET_009,opend,POC,True,dual,
ACET,艾切托,NASDAQ,2020-08-19,2020-11-17,2020-11-17,15.064,212.48,97.73605947955389,0.1345,13.28,97.73605947955389,15.064,212.48,13.105151354221986,both,BOTH_QUALIFIED,False,,,ACET_009,opend,POC,True,dual,
ACET,艾切托,NASDAQ,2020-08-20,2020-11-18,2020-11-18,15.064,200.96,92.38289962825279,0.1345,12.56,92.38289962825279,15.064,200.96,12.340414232607541,both,BOTH_QUALIFIED,False,,,ACET_009,opend,POC,True,dual,
ACET,艾切托,NASDAQ,2020-08-21,2020-11-19,2020-11-19,15.064,196.0,90.07806691449814,0.1345,12.25,90.07806691449814,15.064,196.0,12.011152416356877,both,BOTH_QUALIFIED,False,,,ACET_009,opend,POC,True,dual,
ACET,艾切托,NASDAQ,2020-08-24,2020-11-22,2020-11-23,15.064,202.56,93.1263940520446,0.1345,12.66,93.1263940520446,15.064,202.56,12.446627721720658,both,BOTH_QUALIFIED,False,,,ACET_009,opend,POC,True,dual,
ACET,艾切托,NASDAQ,2025-10-29,2026-01-27,2026-01-27,0.7505,8.54,10.379080612924717,0.7505,8.54,10.379080612924717,12.008,8.54,-0.28880746169220517,raw,RAW_ONLY_REVIEW,True,,,ACET_010,opend,POC,True,dual,raw/adjusted qualification mismatch
ACET,艾切托,NASDAQ,2025-10-31,2026-01-29,2026-01-29,0.75,8.5,10.333333333333334,0.75,8.5,10.333333333333334,12.0,8.5,-0.29166666666666663,raw,RAW_ONLY_REVIEW,True,,,ACET_010,opend,POC,True,dual,raw/adjusted qualification mismatch
ACET,艾切托,NASDAQ,2025-11-04,2026-02-02,2026-02-02,0.6903,7.98,10.560191221208171,0.6903,7.98,10.560191221208171,11.0448,7.98,-0.2774880486744893,raw,RAW_ONLY_REVIEW,True,,,ACET_010,opend,POC,True,dual,raw/adjusted qualification mismatch
ACET,艾切托,NASDAQ,2025-11-05,2026-02-03,2026-02-03,0.69,7.7,10.159420289855074,0.69,7.7,10.159420289855074,11.04,7.7,-0.30253623188405787,raw,RAW_ONLY_REVIEW,True,,,ACET_010,opend,POC,True,dual,raw/adjusted qualification mismatch
ACET,艾切托,NASDAQ,2025-11-10,2026-02-08,2026-02-09,0.6569,7.25,10.036687471456842,0.6569,7.25,10.036687471456842,10.5104,7.25,-0.31020703303394737,raw,RAW_ONLY_REVIEW,True,,,ACET_010,opend,POC,True,dual,raw/adjusted qualification mismatch
ACET,艾切托,NASDAQ,2025-11-11,2026-02-09,2026-02-09,0.6462,7.25,10.219436706901888,0.6462,7.25,10.219436706901888,10.3392,7.25,-0.298785205818632,raw,RAW_ONLY_REVIEW,True,,,ACET_010,opend,POC,True,dual,raw/adjusted qualification mismatch
ACET,艾切托,NASDAQ,2025-11-17,2026-02-15,2026-02-17,0.5934,7.04,10.863835524098414,0.5934,7.04,10.863835524098414,9.4944,7.04,-0.2585102797438491,raw,RAW_ONLY_REVIEW,True,,,ACET_010,opend,POC,True,dual,raw/adjusted qualification mismatch
ACET,艾切托,NASDAQ,2025-11-18,2026-02-16,2026-02-17,0.6012,7.04,10.709913506320692,0.6012,7.04,10.709913506320692,9.6192,7.04,-0.26813040585495673,raw,RAW_ONLY_REVIEW,True,,,ACET_010,opend,POC,True,dual,raw/adjusted qualification mismatch
ACET,艾切托,NASDAQ,2025-11-19,2026-02-17,2026-02-17,0.5772,7.04,11.196812196812196,0.5772,7.04,11.196812196812196,9.2352,7.04,-0.23769923769923773,raw,RAW_ONLY_REVIEW,True,,,ACET_010,opend,POC,True,dual,raw/adjusted qualification mismatch
ACET,艾切托,NASDAQ,2025-11-20,2026-02-18,2026-02-18,0.5775,7.06,11.225108225108224,0.5775,7.06,11.225108225108224,9.24,7.06,-0.235930735930736,raw,RAW_ONLY_REVIEW,True,,,ACET_010,opend,POC,True,dual,raw/adjusted qualification mismatch
ACET,艾切托,NASDAQ,2025-11-21,2026-02-19,2026-02-19,0.6023,7.44,11.352648181969121,0.6023,7.44,11.352648181969121,9.6368,7.44,-0.22795948862692994,raw,RAW_ONLY_REVIEW,True,,,ACET_010,opend,POC,True,dual,raw/adjusted qualification mismatch
ACET,艾切托,NASDAQ,2025-11-24,2026-02-22,2026-02-23,0.6122,6.93,10.319830120875531,0.6122,6.93,10.319830120875531,9.7952,6.93,-0.2925106174452793,raw,RAW_ONLY_REVIEW,True,,,ACET_010,opend,POC,True,dual,raw/adjusted qualification mismatch
ACET,艾切托,NASDAQ,2025-11-25,2026-02-23,2026-02-23,0.5999,6.93,10.551925320886815,0.5999,6.93,10.551925320886815,9.5984,6.93,-0.2780046674445741,raw,RAW_ONLY_REVIEW,True,,,ACET_010,opend,POC,True,dual,raw/adjusted qualification mismatch
ACET,艾切托,NASDAQ,2025-11-26,2026-02-24,2026-02-24,0.601,7.36,11.246256239600667,0.601,7.36,11.246256239600667,9.616,7.36,-0.2346089850249583,raw,RAW_ONLY_REVIEW,True,,,ACET_010,opend,POC,True,dual,raw/adjusted qualification mismatch
ACET,艾切托,NASDAQ,2025-11-28,2026-02-26,2026-02-26,0.6482,7.32,10.29281086084542,0.6482,7.32,10.29281086084542,10.3712,7.32,-0.2941993211971613,raw,RAW_ONLY_REVIEW,True,,,ACET_010,opend,POC,True,dual,raw/adjusted qualification mismatch
ACET,艾切托,NASDAQ,2025-12-01,2026-03-01,2026-03-02,0.6103,7.29,10.944945108962806,0.6103,7.29,10.944945108962806,9.7648,7.29,-0.25344093068982465,raw,RAW_ONLY_REVIEW,True,,,ACET_010,opend,POC,True,dual,raw/adjusted qualification mismatch
ACET,艾切托,NASDAQ,2025-12-02,2026-03-02,2026-03-02,0.5601,7.29,12.015532940546331,0.5601,7.29,12.015532940546331,8.9616,7.29,-0.18652919121585432,raw,RAW_ONLY_REVIEW,True,,,ACET_010,opend,POC,True,dual,raw/adjusted qualification mismatch
ACET,艾切托,NASDAQ,2025-12-03,2026-03-03,2026-03-03,0.537,7.02,12.072625698324021,0.537,7.02,12.072625698324021,8.592,7.02,-0.18296089385474867,raw,RAW_ONLY_REVIEW,True,,,ACET_010,opend,POC,True,dual,raw/adjusted qualification mismatch
ACET,艾切托,NASDAQ,2025-12-04,2026-03-04,2026-03-04,0.555,7.57,12.63963963963964,0.555,7.57,12.63963963963964,8.88,7.57,-0.14752252252252251,raw,RAW_ONLY_REVIEW,True,,,ACET_010,opend,POC,True,dual,raw/adjusted qualification mismatch
ACET,艾切托,NASDAQ,2025-12-05,2026-03-05,2026-03-05,0.5342,7.46,12.964807188318982,0.5342,7.46,12.964807188318982,8.5472,7.46,-0.12719955073006362,raw,RAW_ONLY_REVIEW,True,,,ACET_010,opend,POC,True,dual,raw/adjusted qualification mismatch
ACET,艾切托,NASDAQ,2025-12-08,2026-03-08,2026-03-09,0.5242,7.61,13.517359786341093,0.5242,7.61,13.517359786341093,8.3872,7.61,-0.09266501335368171,raw,RAW_ONLY_REVIEW,True,,,ACET_010,opend,POC,True,dual,raw/adjusted qualification mismatch
ACET,艾切托,NASDAQ,2025-12-09,2026-03-09,2026-03-09,0.5362,7.61,13.192465497948527,0.5362,7.61,13.192465497948527,8.5792,7.61,-0.11297090637821705,raw,RAW_ONLY_REVIEW,True,,,ACET_010,opend,POC,True,dual,raw/adjusted qualification mismatch
ACET,艾切托,NASDAQ,2025-12-10,2026-03-10,2026-03-10,0.5487,7.53,12.72334609075998,0.5487,7.53,12.72334609075998,8.7792,7.53,-0.14229086932750123,raw,RAW_ONLY_REVIEW,True,,,ACET_010,opend,POC,True,dual,raw/adjusted qualification mismatch
ACET,艾切托,NASDAQ,2025-12-11,2026-03-11,2026-03-11,0.5168,7.47,13.454334365325076,0.5168,7.47,13.454334365325076,8.2688,7.47,-0.09660410216718274,raw,RAW_ONLY_REVIEW,True,,,ACET_010,opend,POC,True,dual,raw/adjusted qualification mismatch
ACET,艾切托,NASDAQ,2025-12-12,2026-03-12,2026-03-12,0.4987,7.04,13.11670342891518,0.4987,7.04,13.11670342891518,7.9792,7.04,-0.11770603569280125,raw,RAW_ONLY_REVIEW,True,,,ACET_010,opend,POC,True,dual,raw/adjusted qualification mismatch
ACET,艾切托,NASDAQ,2025-12-15,2026-03-15,2026-03-16,0.495,7.17,13.484848484848484,0.495,7.17,13.484848484848484,7.92,7.17,-0.09469696969696972,raw,RAW_ONLY_REVIEW,True,,,ACET_010,opend,POC,True,dual,raw/adjusted qualification mismatch
ACET,艾切托,NASDAQ,2025-12-16,2026-03-16,2026-03-16,0.465,7.17,14.419354838709676,0.465,7.17,14.419354838709676,7.44,7.17,-0.03629032258064524,raw,RAW_ONLY_REVIEW,True,,,ACET_010,opend,POC,True,dual,raw/adjusted qualification mismatch
ACET,艾切托,NASDAQ,2025-12-17,2026-03-17,2026-03-17,0.4703,7.19,14.288113969806508,0.4703,7.19,14.288113969806508,7.5248,7.19,-0.04449287688709325,raw,RAW_ONLY_REVIEW,True,,,ACET_010,opend,POC,True,dual,raw/adjusted qualification mismatch
ACET,艾切托,NASDAQ,2025-12-18,2026-03-18,2026-03-18,0.47,6.93,13.74468085106383,0.47,6.93,13.74468085106383,7.52,6.93,-0.07845744680851063,raw,RAW_ONLY_REVIEW,True,,,ACET_010,opend,POC,True,dual,raw/adjusted qualification mismatch
ACET,艾切托,NASDAQ,2025-12-19,2026-03-19,2026-03-19,0.4937,7.07,13.32043751265951,0.4937,7.07,13.32043751265951,7.8992,7.07,-0.10497265545878065,raw,RAW_ONLY_REVIEW,True,,,ACET_010,opend,POC,True,dual,raw/adjusted qualification mismatch
ACET,艾切托,NASDAQ,2025-12-22,2026-03-22,2026-03-23,0.4918,6.66,12.54209028060187,0.4918,6.66,12.54209028060187,7.8688,6.66,-0.1536193574623831,raw,RAW_ONLY_REVIEW,True,,,ACET_010,opend,POC,True,dual,raw/adjusted qualification mismatch
ACET,艾切托,NASDAQ,2025-12-23,2026-03-23,2026-03-23,0.4859,6.66,12.706523976126775,0.4859,6.66,12.706523976126775,7.7744,6.66,-0.14334225149207658,raw,RAW_ONLY_REVIEW,True,,,ACET_010,opend,POC,True,dual,raw/adjusted qualification mismatch
ACET,艾切托,NASDAQ,2025-12-24,2026-03-24,2026-03-24,0.5192,6.69,11.885208012326657,0.5192,6.69,11.885208012326657,8.3072,6.69,-0.1946744992295839,raw,RAW_ONLY_REVIEW,True,,,ACET_010,opend,POC,True,dual,raw/adjusted qualification mismatch
ACET,艾切托,NASDAQ,2025-12-26,2026-03-26,2026-03-26,0.52,6.73,11.942307692307693,0.52,6.73,11.942307692307693,8.32,6.73,-0.19110576923076916,raw,RAW_ONLY_REVIEW,True,,,ACET_010,opend,POC,True,dual,raw/adjusted qualification mismatch
ACET,艾切托,NASDAQ,2025-12-29,2026-03-29,2026-03-30,0.4921,6.11,11.416175574070312,0.4921,6.11,11.416175574070312,7.8736,6.11,-0.2239890266206055,raw,RAW_ONLY_REVIEW,True,,,ACET_010,opend,POC,True,dual,raw/adjusted qualification mismatch
ACFN,Acorn Energy,NASDAQ,2023-06-12,2023-09-10,2023-09-11,0.3,7.87,25.233333333333334,0.3,7.87,25.233333333333334,4.8,7.87,0.6395833333333334,raw,RAW_ONLY_REVIEW,True,,,ACFN_011,opend,POC,True,dual,raw/adjusted qualification mismatch
ACFN,Acorn Energy,NASDAQ,2023-06-13,2023-09-11,2023-09-11,0.31,7.87,24.387096774193548,0.31,7.87,24.387096774193548,4.96,7.87,0.5866935483870968,raw,RAW_ONLY_REVIEW,True,,,ACFN_011,opend,POC,True,dual,raw/adjusted qualification mismatch
ACFN,Acorn Energy,NASDAQ,2023-06-14,2023-09-12,2023-09-12,0.31,7.87,24.387096774193548,0.31,7.87,24.387096774193548,4.96,7.87,0.5866935483870968,raw,RAW_ONLY_REVIEW,True,,,ACFN_011,opend,POC,True,dual,raw/adjusted qualification mismatch
ACFN,Acorn Energy,NASDAQ,2023-06-15,2023-09-13,2023-09-13,0.31,7.87,24.387096774193548,0.31,7.87,24.387096774193548,4.96,7.87,0.5866935483870968,raw,RAW_ONLY_REVIEW,True,,,ACFN_011,opend,POC,True,dual,raw/adjusted qualification mismatch
ACFN,Acorn Energy,NASDAQ,2023-06-16,2023-09-14,2023-09-14,0.305,7.87,24.803278688524593,0.305,7.87,24.803278688524593,4.88,7.87,0.612704918032787,raw,RAW_ONLY_REVIEW,True,,,ACFN_011,opend,POC,True,dual,raw/adjusted qualification mismatch
ACFN,Acorn Energy,NASDAQ,2023-06-20,2023-09-18,2023-09-18,0.305,7.87,24.803278688524593,0.305,7.87,24.803278688524593,4.88,7.87,0.612704918032787,raw,RAW_ONLY_REVIEW,True,,,ACFN_011,opend,POC,True,dual,raw/adjusted qualification mismatch
ACFN,Acorn Energy,NASDAQ,2023-06-21,2023-09-19,2023-09-19,0.3125,7.87,24.184,0.3125,7.87,24.184,5.0,7.87,0.5740000000000001,raw,RAW_ONLY_REVIEW,True,,,ACFN_011,opend,POC,True,dual,raw/adjusted qualification mismatch
ACFN,Acorn Energy,NASDAQ,2023-06-22,2023-09-20,2023-09-20,0.31,7.87,24.387096774193548,0.31,7.87,24.387096774193548,4.96,7.87,0.5866935483870968,raw,RAW_ONLY_REVIEW,True,,,ACFN_011,opend,POC,True,dual,raw/adjusted qualification mismatch
ACFN,Acorn Energy,NASDAQ,2023-06-23,2023-09-21,2023-09-21,0.3116,7.87,24.25673940949936,0.3116,7.87,24.25673940949936,4.9856,7.87,0.57854621309371,raw,RAW_ONLY_REVIEW,True,,,ACFN_011,opend,POC,True,dual,raw/adjusted qualification mismatch
ACFN,Acorn Energy,NASDAQ,2023-06-26,2023-09-24,2023-09-25,0.31,7.87,24.387096774193548,0.31,7.87,24.387096774193548,4.96,7.87,0.5866935483870968,raw,RAW_ONLY_REVIEW,True,,,ACFN_011,opend,POC,True,dual,raw/adjusted qualification mismatch
ACFN,Acorn Energy,NASDAQ,2023-06-27,2023-09-25,2023-09-25,0.31,7.87,24.387096774193548,0.31,7.87,24.387096774193548,4.96,7.87,0.5866935483870968,raw,RAW_ONLY_REVIEW,True,,,ACFN_011,opend,POC,True,dual,raw/adjusted qualification mismatch
ACFN,Acorn Energy,NASDAQ,2023-06-28,2023-09-26,2023-09-26,0.3125,7.87,24.184,0.3125,7.87,24.184,5.0,7.87,0.5740000000000001,raw,RAW_ONLY_REVIEW,True,,,ACFN_011,opend,POC,True,dual,raw/adjusted qualification mismatch
ACFN,Acorn Energy,NASDAQ,2023-06-29,2023-09-27,2023-09-27,0.3125,7.87,24.184,0.3125,7.87,24.184,5.0,7.87,0.5740000000000001,raw,RAW_ONLY_REVIEW,True,,,ACFN_011,opend,POC,True,dual,raw/adjusted qualification mismatch
ACFN,Acorn Energy,NASDAQ,2023-06-30,2023-09-28,2023-09-28,0.32,7.87,23.59375,0.32,7.87,23.59375,5.12,7.87,0.537109375,raw,RAW_ONLY_REVIEW,True,,,ACFN_011,opend,POC,True,dual,raw/adjusted qualification mismatch
ACFN,Acorn Energy,NASDAQ,2023-07-03,2023-10-01,2023-10-02,0.33975,7.87,22.164091243561444,0.33975,7.87,22.164091243561444,5.436,7.87,0.44775570272259024,raw,RAW_ONLY_REVIEW,True,,,ACFN_011,opend,POC,True,dual,raw/adjusted qualification mismatch
ACFN,Acorn Energy,NASDAQ,2023-07-05,2023-10-03,2023-10-03,0.32,7.87,23.59375,0.32,7.87,23.59375,5.12,7.87,0.537109375,raw,RAW_ONLY_REVIEW,True,,,ACFN_011,opend,POC,True,dual,raw/adjusted qualification mismatch
ACFN,Acorn Energy,NASDAQ,2023-07-06,2023-10-04,2023-10-04,0.32,7.87,23.59375,0.32,7.87,23.59375,5.12,7.87,0.537109375,raw,RAW_ONLY_REVIEW,True,,,ACFN_011,opend,POC,True,dual,raw/adjusted qualification mismatch
ACFN,Acorn Energy,NASDAQ,2023-07-07,2023-10-05,2023-10-05,0.32,7.87,23.59375,0.32,7.87,23.59375,5.12,7.87,0.537109375,raw,RAW_ONLY_REVIEW,True,,,ACFN_011,opend,POC,True,dual,raw/adjusted qualification mismatch
ACFN,Acorn Energy,NASDAQ,2023-07-10,2023-10-08,2023-10-09,0.3225,6.37,18.751937984496124,0.3225,6.37,18.751937984496124,5.16,6.37,0.23449612403100772,raw,RAW_ONLY_REVIEW,True,,,ACFN_011,opend,POC,True,dual,raw/adjusted qualification mismatch
ACFN,Acorn Energy,NASDAQ,2023-07-11,2023-10-09,2023-10-09,0.32,6.37,18.90625,0.32,6.37,18.90625,5.12,6.37,0.244140625,raw,RAW_ONLY_REVIEW,True,,,ACFN_011,opend,POC,True,dual,raw/adjusted qualification mismatch
ACFN,Acorn Energy,NASDAQ,2023-07-12,2023-10-10,2023-10-10,0.33,6.37,18.3030303030303,0.33,6.37,18.3030303030303,5.28,6.37,0.2064393939393938,raw,RAW_ONLY_REVIEW,True,,,ACFN_011,opend,POC,True,dual,raw/adjusted qualification mismatch
ACFN,Acorn Energy,NASDAQ,2023-07-13,2023-10-11,2023-10-11,0.33,6.25,17.939393939393938,0.33,6.25,17.939393939393938,5.28,6.25,0.1837121212121211,raw,RAW_ONLY_REVIEW,True,,,ACFN_011,opend,POC,True,dual,raw/adjusted qualification mismatch
ACFN,Acorn Energy,NASDAQ,2023-07-14,2023-10-12,2023-10-12,0.3265,6.11,17.71362940275651,0.3265,6.11,17.71362940275651,5.224,6.11,0.16960183767228187,raw,RAW_ONLY_REVIEW,True,,,ACFN_011,opend,POC,True,dual,raw/adjusted qualification mismatch
ACFN,Acorn Energy,NASDAQ,2023-07-17,2023-10-15,2023-10-16,0.32575,6.1,17.726016884113584,0.32575,6.1,17.726016884113584,5.212,6.1,0.17037605525709898,raw,RAW_ONLY_REVIEW,True,,,ACFN_011,opend,POC,True,dual,raw/adjusted qualification mismatch
ACFN,Acorn Energy,NASDAQ,2023-07-18,2023-10-16,2023-10-16,0.33,6.1,17.484848484848484,0.33,6.1,17.484848484848484,5.28,6.1,0.15530303030303028,raw,RAW_ONLY_REVIEW,True,,,ACFN_011,opend,POC,True,dual,raw/adjusted qualification mismatch
ACFN,Acorn Energy,NASDAQ,2023-07-19,2023-10-17,2023-10-17,0.32,5.5,16.1875,0.32,5.5,16.1875,5.12,5.5,0.07421875,raw,RAW_ONLY_REVIEW,True,,,ACFN_011,opend,POC,True,dual,raw/adjusted qualification mismatch
ACFN,Acorn Energy,NASDAQ,2023-07-20,2023-10-18,2023-10-18,0.32,5.5,16.1875,0.32,5.5,16.1875,5.12,5.5,0.07421875,raw,RAW_ONLY_REVIEW,True,,,ACFN_011,opend,POC,True,dual,raw/adjusted qualification mismatch
ACFN,Acorn Energy,NASDAQ,2023-07-21,2023-10-19,2023-10-19,0.30775,5.21,15.929325751421608,0.30775,5.21,15.929325751421608,4.924,5.21,0.0580828594638505,raw,RAW_ONLY_REVIEW,True,,,ACFN_011,opend,POC,True,dual,raw/adjusted qualification mismatch
ACFN,Acorn Energy,NASDAQ,2023-07-24,2023-10-22,2023-10-23,0.2855,5.21,17.248686514886167,0.2855,5.21,17.248686514886167,4.568,5.21,0.14054290718038542,raw,RAW_ONLY_REVIEW,True,,,ACFN_011,opend,POC,True,dual,raw/adjusted qualification mismatch
ACFN,Acorn Energy,NASDAQ,2023-07-25,2023-10-23,2023-10-23,0.2855,5.21,17.248686514886167,0.2855,5.21,17.248686514886167,4.568,5.21,0.14054290718038542,raw,RAW_ONLY_REVIEW,True,,,ACFN_011,opend,POC,True,dual,raw/adjusted qualification mismatch
ACFN,Acorn Energy,NASDAQ,2023-07-26,2023-10-24,2023-10-24,0.29,5.0,16.24137931034483,0.29,5.0,16.24137931034483,4.64,5.0,0.07758620689655182,raw,RAW_ONLY_REVIEW,True,,,ACFN_011,opend,POC,True,dual,raw/adjusted qualification mismatch
ACFN,Acorn Energy,NASDAQ,2023-07-27,2023-10-25,2023-10-25,0.305,5.1,15.721311475409834,0.305,5.1,15.721311475409834,4.88,5.1,0.04508196721311464,raw,RAW_ONLY_REVIEW,True,,,ACFN_011,opend,POC,True,dual,raw/adjusted qualification mismatch
ACFN,Acorn Energy,NASDAQ,2023-07-28,2023-10-26,2023-10-26,0.3084,5.05,15.374837872892346,0.3084,5.05,15.374837872892346,4.9344,5.05,0.023427367055771642,raw,RAW_ONLY_REVIEW,True,,,ACFN_011,opend,POC,True,dual,raw/adjusted qualification mismatch
ACFN,Acorn Energy,NASDAQ,2023-07-31,2023-10-29,2023-10-30,0.31025,5.0,15.116035455277999,0.31025,5.0,15.116035455277999,4.964,5.0,0.007252215954874908,raw,RAW_ONLY_REVIEW,True,,,ACFN_011,opend,POC,True,dual,raw/adjusted qualification mismatch
ACFN,Acorn Energy,NASDAQ,2023-08-01,2023-10-30,2023-10-30,0.31,5.0,15.129032258064516,0.31,5.0,15.129032258064516,4.96,5.0,0.008064516129032251,raw,RAW_ONLY_REVIEW,True,,,ACFN_011,opend,POC,True,dual,raw/adjusted qualification mismatch
ACFN,Acorn Energy,NASDAQ,2023-08-02,2023-10-31,2023-10-31,0.31,4.96,15.0,0.31,4.96,15.0,4.96,4.96,0.0,raw,RAW_ONLY_REVIEW,True,,,ACFN_011,opend,POC,True,dual,raw/adjusted qualification mismatch
ACFN,Acorn Energy,NASDAQ,2023-08-03,2023-11-01,2023-11-01,0.3,5.1,16.0,0.3,5.1,16.0,4.8,5.1,0.0625,raw,RAW_ONLY_REVIEW,True,,,ACFN_011,opend,POC,True,dual,raw/adjusted qualification mismatch
ACFN,Acorn Energy,NASDAQ,2023-08-04,2023-11-02,2023-11-02,0.299,5.05,15.889632107023413,0.299,5.05,15.889632107023413,4.784,5.05,0.05560200668896331,raw,RAW_ONLY_REVIEW,True,,,ACFN_011,opend,POC,True,dual,raw/adjusted qualification mismatch
ACFN,Acorn Energy,NASDAQ,2023-08-07,2023-11-05,2023-11-06,0.3,5.05,15.833333333333332,0.3,5.05,15.833333333333332,4.8,5.05,0.05208333333333326,raw,RAW_ONLY_REVIEW,True,,,ACFN_011,opend,POC,True,dual,raw/adjusted qualification mismatch
ACFN,Acorn Energy,NASDAQ,2023-08-08,2023-11-06,2023-11-06,0.28,5.05,17.035714285714285,0.28,5.05,17.035714285714285,4.48,5.05,0.1272321428571428,raw,RAW_ONLY_REVIEW,True,,,ACFN_011,opend,POC,True,dual,raw/adjusted qualification mismatch
ACFN,Acorn Energy,NASDAQ,2023-08-09,2023-11-07,2023-11-07,0.3,5.05,15.833333333333332,0.3,5.05,15.833333333333332,4.8,5.05,0.05208333333333326,raw,RAW_ONLY_REVIEW,True,,,ACFN_011,opend,POC,True,dual,raw/adjusted qualification mismatch
ACFN,Acorn Energy,NASDAQ,2023-08-10,2023-11-08,2023-11-08,0.35,5.2,13.85714285714286,0.35,5.2,13.85714285714286,5.6,5.2,-0.07142857142857129,raw,RAW_ONLY_REVIEW,True,,,ACFN_011,opend,POC,True,dual,raw/adjusted qualification mismatch
ACFN,Acorn Energy,NASDAQ,2023-08-11,2023-11-09,2023-11-09,0.35,6.0,16.142857142857142,0.35,6.0,16.142857142857142,5.6,6.0,0.0714285714285714,raw,RAW_ONLY_REVIEW,True,,,ACFN_011,opend,POC,True,dual,raw/adjusted qualification mismatch
ACFN,Acorn Energy,NASDAQ,2023-08-14,2023-11-12,2023-11-13,0.32,6.7,19.9375,0.32,6.7,19.9375,5.12,6.7,0.30859375,raw,RAW_ONLY_REVIEW,True,,,ACFN_011,opend,POC,True,dual,raw/adjusted qualification mismatch
ACFN,Acorn Energy,NASDAQ,2023-08-15,2023-11-13,2023-11-13,0.34,6.7,18.705882352941174,0.34,6.7,18.705882352941174,5.44,6.7,0.23161764705882337,raw,RAW_ONLY_REVIEW,True,,,ACFN_011,opend,POC,True,dual,raw/adjusted qualification mismatch
ACFN,Acorn Energy,NASDAQ,2023-08-16,2023-11-14,2023-11-14,0.36,6.75,17.75,0.36,6.75,17.75,5.76,6.75,0.171875,raw,RAW_ONLY_REVIEW,True,,,ACFN_011,opend,POC,True,dual,raw/adjusted qualification mismatch
ACFN,Acorn Energy,NASDAQ,2023-08-17,2023-11-15,2023-11-15,0.31,6.95,21.41935483870968,0.31,6.95,21.41935483870968,4.96,6.95,0.401209677419355,raw,RAW_ONLY_REVIEW,True,,,ACFN_011,opend,POC,True,dual,raw/adjusted qualification mismatch
ACFN,Acorn Energy,NASDAQ,2023-08-18,2023-11-16,2023-11-16,0.36,7.25,19.13888888888889,0.36,7.25,19.13888888888889,5.76,7.25,0.2586805555555556,raw,RAW_ONLY_REVIEW,True,,,ACFN_011,opend,POC,True,dual,raw/adjusted qualification mismatch
ACFN,Acorn Energy,NASDAQ,2023-08-21,2023-11-19,2023-11-20,0.36,7.5,19.833333333333336,0.36,7.5,19.833333333333336,5.76,7.5,0.3020833333333335,raw,RAW_ONLY_REVIEW,True,,,ACFN_011,opend,POC,True,dual,raw/adjusted qualification mismatch
ACFN,Acorn Energy,NASDAQ,2023-08-22,2023-11-20,2023-11-20,0.36,7.5,19.833333333333336,0.36,7.5,19.833333333333336,5.76,7.5,0.3020833333333335,raw,RAW_ONLY_REVIEW,True,,,ACFN_011,opend,POC,True,dual,raw/adjusted qualification mismatch
ACFN,Acorn Energy,NASDAQ,2023-08-23,2023-11-21,2023-11-21,0.38,8.087,20.28157894736842,0.38,8.087,20.28157894736842,6.08,8.087,0.33009868421052624,raw,RAW_ONLY_REVIEW,True,,,ACFN_011,opend,POC,True,dual,raw/adjusted qualification mismatch
ACFN,Acorn Energy,NASDAQ,2023-08-24,2023-11-22,2023-11-22,0.38,7.75,19.394736842105264,0.38,7.75,19.394736842105264,6.08,7.75,0.274671052631579,raw,RAW_ONLY_REVIEW,True,,,ACFN_011,opend,POC,True,dual,raw/adjusted qualification mismatch
ACFN,Acorn Energy,NASDAQ,2023-08-25,2023-11-23,2023-11-24,0.36,7.6,20.11111111111111,0.36,7.6,20.11111111111111,5.76,7.6,0.3194444444444444,raw,RAW_ONLY_REVIEW,True,,,ACFN_011,opend,POC,True,dual,raw/adjusted qualification mismatch
ACFN,Acorn Energy,NASDAQ,2023-08-28,2023-11-26,2023-11-27,0.36995,7.41,19.029733747803757,0.36995,7.41,19.029733747803757,5.9192,7.41,0.2518583592377348,raw,RAW_ONLY_REVIEW,True,,,ACFN_011,opend,POC,True,dual,raw/adjusted qualification mismatch
ACFN,Acorn Energy,NASDAQ,2023-08-29,2023-11-27,2023-11-27,0.36,7.41,19.583333333333336,0.36,7.41,19.583333333333336,5.76,7.41,0.2864583333333335,raw,RAW_ONLY_REVIEW,True,,,ACFN_011,opend,POC,True,dual,raw/adjusted qualification mismatch
ACFN,Acorn Energy,NASDAQ,2023-08-30,2023-11-28,2023-11-28,0.3695,7.45,19.16238159675237,0.3695,7.45,19.16238159675237,5.912,7.45,0.260148849797023,raw,RAW_ONLY_REVIEW,True,,,ACFN_011,opend,POC,True,dual,raw/adjusted qualification mismatch
ACFN,Acorn Energy,NASDAQ,2023-08-31,2023-11-29,2023-11-29,0.36,7.43,19.63888888888889,0.36,7.43,19.63888888888889,5.76,7.43,0.2899305555555556,raw,RAW_ONLY_REVIEW,True,,,ACFN_011,opend,POC,True,dual,raw/adjusted qualification mismatch
ACFN,Acorn Energy,NASDAQ,2023-09-01,2023-11-30,2023-11-30,0.378,6.9,17.253968253968253,0.378,6.9,17.253968253968253,6.048,6.9,0.14087301587301582,raw,RAW_ONLY_REVIEW,True,,,ACFN_011,opend,POC,True,dual,raw/adjusted qualification mismatch
ACFN,Acorn Energy,NASDAQ,2023-09-05,2023-12-04,2023-12-04,0.36,7.1,18.72222222222222,0.36,7.1,18.72222222222222,5.76,7.1,0.23263888888888884,raw,RAW_ONLY_REVIEW,True,,,ACFN_011,opend,POC,True,dual,raw/adjusted qualification mismatch
ACFN,Acorn Energy,NASDAQ,2023-09-06,2023-12-05,2023-12-05,0.36,7.1,18.72222222222222,0.36,7.1,18.72222222222222,5.76,7.1,0.23263888888888884,raw,RAW_ONLY_REVIEW,True,,,ACFN_011,opend,POC,True,dual,raw/adjusted qualification mismatch
ACFN,Acorn Energy,NASDAQ,2023-09-07,2023-12-06,2023-12-06,0.4402,7.1,15.129032258064516,0.4402,7.1,15.129032258064516,7.0432,7.1,0.008064516129032251,raw,RAW_ONLY_REVIEW,True,,,ACFN_011,opend,POC,True,dual,raw/adjusted qualification mismatch
ACGN,Aceragen,NASDAQ,2022-10-20,2023-01-18,2023-01-18,0.3799,8.64,21.742827059752567,0.3799,8.64,21.742827059752567,6.4583,8.64,0.3378133564560333,raw,RAW_ONLY_REVIEW,True,,,ACGN_012,opend,POC,True,dual,raw/adjusted qualification mismatch
ACGN,Aceragen,NASDAQ,2022-10-21,2023-01-19,2023-01-19,0.39,5.76,13.769230769230768,0.39,5.76,13.769230769230768,6.63,5.76,-0.13122171945701355,raw,RAW_ONLY_REVIEW,True,,,ACGN_012,opend,POC,True,dual,raw/adjusted qualification mismatch
ACGN,Aceragen,NASDAQ,2022-10-24,2023-01-22,2023-01-23,0.39,4.94,11.666666666666668,0.39,4.94,11.666666666666668,6.63,4.94,-0.2549019607843137,raw,RAW_ONLY_REVIEW,True,,,ACGN_012,opend,POC,True,dual,raw/adjusted qualification mismatch
ACGN,Aceragen,NASDAQ,2022-10-25,2023-01-23,2023-01-23,0.3802,4.94,11.993161493950554,0.3802,4.94,11.993161493950554,6.4634,4.94,-0.235696382708791,raw,RAW_ONLY_REVIEW,True,,,ACGN_012,opend,POC,True,dual,raw/adjusted qualification mismatch
ACGN,Aceragen,NASDAQ,2022-10-26,2023-01-24,2023-01-24,0.38,5.6999,13.999736842105264,0.38,5.6999,13.999736842105264,6.46,5.6999,-0.11766253869969034,raw,RAW_ONLY_REVIEW,True,,,ACGN_012,opend,POC,True,dual,raw/adjusted qualification mismatch
ACGN,Aceragen,NASDAQ,2022-10-27,2023-01-25,2023-01-25,0.3863,5.1,12.202174475796014,0.3863,5.1,12.202174475796014,6.5671,5.1,-0.22340150142376392,raw,RAW_ONLY_REVIEW,True,,,ACGN_012,opend,POC,True,dual,raw/adjusted qualification mismatch
ACGN,Aceragen,NASDAQ,2022-10-28,2023-01-26,2023-01-26,0.3892,4.85,11.461459403905446,0.3892,4.85,11.461459403905446,6.6164,4.85,-0.26697297624085603,raw,RAW_ONLY_REVIEW,True,,,ACGN_012,opend,POC,True,dual,raw/adjusted qualification mismatch
ACGN,Aceragen,NASDAQ,2022-10-31,2023-01-29,2023-01-30,0.4279,5.005,10.696658097686376,0.4279,5.005,10.696658097686376,7.2743,5.005,-0.3119612883713897,raw,RAW_ONLY_REVIEW,True,,,ACGN_012,opend,POC,True,dual,raw/adjusted qualification mismatch
ACGN,Aceragen,NASDAQ,2022-11-03,2023-02-01,2023-02-01,0.4251,4.69,10.032698188661493,0.4251,4.69,10.032698188661493,7.2267,4.69,-0.3510177536081476,raw,RAW_ONLY_REVIEW,True,,,ACGN_012,opend,POC,True,dual,raw/adjusted qualification mismatch
ACGN,Aceragen,NASDAQ,2022-11-04,2023-02-02,2023-02-02,0.415,4.94,10.903614457831328,0.415,4.94,10.903614457831328,7.055,4.94,-0.29978738483345135,raw,RAW_ONLY_REVIEW,True,,,ACGN_012,opend,POC,True,dual,raw/adjusted qualification mismatch
ACGN,Aceragen,NASDAQ,2022-11-07,2023-02-05,2023-02-06,0.425,5.895,12.870588235294116,0.425,5.895,12.870588235294116,7.225,5.895,-0.184083044982699,raw,RAW_ONLY_REVIEW,True,,,ACGN_012,opend,POC,True,dual,raw/adjusted qualification mismatch
ACGN,Aceragen,NASDAQ,2022-11-08,2023-02-06,2023-02-06,0.399999,5.895,13.73753684384211,0.399999,5.895,13.73753684384211,6.799983,5.895,-0.1330860680092878,raw,RAW_ONLY_REVIEW,True,,,ACGN_012,opend,POC,True,dual,raw/adjusted qualification mismatch
ACGN,Aceragen,NASDAQ,2022-11-09,2023-02-07,2023-02-07,0.38,5.99,14.763157894736842,0.38,5.99,14.763157894736842,6.46,5.99,-0.0727554179566563,raw,RAW_ONLY_REVIEW,True,,,ACGN_012,opend,POC,True,dual,raw/adjusted qualification mismatch
ACGN,Aceragen,NASDAQ,2022-11-10,2023-02-08,2023-02-08,0.3919,5.77,13.723143659096706,0.3919,5.77,13.723143659096706,6.6623,5.77,-0.13393272593548777,raw,RAW_ONLY_REVIEW,True,,,ACGN_012,opend,POC,True,dual,raw/adjusted qualification mismatch
ACGN,Aceragen,NASDAQ,2022-11-11,2023-02-09,2023-02-09,0.4075,4.99,11.245398773006137,0.4075,4.99,11.245398773006137,6.9275,4.99,-0.27968242511728614,raw,RAW_ONLY_REVIEW,True,,,ACGN_012,opend,POC,True,dual,raw/adjusted qualification mismatch
ACGN,Aceragen,NASDAQ,2022-11-14,2023-02-12,2023-02-13,0.395201,4.95,11.525271950222798,0.395201,4.95,11.525271950222798,6.718417,4.95,-0.26321929704571767,raw,RAW_ONLY_REVIEW,True,,,ACGN_012,opend,POC,True,dual,raw/adjusted qualification mismatch
ACGN,Aceragen,NASDAQ,2022-11-15,2023-02-13,2023-02-13,0.3922,4.95,11.621111677715453,0.3922,4.95,11.621111677715453,6.6674,4.95,-0.25758166601673815,raw,RAW_ONLY_REVIEW,True,,,ACGN_012,opend,POC,True,dual,raw/adjusted qualification mismatch
ACGN,Aceragen,NASDAQ,2022-11-16,2023-02-14,2023-02-14,0.36,4.92,12.666666666666668,0.36,4.92,12.666666666666668,6.12,4.92,-0.1960784313725491,raw,RAW_ONLY_REVIEW,True,,,ACGN_012,opend,POC,True,dual,raw/adjusted qualification mismatch
ACGN,Aceragen,NASDAQ,2022-11-17,2023-02-15,2023-02-15,0.3551,4.99,13.052379611377077,0.3551,4.99,13.052379611377077,6.0367,4.99,-0.17338943462487777,raw,RAW_ONLY_REVIEW,True,,,ACGN_012,opend,POC,True,dual,raw/adjusted qualification mismatch
ACGN,Aceragen,NASDAQ,2022-11-18,2023-02-16,2023-02-16,0.3601,4.91,12.635101360733131,0.3601,4.91,12.635101360733131,6.1217,4.91,-0.19793521407452175,raw,RAW_ONLY_REVIEW,True,,,ACGN_012,opend,POC,True,dual,raw/adjusted qualification mismatch
ACGN,Aceragen,NASDAQ,2022-11-21,2023-02-19,2023-02-21,0.355,4.93,12.887323943661972,0.355,4.93,12.887323943661972,6.035,4.93,-0.18309859154929586,raw,RAW_ONLY_REVIEW,True,,,ACGN_012,opend,POC,True,dual,raw/adjusted qualification mismatch
ACGN,Aceragen,NASDAQ,2022-11-22,2023-02-20,2023-02-21,0.3433,4.93,13.360617535683076,0.3433,4.93,13.360617535683076,5.8361,4.93,-0.15525779201864265,raw,RAW_ONLY_REVIEW,True,,,ACGN_012,opend,POC,True,dual,raw/adjusted qualification mismatch
ACGN,Aceragen,NASDAQ,2022-11-23,2023-02-21,2023-02-21,0.3583,4.93,12.759419480881942,0.3583,4.93,12.759419480881942,6.0911,4.93,-0.1906223834775328,raw,RAW_ONLY_REVIEW,True,,,ACGN_012,opend,POC,True,dual,raw/adjusted qualification mismatch
ACGN,Aceragen,NASDAQ,2022-11-25,2023-02-23,2023-02-23,0.3671,5.02,12.674748025061291,0.3671,5.02,12.674748025061291,6.2407,5.02,-0.19560305734933592,raw,RAW_ONLY_REVIEW,True,,,ACGN_012,opend,POC,True,dual,raw/adjusted qualification mismatch
ACGN,Aceragen,NASDAQ,2022-11-28,2023-02-26,2023-02-27,0.3707,4.51,11.166172106824925,0.3707,4.51,11.166172106824925,6.3019,4.51,-0.2843428172455926,raw,RAW_ONLY_REVIEW,True,,,ACGN_012,opend,POC,True,dual,raw/adjusted qualification mismatch
ACGN,Aceragen,NASDAQ,2022-11-29,2023-02-27,2023-02-27,0.3322,4.51,12.57615894039735,0.3322,4.51,12.57615894039735,5.6474,4.51,-0.2014024152707441,raw,RAW_ONLY_REVIEW,True,,,ACGN_012,opend,POC,True,dual,raw/adjusted qualification mismatch
ACGN,Aceragen,NASDAQ,2022-11-30,2023-02-28,2023-02-28,0.3037,4.5,13.81725386894962,0.3037,4.5,13.81725386894962,5.1629,4.5,-0.1283968312382575,raw,RAW_ONLY_REVIEW,True,,,ACGN_012,opend,POC,True,dual,raw/adjusted qualification mismatch
ACGN,Aceragen,NASDAQ,2022-12-01,2023-03-01,2023-03-01,0.315,4.21,12.365079365079366,0.315,4.21,12.365079365079366,5.355,4.21,-0.21381886087768442,raw,RAW_ONLY_REVIEW,True,,,ACGN_012,opend,POC,True,dual,raw/adjusted qualification mismatch
ACGN,Aceragen,NASDAQ,2022-12-02,2023-03-02,2023-03-02,0.3292,4.39,12.335358444714458,0.3292,4.39,12.335358444714458,5.5964,4.39,-0.21556715031091422,raw,RAW_ONLY_REVIEW,True,,,ACGN_012,opend,POC,True,dual,raw/adjusted qualification mismatch
ACGN,Aceragen,NASDAQ,2022-12-05,2023-03-05,2023-03-06,0.32,4.58,13.3125,0.32,4.58,13.3125,5.44,4.58,-0.15808823529411764,raw,RAW_ONLY_REVIEW,True,,,ACGN_012,opend,POC,True,dual,raw/adjusted qualification mismatch
ACGN,Aceragen,NASDAQ,2022-12-06,2023-03-06,2023-03-06,0.3039,4.58,14.070746956235604,0.3039,4.58,14.070746956235604,5.1663,4.58,-0.11348547316261148,raw,RAW_ONLY_REVIEW,True,,,ACGN_012,opend,POC,True,dual,raw/adjusted qualification mismatch
ACGN,Aceragen,NASDAQ,2022-12-07,2023-03-07,2023-03-07,0.3036,4.37,13.393939393939394,0.3036,4.37,13.393939393939394,5.1612,4.37,-0.15329768270944744,raw,RAW_ONLY_REVIEW,True,,,ACGN_012,opend,POC,True,dual,raw/adjusted qualification mismatch
ACGN,Aceragen,NASDAQ,2022-12-08,2023-03-08,2023-03-08,0.3,4.63,14.433333333333334,0.3,4.63,14.433333333333334,5.1,4.63,-0.09215686274509804,raw,RAW_ONLY_REVIEW,True,,,ACGN_012,opend,POC,True,dual,raw/adjusted qualification mismatch
ACGN,Aceragen,NASDAQ,2022-12-09,2023-03-09,2023-03-09,0.2902,4.28,13.748449345279118,0.2902,4.28,13.748449345279118,4.9334,4.28,-0.13244415616005178,raw,RAW_ONLY_REVIEW,True,,,ACGN_012,opend,POC,True,dual,raw/adjusted qualification mismatch
ACGN,Aceragen,NASDAQ,2022-12-12,2023-03-12,2023-03-13,0.2917,4.02,12.781282139184091,0.2917,4.02,12.781282139184091,4.9589,4.02,-0.18933634475387695,raw,RAW_ONLY_REVIEW,True,,,ACGN_012,opend,POC,True,dual,raw/adjusted qualification mismatch
ACGN,Aceragen,NASDAQ,2022-12-13,2023-03-13,2023-03-13,0.2993,4.02,12.43133979284998,0.2993,4.02,12.43133979284998,5.0881,4.02,-0.20992118865588338,raw,RAW_ONLY_REVIEW,True,,,ACGN_012,opend,POC,True,dual,raw/adjusted qualification mismatch
ACGN,Aceragen,NASDAQ,2022-12-14,2023-03-14,2023-03-14,0.2801,4.04,13.423420207068903,0.2801,4.04,13.423420207068903,4.7617,4.04,-0.15156351723124095,raw,RAW_ONLY_REVIEW,True,,,ACGN_012,opend,POC,True,dual,raw/adjusted qualification mismatch
ACGN,Aceragen,NASDAQ,2022-12-15,2023-03-15,2023-03-15,0.275,4.21,14.309090909090907,0.275,4.21,14.309090909090907,4.675,4.21,-0.09946524064171125,raw,RAW_ONLY_REVIEW,True,,,ACGN_012,opend,POC,True,dual,raw/adjusted qualification mismatch
ACGN,Aceragen,NASDAQ,2022-12-16,2023-03-16,2023-03-16,0.27,4.16,14.407407407407407,0.27,4.16,14.407407407407407,4.59,4.16,-0.0936819172113289,raw,RAW_ONLY_REVIEW,True,,,ACGN_012,opend,POC,True,dual,raw/adjusted qualification mismatch
ACGN,Aceragen,NASDAQ,2022-12-19,2023-03-19,2023-03-20,0.26,3.0,10.538461538461538,0.26,3.0,10.538461538461538,4.42,3.0,-0.3212669683257918,raw,RAW_ONLY_REVIEW,True,,,ACGN_012,opend,POC,True,dual,raw/adjusted qualification mismatch
ACGN,Aceragen,NASDAQ,2022-12-20,2023-03-20,2023-03-20,0.2504,3.0,10.980830670926517,0.2504,3.0,10.980830670926517,4.2568,3.0,-0.2952452546513813,raw,RAW_ONLY_REVIEW,True,,,ACGN_012,opend,POC,True,dual,raw/adjusted qualification mismatch
ACGN,Aceragen,NASDAQ,2022-12-21,2023-03-21,2023-03-21,0.25,3.01,11.04,0.25,3.01,11.04,4.25,3.01,-0.29176470588235304,raw,RAW_ONLY_REVIEW,True,,,ACGN_012,opend,POC,True,dual,raw/adjusted qualification mismatch
ACGN,Aceragen,NASDAQ,2022-12-23,2023-03-23,2023-03-23,0.2418,2.74,10.33167907361456,0.2418,2.74,10.33167907361456,4.1106,2.74,-0.3334306427285554,raw,RAW_ONLY_REVIEW,True,,,ACGN_012,opend,POC,True,dual,raw/adjusted qualification mismatch
ACHV,Achieve Life,NASDAQ,2020-05-04,2020-08-02,2020-08-03,0.4553,11.72,24.741269492642218,0.4553,11.72,24.741269492642218,9.106,11.72,0.2870634746321108,raw,RAW_ONLY_REVIEW,True,,,ACHV_013,opend,POC,True,dual,raw/adjusted qualification mismatch
ACHV,Achieve Life,NASDAQ,2020-05-05,2020-08-03,2020-08-03,0.4407,11.72,25.594054912638985,0.4407,11.72,25.594054912638985,8.814,11.72,0.32970274563194923,raw,RAW_ONLY_REVIEW,True,,,ACHV_013,opend,POC,True,dual,raw/adjusted qualification mismatch
ACHV,Achieve Life,NASDAQ,2020-05-06,2020-08-04,2020-08-04,0.41,10.73,25.170731707317074,0.41,10.73,25.170731707317074,8.199999999,10.73,0.3085365855254314,raw,RAW_ONLY_REVIEW,True,,,ACHV_013,opend,POC,True,dual,raw/adjusted qualification mismatch
ACHV,Achieve Life,NASDAQ,2020-05-07,2020-08-05,2020-08-05,0.42,11.73,26.92857142857143,0.42,11.73,26.92857142857143,8.4,11.73,0.39642857142857135,raw,RAW_ONLY_REVIEW,True,,,ACHV_013,opend,POC,True,dual,raw/adjusted qualification mismatch
ACHV,Achieve Life,NASDAQ,2020-05-08,2020-08-06,2020-08-06,0.42,11.7,26.857142857142858,0.42,11.7,26.857142857142858,8.4,11.7,0.3928571428571428,raw,RAW_ONLY_REVIEW,True,,,ACHV_013,opend,POC,True,dual,raw/adjusted qualification mismatch
ACHV,Achieve Life,NASDAQ,2020-05-11,2020-08-09,2020-08-10,0.45,11.13,23.733333333333334,0.45,11.13,23.733333333333334,9.0,11.13,0.2366666666666668,raw,RAW_ONLY_REVIEW,True,,,ACHV_013,opend,POC,True,dual,raw/adjusted qualification mismatch
ACHV,Achieve Life,NASDAQ,2020-05-12,2020-08-10,2020-08-10,0.43,11.13,24.88372093023256,0.43,11.13,24.88372093023256,8.6,11.13,0.29418604651162794,raw,RAW_ONLY_REVIEW,True,,,ACHV_013,opend,POC,True,dual,raw/adjusted qualification mismatch
ACHV,Achieve Life,NASDAQ,2020-05-13,2020-08-11,2020-08-11,0.3949,9.84,23.9177006837174,0.3949,9.84,23.9177006837174,7.897999999,9.84,0.24588503434361675,raw,RAW_ONLY_REVIEW,True,,,ACHV_013,opend,POC,True,dual,raw/adjusted qualification mismatch
ACHV,Achieve Life,NASDAQ,2020-05-14,2020-08-12,2020-08-12,0.39,9.27,22.769230769230766,0.39,9.27,22.769230769230766,7.8,9.27,0.18846153846153846,raw,RAW_ONLY_REVIEW,True,,,ACHV_013,opend,POC,True,dual,raw/adjusted qualification mismatch
ACHV,Achieve Life,NASDAQ,2020-05-15,2020-08-13,2020-08-13,0.365,8.87,23.301369863013697,0.365,8.87,23.301369863013697,7.3,8.87,0.21506849315068477,raw,RAW_ONLY_REVIEW,True,,,ACHV_013,opend,POC,True,dual,raw/adjusted qualification mismatch
ACHV,Achieve Life,NASDAQ,2020-05-18,2020-08-16,2020-08-17,0.38,9.24,23.315789473684212,0.38,9.24,23.315789473684212,7.6,9.24,0.21578947368421053,raw,RAW_ONLY_REVIEW,True,,,ACHV_013,opend,POC,True,dual,raw/adjusted qualification mismatch
ACHV,Achieve Life,NASDAQ,2020-05-19,2020-08-17,2020-08-17,0.3993,9.24,22.140495867768596,0.3993,9.24,22.140495867768596,7.986,9.24,0.1570247933884299,raw,RAW_ONLY_REVIEW,True,,,ACHV_013,opend,POC,True,dual,raw/adjusted qualification mismatch
ACHV,Achieve Life,NASDAQ,2020-05-20,2020-08-18,2020-08-18,0.3968,9.03,21.757056451612904,0.3968,9.03,21.757056451612904,7.936,9.03,0.13785282258064502,raw,RAW_ONLY_REVIEW,True,,,ACHV_013,opend,POC,True,dual,raw/adjusted qualification mismatch
ACHV,Achieve Life,NASDAQ,2020-05-21,2020-08-19,2020-08-19,0.41,8.62,20.024390243902438,0.41,8.62,20.024390243902438,8.199999999,8.62,0.05121951232331945,raw,RAW_ONLY_REVIEW,True,,,ACHV_013,opend,POC,True,dual,raw/adjusted qualification mismatch
ACHV,Achieve Life,NASDAQ,2020-05-22,2020-08-20,2020-08-20,0.4159,8.8,20.158932435681656,0.4159,8.8,20.158932435681656,8.318,8.8,0.05794662178408294,raw,RAW_ONLY_REVIEW,True,,,ACHV_013,opend,POC,True,dual,raw/adjusted qualification mismatch
ACHV,Achieve Life,NASDAQ,2020-05-26,2020-08-24,2020-08-24,0.4199,7.94,17.9092641105025,0.4199,7.94,17.9092641105025,8.398,7.94,-0.05453679447487492,raw,RAW_ONLY_REVIEW,True,,,ACHV_013,opend,POC,True,dual,raw/adjusted qualification mismatch
ACHV,Achieve Life,NASDAQ,2020-05-27,2020-08-25,2020-08-25,0.4105,8.61,19.97442143727162,0.4105,8.61,19.97442143727162,8.209999999,8.61,0.04872107199131781,raw,RAW_ONLY_REVIEW,True,,,ACHV_013,opend,POC,True,dual,raw/adjusted qualification mismatch
ACHV,Achieve Life,NASDAQ,2020-05-28,2020-08-26,2020-08-26,0.4055,8.11,18.999999999999996,0.4055,8.11,18.999999999999996,8.11,8.11,0.0,raw,RAW_ONLY_REVIEW,True,,,ACHV_013,opend,POC,True,dual,raw/adjusted qualification mismatch
ACHV,Achieve Life,NASDAQ,2020-05-29,2020-08-27,2020-08-27,0.4083,7.92,18.397501836884643,0.4083,7.92,18.397501836884643,8.166,7.92,-0.03012490815576785,raw,RAW_ONLY_REVIEW,True,,,ACHV_013,opend,POC,True,dual,raw/adjusted qualification mismatch
ACHV,Achieve Life,NASDAQ,2020-06-01,2020-08-30,2020-08-31,0.4144,8.17,18.715250965250966,0.4144,8.17,18.715250965250966,8.288,8.17,-0.014237451737451723,raw,RAW_ONLY_REVIEW,True,,,ACHV_013,opend,POC,True,dual,raw/adjusted qualification mismatch
ACHV,Achieve Life,NASDAQ,2020-06-02,2020-08-31,2020-08-31,0.42,8.17,18.452380952380953,0.42,8.17,18.452380952380953,8.4,8.17,-0.027380952380952395,raw,RAW_ONLY_REVIEW,True,,,ACHV_013,opend,POC,True,dual,raw/adjusted qualification mismatch
ACHV,Achieve Life,NASDAQ,2020-06-03,2020-09-01,2020-09-01,0.42,7.82,17.61904761904762,0.42,7.82,17.61904761904762,8.4,7.82,-0.06904761904761902,raw,RAW_ONLY_REVIEW,True,,,ACHV_013,opend,POC,True,dual,raw/adjusted qualification mismatch
ACHV,Achieve Life,NASDAQ,2020-06-04,2020-09-02,2020-09-02,0.45,7.64,15.977777777777778,0.45,7.64,15.977777777777778,9.0,7.64,-0.1511111111111112,raw,RAW_ONLY_REVIEW,True,,,ACHV_013,opend,POC,True,dual,raw/adjusted qualification mismatch
ACHV,Achieve Life,NASDAQ,2020-06-05,2020-09-03,2020-09-03,0.4719,7.39,14.660097478279296,0.4719,7.39,14.660097478279296,9.438,7.39,-0.21699512608603522,raw,RAW_ONLY_REVIEW,True,,,ACHV_013,opend,POC,True,dual,raw/adjusted qualification mismatch
ACHV,Achieve Life,NASDAQ,2020-06-08,2020-09-06,2020-09-08,0.4679,7.55,15.135926480017098,0.4679,7.55,15.135926480017098,9.358,7.55,-0.19320367599914523,raw,RAW_ONLY_REVIEW,True,,,ACHV_013,opend,POC,True,dual,raw/adjusted qualification mismatch
ACHV,Achieve Life,NASDAQ,2020-06-09,2020-09-07,2020-09-08,0.4508,7.55,15.748003549245787,0.4508,7.55,15.748003549245787,9.016,7.55,-0.16259982253771077,raw,RAW_ONLY_REVIEW,True,,,ACHV_013,opend,POC,True,dual,raw/adjusted qualification mismatch
ACHV,Achieve Life,NASDAQ,2020-06-10,2020-09-08,2020-09-08,0.4647,7.55,15.247041101786099,0.4647,7.55,15.247041101786099,9.294,7.55,-0.18764794491069514,raw,RAW_ONLY_REVIEW,True,,,ACHV_013,opend,POC,True,dual,raw/adjusted qualification mismatch
ACHV,Achieve Life,NASDAQ,2020-06-11,2020-09-09,2020-09-09,0.4113,7.31,16.772915147094576,0.4113,7.31,16.772915147094576,8.226,7.31,-0.11135424264527127,raw,RAW_ONLY_REVIEW,True,,,ACHV_013,opend,POC,True,dual,raw/adjusted qualification mismatch
ACHV,Achieve Life,NASDAQ,2020-06-12,2020-09-10,2020-09-10,0.41,8.05,18.634146341463417,0.41,8.05,18.634146341463417,8.199999999,8.05,-0.018292682807108718,raw,RAW_ONLY_REVIEW,True,,,ACHV_013,opend,POC,True,dual,raw/adjusted qualification mismatch
ACHV,Achieve Life,NASDAQ,2020-06-15,2020-09-13,2020-09-14,0.424,8.96,20.132075471698116,0.424,8.96,20.132075471698116,8.48,8.96,0.05660377358490565,raw,RAW_ONLY_REVIEW,True,,,ACHV_013,opend,POC,True,dual,raw/adjusted qualification mismatch
ACHV,Achieve Life,NASDAQ,2020-06-16,2020-09-14,2020-09-14,0.437,8.96,19.503432494279178,0.437,8.96,19.503432494279178,8.74,8.96,0.02517162471395884,raw,RAW_ONLY_REVIEW,True,,,ACHV_013,opend,POC,True,dual,raw/adjusted qualification mismatch
ACHV,Achieve Life,NASDAQ,2020-06-17,2020-09-15,2020-09-15,0.4271,9.9,22.179583235776168,0.4271,9.9,22.179583235776168,8.542,9.9,0.15897916178880833,raw,RAW_ONLY_REVIEW,True,,,ACHV_013,opend,POC,True,dual,raw/adjusted qualification mismatch
ACHV,Achieve Life,NASDAQ,2020-06-18,2020-09-16,2020-09-16,0.4227,9.98,22.610125384433402,0.4227,9.98,22.610125384433402,8.454,9.98,0.18050626922167012,raw,RAW_ONLY_REVIEW,True,,,ACHV_013,opend,POC,True,dual,raw/adjusted qualification mismatch
ACHV,Achieve Life,NASDAQ,2020-06-19,2020-09-17,2020-09-17,0.4076,10.97,25.913640824337588,0.4076,10.97,25.913640824337588,8.152,10.97,0.3456820412168795,raw,RAW_ONLY_REVIEW,True,,,ACHV_013,opend,POC,True,dual,raw/adjusted qualification mismatch
ACHV,Achieve Life,NASDAQ,2020-06-22,2020-09-20,2020-09-21,0.4157,9.28,21.32379119557373,0.4157,9.28,21.32379119557373,8.314,9.28,0.11618955977868639,raw,RAW_ONLY_REVIEW,True,,,ACHV_013,opend,POC,True,dual,raw/adjusted qualification mismatch
ACHV,Achieve Life,NASDAQ,2020-06-23,2020-09-21,2020-09-21,0.424,9.28,20.88679245283019,0.424,9.28,20.88679245283019,8.48,9.28,0.09433962264150941,raw,RAW_ONLY_REVIEW,True,,,ACHV_013,opend,POC,True,dual,raw/adjusted qualification mismatch
ACHV,Achieve Life,NASDAQ,2020-06-24,2020-09-22,2020-09-22,0.4061,9.43,22.220881556266928,0.4061,9.43,22.220881556266928,8.122,9.43,0.1610440778133464,raw,RAW_ONLY_REVIEW,True,,,ACHV_013,opend,POC,True,dual,raw/adjusted qualification mismatch
ACHV,Achieve Life,NASDAQ,2020-06-25,2020-09-23,2020-09-23,0.416,8.93,20.466346153846153,0.416,8.93,20.466346153846153,8.32,8.93,0.07331730769230771,raw,RAW_ONLY_REVIEW,True,,,ACHV_013,opend,POC,True,dual,raw/adjusted qualification mismatch
ACHV,Achieve Life,NASDAQ,2020-06-26,2020-09-24,2020-09-24,0.4128,8.64,19.930232558139537,0.4128,8.64,19.930232558139537,8.256,8.64,0.04651162790697683,raw,RAW_ONLY_REVIEW,True,,,ACHV_013,opend,POC,True,dual,raw/adjusted qualification mismatch
ACHV,Achieve Life,NASDAQ,2020-06-29,2020-09-27,2020-09-28,0.388,8.84,21.783505154639172,0.388,8.84,21.783505154639172,7.76,8.84,0.1391752577319587,raw,RAW_ONLY_REVIEW,True,,,ACHV_013,opend,POC,True,dual,raw/adjusted qualification mismatch
ACHV,Achieve Life,NASDAQ,2020-06-30,2020-09-28,2020-09-28,0.397,8.84,21.267002518891687,0.397,8.84,21.267002518891687,7.94,8.84,0.11335012594458438,raw,RAW_ONLY_REVIEW,True,,,ACHV_013,opend,POC,True,dual,raw/adjusted qualification mismatch
ACHV,Achieve Life,NASDAQ,2020-07-01,2020-09-29,2020-09-29,0.3989,8.71,20.835046377538234,0.3989,8.71,20.835046377538234,7.978,8.71,0.0917523188769116,raw,RAW_ONLY_REVIEW,True,,,ACHV_013,opend,POC,True,dual,raw/adjusted qualification mismatch
ACHV,Achieve Life,NASDAQ,2020-07-02,2020-09-30,2020-09-30,0.3984,8.37,20.009036144578314,0.3984,8.37,20.009036144578314,7.968,8.37,0.05045180722891551,raw,RAW_ONLY_REVIEW,True,,,ACHV_013,opend,POC,True,dual,raw/adjusted qualification mismatch
ACHV,Achieve Life,NASDAQ,2020-07-06,2020-10-04,2020-10-05,0.4032,8.66,20.478174603174605,0.4032,8.66,20.478174603174605,8.064,8.66,0.07390873015873023,raw,RAW_ONLY_REVIEW,True,,,ACHV_013,opend,POC,True,dual,raw/adjusted qualification mismatch
ACHV,Achieve Life,NASDAQ,2020-07-07,2020-10-05,2020-10-05,0.4231,8.66,19.467974474119593,0.4231,8.66,19.467974474119593,8.461999999,8.66,0.02339872382692021,raw,RAW_ONLY_REVIEW,True,,,ACHV_013,opend,POC,True,dual,raw/adjusted qualification mismatch
ACHV,Achieve Life,NASDAQ,2020-07-08,2020-10-06,2020-10-06,0.4102,8.58,19.91662603607996,0.4102,8.58,19.91662603607996,8.204,8.58,0.04583130180399797,raw,RAW_ONLY_REVIEW,True,,,ACHV_013,opend,POC,True,dual,raw/adjusted qualification mismatch
ACHV,Achieve Life,NASDAQ,2020-07-09,2020-10-07,2020-10-07,0.4128,9.21,21.311046511627907,0.4128,9.21,21.311046511627907,8.256,9.21,0.1155523255813955,raw,RAW_ONLY_REVIEW,True,,,ACHV_013,opend,POC,True,dual,raw/adjusted qualification mismatch
ACHV,Achieve Life,NASDAQ,2020-07-10,2020-10-08,2020-10-08,0.398,9.87,23.79899497487437,0.398,9.87,23.79899497487437,7.96,9.87,0.23994974874371855,raw,RAW_ONLY_REVIEW,True,,,ACHV_013,opend,POC,True,dual,raw/adjusted qualification mismatch
ACHV,Achieve Life,NASDAQ,2020-07-13,2020-10-11,2020-10-12,0.3798,9.78,24.750394944707736,0.3798,9.78,24.750394944707736,7.596,9.78,0.287519747235387,raw,RAW_ONLY_REVIEW,True,,,ACHV_013,opend,POC,True,dual,raw/adjusted qualification mismatch
ACHV,Achieve Life,NASDAQ,2020-07-14,2020-10-12,2020-10-12,0.3951,9.78,23.753227031131356,0.3951,9.78,23.753227031131356,7.902,9.78,0.23766135155656776,raw,RAW_ONLY_REVIEW,True,,,ACHV_013,opend,POC,True,dual,raw/adjusted qualification mismatch
ACHV,Achieve Life,NASDAQ,2020-07-15,2020-10-13,2020-10-13,0.3881,9.3,22.962896160783306,0.3881,9.3,22.962896160783306,7.762,9.3,0.19814480803916523,raw,RAW_ONLY_REVIEW,True,,,ACHV_013,opend,POC,True,dual,raw/adjusted qualification mismatch
ACHV,Achieve Life,NASDAQ,2020-07-16,2020-10-14,2020-10-14,0.3974,8.92,21.44589833920483,0.3974,8.92,21.44589833920483,7.947999999,8.92,0.12229491710144624,raw,RAW_ONLY_REVIEW,True,,,ACHV_013,opend,POC,True,dual,raw/adjusted qualification mismatch
ACHV,Achieve Life,NASDAQ,2020-07-17,2020-10-15,2020-10-15,0.428,8.77,19.490654205607477,0.428,8.77,19.490654205607477,8.56,8.77,0.024532710280373626,raw,RAW_ONLY_REVIEW,True,,,ACHV_013,opend,POC,True,dual,raw/adjusted qualification mismatch
ACHV,Achieve Life,NASDAQ,2020-07-20,2020-10-18,2020-10-19,0.4322,8.51,18.689958352614532,0.4322,8.51,18.689958352614532,8.644,8.51,-0.015502082369273529,raw,RAW_ONLY_REVIEW,True,,,ACHV_013,opend,POC,True,dual,raw/adjusted qualification mismatch
ACHV,Achieve Life,NASDAQ,2020-07-21,2020-10-19,2020-10-19,0.544,8.51,14.643382352941176,0.544,8.51,14.643382352941176,10.88,8.51,-0.21783088235294124,raw,RAW_ONLY_REVIEW,True,,,ACHV_013,opend,POC,True,dual,raw/adjusted qualification mismatch
ACHV,Achieve Life,NASDAQ,2020-07-22,2020-10-20,2020-10-20,0.5166,8.45,15.356949283778551,0.5166,8.45,15.356949283778551,10.331999999,8.45,-0.1821525357319158,raw,RAW_ONLY_REVIEW,True,,,ACHV_013,opend,POC,True,dual,raw/adjusted qualification mismatch
ACHV,Achieve Life,NASDAQ,2020-07-23,2020-10-21,2020-10-21,0.464,8.75,17.857758620689655,0.464,8.75,17.857758620689655,9.28,8.75,-0.057112068965517127,raw,RAW_ONLY_REVIEW,True,,,ACHV_013,opend,POC,True,dual,raw/adjusted qualification mismatch
ACHV,Achieve Life,NASDAQ,2020-07-24,2020-10-22,2020-10-22,0.4896,8.98,17.34150326797386,0.4896,8.98,17.34150326797386,9.792,8.98,-0.08292483660130712,raw,RAW_ONLY_REVIEW,True,,,ACHV_013,opend,POC,True,dual,raw/adjusted qualification mismatch
ACHV,Achieve Life,NASDAQ,2020-07-27,2020-10-25,2020-10-26,0.4877,8.36,16.141685462374408,0.4877,8.36,16.141685462374408,9.754,8.36,-0.14291572688127951,raw,RAW_ONLY_REVIEW,True,,,ACHV_013,opend,POC,True,dual,raw/adjusted qualification mismatch
ACHV,Achieve Life,NASDAQ,2020-07-28,2020-10-26,2020-10-26,0.572,8.36,13.615384615384615,0.572,8.36,13.615384615384615,11.44,8.36,-0.2692307692307693,raw,RAW_ONLY_REVIEW,True,,,ACHV_013,opend,POC,True,dual,raw/adjusted qualification mismatch
ACHV,Achieve Life,NASDAQ,2020-07-29,2020-10-27,2020-10-27,0.6968,8.18,10.739380022962113,0.6968,8.18,10.739380022962113,13.936,8.18,-0.4130309988518944,raw,RAW_ONLY_REVIEW,True,,,ACHV_013,opend,POC,True,dual,raw/adjusted qualification mismatch
ACHV,Achieve Life,NASDAQ,2020-07-30,2020-10-28,2020-10-28,0.6,8.18,12.633333333333333,0.6,8.18,12.633333333333333,12.0,8.18,-0.31833333333333336,raw,RAW_ONLY_REVIEW,True,,,ACHV_013,opend,POC,True,dual,raw/adjusted qualification mismatch
ACON,Aclarion,NASDAQ,2024-11-01,2025-01-30,2025-01-30,0.1851,8.4,44.380875202593195,0.1851,8.4,44.380875202593195,1674.2295,226.8,-0.8645347008877815,raw,RAW_ONLY_REVIEW,True,,,ACON_014,opend,POC,True,dual,raw/adjusted qualification mismatch
ACON,Aclarion,NASDAQ,2024-11-04,2025-02-02,2025-02-03,0.1836,6.65,35.22004357298475,0.1836,6.65,35.22004357298475,1660.662,179.55,-0.8918804669463142,raw,RAW_ONLY_REVIEW,True,,,ACON_014,opend,POC,True,dual,raw/adjusted qualification mismatch
ACON,Aclarion,NASDAQ,2024-11-05,2025-02-03,2025-02-03,0.1834,6.65,35.25954198473283,0.1834,6.65,35.25954198473283,1658.853,179.55,-0.8917625612396035,raw,RAW_ONLY_REVIEW,True,,,ACON_014,opend,POC,True,dual,raw/adjusted qualification mismatch
ACON,Aclarion,NASDAQ,2024-11-06,2025-02-04,2025-02-04,0.196,6.82,33.795918367346935,0.196,6.82,33.795918367346935,1772.82,184.14,-0.8961315869631434,raw,RAW_ONLY_REVIEW,True,,,ACON_014,opend,POC,True,dual,raw/adjusted qualification mismatch
ACON,Aclarion,NASDAQ,2024-11-07,2025-02-05,2025-02-05,0.1843,6.51,34.32284319045036,0.1843,6.51,34.32284319045036,1666.9935,175.77,-0.8945586770434317,raw,RAW_ONLY_REVIEW,True,,,ACON_014,opend,POC,True,dual,raw/adjusted qualification mismatch
ACON,Aclarion,NASDAQ,2024-11-08,2025-02-06,2025-02-06,0.189,6.27,32.17460317460317,0.189,6.27,32.17460317460317,1709.505,169.29,-0.9009713338071548,raw,RAW_ONLY_REVIEW,True,,,ACON_014,opend,POC,True,dual,raw/adjusted qualification mismatch
ACON,Aclarion,NASDAQ,2024-11-11,2025-02-09,2025-02-10,0.1841,4.67,24.366648560564908,0.1841,4.67,24.366648560564908,1665.1845,126.09,-0.9242786610132391,raw,RAW_ONLY_REVIEW,True,,,ACON_014,opend,POC,True,dual,raw/adjusted qualification mismatch
ACON,Aclarion,NASDAQ,2024-11-12,2025-02-10,2025-02-10,0.182,4.67,24.65934065934066,0.182,4.67,24.65934065934066,1646.19,126.09,-0.9234049532556995,raw,RAW_ONLY_REVIEW,True,,,ACON_014,opend,POC,True,dual,raw/adjusted qualification mismatch
ACON,Aclarion,NASDAQ,2024-11-13,2025-02-11,2025-02-11,0.174,4.19,23.080459770114945,0.174,4.19,23.080459770114945,1573.83,113.13,-0.9281180305369703,raw,RAW_ONLY_REVIEW,True,,,ACON_014,opend,POC,True,dual,raw/adjusted qualification mismatch
ACON,Aclarion,NASDAQ,2024-11-14,2025-02-12,2025-02-12,0.1699,4.68,26.545615067686875,0.1699,4.68,26.545615067686875,1536.7455,126.359999999,-0.9177742833806899,raw,RAW_ONLY_REVIEW,True,,,ACON_014,opend,POC,True,dual,raw/adjusted qualification mismatch
ACON,Aclarion,NASDAQ,2024-11-15,2025-02-13,2025-02-13,0.1633,4.73,27.96509491733007,0.1633,4.73,27.96509491733007,1477.0485,127.71,-0.9135370300975222,raw,RAW_ONLY_REVIEW,True,,,ACON_014,opend,POC,True,dual,raw/adjusted qualification mismatch
ACON,Aclarion,NASDAQ,2024-11-18,2025-02-16,2025-02-18,0.1747,4.52,24.872925014310244,0.1747,4.52,24.872925014310244,1580.1615,122.039999999,-0.9227673880176172,raw,RAW_ONLY_REVIEW,True,,,ACON_014,opend,POC,True,dual,raw/adjusted qualification mismatch
ACON,Aclarion,NASDAQ,2024-11-19,2025-02-17,2025-02-18,0.1765,4.52,24.609065155807365,0.1765,4.52,24.609065155807365,1596.4425,122.039999999,-0.9235550293862761,raw,RAW_ONLY_REVIEW,True,,,ACON_014,opend,POC,True,dual,raw/adjusted qualification mismatch
ACON,Aclarion,NASDAQ,2024-11-20,2025-02-18,2025-02-18,0.1764,4.52,24.623582766439906,0.1764,4.52,24.623582766439906,1595.538,122.039999999,-0.9235116932351345,raw,RAW_ONLY_REVIEW,True,,,ACON_014,opend,POC,True,dual,raw/adjusted qualification mismatch
ACON,Aclarion,NASDAQ,2024-11-21,2025-02-19,2025-02-19,0.1789,4.51,24.209614309670204,0.1789,4.51,24.209614309670204,1618.1505,121.77,-0.9247474199711337,raw,RAW_ONLY_REVIEW,True,,,ACON_014,opend,POC,True,dual,raw/adjusted qualification mismatch
ACON,Aclarion,NASDAQ,2024-11-22,2025-02-20,2025-02-20,0.1758,5.27,28.97724687144482,0.1758,5.27,28.97724687144482,1590.111,142.29,-0.9105156809807617,raw,RAW_ONLY_REVIEW,True,,,ACON_014,opend,POC,True,dual,raw/adjusted qualification mismatch
ACON,Aclarion,NASDAQ,2024-11-25,2025-02-23,2025-02-24,0.1765,4.66,25.402266288951843,0.1765,4.66,25.402266288951843,1596.4425,125.82,-0.921187264809099,raw,RAW_ONLY_REVIEW,True,,,ACON_014,opend,POC,True,dual,raw/adjusted qualification mismatch
ACON,Aclarion,NASDAQ,2024-11-26,2025-02-24,2025-02-24,0.1812,4.66,24.717439293598236,0.1812,4.66,24.717439293598236,1638.954,125.82,-0.9232315244967217,raw,RAW_ONLY_REVIEW,True,,,ACON_014,opend,POC,True,dual,raw/adjusted qualification mismatch
ACON,Aclarion,NASDAQ,2024-11-27,2025-02-25,2025-02-25,0.1772,3.23,17.227990970654627,0.1772,3.23,17.227990970654627,1602.774,87.21,-0.9455880866547623,raw,RAW_ONLY_REVIEW,True,,,ACON_014,opend,POC,True,dual,raw/adjusted qualification mismatch
ACON,Aclarion,NASDAQ,2024-11-29,2025-02-27,2025-02-27,0.18,2.63,13.61111111111111,0.18,2.63,13.61111111111111,1628.1,71.01,-0.9563847429519071,raw,RAW_ONLY_REVIEW,True,,,ACON_014,opend,POC,True,dual,raw/adjusted qualification mismatch
ACON,Aclarion,NASDAQ,2024-12-02,2025-03-02,2025-03-03,0.18,7.6,41.22222222222222,0.18,7.6,41.22222222222222,1628.1,205.2,-0.8739635157545605,raw,RAW_ONLY_REVIEW,True,,,ACON_014,opend,POC,True,dual,raw/adjusted qualification mismatch
ACON,Aclarion,NASDAQ,2024-12-03,2025-03-03,2025-03-03,0.179,7.6,41.45810055865922,0.179,7.6,41.45810055865922,1619.055,205.2,-0.8732594013174352,raw,RAW_ONLY_REVIEW,True,,,ACON_014,opend,POC,True,dual,raw/adjusted qualification mismatch
ACON,Aclarion,NASDAQ,2024-12-04,2025-03-04,2025-03-04,0.1797,5.75,30.99777406789093,0.1797,5.75,30.99777406789093,1625.3865,155.25,-0.9044842565137584,raw,RAW_ONLY_REVIEW,True,,,ACON_014,opend,POC,True,dual,raw/adjusted qualification mismatch
ACON,Aclarion,NASDAQ,2024-12-05,2025-03-05,2025-03-05,0.1683,7.0,40.592394533571,0.1683,7.0,40.592394533571,1522.2735,189.0,-0.8758435984072508,raw,RAW_ONLY_REVIEW,True,,,ACON_014,opend,POC,True,dual,raw/adjusted qualification mismatch
ACON,Aclarion,NASDAQ,2024-12-30,2025-03-30,2025-03-31,0.1448,10.8,73.58563535911603,0.1448,10.8,73.58563535911603,1309.716,10.8,-0.9917539374948462,raw,RAW_ONLY_REVIEW,True,,,ACON_014,opend,POC,True,dual,raw/adjusted qualification mismatch
ACON,Aclarion,NASDAQ,2024-12-31,2025-03-31,2025-03-31,0.144,10.8,74.00000000000001,0.144,10.8,74.00000000000001,1302.48,10.8,-0.9917081260364843,raw,RAW_ONLY_REVIEW,True,,,ACON_014,opend,POC,True,dual,raw/adjusted qualification mismatch
ACON,Aclarion,NASDAQ,2025-01-02,2025-04-02,2025-04-02,0.142,12.61,87.80281690140845,0.142,12.61,87.80281690140845,1284.39,12.61,-0.9901821097953114,raw,RAW_ONLY_REVIEW,True,,,ACON_014,opend,POC,True,dual,raw/adjusted qualification mismatch
ACON,Aclarion,NASDAQ,2025-01-03,2025-04-03,2025-04-03,0.2984,12.12,39.61662198391421,0.2984,12.12,39.61662198391421,2699.028,12.12,-0.9955094945291416,raw,RAW_ONLY_REVIEW,True,,,ACON_014,opend,POC,True,dual,raw/adjusted qualification mismatch
ACON,Aclarion,NASDAQ,2025-01-06,2025-04-06,2025-04-07,0.1702,8.97,51.70270270270271,0.1702,8.97,51.70270270270271,1539.459,8.97,-0.9941732777553673,raw,RAW_ONLY_REVIEW,True,,,ACON_014,opend,POC,True,dual,raw/adjusted qualification mismatch
ACON,Aclarion,NASDAQ,2025-01-07,2025-04-07,2025-04-07,0.1588,8.97,55.48614609571789,0.1588,8.97,55.48614609571789,1436.346,8.97,-0.9937549866118609,raw,RAW_ONLY_REVIEW,True,,,ACON_014,opend,POC,True,dual,raw/adjusted qualification mismatch
ACON,Aclarion,NASDAQ,2025-01-08,2025-04-08,2025-04-08,0.1384,8.02,56.947976878612714,0.1384,8.02,56.947976878612714,1251.828,8.02,-0.993593369057091,raw,RAW_ONLY_REVIEW,True,,,ACON_014,opend,POC,True,dual,raw/adjusted qualification mismatch
ACON,Aclarion,NASDAQ,2025-01-10,2025-04-10,2025-04-10,0.1173,8.58,72.1457800511509,0.1173,8.58,72.1457800511509,1060.9785,8.58,-0.9919131254780374,raw,RAW_ONLY_REVIEW,True,,,ACON_014,opend,POC,True,dual,raw/adjusted qualification mismatch
ACON,Aclarion,NASDAQ,2025-01-13,2025-04-13,2025-04-14,0.1092,10.0,90.57509157509158,0.1092,10.0,90.57509157509158,987.714,10.0,-0.989875611766159,raw,RAW_ONLY_REVIEW,True,,,ACON_014,opend,POC,True,dual,raw/adjusted qualification mismatch
ACON,Aclarion,NASDAQ,2025-01-14,2025-04-14,2025-04-14,0.0958,10.0,103.38413361169103,0.0958,10.0,103.38413361169103,866.511,10.0,-0.9884594656040142,raw,RAW_ONLY_REVIEW,True,,,ACON_014,opend,POC,True,dual,raw/adjusted qualification mismatch
ACON,Aclarion,NASDAQ,2025-01-15,2025-04-15,2025-04-15,0.0425,9.14,214.05882352941177,0.0425,9.14,214.05882352941177,384.4125,9.14,-0.9762234578740285,raw,RAW_ONLY_REVIEW,True,,,ACON_014,opend,POC,True,dual,raw/adjusted qualification mismatch
ACON,Aclarion,NASDAQ,2025-01-16,2025-04-16,2025-04-16,0.045,9.1,201.22222222222223,0.045,9.1,201.22222222222223,407.025,9.1,-0.9776426509428168,raw,RAW_ONLY_REVIEW,True,,,ACON_014,opend,POC,True,dual,raw/adjusted qualification mismatch
ACON,Aclarion,NASDAQ,2025-01-17,2025-04-17,2025-04-17,0.0423,8.98,211.29314420803786,0.0423,8.98,211.29314420803786,382.6035,8.98,-0.9765292267321131,raw,RAW_ONLY_REVIEW,True,,,ACON_014,opend,POC,True,dual,raw/adjusted qualification mismatch
ACON,Aclarion,NASDAQ,2025-01-21,2025-04-21,2025-04-21,0.0425,7.93,185.58823529411762,0.0425,7.93,185.58823529411762,384.4125,7.93,-0.9793711182648848,raw,RAW_ONLY_REVIEW,True,,,ACON_014,opend,POC,True,dual,raw/adjusted qualification mismatch
ACON,Aclarion,NASDAQ,2025-01-22,2025-04-22,2025-04-22,0.0415,7.51,179.96385542168673,0.0415,7.51,179.96385542168673,375.3675,7.51,-0.9799929402518864,raw,RAW_ONLY_REVIEW,True,,,ACON_014,opend,POC,True,dual,raw/adjusted qualification mismatch
ACON,Aclarion,NASDAQ,2025-01-23,2025-04-23,2025-04-23,0.0432,7.7,177.24074074074073,0.0432,7.7,177.24074074074073,390.744,7.7,-0.9802940032348545,raw,RAW_ONLY_REVIEW,True,,,ACON_014,opend,POC,True,dual,raw/adjusted qualification mismatch
ACON,Aclarion,NASDAQ,2025-01-24,2025-04-24,2025-04-24,0.0549,7.64,138.16211293260474,0.0549,7.64,138.16211293260474,496.5705,7.64,-0.9846144706542173,raw,RAW_ONLY_REVIEW,True,,,ACON_014,opend,POC,True,dual,raw/adjusted qualification mismatch
ACON,Aclarion,NASDAQ,2025-01-27,2025-04-27,2025-04-28,0.0382,6.845,178.18848167539267,0.0382,6.845,178.18848167539267,345.519,6.845,-0.9801892225897852,raw,RAW_ONLY_REVIEW,True,,,ACON_014,opend,POC,True,dual,raw/adjusted qualification mismatch
ACON,Aclarion,NASDAQ,2025-01-28,2025-04-28,2025-04-28,0.0317,6.845,214.93059936908517,0.0317,6.845,214.93059936908517,286.7265,6.845,-0.9761270758022017,raw,RAW_ONLY_REVIEW,True,,,ACON_014,opend,POC,True,dual,raw/adjusted qualification mismatch
ACON,Aclarion,NASDAQ,2025-01-29,2025-04-29,2025-04-29,0.0275,6.7,242.63636363636365,0.0275,6.7,242.63636363636365,248.7375,6.7,-0.9730639730639731,raw,RAW_ONLY_REVIEW,True,,,ACON_014,opend,POC,True,dual,raw/adjusted qualification mismatch
ACON,Aclarion,NASDAQ,2025-03-13,2025-06-11,2025-06-11,0.685,7.69,10.226277372262773,0.685,7.69,10.226277372262773,18.495,7.69,-0.5842119491754528,raw,RAW_ONLY_REVIEW,True,,,ACON_014,opend,POC,True,dual,raw/adjusted qualification mismatch
ACON,Aclarion,NASDAQ,2025-03-26,2025-06-24,2025-06-24,0.575,6.8,10.82608695652174,0.575,6.8,10.82608695652174,15.524999999,6.8,-0.561996779359871,raw,RAW_ONLY_REVIEW,True,,,ACON_014,opend,POC,True,dual,raw/adjusted qualification mismatch
ACON,Aclarion,NASDAQ,2025-03-27,2025-06-25,2025-06-25,0.522,7.0832,12.56934865900383,0.522,7.0832,12.56934865900383,14.094,7.0832,-0.4974315311480062,raw,RAW_ONLY_REVIEW,True,,,ACON_014,opend,POC,True,dual,raw/adjusted qualification mismatch
ACXP,Acurx Pharmaceuticals,NASDAQ,2025-05-07,2025-08-05,2025-08-05,0.3545,5.09,13.358251057827927,0.3545,5.09,13.358251057827927,7.09,5.09,-0.2820874471086037,raw,RAW_ONLY_REVIEW,True,,,ACXP_015,opend,POC,True,dual,raw/adjusted qualification mismatch
ACXP,Acurx Pharmaceuticals,NASDAQ,2025-05-08,2025-08-06,2025-08-06,0.3781,5.0495,12.354932557524466,0.3781,5.0495,12.354932557524466,7.562,5.0495,-0.3322533721237768,raw,RAW_ONLY_REVIEW,True,,,ACXP_015,opend,POC,True,dual,raw/adjusted qualification mismatch
ACXP,Acurx Pharmaceuticals,NASDAQ,2025-05-09,2025-08-07,2025-08-07,0.36,4.65,11.916666666666668,0.36,4.65,11.916666666666668,7.2,4.65,-0.35416666666666663,raw,RAW_ONLY_REVIEW,True,,,ACXP_015,opend,POC,True,dual,raw/adjusted qualification mismatch
ACXP,Acurx Pharmaceuticals,NASDAQ,2025-05-12,2025-08-10,2025-08-11,0.3954,4.48,10.330298431967629,0.3954,4.48,10.330298431967629,7.907999999,4.48,-0.4334850783299804,raw,RAW_ONLY_REVIEW,True,,,ACXP_015,opend,POC,True,dual,raw/adjusted qualification mismatch
ACXP,Acurx Pharmaceuticals,NASDAQ,2025-05-13,2025-08-11,2025-08-11,0.3799,4.48,10.792576993945776,0.3799,4.48,10.792576993945776,7.598,4.48,-0.4103711503027112,raw,RAW_ONLY_REVIEW,True,,,ACXP_015,opend,POC,True,dual,raw/adjusted qualification mismatch
ACXP,Acurx Pharmaceuticals,NASDAQ,2025-05-14,2025-08-12,2025-08-12,0.3676,4.435,11.06474428726877,0.3676,4.435,11.06474428726877,7.352,4.435,-0.39676278563656153,raw,RAW_ONLY_REVIEW,True,,,ACXP_015,opend,POC,True,dual,raw/adjusted qualification mismatch
ACXP,Acurx Pharmaceuticals,NASDAQ,2025-05-15,2025-08-13,2025-08-13,0.3731,4.72,11.650763870276066,0.3731,4.72,11.650763870276066,7.462,4.72,-0.36746180648619675,raw,RAW_ONLY_REVIEW,True,,,ACXP_015,opend,POC,True,dual,raw/adjusted qualification mismatch
ACXP,Acurx Pharmaceuticals,NASDAQ,2025-05-16,2025-08-14,2025-08-14,0.387,4.86,11.558139534883722,0.387,4.86,11.558139534883722,7.74,4.86,-0.37209302325581395,raw,RAW_ONLY_REVIEW,True,,,ACXP_015,opend,POC,True,dual,raw/adjusted qualification mismatch
ACXP,Acurx Pharmaceuticals,NASDAQ,2025-05-19,2025-08-17,2025-08-18,0.4051,5.15,11.712910392495681,0.4051,5.15,11.712910392495681,8.102,5.15,-0.364354480375216,raw,RAW_ONLY_REVIEW,True,,,ACXP_015,opend,POC,True,dual,raw/adjusted qualification mismatch
ACXP,Acurx Pharmaceuticals,NASDAQ,2025-05-20,2025-08-18,2025-08-18,0.4142,5.15,11.433606953162723,0.4142,5.15,11.433606953162723,8.284,5.15,-0.3783196523418638,raw,RAW_ONLY_REVIEW,True,,,ACXP_015,opend,POC,True,dual,raw/adjusted qualification mismatch
ACXP,Acurx Pharmaceuticals,NASDAQ,2025-05-21,2025-08-19,2025-08-19,0.411,5.05,11.287104622871047,0.411,5.05,11.287104622871047,8.22,5.05,-0.3856447688564477,raw,RAW_ONLY_REVIEW,True,,,ACXP_015,opend,POC,True,dual,raw/adjusted qualification mismatch
ACXP,Acurx Pharmaceuticals,NASDAQ,2025-05-22,2025-08-20,2025-08-20,0.3982,4.58,10.50175791059769,0.3982,4.58,10.50175791059769,7.964,4.58,-0.4249121044701155,raw,RAW_ONLY_REVIEW,True,,,ACXP_015,opend,POC,True,dual,raw/adjusted qualification mismatch
ACXP,Acurx Pharmaceuticals,NASDAQ,2025-05-23,2025-08-21,2025-08-21,0.4,4.55,10.374999999999998,0.4,4.55,10.374999999999998,8.0,4.55,-0.43125,raw,RAW_ONLY_REVIEW,True,,,ACXP_015,opend,POC,True,dual,raw/adjusted qualification mismatch
ACXP,Acurx Pharmaceuticals,NASDAQ,2025-05-27,2025-08-25,2025-08-25,0.394,5.3077,12.471319796954313,0.394,5.3077,12.471319796954313,7.88,5.3077,-0.32643401015228435,raw,RAW_ONLY_REVIEW,True,,,ACXP_015,opend,POC,True,dual,raw/adjusted qualification mismatch
ACXP,Acurx Pharmaceuticals,NASDAQ,2025-05-28,2025-08-26,2025-08-26,0.388,5.1,12.144329896907216,0.388,5.1,12.144329896907216,7.76,5.1,-0.3427835051546392,raw,RAW_ONLY_REVIEW,True,,,ACXP_015,opend,POC,True,dual,raw/adjusted qualification mismatch
ACXP,Acurx Pharmaceuticals,NASDAQ,2025-05-29,2025-08-27,2025-08-27,0.3867,4.87,11.593741918800104,0.3867,4.87,11.593741918800104,7.734,4.87,-0.37031290405999484,raw,RAW_ONLY_REVIEW,True,,,ACXP_015,opend,POC,True,dual,raw/adjusted qualification mismatch
ACXP,Acurx Pharmaceuticals,NASDAQ,2025-05-30,2025-08-28,2025-08-28,0.3886,4.77,11.274832732887287,0.3886,4.77,11.274832732887287,7.772,4.77,-0.3862583633556357,raw,RAW_ONLY_REVIEW,True,,,ACXP_015,opend,POC,True,dual,raw/adjusted qualification mismatch
ACXP,Acurx Pharmaceuticals,NASDAQ,2025-06-02,2025-08-31,2025-09-02,0.3772,4.36,10.558854718981975,0.3772,4.36,10.558854718981975,7.544,4.36,-0.42205726405090127,raw,RAW_ONLY_REVIEW,True,,,ACXP_015,opend,POC,True,dual,raw/adjusted qualification mismatch
ACXP,Acurx Pharmaceuticals,NASDAQ,2025-06-03,2025-09-01,2025-09-02,0.348,4.36,11.52873563218391,0.348,4.36,11.52873563218391,6.959999999,4.36,-0.3735632183007993,raw,RAW_ONLY_REVIEW,True,,,ACXP_015,opend,POC,True,dual,raw/adjusted qualification mismatch
ACXP,Acurx Pharmaceuticals,NASDAQ,2025-06-04,2025-09-02,2025-09-02,0.355,4.36,11.281690140845072,0.355,4.36,11.281690140845072,7.1,4.36,-0.3859154929577464,raw,RAW_ONLY_REVIEW,True,,,ACXP_015,opend,POC,True,dual,raw/adjusted qualification mismatch
ACXP,Acurx Pharmaceuticals,NASDAQ,2025-06-05,2025-09-03,2025-09-03,0.34745,4.145,10.929774068211254,0.34745,4.145,10.929774068211254,6.949,4.145,-0.4035112965894374,raw,RAW_ONLY_REVIEW,True,,,ACXP_015,opend,POC,True,dual,raw/adjusted qualification mismatch
ACXP,Acurx Pharmaceuticals,NASDAQ,2025-06-06,2025-09-04,2025-09-04,0.347,3.86,10.12391930835735,0.347,3.86,10.12391930835735,6.939999999,3.86,-0.44380403450198913,raw,RAW_ONLY_REVIEW,True,,,ACXP_015,opend,POC,True,dual,raw/adjusted qualification mismatch
ACXP,Acurx Pharmaceuticals,NASDAQ,2025-06-09,2025-09-07,2025-09-08,0.3349,4.125,11.317109584950732,0.3349,4.125,11.317109584950732,6.697999999,4.125,-0.3841445206605173,raw,RAW_ONLY_REVIEW,True,,,ACXP_015,opend,POC,True,dual,raw/adjusted qualification mismatch
ACXP,Acurx Pharmaceuticals,NASDAQ,2025-06-10,2025-09-08,2025-09-08,0.3535,4.125,10.66902404526167,0.3535,4.125,10.66902404526167,7.07,4.125,-0.41654879773691655,raw,RAW_ONLY_REVIEW,True,,,ACXP_015,opend,POC,True,dual,raw/adjusted qualification mismatch
ACXP,Acurx Pharmaceuticals,NASDAQ,2025-06-11,2025-09-09,2025-09-09,0.35,4.19,10.971428571428573,0.35,4.19,10.971428571428573,7.0,4.19,-0.40142857142857136,raw,RAW_ONLY_REVIEW,True,,,ACXP_015,opend,POC,True,dual,raw/adjusted qualification mismatch
ACXP,Acurx Pharmaceuticals,NASDAQ,2025-06-12,2025-09-10,2025-09-10,0.3301,4.07,11.329597091790367,0.3301,4.07,11.329597091790367,6.602,4.07,-0.3835201454104816,raw,RAW_ONLY_REVIEW,True,,,ACXP_015,opend,POC,True,dual,raw/adjusted qualification mismatch
ACXP,Acurx Pharmaceuticals,NASDAQ,2025-06-13,2025-09-11,2025-09-11,0.305,4.27,12.999999999999998,0.305,4.27,12.999999999999998,6.1,4.27,-0.30000000000000004,raw,RAW_ONLY_REVIEW,True,,,ACXP_015,opend,POC,True,dual,raw/adjusted qualification mismatch
ACXP,Acurx Pharmaceuticals,NASDAQ,2025-06-16,2025-09-14,2025-09-15,0.3071,4.17,12.5786388798437,0.3071,4.17,12.5786388798437,6.142,4.17,-0.3210680560078151,raw,RAW_ONLY_REVIEW,True,,,ACXP_015,opend,POC,True,dual,raw/adjusted qualification mismatch
ACXP,Acurx Pharmaceuticals,NASDAQ,2025-07-10,2025-10-08,2025-10-08,0.499,8.1,15.23246492985972,0.499,8.1,15.23246492985972,9.98,8.1,-0.1883767535070141,raw,RAW_ONLY_REVIEW,True,,,ACXP_015,opend,POC,True,dual,raw/adjusted qualification mismatch
ACXP,Acurx Pharmaceuticals,NASDAQ,2025-07-11,2025-10-09,2025-10-09,0.473,7.44,14.729386892177592,0.473,7.44,14.729386892177592,9.46,7.44,-0.21353065539112048,raw,RAW_ONLY_REVIEW,True,,,ACXP_015,opend,POC,True,dual,raw/adjusted qualification mismatch
ACXP,Acurx Pharmaceuticals,NASDAQ,2025-07-14,2025-10-12,2025-10-13,0.456,7.16,14.701754385964913,0.456,7.16,14.701754385964913,9.12,7.16,-0.21491228070175428,raw,RAW_ONLY_REVIEW,True,,,ACXP_015,opend,POC,True,dual,raw/adjusted qualification mismatch
ACXP,Acurx Pharmaceuticals,NASDAQ,2025-07-15,2025-10-13,2025-10-13,0.4336,7.16,15.512915129151292,0.4336,7.16,15.512915129151292,8.672,7.16,-0.17435424354243545,raw,RAW_ONLY_REVIEW,True,,,ACXP_015,opend,POC,True,dual,raw/adjusted qualification mismatch
ACXP,Acurx Pharmaceuticals,NASDAQ,2025-07-16,2025-10-14,2025-10-14,0.4306,7.59,16.626567580120764,0.4306,7.59,16.626567580120764,8.612,7.59,-0.11867162099396189,raw,RAW_ONLY_REVIEW,True,,,ACXP_015,opend,POC,True,dual,raw/adjusted qualification mismatch
ACXP,Acurx Pharmaceuticals,NASDAQ,2025-07-17,2025-10-15,2025-10-15,0.449,7.13,14.879732739420934,0.449,7.13,14.879732739420934,8.98,7.13,-0.20601336302895323,raw,RAW_ONLY_REVIEW,True,,,ACXP_015,opend,POC,True,dual,raw/adjusted qualification mismatch
ACXP,Acurx Pharmaceuticals,NASDAQ,2025-07-18,2025-10-16,2025-10-16,0.45,7.03,14.622222222222222,0.45,7.03,14.622222222222222,9.0,7.03,-0.2188888888888889,raw,RAW_ONLY_REVIEW,True,,,ACXP_015,opend,POC,True,dual,raw/adjusted qualification mismatch
ACXP,Acurx Pharmaceuticals,NASDAQ,2025-07-21,2025-10-19,2025-10-20,0.4261,6.97,15.357662520535087,0.4261,6.97,15.357662520535087,8.522,6.97,-0.18211687397324572,raw,RAW_ONLY_REVIEW,True,,,ACXP_015,opend,POC,True,dual,raw/adjusted qualification mismatch
ACXP,Acurx Pharmaceuticals,NASDAQ,2025-07-22,2025-10-20,2025-10-20,0.48,6.97,13.520833333333334,0.48,6.97,13.520833333333334,9.6,6.97,-0.2739583333333333,raw,RAW_ONLY_REVIEW,True,,,ACXP_015,opend,POC,True,dual,raw/adjusted qualification mismatch
ACXP,Acurx Pharmaceuticals,NASDAQ,2025-07-23,2025-10-21,2025-10-21,0.447,7.01,14.682326621923936,0.447,7.01,14.682326621923936,8.94,7.01,-0.21588366890380306,raw,RAW_ONLY_REVIEW,True,,,ACXP_015,opend,POC,True,dual,raw/adjusted qualification mismatch
ACXP,Acurx Pharmaceuticals,NASDAQ,2025-07-24,2025-10-22,2025-10-22,0.442,6.53,13.773755656108598,0.442,6.53,13.773755656108598,8.84,6.53,-0.2613122171945701,raw,RAW_ONLY_REVIEW,True,,,ACXP_015,opend,POC,True,dual,raw/adjusted qualification mismatch
ACXP,Acurx Pharmaceuticals,NASDAQ,2025-07-25,2025-10-23,2025-10-23,0.4059,6.5,15.01379650160138,0.4059,6.5,15.01379650160138,8.118,6.5,-0.19931017491993108,raw,RAW_ONLY_REVIEW,True,,,ACXP_015,opend,POC,True,dual,raw/adjusted qualification mismatch
ACXP,Acurx Pharmaceuticals,NASDAQ,2025-07-28,2025-10-26,2025-10-27,0.408,6.6,15.176470588235293,0.408,6.6,15.176470588235293,8.159999999,6.6,-0.1911764704891148,raw,RAW_ONLY_REVIEW,True,,,ACXP_015,opend,POC,True,dual,raw/adjusted qualification mismatch
ACXP,Acurx Pharmaceuticals,NASDAQ,2025-07-29,2025-10-27,2025-10-27,0.377,6.6,16.506631299734746,0.377,6.6,16.506631299734746,7.54,6.6,-0.12466843501326264,raw,RAW_ONLY_REVIEW,True,,,ACXP_015,opend,POC,True,dual,raw/adjusted qualification mismatch
ACXP,Acurx Pharmaceuticals,NASDAQ,2025-07-30,2025-10-28,2025-10-28,0.3298,6.3,18.10248635536689,0.3298,6.3,18.10248635536689,6.596,6.3,-0.04487568223165561,raw,RAW_ONLY_REVIEW,True,,,ACXP_015,opend,POC,True,dual,raw/adjusted qualification mismatch
ACXP,Acurx Pharmaceuticals,NASDAQ,2025-07-31,2025-10-29,2025-10-29,0.326,5.68,16.42331288343558,0.326,5.68,16.42331288343558,6.52,5.68,-0.1288343558282209,raw,RAW_ONLY_REVIEW,True,,,ACXP_015,opend,POC,True,dual,raw/adjusted qualification mismatch
ACXP,Acurx Pharmaceuticals,NASDAQ,2025-08-01,2025-10-30,2025-10-30,0.307,5.1,15.612377850162865,0.307,5.1,15.612377850162865,6.14,5.1,-0.16938110749185664,raw,RAW_ONLY_REVIEW,True,,,ACXP_015,opend,POC,True,dual,raw/adjusted qualification mismatch
ACXP,Acurx Pharmaceuticals,NASDAQ,2025-08-04,2025-11-02,2025-11-03,0.2924,5.06,16.30506155950752,0.2924,5.06,16.30506155950752,5.848,5.06,-0.1347469220246239,raw,RAW_ONLY_REVIEW,True,,,ACXP_015,opend,POC,True,dual,raw/adjusted qualification mismatch
ADIL,Adial Pharmaceuticals,NASDAQ,2023-05-08,2023-08-06,2023-08-07,0.32,6.22,18.4375,0.32,6.22,18.4375,200.0,155.5,-0.22250000000000003,raw,RAW_ONLY_REVIEW,True,,,ADIL_016,opend,POC,True,dual,raw/adjusted qualification mismatch
ADIL,Adial Pharmaceuticals,NASDAQ,2023-05-09,2023-08-07,2023-08-07,0.338,6.22,17.402366863905325,0.338,6.22,17.402366863905325,211.25,155.5,-0.263905325443787,raw,RAW_ONLY_REVIEW,True,,,ADIL_016,opend,POC,True,dual,raw/adjusted qualification mismatch
ADIL,Adial Pharmaceuticals,NASDAQ,2023-05-10,2023-08-08,2023-08-08,0.327,5.69,16.400611620795107,0.327,5.69,16.400611620795107,204.375,142.25,-0.30397553516819575,raw,RAW_ONLY_REVIEW,True,,,ADIL_016,opend,POC,True,dual,raw/adjusted qualification mismatch
ADIL,Adial Pharmaceuticals,NASDAQ,2023-05-11,2023-08-09,2023-08-09,0.3188,4.82,14.119196988707657,0.3188,4.82,14.119196988707657,199.249999999,120.5,-0.39523212044865863,raw,RAW_ONLY_REVIEW,True,,,ADIL_016,opend,POC,True,dual,raw/adjusted qualification mismatch
ADIL,Adial Pharmaceuticals,NASDAQ,2023-05-12,2023-08-10,2023-08-10,0.3013,4.78,14.86458679057418,0.3013,4.78,14.86458679057418,188.3125,119.5,-0.36541652837703287,raw,RAW_ONLY_REVIEW,True,,,ADIL_016,opend,POC,True,dual,raw/adjusted qualification mismatch
ADIL,Adial Pharmaceuticals,NASDAQ,2023-05-15,2023-08-13,2023-08-14,0.3227,3.95,11.240471025720485,0.3227,3.95,11.240471025720485,201.6875,98.75,-0.5103811589711806,raw,RAW_ONLY_REVIEW,True,,,ADIL_016,opend,POC,True,dual,raw/adjusted qualification mismatch
ADIL,Adial Pharmaceuticals,NASDAQ,2023-05-16,2023-08-14,2023-08-14,0.3202,3.95,11.336039975015616,0.3202,3.95,11.336039975015616,200.125,98.75,-0.5065584009993753,raw,RAW_ONLY_REVIEW,True,,,ADIL_016,opend,POC,True,dual,raw/adjusted qualification mismatch
ADIL,Adial Pharmaceuticals,NASDAQ,2023-05-17,2023-08-15,2023-08-15,0.334,3.8419,10.502694610778443,0.334,3.8419,10.502694610778443,208.75,96.0475,-0.5398922155688624,raw,RAW_ONLY_REVIEW,True,,,ADIL_016,opend,POC,True,dual,raw/adjusted qualification mismatch
ADIL,Adial Pharmaceuticals,NASDAQ,2023-05-18,2023-08-16,2023-08-16,0.3236,3.65,10.279357231149568,0.3236,3.65,10.279357231149568,202.25,91.25,-0.5488257107540173,raw,RAW_ONLY_REVIEW,True,,,ADIL_016,opend,POC,True,dual,raw/adjusted qualification mismatch
ADIL,Adial Pharmaceuticals,NASDAQ,2023-05-23,2023-08-21,2023-08-21,0.3025,3.35,10.074380165289258,0.3025,3.35,10.074380165289258,189.0625,83.75,-0.5570247933884298,raw,RAW_ONLY_REVIEW,True,,,ADIL_016,opend,POC,True,dual,raw/adjusted qualification mismatch
ADIL,Adial Pharmaceuticals,NASDAQ,2023-05-24,2023-08-22,2023-08-22,0.2901,3.29,10.340916925198206,0.2901,3.29,10.340916925198206,181.3125,82.25,-0.5463633229920717,raw,RAW_ONLY_REVIEW,True,,,ADIL_016,opend,POC,True,dual,raw/adjusted qualification mismatch
ADIL,Adial Pharmaceuticals,NASDAQ,2023-05-25,2023-08-23,2023-08-23,0.2616,3.4,11.996941896024465,0.2616,3.4,11.996941896024465,163.5,85.0,-0.48012232415902145,raw,RAW_ONLY_REVIEW,True,,,ADIL_016,opend,POC,True,dual,raw/adjusted qualification mismatch
ADIL,Adial Pharmaceuticals,NASDAQ,2023-05-26,2023-08-24,2023-08-24,0.275,3.39,11.327272727272726,0.275,3.39,11.327272727272726,171.875,84.75,-0.506909090909091,raw,RAW_ONLY_REVIEW,True,,,ADIL_016,opend,POC,True,dual,raw/adjusted qualification mismatch
ADIL,Adial Pharmaceuticals,NASDAQ,2023-05-30,2023-08-28,2023-08-28,0.276,3.34,11.101449275362317,0.276,3.34,11.101449275362317,172.5,83.5,-0.5159420289855072,raw,RAW_ONLY_REVIEW,True,,,ADIL_016,opend,POC,True,dual,raw/adjusted qualification mismatch
ADIL,Adial Pharmaceuticals,NASDAQ,2023-05-31,2023-08-29,2023-08-29,0.263,3.495,12.288973384030419,0.263,3.495,12.288973384030419,164.375,87.375,-0.4684410646387833,raw,RAW_ONLY_REVIEW,True,,,ADIL_016,opend,POC,True,dual,raw/adjusted qualification mismatch
ADIL,Adial Pharmaceuticals,NASDAQ,2023-06-01,2023-08-30,2023-08-30,0.2676,3.63,12.565022421524663,0.2676,3.63,12.565022421524663,167.25,90.75,-0.45739910313901344,raw,RAW_ONLY_REVIEW,True,,,ADIL_016,opend,POC,True,dual,raw/adjusted qualification mismatch
ADIL,Adial Pharmaceuticals,NASDAQ,2023-06-02,2023-08-31,2023-08-31,0.278,4.38,14.755395683453235,0.278,4.38,14.755395683453235,173.75,109.5,-0.36978417266187047,raw,RAW_ONLY_REVIEW,True,,,ADIL_016,opend,POC,True,dual,raw/adjusted qualification mismatch
ADIL,Adial Pharmaceuticals,NASDAQ,2023-06-05,2023-09-03,2023-09-05,0.29,4.2,13.482758620689657,0.29,4.2,13.482758620689657,181.25,105.0,-0.42068965517241375,raw,RAW_ONLY_REVIEW,True,,,ADIL_016,opend,POC,True,dual,raw/adjusted qualification mismatch
ADIL,Adial Pharmaceuticals,NASDAQ,2023-06-06,2023-09-04,2023-09-05,0.2915,4.2,13.408233276157805,0.2915,4.2,13.408233276157805,182.1875,105.0,-0.42367066895368777,raw,RAW_ONLY_REVIEW,True,,,ADIL_016,opend,POC,True,dual,raw/adjusted qualification mismatch
ADIL,Adial Pharmaceuticals,NASDAQ,2023-06-07,2023-09-05,2023-09-05,0.2681,4.2,14.66579634464752,0.2681,4.2,14.66579634464752,167.5625,105.0,-0.3733681462140992,raw,RAW_ONLY_REVIEW,True,,,ADIL_016,opend,POC,True,dual,raw/adjusted qualification mismatch
ADIL,Adial Pharmaceuticals,NASDAQ,2023-06-08,2023-09-06,2023-09-06,0.2646,3.88,13.663643235071806,0.2646,3.88,13.663643235071806,165.375,97.0,-0.4134542705971277,raw,RAW_ONLY_REVIEW,True,,,ADIL_016,opend,POC,True,dual,raw/adjusted qualification mismatch
ADIL,Adial Pharmaceuticals,NASDAQ,2023-06-09,2023-09-07,2023-09-07,0.25,3.47,12.88,0.25,3.47,12.88,156.25,86.75,-0.4448,raw,RAW_ONLY_REVIEW,True,,,ADIL_016,opend,POC,True,dual,raw/adjusted qualification mismatch
ADIL,Adial Pharmaceuticals,NASDAQ,2023-06-12,2023-09-10,2023-09-11,0.26,3.28,11.615384615384615,0.26,3.28,11.615384615384615,162.5,82.0,-0.4953846153846154,raw,RAW_ONLY_REVIEW,True,,,ADIL_016,opend,POC,True,dual,raw/adjusted qualification mismatch
ADIL,Adial Pharmaceuticals,NASDAQ,2023-06-13,2023-09-11,2023-09-11,0.2516,3.28,12.036565977742448,0.2516,3.28,12.036565977742448,157.25,82.0,-0.4785373608903021,raw,RAW_ONLY_REVIEW,True,,,ADIL_016,opend,POC,True,dual,raw/adjusted qualification mismatch
ADIL,Adial Pharmaceuticals,NASDAQ,2023-06-14,2023-09-12,2023-09-12,0.23,3.3,13.34782608695652,0.23,3.3,13.34782608695652,143.75,82.5,-0.4260869565217391,raw,RAW_ONLY_REVIEW,True,,,ADIL_016,opend,POC,True,dual,raw/adjusted qualification mismatch
ADIL,Adial Pharmaceuticals,NASDAQ,2023-06-15,2023-09-13,2023-09-13,0.245,2.96,11.081632653061224,0.245,2.96,11.081632653061224,153.125,74.0,-0.516734693877551,raw,RAW_ONLY_REVIEW,True,,,ADIL_016,opend,POC,True,dual,raw/adjusted qualification mismatch
ADIL,Adial Pharmaceuticals,NASDAQ,2023-06-16,2023-09-14,2023-09-14,0.2422,2.9,10.973575557390586,0.2422,2.9,10.973575557390586,151.375,72.5,-0.5210569777043765,raw,RAW_ONLY_REVIEW,True,,,ADIL_016,opend,POC,True,dual,raw/adjusted qualification mismatch
ADIL,Adial Pharmaceuticals,NASDAQ,2023-06-20,2023-09-18,2023-09-18,0.2404,2.8,10.647254575707153,0.2404,2.8,10.647254575707153,150.25,70.0,-0.5341098169717138,raw,RAW_ONLY_REVIEW,True,,,ADIL_016,opend,POC,True,dual,raw/adjusted qualification mismatch
ADIL,Adial Pharmaceuticals,NASDAQ,2023-06-21,2023-09-19,2023-09-19,0.2302,2.59,10.251086012163336,0.2302,2.59,10.251086012163336,143.875,64.75,-0.5499565595134666,raw,RAW_ONLY_REVIEW,True,,,ADIL_016,opend,POC,True,dual,raw/adjusted qualification mismatch
ADIL,Adial Pharmaceuticals,NASDAQ,2023-06-23,2023-09-21,2023-09-21,0.22,2.53,10.499999999999998,0.22,2.53,10.499999999999998,137.5,63.249999999,-0.5400000000072727,raw,RAW_ONLY_REVIEW,True,,,ADIL_016,opend,POC,True,dual,raw/adjusted qualification mismatch
ADIL,Adial Pharmaceuticals,NASDAQ,2023-06-26,2023-09-24,2023-09-25,0.2297,2.55,10.10143665650849,0.2297,2.55,10.10143665650849,143.5625,63.749999999,-0.5559425337466259,raw,RAW_ONLY_REVIEW,True,,,ADIL_016,opend,POC,True,dual,raw/adjusted qualification mismatch
ADIL,Adial Pharmaceuticals,NASDAQ,2023-06-27,2023-09-25,2023-09-25,0.23,2.55,10.086956521739129,0.23,2.55,10.086956521739129,143.75,63.749999999,-0.5565217391373913,raw,RAW_ONLY_REVIEW,True,,,ADIL_016,opend,POC,True,dual,raw/adjusted qualification mismatch
ADIL,Adial Pharmaceuticals,NASDAQ,2023-06-28,2023-09-26,2023-09-26,0.217,3.12,13.377880184331797,0.217,3.12,13.377880184331797,135.625,78.0,-0.42488479262672807,raw,RAW_ONLY_REVIEW,True,,,ADIL_016,opend,POC,True,dual,raw/adjusted qualification mismatch
ADIL,Adial Pharmaceuticals,NASDAQ,2023-06-29,2023-09-27,2023-09-27,0.2137,2.86,12.383247543284979,0.2137,2.86,12.383247543284979,133.5625,71.5,-0.46467009826860084,raw,RAW_ONLY_REVIEW,True,,,ADIL_016,opend,POC,True,dual,raw/adjusted qualification mismatch
ADIL,Adial Pharmaceuticals,NASDAQ,2023-06-30,2023-09-28,2023-09-28,0.2082,2.58,11.39193083573487,0.2082,2.58,11.39193083573487,130.125,64.5,-0.5043227665706052,raw,RAW_ONLY_REVIEW,True,,,ADIL_016,opend,POC,True,dual,raw/adjusted qualification mismatch
ADIL,Adial Pharmaceuticals,NASDAQ,2023-07-03,2023-10-01,2023-10-02,0.2068,2.66,11.86266924564797,0.2068,2.66,11.86266924564797,129.25,66.5,-0.4854932301740812,raw,RAW_ONLY_REVIEW,True,,,ADIL_016,opend,POC,True,dual,raw/adjusted qualification mismatch
ADIL,Adial Pharmaceuticals,NASDAQ,2023-07-05,2023-10-03,2023-10-03,0.225,2.7,11.0,0.225,2.7,11.0,140.625,67.5,-0.52,raw,RAW_ONLY_REVIEW,True,,,ADIL_016,opend,POC,True,dual,raw/adjusted qualification mismatch
ADIL,Adial Pharmaceuticals,NASDAQ,2023-07-06,2023-10-04,2023-10-04,0.2143,2.7,11.599160055996268,0.2143,2.7,11.599160055996268,133.9375,67.5,-0.4960335977601493,raw,RAW_ONLY_REVIEW,True,,,ADIL_016,opend,POC,True,dual,raw/adjusted qualification mismatch
ADIL,Adial Pharmaceuticals,NASDAQ,2023-07-07,2023-10-05,2023-10-05,0.2113,2.77,12.109323237103645,0.2113,2.77,12.109323237103645,132.0625,69.25,-0.4756270705158543,raw,RAW_ONLY_REVIEW,True,,,ADIL_016,opend,POC,True,dual,raw/adjusted qualification mismatch
ADIL,Adial Pharmaceuticals,NASDAQ,2023-07-10,2023-10-08,2023-10-09,0.2023,2.82,12.939693524468609,0.2023,2.82,12.939693524468609,126.4375,70.5,-0.4424122590212556,raw,RAW_ONLY_REVIEW,True,,,ADIL_016,opend,POC,True,dual,raw/adjusted qualification mismatch
ADTX,Aditxt,NASDAQ,2022-06-16,2022-09-14,2022-09-14,0.159,11.43,70.88679245283019,0.159,11.43,70.88679245283019,-1466516153.8599093,-9223372036.854776,,raw,RAW_ONLY_REVIEW,True,,,ADTX_017,opend,POC,True,dual,raw/adjusted qualification mismatch
ADTX,Aditxt,NASDAQ,2022-06-17,2022-09-15,2022-09-15,0.139,10.39,73.74820143884892,0.139,10.39,73.74820143884892,-1282048713.122814,-9223372036.854776,,raw,RAW_ONLY_REVIEW,True,,,ADTX_017,opend,POC,True,dual,raw/adjusted qualification mismatch
ADTX,Aditxt,NASDAQ,2022-06-21,2022-09-19,2022-09-19,0.1391,4.34,30.20057512580877,0.1391,4.34,30.20057512580877,-1282971050.3264992,-9223372036.854776,,raw,RAW_ONLY_REVIEW,True,,,ADTX_017,opend,POC,True,dual,raw/adjusted qualification mismatch
ADTX,Aditxt,NASDAQ,2022-06-22,2022-09-20,2022-09-20,0.1333,4.19,30.43285821455364,0.1333,4.19,30.43285821455364,-1229475492.5127416,-9223372036.854776,,raw,RAW_ONLY_REVIEW,True,,,ADTX_017,opend,POC,True,dual,raw/adjusted qualification mismatch
ADTX,Aditxt,NASDAQ,2022-06-23,2022-09-21,2022-09-21,0.146,3.6,23.657534246575345,0.146,3.6,23.657534246575345,-1346612317.3807971,-9223372036.854776,,raw,RAW_ONLY_REVIEW,True,,,ADTX_017,opend,POC,True,dual,raw/adjusted qualification mismatch
ADTX,Aditxt,NASDAQ,2022-06-24,2022-09-22,2022-09-22,0.153,3.08,19.130718954248366,0.153,3.08,19.130718954248366,-1411175921.6387806,-9223372036.854776,,raw,RAW_ONLY_REVIEW,True,,,ADTX_017,opend,POC,True,dual,raw/adjusted qualification mismatch
ADTX,Aditxt,NASDAQ,2022-06-27,2022-09-25,2022-09-26,0.1562,3.05,18.526248399487834,0.1562,3.05,18.526248399487834,-1440690712.156716,-9223372036.854776,,raw,RAW_ONLY_REVIEW,True,,,ADTX_017,opend,POC,True,dual,raw/adjusted qualification mismatch
ADTX,Aditxt,NASDAQ,2022-06-28,2022-09-26,2022-09-26,0.1431,3.05,20.313766596785463,0.1431,3.05,20.313766596785463,-1319864538.4739184,-9223372036.854776,,raw,RAW_ONLY_REVIEW,True,,,ADTX_017,opend,POC,True,dual,raw/adjusted qualification mismatch
ADTX,Aditxt,NASDAQ,2022-06-29,2022-09-27,2022-09-27,0.2,3.25,15.25,0.2,3.25,15.25,-1844674407.3709552,-9223372036.854776,,raw,RAW_ONLY_REVIEW,True,,,ADTX_017,opend,POC,True,dual,raw/adjusted qualification mismatch
ADTX,Aditxt,NASDAQ,2022-06-30,2022-09-28,2022-09-28,0.1431,3.06,20.38364779874214,0.1431,3.06,20.38364779874214,-1319864538.4739184,-9223372036.854776,,raw,RAW_ONLY_REVIEW,True,,,ADTX_017,opend,POC,True,dual,raw/adjusted qualification mismatch
ADTX,Aditxt,NASDAQ,2022-07-01,2022-09-29,2022-09-29,0.1457,3.38,22.19835277968428,0.1457,3.38,22.19835277968428,-1343845305.7697408,-9223372036.854776,,raw,RAW_ONLY_REVIEW,True,,,ADTX_017,opend,POC,True,dual,raw/adjusted qualification mismatch
ADTX,Aditxt,NASDAQ,2022-07-05,2022-10-03,2022-10-03,0.1386,4.02,28.004329004329,0.1386,4.02,28.004329004329,-1278359364.3080719,-9223372036.854776,,raw,RAW_ONLY_REVIEW,True,,,ADTX_017,opend,POC,True,dual,raw/adjusted qualification mismatch
ADTX,Aditxt,NASDAQ,2022-07-06,2022-10-04,2022-10-04,0.1508,3.67,23.3368700265252,0.1508,3.67,23.3368700265252,-1390884503.1577,-9223372036.854776,,raw,RAW_ONLY_REVIEW,True,,,ADTX_017,opend,POC,True,dual,raw/adjusted qualification mismatch
ADTX,Aditxt,NASDAQ,2022-07-07,2022-10-05,2022-10-05,0.16,3.31,19.6875,0.16,3.31,19.6875,-1475739525.8967643,-9223372036.854776,,raw,RAW_ONLY_REVIEW,True,,,ADTX_017,opend,POC,True,dual,raw/adjusted qualification mismatch
ADTX,Aditxt,NASDAQ,2022-07-08,2022-10-06,2022-10-06,0.24,3.31,12.791666666666668,0.24,3.31,12.791666666666668,-2213609288.845146,-9223372036.854776,,raw,RAW_ONLY_REVIEW,True,,,ADTX_017,opend,POC,True,dual,raw/adjusted qualification mismatch
ADTX,Aditxt,NASDAQ,2022-07-11,2022-10-09,2022-10-10,0.1995,3.17,14.889724310776941,0.1995,3.17,14.889724310776941,-1840062721.3525279,-9223372036.854776,,raw,RAW_ONLY_REVIEW,True,,,ADTX_017,opend,POC,True,dual,raw/adjusted qualification mismatch
ADTX,Aditxt,NASDAQ,2022-07-12,2022-10-10,2022-10-10,0.195,3.17,15.256410256410255,0.195,3.17,15.256410256410255,-1798557547.1866813,-9223372036.854776,,raw,RAW_ONLY_REVIEW,True,,,ADTX_017,opend,POC,True,dual,raw/adjusted qualification mismatch
ADTX,Aditxt,NASDAQ,2022-07-13,2022-10-11,2022-10-11,0.1725,3.09,16.91304347826087,0.1725,3.09,16.91304347826087,-1591031676.3574488,-9223372036.854776,,raw,RAW_ONLY_REVIEW,True,,,ADTX_017,opend,POC,True,dual,raw/adjusted qualification mismatch
ADTX,Aditxt,NASDAQ,2022-07-14,2022-10-12,2022-10-12,0.1692,3.11,17.3806146572104,0.1692,3.11,17.3806146572104,-1560594548.635828,-9223372036.854776,,raw,RAW_ONLY_REVIEW,True,,,ADTX_017,opend,POC,True,dual,raw/adjusted qualification mismatch
ADTX,Aditxt,NASDAQ,2022-07-15,2022-10-13,2022-10-13,0.1735,2.97,16.118155619596543,0.1735,2.97,16.118155619596543,-1600255048.3943036,-9223372036.854776,,raw,RAW_ONLY_REVIEW,True,,,ADTX_017,opend,POC,True,dual,raw/adjusted qualification mismatch
ADTX,Aditxt,NASDAQ,2022-07-18,2022-10-16,2022-10-17,0.1703,2.94,16.263652378156195,0.1703,2.94,16.263652378156195,-1570740257.8763683,-9223372036.854776,,raw,RAW_ONLY_REVIEW,True,,,ADTX_017,opend,POC,True,dual,raw/adjusted qualification mismatch
ADTX,Aditxt,NASDAQ,2022-07-19,2022-10-17,2022-10-17,0.1796,2.94,15.369710467706014,0.1796,2.94,15.369710467706014,-1656517617.8191178,-9223372036.854776,,raw,RAW_ONLY_REVIEW,True,,,ADTX_017,opend,POC,True,dual,raw/adjusted qualification mismatch
ADTX,Aditxt,NASDAQ,2022-07-20,2022-10-18,2022-10-18,0.1852,3.0,15.198704103671705,0.1852,3.0,15.198704103671705,-1708168501.2255044,-9223372036.854776,,raw,RAW_ONLY_REVIEW,True,,,ADTX_017,opend,POC,True,dual,raw/adjusted qualification mismatch
ADTX,Aditxt,NASDAQ,2022-07-21,2022-10-19,2022-10-19,0.1877,3.24,16.261587639850827,0.1877,3.24,16.261587639850827,-1731226931.3176415,-9223372036.854776,,raw,RAW_ONLY_REVIEW,True,,,ADTX_017,opend,POC,True,dual,raw/adjusted qualification mismatch
ADTX,Aditxt,NASDAQ,2022-07-22,2022-10-20,2022-10-20,0.1732,3.07,16.725173210161664,0.1732,3.07,16.725173210161664,-1597488036.783247,-9223372036.854776,,raw,RAW_ONLY_REVIEW,True,,,ADTX_017,opend,POC,True,dual,raw/adjusted qualification mismatch
ADTX,Aditxt,NASDAQ,2022-07-25,2022-10-23,2022-10-24,0.162,3.09,18.074074074074073,0.162,3.09,18.074074074074073,-1494186269.9704738,-9223372036.854776,,raw,RAW_ONLY_REVIEW,True,,,ADTX_017,opend,POC,True,dual,raw/adjusted qualification mismatch
ADTX,Aditxt,NASDAQ,2022-07-26,2022-10-24,2022-10-24,0.1519,3.09,19.342330480579328,0.1519,3.09,19.342330480579328,-1401030212.3982406,-9223372036.854776,,raw,RAW_ONLY_REVIEW,True,,,ADTX_017,opend,POC,True,dual,raw/adjusted qualification mismatch
ADTX,Aditxt,NASDAQ,2022-07-27,2022-10-25,2022-10-25,0.1525,3.0,18.672131147540984,0.1525,3.0,18.672131147540984,-1406564235.6203532,-9223372036.854776,,raw,RAW_ONLY_REVIEW,True,,,ADTX_017,opend,POC,True,dual,raw/adjusted qualification mismatch
ADTX,Aditxt,NASDAQ,2022-07-28,2022-10-26,2022-10-26,0.1558,2.88,17.485237483953785,0.1558,2.88,17.485237483953785,-1437001363.341974,-9223372036.854776,,raw,RAW_ONLY_REVIEW,True,,,ADTX_017,opend,POC,True,dual,raw/adjusted qualification mismatch
ADTX,Aditxt,NASDAQ,2022-07-29,2022-10-27,2022-10-27,0.1577,2.71,16.18452758402029,0.1577,2.71,16.18452758402029,-1454525770.2119982,-9223372036.854776,,raw,RAW_ONLY_REVIEW,True,,,ADTX_017,opend,POC,True,dual,raw/adjusted qualification mismatch
ADTX,Aditxt,NASDAQ,2022-08-01,2022-10-30,2022-10-31,0.1529,2.69,16.593198168737736,0.1529,2.69,16.593198168737736,-1410253584.4350953,-9223372036.854776,,raw,RAW_ONLY_REVIEW,True,,,ADTX_017,opend,POC,True,dual,raw/adjusted qualification mismatch
ADTX,Aditxt,NASDAQ,2022-08-02,2022-10-31,2022-10-31,0.1527,2.69,16.616240995415847,0.1527,2.69,16.616240995415847,-1408408910.0277243,-9223372036.854776,,raw,RAW_ONLY_REVIEW,True,,,ADTX_017,opend,POC,True,dual,raw/adjusted qualification mismatch
ADTX,Aditxt,NASDAQ,2022-08-03,2022-11-01,2022-11-01,0.165,2.44,13.787878787878787,0.165,2.44,13.787878787878787,-1521856386.081038,-9223372036.854776,,raw,RAW_ONLY_REVIEW,True,,,ADTX_017,opend,POC,True,dual,raw/adjusted qualification mismatch
ADTX,Aditxt,NASDAQ,2022-08-04,2022-11-02,2022-11-02,0.1703,2.23,12.094539048737522,0.1703,2.23,12.094539048737522,-1570740257.8763683,-9223372036.854776,,raw,RAW_ONLY_REVIEW,True,,,ADTX_017,opend,POC,True,dual,raw/adjusted qualification mismatch
ADTX,Aditxt,NASDAQ,2022-08-05,2022-11-03,2022-11-03,0.1708,2.24,12.114754098360656,0.1708,2.24,12.114754098360656,-1575351943.894796,-9223372036.854776,,raw,RAW_ONLY_REVIEW,True,,,ADTX_017,opend,POC,True,dual,raw/adjusted qualification mismatch
ADTX,Aditxt,NASDAQ,2022-08-08,2022-11-06,2022-11-07,0.164,1.91,10.646341463414632,0.164,1.91,10.646341463414632,-1512633014.0441833,-9223372036.854776,,raw,RAW_ONLY_REVIEW,True,,,ADTX_017,opend,POC,True,dual,raw/adjusted qualification mismatch
ADTX,Aditxt,NASDAQ,2022-08-09,2022-11-07,2022-11-07,0.1574,1.91,11.134688691232528,0.1574,1.91,11.134688691232528,-1451758758.600942,-9223372036.854776,,raw,RAW_ONLY_REVIEW,True,,,ADTX_017,opend,POC,True,dual,raw/adjusted qualification mismatch
ADTX,Aditxt,NASDAQ,2022-08-10,2022-11-08,2022-11-08,0.1611,1.8,10.173184357541901,0.1611,1.8,10.173184357541901,-1485885235.1373043,-9223372036.854776,,raw,RAW_ONLY_REVIEW,True,,,ADTX_017,opend,POC,True,dual,raw/adjusted qualification mismatch
ADTX,Aditxt,NASDAQ,2022-08-17,2022-11-15,2022-11-15,0.1636,1.86,10.36919315403423,0.1636,1.86,10.36919315403423,-1508943665.2294412,-9223372036.854776,,raw,RAW_ONLY_REVIEW,True,,,ADTX_017,opend,POC,True,dual,raw/adjusted qualification mismatch
ADTX,Aditxt,NASDAQ,2022-08-26,2022-11-24,2022-11-25,0.1581,1.76,10.132194813409235,0.1581,1.76,10.132194813409235,-1458215119.02674,-9223372036.854776,,raw,RAW_ONLY_REVIEW,True,,,ADTX_017,opend,POC,True,dual,raw/adjusted qualification mismatch
ADTX,Aditxt,NASDAQ,2022-08-29,2022-11-27,2022-11-28,0.156,1.75,10.217948717948717,0.156,1.75,10.217948717948717,-1438846037.749345,-9223372036.854776,,raw,RAW_ONLY_REVIEW,True,,,ADTX_017,opend,POC,True,dual,raw/adjusted qualification mismatch
ADTX,Aditxt,NASDAQ,2022-08-30,2022-11-28,2022-11-28,0.154,1.75,10.363636363636363,0.154,1.75,10.363636363636363,-1420399293.6756353,-9223372036.854776,,raw,RAW_ONLY_REVIEW,True,,,ADTX_017,opend,POC,True,dual,raw/adjusted qualification mismatch
ADTX,Aditxt,NASDAQ,2022-08-31,2022-11-29,2022-11-29,0.1526,1.77,10.598951507208387,0.1526,1.77,10.598951507208387,-1407486572.824039,-9223372036.854776,,raw,RAW_ONLY_REVIEW,True,,,ADTX_017,opend,POC,True,dual,raw/adjusted qualification mismatch
ADTX,Aditxt,NASDAQ,2022-09-01,2022-11-30,2022-11-30,0.1443,1.79,11.404712404712404,0.1443,1.79,11.404712404712404,-1330932584.9181442,-9223372036.854776,,raw,RAW_ONLY_REVIEW,True,,,ADTX_017,opend,POC,True,dual,raw/adjusted qualification mismatch
ADTX,Aditxt,NASDAQ,2022-09-02,2022-12-01,2022-12-01,0.141,1.77,11.553191489361703,0.141,1.77,11.553191489361703,-1300495457.1965232,-9223372036.854776,,raw,RAW_ONLY_REVIEW,True,,,ADTX_017,opend,POC,True,dual,raw/adjusted qualification mismatch
ADTX,Aditxt,NASDAQ,2022-09-06,2022-12-05,2022-12-05,0.1283,1.73,12.484021823850352,0.1283,1.73,12.484021823850352,-1183358632.3284676,-9223372036.854776,,raw,RAW_ONLY_REVIEW,True,,,ADTX_017,opend,POC,True,dual,raw/adjusted qualification mismatch
ADTX,Aditxt,NASDAQ,2022-09-07,2022-12-06,2022-12-06,0.1398,1.69,11.088698140200284,0.1398,1.69,11.088698140200284,-1289427410.7522976,-9223372036.854776,,raw,RAW_ONLY_REVIEW,True,,,ADTX_017,opend,POC,True,dual,raw/adjusted qualification mismatch
ADTX,Aditxt,NASDAQ,2022-09-08,2022-12-07,2022-12-07,0.14,1.69,11.07142857142857,0.14,1.69,11.07142857142857,-1291272085.1596687,-9223372036.854776,,raw,RAW_ONLY_REVIEW,True,,,ADTX_017,opend,POC,True,dual,raw/adjusted qualification mismatch
ADTX,Aditxt,NASDAQ,2023-05-22,2023-08-20,2023-08-21,0.5828,12.0,19.59025394646534,0.5828,12.0,19.59025394646534,-5375381223.078963,2928960000.0,,raw,RAW_ONLY_REVIEW,True,,,ADTX_018,opend,POC,True,dual,raw/adjusted qualification mismatch
ADTX,Aditxt,NASDAQ,2023-05-23,2023-08-21,2023-08-21,0.5752,12.0,19.86230876216968,0.5752,12.0,19.86230876216968,-5305283595.598867,2928960000.0,,raw,RAW_ONLY_REVIEW,True,,,ADTX_018,opend,POC,True,dual,raw/adjusted qualification mismatch
ADTX,Aditxt,NASDAQ,2023-05-24,2023-08-22,2023-08-22,0.61,10.01,15.40983606557377,0.61,10.01,15.40983606557377,-5626256942.481413,2443240800.0,,raw,RAW_ONLY_REVIEW,True,,,ADTX_018,opend,POC,True,dual,raw/adjusted qualification mismatch
ADTX,Aditxt,NASDAQ,2023-05-25,2023-08-23,2023-08-23,0.6058,10.56,16.43149554308353,0.6058,10.56,16.43149554308353,-5587518779.926623,2577484800.0,,raw,RAW_ONLY_REVIEW,True,,,ADTX_018,opend,POC,True,dual,raw/adjusted qualification mismatch
ADTX,Aditxt,NASDAQ,2023-05-26,2023-08-24,2023-08-24,0.598,9.86,15.488294314381271,0.598,9.86,15.488294314381271,-5515576478.039156,2406628800.0,,raw,RAW_ONLY_REVIEW,True,,,ADTX_018,opend,POC,True,dual,raw/adjusted qualification mismatch
ADTX,Aditxt,NASDAQ,2023-05-30,2023-08-28,2023-08-28,0.5998,7.62,11.704234744914972,0.5998,7.62,11.704234744914972,-5532178547.705495,1859889600.0,,raw,RAW_ONLY_REVIEW,True,,,ADTX_018,opend,POC,True,dual,raw/adjusted qualification mismatch
ADTX,Aditxt,NASDAQ,2023-05-31,2023-08-29,2023-08-29,0.6099,8.7,13.26463354648303,0.6099,8.7,13.26463354648303,-5625334605.277728,2123495999.9999998,,raw,RAW_ONLY_REVIEW,True,,,ADTX_018,opend,POC,True,dual,raw/adjusted qualification mismatch
ADTX,Aditxt,NASDAQ,2023-06-01,2023-08-30,2023-08-30,0.5819,9.8,15.841381680701154,0.5819,9.8,15.841381680701154,-5367080188.245793,2391984000.0,,raw,RAW_ONLY_REVIEW,True,,,ADTX_018,opend,POC,True,dual,raw/adjusted qualification mismatch
ADTX,Aditxt,NASDAQ,2023-06-02,2023-08-31,2023-08-31,0.5899,55.0,92.23614171893541,0.5899,55.0,92.23614171893541,-5440867164.540632,-9223372036.854776,,raw,RAW_ONLY_REVIEW,True,,,ADTX_018,opend,POC,True,dual,raw/adjusted qualification mismatch
ADTX,Aditxt,NASDAQ,2023-06-05,2023-09-03,2023-09-05,0.617,36.8,58.64343598055105,0.617,36.8,58.64343598055105,-5690820546.739397,8982143999.999998,,raw,RAW_ONLY_REVIEW,True,,,ADTX_018,opend,POC,True,dual,raw/adjusted qualification mismatch
ADTX,Aditxt,NASDAQ,2023-06-06,2023-09-04,2023-09-05,0.6,36.8,60.33333333333333,0.6,36.8,60.33333333333333,-5534023222.112865,8982143999.999998,,raw,RAW_ONLY_REVIEW,True,,,ADTX_018,opend,POC,True,dual,raw/adjusted qualification mismatch
ADTX,Aditxt,NASDAQ,2023-06-07,2023-09-05,2023-09-05,0.6088,36.8,59.446780551905384,0.6088,36.8,59.446780551905384,-5615188896.037188,8982143999.999998,,raw,RAW_ONLY_REVIEW,True,,,ADTX_018,opend,POC,True,dual,raw/adjusted qualification mismatch
ADTX,Aditxt,NASDAQ,2023-06-08,2023-09-06,2023-09-06,0.6,32.95,53.91666666666667,0.6,32.95,53.91666666666667,-5534023222.112865,8042436000.000001,,raw,RAW_ONLY_REVIEW,True,,,ADTX_018,opend,POC,True,dual,raw/adjusted qualification mismatch
ADTX,Aditxt,NASDAQ,2023-06-09,2023-09-07,2023-09-07,0.6,29.43,48.050000000000004,0.6,29.43,48.050000000000004,-5534023222.112865,7183274400.0,,raw,RAW_ONLY_REVIEW,True,,,ADTX_018,opend,POC,True,dual,raw/adjusted qualification mismatch
ADTX,Aditxt,NASDAQ,2023-06-12,2023-09-10,2023-09-11,0.5998,25.5,41.51417139046349,0.5998,25.5,41.51417139046349,-5532178547.705495,6224040000.0,,raw,RAW_ONLY_REVIEW,True,,,ADTX_018,opend,POC,True,dual,raw/adjusted qualification mismatch
ADTX,Aditxt,NASDAQ,2023-06-13,2023-09-11,2023-09-11,0.615,25.5,40.46341463414634,0.615,25.5,40.46341463414634,-5672373802.665687,6224040000.0,,raw,RAW_ONLY_REVIEW,True,,,ADTX_018,opend,POC,True,dual,raw/adjusted qualification mismatch
ADTX,Aditxt,NASDAQ,2023-06-14,2023-09-12,2023-09-12,0.59,22.89,37.79661016949153,0.59,22.89,37.79661016949153,-5441789501.744317,5586991200.0,,raw,RAW_ONLY_REVIEW,True,,,ADTX_018,opend,POC,True,dual,raw/adjusted qualification mismatch
ADTX,Aditxt,NASDAQ,2023-06-15,2023-09-13,2023-09-13,0.5909,22.91,37.771365713318666,0.5909,22.91,37.771365713318666,-5450090536.577487,5591872800.0,,raw,RAW_ONLY_REVIEW,True,,,ADTX_018,opend,POC,True,dual,raw/adjusted qualification mismatch
ADTX,Aditxt,NASDAQ,2023-06-16,2023-09-14,2023-09-14,0.5777,20.46,34.416306041197856,0.5777,20.46,34.416306041197856,-5328342025.691004,4993876800.0,,raw,RAW_ONLY_REVIEW,True,,,ADTX_018,opend,POC,True,dual,raw/adjusted qualification mismatch
ADTX,Aditxt,NASDAQ,2023-06-20,2023-09-18,2023-09-18,0.59,18.19,29.830508474576273,0.59,18.19,29.830508474576273,-5441789501.744317,4439815200.000001,,raw,RAW_ONLY_REVIEW,True,,,ADTX_018,opend,POC,True,dual,raw/adjusted qualification mismatch
ADTX,Aditxt,NASDAQ,2023-06-21,2023-09-19,2023-09-19,0.5532,18.25,31.989877078814168,0.5532,18.25,31.989877078814168,-5102369410.788062,4454460000.0,,raw,RAW_ONLY_REVIEW,True,,,ADTX_018,opend,POC,True,dual,raw/adjusted qualification mismatch
ADTX,Aditxt,NASDAQ,2023-06-22,2023-09-20,2023-09-20,0.5633,17.97,30.90129593467069,0.5633,17.97,30.90129593467069,-5195525468.360295,4386117599.999999,,raw,RAW_ONLY_REVIEW,True,,,ADTX_018,opend,POC,True,dual,raw/adjusted qualification mismatch
ADTX,Aditxt,NASDAQ,2023-06-23,2023-09-21,2023-09-21,0.4999,17.99,34.98719743948789,0.4999,17.99,34.98719743948789,-4610763681.223702,4390999199.999999,,raw,RAW_ONLY_REVIEW,True,,,ADTX_018,opend,POC,True,dual,raw/adjusted qualification mismatch
ADTX,Aditxt,NASDAQ,2023-06-26,2023-09-24,2023-09-25,0.4602,15.33,32.311603650586704,0.4602,15.33,32.311603650586704,-4244595811.3605676,3741746400.0,,raw,RAW_ONLY_REVIEW,True,,,ADTX_018,opend,POC,True,dual,raw/adjusted qualification mismatch
ADTX,Aditxt,NASDAQ,2023-06-27,2023-09-25,2023-09-25,0.422,15.33,35.32701421800948,0.422,15.33,35.32701421800948,-3892262999.5527153,3741746400.0,,raw,RAW_ONLY_REVIEW,True,,,ADTX_018,opend,POC,True,dual,raw/adjusted qualification mismatch
ADTX,Aditxt,NASDAQ,2023-06-28,2023-09-26,2023-09-26,0.445,13.03,28.280898876404493,0.445,13.03,28.280898876404493,-4104400556.4003754,3180362400.0,,raw,RAW_ONLY_REVIEW,True,,,ADTX_018,opend,POC,True,dual,raw/adjusted qualification mismatch
ADTX,Aditxt,NASDAQ,2023-06-29,2023-09-27,2023-09-27,0.4302,13.04,29.3114830311483,0.4302,13.04,29.3114830311483,-3967894650.254925,3182803200.0,,raw,RAW_ONLY_REVIEW,True,,,ADTX_018,opend,POC,True,dual,raw/adjusted qualification mismatch
ADTX,Aditxt,NASDAQ,2023-06-30,2023-09-28,2023-09-28,0.45,13.59,29.2,0.45,13.59,29.2,-4150517416.584649,3317047200.0,,raw,RAW_ONLY_REVIEW,True,,,ADTX_018,opend,POC,True,dual,raw/adjusted qualification mismatch
ADTX,Aditxt,NASDAQ,2023-07-03,2023-10-01,2023-10-02,0.45,11.94,25.53333333333333,0.45,11.94,25.53333333333333,-4150517416.584649,2914315200.0,,raw,RAW_ONLY_REVIEW,True,,,ADTX_018,opend,POC,True,dual,raw/adjusted qualification mismatch
ADTX,Aditxt,NASDAQ,2023-07-05,2023-10-03,2023-10-03,0.45,11.5,24.555555555555554,0.45,11.5,24.555555555555554,-4150517416.584649,2806920000.0,,raw,RAW_ONLY_REVIEW,True,,,ADTX_018,opend,POC,True,dual,raw/adjusted qualification mismatch
ADTX,Aditxt,NASDAQ,2023-07-06,2023-10-04,2023-10-04,0.4478,12.19,26.221974095578382,0.4478,12.19,26.221974095578382,-4130225998.1035686,2975335200.0,,raw,RAW_ONLY_REVIEW,True,,,ADTX_018,opend,POC,True,dual,raw/adjusted qualification mismatch
ADTX,Aditxt,NASDAQ,2023-07-07,2023-10-05,2023-10-05,0.4465,11.78,25.382978723404253,0.4465,11.78,25.382978723404253,-4118235614.4556575,2875262400.0,,raw,RAW_ONLY_REVIEW,True,,,ADTX_018,opend,POC,True,dual,raw/adjusted qualification mismatch
ADTX,Aditxt,NASDAQ,2023-07-10,2023-10-08,2023-10-09,0.4365,11.45,25.231386025200457,0.4365,11.45,25.231386025200457,-4026001894.0871096,2794716000.0,,raw,RAW_ONLY_REVIEW,True,,,ADTX_018,opend,POC,True,dual,raw/adjusted qualification mismatch
ADTX,Aditxt,NASDAQ,2023-07-11,2023-10-09,2023-10-09,0.449799,11.45,24.455814708347503,0.449799,11.45,24.455814708347503,-4148663518.805241,2794716000.0,,raw,RAW_ONLY_REVIEW,True,,,ADTX_018,opend,POC,True,dual,raw/adjusted qualification mismatch
ADTX,Aditxt,NASDAQ,2023-07-12,2023-10-10,2023-10-10,0.44,10.41,22.65909090909091,0.44,10.41,22.65909090909091,-4058283696.216101,2540872800.0,,raw,RAW_ONLY_REVIEW,True,,,ADTX_018,opend,POC,True,dual,raw/adjusted qualification mismatch
ADTX,Aditxt,NASDAQ,2023-07-13,2023-10-11,2023-10-11,0.4399,10.645,23.198681518526936,0.4399,10.645,23.198681518526936,-4057361359.012416,2598231600.0,,raw,RAW_ONLY_REVIEW,True,,,ADTX_018,opend,POC,True,dual,raw/adjusted qualification mismatch
ADTX,Aditxt,NASDAQ,2023-07-14,2023-10-12,2023-10-12,0.4245,10.37,23.42873969375736,0.4245,10.37,23.42873969375736,-3915321429.644852,2531109600.0,,raw,RAW_ONLY_REVIEW,True,,,ADTX_018,opend,POC,True,dual,raw/adjusted qualification mismatch
ADTX,Aditxt,NASDAQ,2023-07-17,2023-10-15,2023-10-16,0.4249,9.81,22.087785361261474,0.4249,9.81,22.087785361261474,-3919010778.4595942,2394424800.0,,raw,RAW_ONLY_REVIEW,True,,,ADTX_018,opend,POC,True,dual,raw/adjusted qualification mismatch
ADTX,Aditxt,NASDAQ,2023-07-18,2023-10-16,2023-10-16,0.4291,9.81,21.861803775343745,0.4291,9.81,21.861803775343745,-3957748941.0143843,2394424800.0,,raw,RAW_ONLY_REVIEW,True,,,ADTX_018,opend,POC,True,dual,raw/adjusted qualification mismatch
ADTX,Aditxt,NASDAQ,2023-07-19,2023-10-17,2023-10-17,0.4283,9.96,22.254727994396454,0.4283,9.96,22.254727994396454,-3950370243.3849006,2431036800.0,,raw,RAW_ONLY_REVIEW,True,,,ADTX_018,opend,POC,True,dual,raw/adjusted qualification mismatch
ADTX,Aditxt,NASDAQ,2023-07-20,2023-10-18,2023-10-18,0.4198,10.2,23.297284421152927,0.4198,10.2,23.297284421152927,-3871971581.071635,2489616000.0,,raw,RAW_ONLY_REVIEW,True,,,ADTX_018,opend,POC,True,dual,raw/adjusted qualification mismatch
ADTX,Aditxt,NASDAQ,2023-07-21,2023-10-19,2023-10-19,0.4075,9.58,22.509202453987733,0.4075,9.58,22.509202453987733,-3758524105.018321,2338286400.0,,raw,RAW_ONLY_REVIEW,True,,,ADTX_018,opend,POC,True,dual,raw/adjusted qualification mismatch
ADTX,Aditxt,NASDAQ,2023-07-24,2023-10-22,2023-10-23,0.3921,8.3,20.16806937005866,0.3921,8.3,20.16806937005866,-3616484175.650758,2025864000.0000002,,raw,RAW_ONLY_REVIEW,True,,,ADTX_018,opend,POC,True,dual,raw/adjusted qualification mismatch
ADTX,Aditxt,NASDAQ,2023-07-25,2023-10-23,2023-10-23,0.4,8.3,19.75,0.4,8.3,19.75,-3689348814.7419105,2025864000.0000002,,raw,RAW_ONLY_REVIEW,True,,,ADTX_018,opend,POC,True,dual,raw/adjusted qualification mismatch
ADTX,Aditxt,NASDAQ,2023-07-26,2023-10-24,2023-10-24,0.3952,8.08,19.445344129554655,0.3952,8.08,19.445344129554655,-3645076628.9650073,1972166400.0,,raw,RAW_ONLY_REVIEW,True,,,ADTX_018,opend,POC,True,dual,raw/adjusted qualification mismatch
ADTX,Aditxt,NASDAQ,2023-07-27,2023-10-25,2023-10-25,0.39,7.86,19.153846153846153,0.39,7.86,19.153846153846153,-3597115094.3733625,1918468800.0,,raw,RAW_ONLY_REVIEW,True,,,ADTX_018,opend,POC,True,dual,raw/adjusted qualification mismatch
ADTX,Aditxt,NASDAQ,2023-07-28,2023-10-26,2023-10-26,0.4,7.2,17.0,0.4,7.2,17.0,-3689348814.7419105,1757376000.0,,raw,RAW_ONLY_REVIEW,True,,,ADTX_018,opend,POC,True,dual,raw/adjusted qualification mismatch
ADTX,Aditxt,NASDAQ,2023-07-31,2023-10-29,2023-10-30,0.3975,6.5915,15.582389937106917,0.3975,6.5915,15.582389937106917,-3666290384.6497736,1608853320.0,,raw,RAW_ONLY_REVIEW,True,,,ADTX_018,opend,POC,True,dual,raw/adjusted qualification mismatch
ADTX,Aditxt,NASDAQ,2023-08-01,2023-10-30,2023-10-30,0.406,6.5915,15.235221674876847,0.406,6.5915,15.235221674876847,-3744689046.9630394,1608853320.0,,raw,RAW_ONLY_REVIEW,True,,,ADTX_018,opend,POC,True,dual,raw/adjusted qualification mismatch
ADTX,Aditxt,NASDAQ,2023-08-02,2023-10-31,2023-10-31,0.396,6.75,16.045454545454543,0.396,6.75,16.045454545454543,-3652455326.5944915,1647540000.0,,raw,RAW_ONLY_REVIEW,True,,,ADTX_018,opend,POC,True,dual,raw/adjusted qualification mismatch
ADTX,Aditxt,NASDAQ,2023-08-03,2023-11-01,2023-11-01,0.3949,6.91,16.498100785008866,0.3949,6.91,16.498100785008866,-3642309617.3539505,1686592800.0,,raw,RAW_ONLY_REVIEW,True,,,ADTX_018,opend,POC,True,dual,raw/adjusted qualification mismatch
ADTX,Aditxt,NASDAQ,2023-08-04,2023-11-02,2023-11-02,0.3891,6.92,16.784631200205602,0.3891,6.92,16.784631200205602,-3588814059.540193,1689033600.0,,raw,RAW_ONLY_REVIEW,True,,,ADTX_018,opend,POC,True,dual,raw/adjusted qualification mismatch
ADTX,Aditxt,NASDAQ,2023-08-07,2023-11-05,2023-11-06,0.376,6.15,15.356382978723406,0.376,6.15,15.356382978723406,-3467987885.8573956,1501092000.0,,raw,RAW_ONLY_REVIEW,True,,,ADTX_018,opend,POC,True,dual,raw/adjusted qualification mismatch
ADTX,Aditxt,NASDAQ,2023-08-08,2023-11-06,2023-11-06,0.37,6.15,15.621621621621621,0.37,6.15,15.621621621621621,-3412647653.636267,1501092000.0,,raw,RAW_ONLY_REVIEW,True,,,ADTX_018,opend,POC,True,dual,raw/adjusted qualification mismatch
ADTX,Aditxt,NASDAQ,2023-08-09,2023-11-07,2023-11-07,0.3621,5.95,15.431924882629108,0.3621,5.95,15.431924882629108,-3339783014.545114,1452276000.0,,raw,RAW_ONLY_REVIEW,True,,,ADTX_018,opend,POC,True,dual,raw/adjusted qualification mismatch
ADTX,Aditxt,NASDAQ,2023-08-10,2023-11-08,2023-11-08,0.34225,5.01,13.638422205989773,0.34225,5.01,13.638422205989773,-3156699079.613547,1222840800.0,,raw,RAW_ONLY_REVIEW,True,,,ADTX_018,opend,POC,True,dual,raw/adjusted qualification mismatch
ADTX,Aditxt,NASDAQ,2023-08-11,2023-11-09,2023-11-09,0.328,4.3589,12.289329268292683,0.328,4.3589,12.289329268292683,-3025266028.0883665,1063920312.0,,raw,RAW_ONLY_REVIEW,True,,,ADTX_018,opend,POC,True,dual,raw/adjusted qualification mismatch
ADTX,Aditxt,NASDAQ,2023-08-14,2023-11-12,2023-11-13,0.321,4.17,11.990654205607477,0.321,4.17,11.990654205607477,-2960702423.8303833,1017813600.0,,raw,RAW_ONLY_REVIEW,True,,,ADTX_018,opend,POC,True,dual,raw/adjusted qualification mismatch
ADTX,Aditxt,NASDAQ,2023-08-15,2023-11-13,2023-11-13,0.305,4.17,12.672131147540984,0.305,4.17,12.672131147540984,-2813128471.2407064,1017813600.0,,raw,RAW_ONLY_REVIEW,True,,,ADTX_018,opend,POC,True,dual,raw/adjusted qualification mismatch
ADTX,Aditxt,NASDAQ,2023-08-16,2023-11-14,2023-11-14,0.3038,4.83,14.898617511520737,0.3038,4.83,14.898617511520737,-2802060424.796481,1178906400.0,,raw,RAW_ONLY_REVIEW,True,,,ADTX_018,opend,POC,True,dual,raw/adjusted qualification mismatch
ADTX,Aditxt,NASDAQ,2023-08-17,2023-11-15,2023-11-15,0.3995,4.56,10.41426783479349,0.3995,4.56,10.41426783479349,-3684737128.723483,1113004799.9999998,,raw,RAW_ONLY_REVIEW,True,,,ADTX_018,opend,POC,True,dual,raw/adjusted qualification mismatch
ADTX,Aditxt,NASDAQ,2024-12-16,2025-03-16,2025-03-17,0.3046,4.37,13.346684175968484,0.3046,4.37,13.346684175968484,1858669.2,106662.96,-0.942613263296126,raw,RAW_ONLY_REVIEW,True,,,ADTX_019,opend,POC,True,dual,raw/adjusted qualification mismatch
ADTX,Aditxt,NASDAQ,2024-12-17,2025-03-17,2025-03-17,0.2637,4.37,15.571861964353435,0.2637,4.37,15.571861964353435,1609097.4,106662.96,-0.9337125521425863,raw,RAW_ONLY_REVIEW,True,,,ADTX_019,opend,POC,True,dual,raw/adjusted qualification mismatch
ADTX,Aditxt,NASDAQ,2024-12-18,2025-03-18,2025-03-18,0.239,7.5,30.380753138075317,0.239,7.5,30.380753138075317,1458378.0,183060.0,-0.8744769874476988,raw,RAW_ONLY_REVIEW,True,,,ADTX_019,opend,POC,True,dual,raw/adjusted qualification mismatch
ADTX,Aditxt,NASDAQ,2024-12-19,2025-03-19,2025-03-19,0.226,10.03,43.38053097345132,0.226,10.03,43.38053097345132,1379052.0,244812.24,-0.8224778761061947,raw,RAW_ONLY_REVIEW,True,,,ADTX_019,opend,POC,True,dual,raw/adjusted qualification mismatch
ADTX,Aditxt,NASDAQ,2024-12-20,2025-03-20,2025-03-20,0.1861,10.69,56.442235357334766,0.1861,10.69,56.442235357334766,1135582.2,260921.52,-0.7702310585706609,raw,RAW_ONLY_REVIEW,True,,,ADTX_019,opend,POC,True,dual,raw/adjusted qualification mismatch
ADTX,Aditxt,NASDAQ,2024-12-23,2025-03-23,2025-03-24,0.187,7.17,37.342245989304814,0.187,7.17,37.342245989304814,1141074.0,175005.36,-0.8466310160427808,raw,RAW_ONLY_REVIEW,True,,,ADTX_019,opend,POC,True,dual,raw/adjusted qualification mismatch
ADTX,Aditxt,NASDAQ,2024-12-24,2025-03-24,2025-03-24,0.1844,7.17,37.882863340563986,0.1844,7.17,37.882863340563986,1125208.8,175005.36,-0.8444685466377441,raw,RAW_ONLY_REVIEW,True,,,ADTX_019,opend,POC,True,dual,raw/adjusted qualification mismatch
ADTX,Aditxt,NASDAQ,2024-12-26,2025-03-26,2025-03-26,0.1925,6.85,34.58441558441558,0.1925,6.85,34.58441558441558,1174635.0,167194.8,-0.8576623376623377,raw,RAW_ONLY_REVIEW,True,,,ADTX_019,opend,POC,True,dual,raw/adjusted qualification mismatch
ADTX,Aditxt,NASDAQ,2024-12-27,2025-03-27,2025-03-27,0.188,6.165,31.79255319148936,0.188,6.165,31.79255319148936,1147176.0,150475.32,-0.8688297872340426,raw,RAW_ONLY_REVIEW,True,,,ADTX_019,opend,POC,True,dual,raw/adjusted qualification mismatch
ADTX,Aditxt,NASDAQ,2024-12-30,2025-03-30,2025-03-31,0.1951,4.485,21.98821117375705,0.1951,4.485,21.98821117375705,1190500.2,109469.88,-0.9080471553049718,raw,RAW_ONLY_REVIEW,True,,,ADTX_019,opend,POC,True,dual,raw/adjusted qualification mismatch
ADTX,Aditxt,NASDAQ,2024-12-31,2025-03-31,2025-03-31,0.1898,4.485,22.630136986301373,0.1898,4.485,22.630136986301373,1158159.6,109469.88,-0.9054794520547945,raw,RAW_ONLY_REVIEW,True,,,ADTX_019,opend,POC,True,dual,raw/adjusted qualification mismatch
ADTX,Aditxt,NASDAQ,2025-01-02,2025-04-02,2025-04-02,0.195,5.0,24.64102564102564,0.195,5.0,24.64102564102564,1189890.0,122040.0,-0.8974358974358975,raw,RAW_ONLY_REVIEW,True,,,ADTX_019,opend,POC,True,dual,raw/adjusted qualification mismatch
ADTX,Aditxt,NASDAQ,2025-01-03,2025-04-03,2025-04-03,0.208,5.58,25.82692307692308,0.208,5.58,25.82692307692308,1269216.0,136196.64,-0.8926923076923077,raw,RAW_ONLY_REVIEW,True,,,ADTX_019,opend,POC,True,dual,raw/adjusted qualification mismatch
ADTX,Aditxt,NASDAQ,2025-01-06,2025-04-06,2025-04-07,0.196,3.72,17.979591836734695,0.196,3.72,17.979591836734695,1195992.0,90797.76,-0.9240816326530612,raw,RAW_ONLY_REVIEW,True,,,ADTX_019,opend,POC,True,dual,raw/adjusted qualification mismatch
ADTX,Aditxt,NASDAQ,2025-01-07,2025-04-07,2025-04-07,0.1937,3.72,18.204956117707795,0.1937,3.72,18.204956117707795,1181957.4,90797.76,-0.9231801755291689,raw,RAW_ONLY_REVIEW,True,,,ADTX_019,opend,POC,True,dual,raw/adjusted qualification mismatch
ADTX,Aditxt,NASDAQ,2025-01-08,2025-04-08,2025-04-08,0.1682,3.29,18.560047562425684,0.1682,3.29,18.560047562425684,1026356.399999999,80302.32,-0.9217598097502971,raw,RAW_ONLY_REVIEW,True,,,ADTX_019,opend,POC,True,dual,raw/adjusted qualification mismatch
ADTX,Aditxt,NASDAQ,2025-01-10,2025-04-10,2025-04-10,0.1699,2.88,15.951147733961154,0.1699,2.88,15.951147733961154,1036729.8,70295.04,-0.9321954090641554,raw,RAW_ONLY_REVIEW,True,,,ADTX_019,opend,POC,True,dual,raw/adjusted qualification mismatch
ADTX,Aditxt,NASDAQ,2025-01-13,2025-04-13,2025-04-14,0.1559,2.5,15.035920461834507,0.1559,2.5,15.035920461834507,951301.8,61020.0,-0.935856318152662,raw,RAW_ONLY_REVIEW,True,,,ADTX_019,opend,POC,True,dual,raw/adjusted qualification mismatch
ADTX,Aditxt,NASDAQ,2025-01-14,2025-04-14,2025-04-14,0.1351,2.5,17.50481125092524,0.1351,2.5,17.50481125092524,824380.2,61020.0,-0.9259807549962991,raw,RAW_ONLY_REVIEW,True,,,ADTX_019,opend,POC,True,dual,raw/adjusted qualification mismatch
ADTX,Aditxt,NASDAQ,2025-01-15,2025-04-15,2025-04-15,0.131,2.41,17.396946564885496,0.131,2.41,17.396946564885496,799362.0,58823.28,-0.926412213740458,raw,RAW_ONLY_REVIEW,True,,,ADTX_019,opend,POC,True,dual,raw/adjusted qualification mismatch
ADTX,Aditxt,NASDAQ,2025-01-16,2025-04-16,2025-04-16,0.1376,2.2,14.988372093023257,0.1376,2.2,14.988372093023257,839635.2,53697.6,-0.936046511627907,raw,RAW_ONLY_REVIEW,True,,,ADTX_019,opend,POC,True,dual,raw/adjusted qualification mismatch
ADTX,Aditxt,NASDAQ,2025-01-17,2025-04-17,2025-04-17,0.1315,2.5,18.011406844106464,0.1315,2.5,18.011406844106464,802413.0,61020.0,-0.9239543726235742,raw,RAW_ONLY_REVIEW,True,,,ADTX_019,opend,POC,True,dual,raw/adjusted qualification mismatch
ADTX,Aditxt,NASDAQ,2025-01-21,2025-04-21,2025-04-21,0.122,2.23,17.278688524590166,0.122,2.23,17.278688524590166,744444.0,54429.84,-0.9268852459016393,raw,RAW_ONLY_REVIEW,True,,,ADTX_019,opend,POC,True,dual,raw/adjusted qualification mismatch
ADTX,Aditxt,NASDAQ,2025-01-22,2025-04-22,2025-04-22,0.1149,2.31,19.10443864229765,0.1149,2.31,19.10443864229765,701119.8,56382.48,-0.9195822454308094,raw,RAW_ONLY_REVIEW,True,,,ADTX_019,opend,POC,True,dual,raw/adjusted qualification mismatch
ADTX,Aditxt,NASDAQ,2025-01-23,2025-04-23,2025-04-23,0.1117,2.31,19.680393912264996,0.1117,2.31,19.680393912264996,681593.4,56382.48,-0.91727842435094,raw,RAW_ONLY_REVIEW,True,,,ADTX_019,opend,POC,True,dual,raw/adjusted qualification mismatch
ADTX,Aditxt,NASDAQ,2025-01-24,2025-04-24,2025-04-24,0.1173,2.3,18.6078431372549,0.1173,2.3,18.6078431372549,715764.6,56138.399999999,-0.9215686274509818,raw,RAW_ONLY_REVIEW,True,,,ADTX_019,opend,POC,True,dual,raw/adjusted qualification mismatch
ADTX,Aditxt,NASDAQ,2025-01-27,2025-04-27,2025-04-28,0.1094,2.31,20.115173674588668,0.1094,2.31,20.115173674588668,667558.8,56382.48,-0.9155393053016454,raw,RAW_ONLY_REVIEW,True,,,ADTX_019,opend,POC,True,dual,raw/adjusted qualification mismatch
ADTX,Aditxt,NASDAQ,2025-01-28,2025-04-28,2025-04-28,0.1155,2.31,19.0,0.1155,2.31,19.0,704781.0,56382.48,-0.92,raw,RAW_ONLY_REVIEW,True,,,ADTX_019,opend,POC,True,dual,raw/adjusted qualification mismatch
ADTX,Aditxt,NASDAQ,2025-01-29,2025-04-29,2025-04-29,0.11,2.15,18.545454545454543,0.11,2.15,18.545454545454543,671220.0,52477.2,-0.9218181818181819,raw,RAW_ONLY_REVIEW,True,,,ADTX_019,opend,POC,True,dual,raw/adjusted qualification mismatch
ADTX,Aditxt,NASDAQ,2025-01-30,2025-04-30,2025-04-30,0.1092,2.21,19.238095238095237,0.1092,2.21,19.238095238095237,666338.4,53941.68,-0.919047619047619,raw,RAW_ONLY_REVIEW,True,,,ADTX_019,opend,POC,True,dual,raw/adjusted qualification mismatch
ADTX,Aditxt,NASDAQ,2025-01-31,2025-05-01,2025-05-01,0.1072,2.15,19.05597014925373,0.1072,2.15,19.05597014925373,654134.4,52477.2,-0.9197761194029851,raw,RAW_ONLY_REVIEW,True,,,ADTX_019,opend,POC,True,dual,raw/adjusted qualification mismatch
ADTX,Aditxt,NASDAQ,2025-02-03,2025-05-04,2025-05-05,0.11,2.2,19.0,0.11,2.2,19.0,671220.0,53697.6,-0.92,raw,RAW_ONLY_REVIEW,True,,,ADTX_019,opend,POC,True,dual,raw/adjusted qualification mismatch
ADTX,Aditxt,NASDAQ,2025-02-04,2025-05-05,2025-05-05,0.0958,2.2,21.964509394572026,0.0958,2.2,21.964509394572026,584571.6,53697.6,-0.9081419624217119,raw,RAW_ONLY_REVIEW,True,,,ADTX_019,opend,POC,True,dual,raw/adjusted qualification mismatch
ADTX,Aditxt,NASDAQ,2025-02-05,2025-05-06,2025-05-06,0.0927,2.08,21.437971952535058,0.0927,2.08,21.437971952535058,565655.4,50768.64,-0.9102481121898598,raw,RAW_ONLY_REVIEW,True,,,ADTX_019,opend,POC,True,dual,raw/adjusted qualification mismatch
ADTX,Aditxt,NASDAQ,2025-02-06,2025-05-07,2025-05-07,0.09,1.84,19.444444444444446,0.09,1.84,19.444444444444446,549180.0,44910.72,-0.9182222222222223,raw,RAW_ONLY_REVIEW,True,,,ADTX_019,opend,POC,True,dual,raw/adjusted qualification mismatch
ADTX,Aditxt,NASDAQ,2025-02-07,2025-05-08,2025-05-08,0.09,1.7,17.88888888888889,0.09,1.7,17.88888888888889,549180.0,41493.6,-0.9244444444444444,raw,RAW_ONLY_REVIEW,True,,,ADTX_019,opend,POC,True,dual,raw/adjusted qualification mismatch
ADTX,Aditxt,NASDAQ,2025-02-10,2025-05-11,2025-05-12,0.1046,1.79,16.11281070745698,0.1046,1.79,16.11281070745698,638269.2,43690.32,-0.931548757170172,raw,RAW_ONLY_REVIEW,True,,,ADTX_019,opend,POC,True,dual,raw/adjusted qualification mismatch
ADTX,Aditxt,NASDAQ,2025-02-11,2025-05-12,2025-05-12,0.0952,1.79,17.80252100840336,0.0952,1.79,17.80252100840336,580910.4,43690.32,-0.9247899159663866,raw,RAW_ONLY_REVIEW,True,,,ADTX_019,opend,POC,True,dual,raw/adjusted qualification mismatch
ADTX,Aditxt,NASDAQ,2025-02-12,2025-05-13,2025-05-13,0.0912,1.63,16.87280701754386,0.0912,1.63,16.87280701754386,556502.4,39785.04,-0.9285087719298246,raw,RAW_ONLY_REVIEW,True,,,ADTX_019,opend,POC,True,dual,raw/adjusted qualification mismatch
ADTX,Aditxt,NASDAQ,2025-02-13,2025-05-14,2025-05-14,0.0749,1.66,21.162883845126835,0.0749,1.66,21.162883845126835,457039.799999999,40517.28,-0.9113484646194925,raw,RAW_ONLY_REVIEW,True,,,ADTX_019,opend,POC,True,dual,raw/adjusted qualification mismatch
ADTX,Aditxt,NASDAQ,2025-02-14,2025-05-15,2025-05-15,0.07,1.61,22.0,0.07,1.61,22.0,427140.0,39296.88,-0.908,raw,RAW_ONLY_REVIEW,True,,,ADTX_019,opend,POC,True,dual,raw/adjusted qualification mismatch
ADTX,Aditxt,NASDAQ,2025-02-18,2025-05-19,2025-05-19,0.11,1.75,14.909090909090908,0.11,1.75,14.909090909090908,671220.0,42714.0,-0.9363636363636364,raw,RAW_ONLY_REVIEW,True,,,ADTX_019,opend,POC,True,dual,raw/adjusted qualification mismatch
ADTX,Aditxt,NASDAQ,2025-02-19,2025-05-20,2025-05-20,0.1286,1.82,13.152410575427684,0.1286,1.82,13.152410575427684,784717.2,44422.56,-0.9433903576982893,raw,RAW_ONLY_REVIEW,True,,,ADTX_019,opend,POC,True,dual,raw/adjusted qualification mismatch
ADTX,Aditxt,NASDAQ,2025-02-20,2025-05-21,2025-05-21,0.1188,1.74,13.646464646464645,0.1188,1.74,13.646464646464645,724917.6,42469.92,-0.9414141414141414,raw,RAW_ONLY_REVIEW,True,,,ADTX_019,opend,POC,True,dual,raw/adjusted qualification mismatch
ADTX,Aditxt,NASDAQ,2025-02-21,2025-05-22,2025-05-22,0.0915,1.82,18.890710382513664,0.0915,1.82,18.890710382513664,558333.0,44422.56,-0.9204371584699453,raw,RAW_ONLY_REVIEW,True,,,ADTX_019,opend,POC,True,dual,raw/adjusted qualification mismatch
ADTX,Aditxt,NASDAQ,2025-02-24,2025-05-25,2025-05-27,0.0872,1.7,18.495412844036696,0.0872,1.7,18.495412844036696,532094.4,41493.6,-0.9220183486238532,raw,RAW_ONLY_REVIEW,True,,,ADTX_019,opend,POC,True,dual,raw/adjusted qualification mismatch
ADTX,Aditxt,NASDAQ,2025-02-25,2025-05-26,2025-05-27,0.0759,1.7,21.397891963109355,0.0759,1.7,21.397891963109355,463141.8,41493.6,-0.9104084321475626,raw,RAW_ONLY_REVIEW,True,,,ADTX_019,opend,POC,True,dual,raw/adjusted qualification mismatch
ADTX,Aditxt,NASDAQ,2025-02-26,2025-05-27,2025-05-27,0.08,1.7,20.25,0.08,1.7,20.25,488160.0,41493.6,-0.915,raw,RAW_ONLY_REVIEW,True,,,ADTX_019,opend,POC,True,dual,raw/adjusted qualification mismatch
ADTX,Aditxt,NASDAQ,2025-02-27,2025-05-28,2025-05-28,0.0693,1.69,23.386724386724385,0.0693,1.69,23.386724386724385,422868.6,41249.52,-0.9024531024531024,raw,RAW_ONLY_REVIEW,True,,,ADTX_019,opend,POC,True,dual,raw/adjusted qualification mismatch
ADTX,Aditxt,NASDAQ,2025-02-28,2025-05-29,2025-05-29,0.0617,1.62,25.256077795786066,0.0617,1.62,25.256077795786066,376493.4,39540.96,-0.8949756888168557,raw,RAW_ONLY_REVIEW,True,,,ADTX_019,opend,POC,True,dual,raw/adjusted qualification mismatch
ADTX,Aditxt,NASDAQ,2025-03-03,2025-06-01,2025-06-02,0.0537,1.36,24.325884543761642,0.0537,1.36,24.325884543761642,327677.4,33194.88,-0.8986964618249534,raw,RAW_ONLY_REVIEW,True,,,ADTX_019,opend,POC,True,dual,raw/adjusted qualification mismatch
ADTX,Aditxt,NASDAQ,2025-03-04,2025-06-02,2025-06-02,0.0498,1.36,26.309236947791167,0.0498,1.36,26.309236947791167,303879.6,33194.88,-0.8907630522088353,raw,RAW_ONLY_REVIEW,True,,,ADTX_019,opend,POC,True,dual,raw/adjusted qualification mismatch
ADTX,Aditxt,NASDAQ,2025-03-05,2025-06-03,2025-06-03,0.0594,1.53,24.757575757575758,0.0594,1.53,24.757575757575758,362458.8,37344.24,-0.896969696969697,raw,RAW_ONLY_REVIEW,True,,,ADTX_019,opend,POC,True,dual,raw/adjusted qualification mismatch
ADTX,Aditxt,NASDAQ,2025-03-06,2025-06-04,2025-06-04,0.0515,1.56,29.291262135922334,0.0515,1.56,29.291262135922334,314253.0,38076.48,-0.8788349514563106,raw,RAW_ONLY_REVIEW,True,,,ADTX_019,opend,POC,True,dual,raw/adjusted qualification mismatch
ADTX,Aditxt,NASDAQ,2025-03-07,2025-06-05,2025-06-05,0.0515,1.44,26.96116504854369,0.0515,1.44,26.96116504854369,314253.0,35147.52,-0.8881553398058253,raw,RAW_ONLY_REVIEW,True,,,ADTX_019,opend,POC,True,dual,raw/adjusted qualification mismatch
ADTX,Aditxt,NASDAQ,2025-03-10,2025-06-08,2025-06-09,0.056,1.51,25.964285714285715,0.056,1.51,25.964285714285715,341712.0,36856.08,-0.8921428571428571,raw,RAW_ONLY_REVIEW,True,,,ADTX_019,opend,POC,True,dual,raw/adjusted qualification mismatch
ADTX,Aditxt,NASDAQ,2025-03-11,2025-06-09,2025-06-09,0.06,1.51,24.166666666666668,0.06,1.51,24.166666666666668,366120.0,36856.08,-0.8993333333333333,raw,RAW_ONLY_REVIEW,True,,,ADTX_019,opend,POC,True,dual,raw/adjusted qualification mismatch
ADTX,Aditxt,NASDAQ,2025-03-12,2025-06-10,2025-06-10,0.0568,1.49,25.23239436619718,0.0568,1.49,25.23239436619718,346593.6,36367.92,-0.8950704225352113,raw,RAW_ONLY_REVIEW,True,,,ADTX_019,opend,POC,True,dual,raw/adjusted qualification mismatch
ADTX,Aditxt,NASDAQ,2025-03-13,2025-06-11,2025-06-11,0.0334,1.465,42.8622754491018,0.0334,1.465,42.8622754491018,203806.8,35757.72,-0.8245508982035927,raw,RAW_ONLY_REVIEW,True,,,ADTX_019,opend,POC,True,dual,raw/adjusted qualification mismatch
ADTX,Aditxt,NASDAQ,2025-03-14,2025-06-12,2025-06-12,0.0201,1.45,71.13930348258707,0.0201,1.45,71.13930348258707,122650.2,35391.6,-0.7114427860696517,raw,RAW_ONLY_REVIEW,True,,,ADTX_019,opend,POC,True,dual,raw/adjusted qualification mismatch
ADTX,Aditxt,NASDAQ,2025-10-30,2026-01-28,2026-01-28,0.068,0.9188,12.511764705882351,0.068,0.9188,12.511764705882351,1659.744,198.4608,-0.8804268610098906,raw,RAW_ONLY_REVIEW,True,,,ADTX_020,opend,POC,True,dual,raw/adjusted qualification mismatch
ADTX,Aditxt,NASDAQ,2025-10-31,2026-01-29,2026-01-29,0.0594,0.8202,12.808080808080808,0.0594,0.8202,12.808080808080808,1449.8352,177.1632,-0.8778045946187539,raw,RAW_ONLY_REVIEW,True,,,ADTX_020,opend,POC,True,dual,raw/adjusted qualification mismatch
ADV,Advantage Solutions,NASDAQ,2025-12-29,2026-03-29,2026-03-30,0.8602,27.49,30.95768425947454,0.8602,27.49,30.95768425947454,21.505,27.49,0.27830737037898157,raw,RAW_ONLY_REVIEW,True,,,ADV_021,opend,POC,True,dual,raw/adjusted qualification mismatch
ADV,Advantage Solutions,NASDAQ,2025-12-30,2026-03-30,2026-03-30,0.8577,27.49,31.050833624810537,0.8577,27.49,31.050833624810537,21.4425,27.49,0.2820333449924215,raw,RAW_ONLY_REVIEW,True,,,ADV_021,opend,POC,True,dual,raw/adjusted qualification mismatch
ADV,Advantage Solutions,NASDAQ,2025-12-31,2026-03-31,2026-03-31,0.88,21.14,23.022727272727273,0.88,21.14,23.022727272727273,22.0,21.14,-0.039090909090909065,raw,RAW_ONLY_REVIEW,True,,,ADV_021,opend,POC,True,dual,raw/adjusted qualification mismatch
ADVB,Advanced Biomed,NASDAQ,2025-12-04,2026-03-04,2026-03-04,0.3802,4.59,11.072593371909521,0.3802,4.59,11.072593371909521,7.604,4.59,-0.39637033140452393,raw,RAW_ONLY_REVIEW,True,,,ADVB_022,opend,POC,True,dual,raw/adjusted qualification mismatch
ADVB,Advanced Biomed,NASDAQ,2025-12-08,2026-03-08,2026-03-09,0.362,4.95,12.674033149171272,0.362,4.95,12.674033149171272,7.24,4.95,-0.3162983425414364,raw,RAW_ONLY_REVIEW,True,,,ADVB_022,opend,POC,True,dual,raw/adjusted qualification mismatch
ADVB,Advanced Biomed,NASDAQ,2025-12-09,2026-03-09,2026-03-09,0.3666,4.95,12.502454991816695,0.3666,4.95,12.502454991816695,7.332,4.95,-0.32487725040916526,raw,RAW_ONLY_REVIEW,True,,,ADVB_022,opend,POC,True,dual,raw/adjusted qualification mismatch
ADVB,Advanced Biomed,NASDAQ,2025-12-10,2026-03-10,2026-03-10,0.38,5.0,12.157894736842104,0.38,5.0,12.157894736842104,7.6,5.0,-0.3421052631578947,raw,RAW_ONLY_REVIEW,True,,,ADVB_022,opend,POC,True,dual,raw/adjusted qualification mismatch
ADVB,Advanced Biomed,NASDAQ,2025-12-11,2026-03-11,2026-03-11,0.3656,5.18,13.168490153172867,0.3656,5.18,13.168490153172867,7.312,5.18,-0.2915754923413567,raw,RAW_ONLY_REVIEW,True,,,ADVB_022,opend,POC,True,dual,raw/adjusted qualification mismatch
ADVB,Advanced Biomed,NASDAQ,2025-12-12,2026-03-12,2026-03-12,0.3985,5.36,12.450439146800502,0.3985,5.36,12.450439146800502,7.97,5.36,-0.3274780426599748,raw,RAW_ONLY_REVIEW,True,,,ADVB_022,opend,POC,True,dual,raw/adjusted qualification mismatch
ADVB,Advanced Biomed,NASDAQ,2025-12-15,2026-03-15,2026-03-16,0.3921,5.43,12.848508033664881,0.3921,5.43,12.848508033664881,7.842,5.43,-0.30757459831675593,raw,RAW_ONLY_REVIEW,True,,,ADVB_022,opend,POC,True,dual,raw/adjusted qualification mismatch
ADVB,Advanced Biomed,NASDAQ,2025-12-16,2026-03-16,2026-03-16,0.388,5.43,12.99484536082474,0.388,5.43,12.99484536082474,7.76,5.43,-0.30025773195876293,raw,RAW_ONLY_REVIEW,True,,,ADVB_022,opend,POC,True,dual,raw/adjusted qualification mismatch
ADVB,Advanced Biomed,NASDAQ,2025-12-17,2026-03-17,2026-03-17,0.3875,4.55,10.741935483870966,0.3875,4.55,10.741935483870966,7.75,4.55,-0.41290322580645167,raw,RAW_ONLY_REVIEW,True,,,ADVB_022,opend,POC,True,dual,raw/adjusted qualification mismatch
ADVB,Advanced Biomed,NASDAQ,2025-12-18,2026-03-18,2026-03-18,0.3443,4.44,11.895730467615452,0.3443,4.44,11.895730467615452,6.886,4.44,-0.3552134766192274,raw,RAW_ONLY_REVIEW,True,,,ADVB_022,opend,POC,True,dual,raw/adjusted qualification mismatch
ADVB,Advanced Biomed,NASDAQ,2025-12-19,2026-03-19,2026-03-19,0.3643,4.195,10.515234696678561,0.3643,4.195,10.515234696678561,7.286,4.195,-0.4242382651660719,raw,RAW_ONLY_REVIEW,True,,,ADVB_022,opend,POC,True,dual,raw/adjusted qualification mismatch
ADVB,Advanced Biomed,NASDAQ,2025-12-22,2026-03-22,2026-03-23,0.3643,4.18,10.474059840790556,0.3643,4.18,10.474059840790556,7.286,4.18,-0.4262970079604721,raw,RAW_ONLY_REVIEW,True,,,ADVB_022,opend,POC,True,dual,raw/adjusted qualification mismatch
ADVB,Advanced Biomed,NASDAQ,2025-12-23,2026-03-23,2026-03-23,0.369,4.18,10.32791327913279,0.369,4.18,10.32791327913279,7.38,4.18,-0.43360433604336046,raw,RAW_ONLY_REVIEW,True,,,ADVB_022,opend,POC,True,dual,raw/adjusted qualification mismatch
ADVB,Advanced Biomed,NASDAQ,2025-12-26,2026-03-26,2026-03-26,0.3666,4.19,10.42935079105292,0.3666,4.19,10.42935079105292,7.332,4.19,-0.42853246044735405,raw,RAW_ONLY_REVIEW,True,,,ADVB_022,opend,POC,True,dual,raw/adjusted qualification mismatch
ADVB,Advanced Biomed,NASDAQ,2025-12-29,2026-03-29,2026-03-30,0.3336,4.5,12.489208633093526,0.3336,4.5,12.489208633093526,6.672,4.5,-0.3255395683453237,raw,RAW_ONLY_REVIEW,True,,,ADVB_022,opend,POC,True,dual,raw/adjusted qualification mismatch
ADVB,Advanced Biomed,NASDAQ,2025-12-30,2026-03-30,2026-03-30,0.3386,4.5,12.290017720023625,0.3386,4.5,12.290017720023625,6.772,4.5,-0.3354991139988187,raw,RAW_ONLY_REVIEW,True,,,ADVB_022,opend,POC,True,dual,raw/adjusted qualification mismatch
ADVB,Advanced Biomed,NASDAQ,2025-12-31,2026-03-31,2026-03-31,0.2918,4.56,14.627141877998628,0.2918,4.56,14.627141877998628,5.836,4.56,-0.21864290610006865,raw,RAW_ONLY_REVIEW,True,,,ADVB_022,opend,POC,True,dual,raw/adjusted qualification mismatch
ADVM,Adverum Biotechnologies(已退市),NASDAQ,2023-12-22,2024-03-21,2024-03-21,0.79,14.75,17.670886075949365,0.79,14.75,17.670886075949365,7.9,14.75,0.8670886075949367,raw,RAW_ONLY_REVIEW,True,,,ADVM_023,opend,POC,True,dual,raw/adjusted qualification mismatch
ADVM,Adverum Biotechnologies(已退市),NASDAQ,2023-12-26,2024-03-25,2024-03-25,0.8,14.95,17.687499999999996,0.8,14.95,17.687499999999996,8.0,14.95,0.8687499999999999,raw,RAW_ONLY_REVIEW,True,,,ADVM_023,opend,POC,True,dual,raw/adjusted qualification mismatch
ADVM,Adverum Biotechnologies(已退市),NASDAQ,2023-12-27,2024-03-26,2024-03-26,0.753,14.15,17.791500664010623,0.753,14.15,17.791500664010623,7.53,14.15,0.8791500664010623,raw,RAW_ONLY_REVIEW,True,,,ADVM_023,opend,POC,True,dual,raw/adjusted qualification mismatch
ADVM,Adverum Biotechnologies(已退市),NASDAQ,2023-12-28,2024-03-27,2024-03-27,0.756,14.66,18.391534391534393,0.756,14.66,18.391534391534393,7.56,14.66,0.9391534391534393,raw,RAW_ONLY_REVIEW,True,,,ADVM_023,opend,POC,True,dual,raw/adjusted qualification mismatch
ADVM,Adverum Biotechnologies(已退市),NASDAQ,2023-12-29,2024-03-28,2024-03-28,0.7528,14.14,17.783209351753452,0.7528,14.14,17.783209351753452,7.528,14.14,0.8783209351753456,raw,RAW_ONLY_REVIEW,True,,,ADVM_023,opend,POC,True,dual,raw/adjusted qualification mismatch
ADVM,Adverum Biotechnologies(已退市),NASDAQ,2024-01-02,2024-04-01,2024-04-01,0.8281,13.89,15.773336553556337,0.8281,13.89,15.773336553556337,8.280999999,13.89,0.6773336555581855,raw,RAW_ONLY_REVIEW,True,,,ADVM_023,opend,POC,True,dual,raw/adjusted qualification mismatch
ADVM,Adverum Biotechnologies(已退市),NASDAQ,2024-01-03,2024-04-02,2024-04-02,0.8396,13.4,14.959980943306336,0.8396,13.4,14.959980943306336,8.396,13.4,0.5959980943306336,raw,RAW_ONLY_REVIEW,True,,,ADVM_023,opend,POC,True,dual,raw/adjusted qualification mismatch
ADVM,Adverum Biotechnologies(已退市),NASDAQ,2024-01-04,2024-04-03,2024-04-03,0.89,13.35,14.0,0.89,13.35,14.0,8.9,13.35,0.5,raw,RAW_ONLY_REVIEW,True,,,ADVM_023,opend,POC,True,dual,raw/adjusted qualification mismatch
ADVM,Adverum Biotechnologies(已退市),NASDAQ,2024-01-05,2024-04-04,2024-04-04,0.835,13.17,14.77245508982036,0.835,13.17,14.77245508982036,8.35,13.17,0.5772455089820361,raw,RAW_ONLY_REVIEW,True,,,ADVM_023,opend,POC,True,dual,raw/adjusted qualification mismatch
ADVM,Adverum Biotechnologies(已退市),NASDAQ,2024-01-08,2024-04-07,2024-04-08,0.92,12.58,12.67391304347826,0.92,12.58,12.67391304347826,9.2,12.58,0.3673913043478263,raw,RAW_ONLY_REVIEW,True,,,ADVM_023,opend,POC,True,dual,raw/adjusted qualification mismatch
ADVM,Adverum Biotechnologies(已退市),NASDAQ,2024-01-09,2024-04-08,2024-04-08,0.92,12.58,12.67391304347826,0.92,12.58,12.67391304347826,9.2,12.58,0.3673913043478263,raw,RAW_ONLY_REVIEW,True,,,ADVM_023,opend,POC,True,dual,raw/adjusted qualification mismatch
ADVM,Adverum Biotechnologies(已退市),NASDAQ,2024-01-10,2024-04-09,2024-04-09,0.87,12.01,12.804597701149426,0.87,12.01,12.804597701149426,8.7,12.01,0.3804597701149426,raw,RAW_ONLY_REVIEW,True,,,ADVM_023,opend,POC,True,dual,raw/adjusted qualification mismatch
ADVM,Adverum Biotechnologies(已退市),NASDAQ,2024-01-11,2024-04-10,2024-04-10,0.8775,11.98,12.652421652421653,0.8775,11.98,12.652421652421653,8.775,11.98,0.36524216524216513,raw,RAW_ONLY_REVIEW,True,,,ADVM_023,opend,POC,True,dual,raw/adjusted qualification mismatch
ADVM,Adverum Biotechnologies(已退市),NASDAQ,2024-01-12,2024-04-11,2024-04-11,0.8511,11.97,13.064152273528377,0.8511,11.97,13.064152273528377,8.511,11.97,0.40641522735283764,raw,RAW_ONLY_REVIEW,True,,,ADVM_023,opend,POC,True,dual,raw/adjusted qualification mismatch
ADVM,Adverum Biotechnologies(已退市),NASDAQ,2024-01-16,2024-04-15,2024-04-15,0.807,11.53,13.287484510532837,0.807,11.53,13.287484510532837,8.07,11.53,0.42874845105328374,raw,RAW_ONLY_REVIEW,True,,,ADVM_023,opend,POC,True,dual,raw/adjusted qualification mismatch
ADVM,Adverum Biotechnologies(已退市),NASDAQ,2024-01-17,2024-04-16,2024-04-16,0.8004,11.61,13.505247376311843,0.8004,11.61,13.505247376311843,8.004,11.61,0.4505247376311845,raw,RAW_ONLY_REVIEW,True,,,ADVM_023,opend,POC,True,dual,raw/adjusted qualification mismatch
ADVM,Adverum Biotechnologies(已退市),NASDAQ,2024-01-18,2024-04-17,2024-04-17,0.8499,11.35,12.354512295564184,0.8499,11.35,12.354512295564184,8.499,11.35,0.33545122955641826,raw,RAW_ONLY_REVIEW,True,,,ADVM_023,opend,POC,True,dual,raw/adjusted qualification mismatch
ADVM,Adverum Biotechnologies(已退市),NASDAQ,2024-01-19,2024-04-18,2024-04-18,0.8481,11.15,12.147034547812758,0.8481,11.15,12.147034547812758,8.481,11.15,0.3147034547812759,raw,RAW_ONLY_REVIEW,True,,,ADVM_023,opend,POC,True,dual,raw/adjusted qualification mismatch
ADVM,Adverum Biotechnologies(已退市),NASDAQ,2024-01-22,2024-04-21,2024-04-22,0.8613,11.34,12.16614420062696,0.8613,11.34,12.16614420062696,8.613,11.34,0.3166144200626959,raw,RAW_ONLY_REVIEW,True,,,ADVM_023,opend,POC,True,dual,raw/adjusted qualification mismatch
ADVM,Adverum Biotechnologies(已退市),NASDAQ,2024-01-23,2024-04-22,2024-04-22,0.864,11.34,12.125,0.864,11.34,12.125,8.64,11.34,0.3125,raw,RAW_ONLY_REVIEW,True,,,ADVM_023,opend,POC,True,dual,raw/adjusted qualification mismatch
ADVM,Adverum Biotechnologies(已退市),NASDAQ,2024-01-24,2024-04-23,2024-04-23,0.909,11.0,11.101210121012102,0.909,11.0,11.101210121012102,9.09,11.0,0.21012101210121004,raw,RAW_ONLY_REVIEW,True,,,ADVM_023,opend,POC,True,dual,raw/adjusted qualification mismatch
ADVM,Adverum Biotechnologies(已退市),NASDAQ,2024-01-25,2024-04-24,2024-04-24,0.895,10.19,10.385474860335195,0.895,10.19,10.385474860335195,8.95,10.19,0.13854748603351963,raw,RAW_ONLY_REVIEW,True,,,ADVM_023,opend,POC,True,dual,raw/adjusted qualification mismatch
ADXN,Addex Therapeutics,NASDAQ,2023-07-24,2023-10-22,2023-10-23,0.551,6.44,10.687840290381125,0.551,6.44,10.687840290381125,11.02,6.44,-0.4156079854809437,raw,RAW_ONLY_REVIEW,True,,,ADXN_024,opend,POC,True,dual,raw/adjusted qualification mismatch
ADXN,Addex Therapeutics,NASDAQ,2023-07-25,2023-10-23,2023-10-23,0.5527,6.44,10.651890718292023,0.5527,6.44,10.651890718292023,11.054,6.44,-0.4174054640853989,raw,RAW_ONLY_REVIEW,True,,,ADXN_024,opend,POC,True,dual,raw/adjusted qualification mismatch
ADXN,Addex Therapeutics,NASDAQ,2023-07-26,2023-10-24,2023-10-24,0.53,6.31,10.905660377358489,0.53,6.31,10.905660377358489,10.6,6.31,-0.40471698113207544,raw,RAW_ONLY_REVIEW,True,,,ADXN_024,opend,POC,True,dual,raw/adjusted qualification mismatch
ADXN,Addex Therapeutics,NASDAQ,2023-07-27,2023-10-25,2023-10-25,0.52,6.23,10.980769230769232,0.52,6.23,10.980769230769232,10.4,6.23,-0.4009615384615385,raw,RAW_ONLY_REVIEW,True,,,ADXN_024,opend,POC,True,dual,raw/adjusted qualification mismatch
ADXN,Addex Therapeutics,NASDAQ,2023-07-28,2023-10-26,2023-10-26,0.544,6.55,11.040441176470587,0.544,6.55,11.040441176470587,10.88,6.55,-0.3979779411764707,raw,RAW_ONLY_REVIEW,True,,,ADXN_024,opend,POC,True,dual,raw/adjusted qualification mismatch
ADXN,Addex Therapeutics,NASDAQ,2023-08-01,2023-10-30,2023-10-30,0.557,6.13,10.005385996409334,0.557,6.13,10.005385996409334,11.14,6.13,-0.4497307001795332,raw,RAW_ONLY_REVIEW,True,,,ADXN_024,opend,POC,True,dual,raw/adjusted qualification mismatch
ADXN,Addex Therapeutics,NASDAQ,2023-08-02,2023-10-31,2023-10-31,0.531,6.29,10.845574387947268,0.531,6.29,10.845574387947268,10.62,6.29,-0.40772128060263646,raw,RAW_ONLY_REVIEW,True,,,ADXN_024,opend,POC,True,dual,raw/adjusted qualification mismatch
ADXN,Addex Therapeutics,NASDAQ,2023-08-03,2023-11-01,2023-11-01,0.55,6.6,10.999999999999998,0.55,6.6,10.999999999999998,11.0,6.6,-0.4,raw,RAW_ONLY_REVIEW,True,,,ADXN_024,opend,POC,True,dual,raw/adjusted qualification mismatch
ADXN,Addex Therapeutics,NASDAQ,2023-08-07,2023-11-05,2023-11-06,0.5521,6.25,10.320412968665096,0.5521,6.25,10.320412968665096,11.042,6.25,-0.43397935156674516,raw,RAW_ONLY_REVIEW,True,,,ADXN_024,opend,POC,True,dual,raw/adjusted qualification mismatch
ADXN,Addex Therapeutics,NASDAQ,2023-08-08,2023-11-06,2023-11-06,0.53665,6.25,10.646324420013045,0.53665,6.25,10.646324420013045,10.733,6.25,-0.41768377899934783,raw,RAW_ONLY_REVIEW,True,,,ADXN_024,opend,POC,True,dual,raw/adjusted qualification mismatch
ADXN,Addex Therapeutics,NASDAQ,2023-08-16,2023-11-14,2023-11-14,0.532,6.0,10.278195488721805,0.532,6.0,10.278195488721805,10.64,6.0,-0.43609022556390975,raw,RAW_ONLY_REVIEW,True,,,ADXN_024,opend,POC,True,dual,raw/adjusted qualification mismatch
ADXN,Addex Therapeutics,NASDAQ,2023-08-17,2023-11-15,2023-11-15,0.525633,6.0999,10.604864991353281,0.525633,6.0999,10.604864991353281,10.51266,6.0999,-0.41975675043233585,raw,RAW_ONLY_REVIEW,True,,,ADXN_024,opend,POC,True,dual,raw/adjusted qualification mismatch
ADXN,Addex Therapeutics,NASDAQ,2023-08-18,2023-11-16,2023-11-16,0.5164,6.11,10.83191324554609,0.5164,6.11,10.83191324554609,10.328,6.11,-0.40840433772269547,raw,RAW_ONLY_REVIEW,True,,,ADXN_024,opend,POC,True,dual,raw/adjusted qualification mismatch
ADXN,Addex Therapeutics,NASDAQ,2023-08-21,2023-11-19,2023-11-20,0.491751,6.3,11.811361847764417,0.491751,6.3,11.811361847764417,9.83502,6.3,-0.3594319076117791,raw,RAW_ONLY_REVIEW,True,,,ADXN_024,opend,POC,True,dual,raw/adjusted qualification mismatch
ADXN,Addex Therapeutics,NASDAQ,2023-08-22,2023-11-20,2023-11-20,0.4831,6.3,12.040778306768786,0.4831,6.3,12.040778306768786,9.662,6.3,-0.34796108466156084,raw,RAW_ONLY_REVIEW,True,,,ADXN_024,opend,POC,True,dual,raw/adjusted qualification mismatch
ADXN,Addex Therapeutics,NASDAQ,2023-08-23,2023-11-21,2023-11-21,0.4803,6.0,11.492192379762649,0.4803,6.0,11.492192379762649,9.606,6.0,-0.3753903810118676,raw,RAW_ONLY_REVIEW,True,,,ADXN_024,opend,POC,True,dual,raw/adjusted qualification mismatch
ADXN,Addex Therapeutics,NASDAQ,2023-08-24,2023-11-22,2023-11-22,0.4609,5.6001,11.15035799522673,0.4609,5.6001,11.15035799522673,9.218,5.6001,-0.3924821002386635,raw,RAW_ONLY_REVIEW,True,,,ADXN_024,opend,POC,True,dual,raw/adjusted qualification mismatch
ADXN,Addex Therapeutics,NASDAQ,2023-08-25,2023-11-23,2023-11-24,0.4923,5.86,10.903310989234207,0.4923,5.86,10.903310989234207,9.846,5.86,-0.4048344505382896,raw,RAW_ONLY_REVIEW,True,,,ADXN_024,opend,POC,True,dual,raw/adjusted qualification mismatch
ADXN,Addex Therapeutics,NASDAQ,2023-08-28,2023-11-26,2023-11-27,0.4652,5.73,11.317282889079966,0.4652,5.73,11.317282889079966,9.304,5.73,-0.3841358555460017,raw,RAW_ONLY_REVIEW,True,,,ADXN_024,opend,POC,True,dual,raw/adjusted qualification mismatch
ADXN,Addex Therapeutics,NASDAQ,2023-08-29,2023-11-27,2023-11-27,0.49,5.73,10.693877551020408,0.49,5.73,10.693877551020408,9.8,5.73,-0.4153061224489796,raw,RAW_ONLY_REVIEW,True,,,ADXN_024,opend,POC,True,dual,raw/adjusted qualification mismatch
ADXN,Addex Therapeutics,NASDAQ,2023-08-30,2023-11-28,2023-11-28,0.484,5.69,10.75619834710744,0.484,5.69,10.75619834710744,9.68,5.69,-0.4121900826446281,raw,RAW_ONLY_REVIEW,True,,,ADXN_024,opend,POC,True,dual,raw/adjusted qualification mismatch
ADXN,Addex Therapeutics,NASDAQ,2023-08-31,2023-11-29,2023-11-29,0.467,5.705,11.21627408993576,0.467,5.705,11.21627408993576,9.34,5.705,-0.38918629550321193,raw,RAW_ONLY_REVIEW,True,,,ADXN_024,opend,POC,True,dual,raw/adjusted qualification mismatch
ADXN,Addex Therapeutics,NASDAQ,2023-09-01,2023-11-30,2023-11-30,0.454,5.55,11.224669603524228,0.454,5.55,11.224669603524228,9.08,5.55,-0.3887665198237886,raw,RAW_ONLY_REVIEW,True,,,ADXN_024,opend,POC,True,dual,raw/adjusted qualification mismatch
ADXN,Addex Therapeutics,NASDAQ,2023-09-05,2023-12-04,2023-12-04,0.5303,6.1,10.502922873844993,0.5303,6.1,10.502922873844993,10.606,6.1,-0.4248538563077504,raw,RAW_ONLY_REVIEW,True,,,ADXN_024,opend,POC,True,dual,raw/adjusted qualification mismatch
ADXN,Addex Therapeutics,NASDAQ,2023-09-06,2023-12-05,2023-12-05,0.4733,5.8,11.254384111557151,0.4733,5.8,11.254384111557151,9.466,5.8,-0.38728079442214236,raw,RAW_ONLY_REVIEW,True,,,ADXN_024,opend,POC,True,dual,raw/adjusted qualification mismatch
ADXN,Addex Therapeutics,NASDAQ,2023-09-07,2023-12-06,2023-12-06,0.4801,5.5001,10.456154967715058,0.4801,5.5001,10.456154967715058,9.602,5.5001,-0.4271922516142471,raw,RAW_ONLY_REVIEW,True,,,ADXN_024,opend,POC,True,dual,raw/adjusted qualification mismatch
ADXN,Addex Therapeutics,NASDAQ,2023-09-08,2023-12-07,2023-12-07,0.44,5.7005,11.955681818181818,0.44,5.7005,11.955681818181818,8.8,5.7005,-0.35221590909090916,raw,RAW_ONLY_REVIEW,True,,,ADXN_024,opend,POC,True,dual,raw/adjusted qualification mismatch
ADXN,Addex Therapeutics,NASDAQ,2023-09-11,2023-12-10,2023-12-11,0.4709,5.4,10.467402845614782,0.4709,5.4,10.467402845614782,9.418,5.4,-0.4266298577192609,raw,RAW_ONLY_REVIEW,True,,,ADXN_024,opend,POC,True,dual,raw/adjusted qualification mismatch
ADXN,Addex Therapeutics,NASDAQ,2023-09-13,2023-12-12,2023-12-12,0.4356,5.35,11.281910009182736,0.4356,5.35,11.281910009182736,8.712,5.35,-0.38590449954086326,raw,RAW_ONLY_REVIEW,True,,,ADXN_024,opend,POC,True,dual,raw/adjusted qualification mismatch
ADXN,Addex Therapeutics,NASDAQ,2023-09-14,2023-12-13,2023-12-13,0.455,5.4,10.868131868131869,0.455,5.4,10.868131868131869,9.1,5.4,-0.4065934065934065,raw,RAW_ONLY_REVIEW,True,,,ADXN_024,opend,POC,True,dual,raw/adjusted qualification mismatch
ADXN,Addex Therapeutics,NASDAQ,2023-09-15,2023-12-14,2023-12-14,0.42,5.33,11.690476190476192,0.42,5.33,11.690476190476192,8.4,5.33,-0.3654761904761905,raw,RAW_ONLY_REVIEW,True,,,ADXN_024,opend,POC,True,dual,raw/adjusted qualification mismatch
ADXN,Addex Therapeutics,NASDAQ,2023-09-18,2023-12-17,2023-12-18,0.38,5.15,12.55263157894737,0.38,5.15,12.55263157894737,7.6,5.15,-0.3223684210526315,raw,RAW_ONLY_REVIEW,True,,,ADXN_024,opend,POC,True,dual,raw/adjusted qualification mismatch
ADXN,Addex Therapeutics,NASDAQ,2023-09-19,2023-12-18,2023-12-18,0.367,5.15,13.032697547683926,0.367,5.15,13.032697547683926,7.34,5.15,-0.2983651226158037,raw,RAW_ONLY_REVIEW,True,,,ADXN_024,opend,POC,True,dual,raw/adjusted qualification mismatch
ADXN,Addex Therapeutics,NASDAQ,2023-09-20,2023-12-19,2023-12-19,0.36,5.38,13.944444444444445,0.36,5.38,13.944444444444445,7.2,5.38,-0.25277777777777777,raw,RAW_ONLY_REVIEW,True,,,ADXN_024,opend,POC,True,dual,raw/adjusted qualification mismatch
ADXN,Addex Therapeutics,NASDAQ,2023-09-21,2023-12-20,2023-12-20,0.389,5.459,13.033419023136245,0.389,5.459,13.033419023136245,7.78,5.459,-0.2983290488431878,raw,RAW_ONLY_REVIEW,True,,,ADXN_024,opend,POC,True,dual,raw/adjusted qualification mismatch
ADXN,Addex Therapeutics,NASDAQ,2023-09-22,2023-12-21,2023-12-21,0.3657,5.68,14.531856713152855,0.3657,5.68,14.531856713152855,7.314,5.68,-0.2234071643423572,raw,RAW_ONLY_REVIEW,True,,,ADXN_024,opend,POC,True,dual,raw/adjusted qualification mismatch
ADXN,Addex Therapeutics,NASDAQ,2023-09-25,2023-12-24,2023-12-26,0.3524,5.51,14.635641316685584,0.3524,5.51,14.635641316685584,7.048,5.51,-0.21821793416572077,raw,RAW_ONLY_REVIEW,True,,,ADXN_024,opend,POC,True,dual,raw/adjusted qualification mismatch
ADXN,Addex Therapeutics,NASDAQ,2023-09-26,2023-12-25,2023-12-26,0.373,5.51,13.772117962466487,0.373,5.51,13.772117962466487,7.46,5.51,-0.26139410187667567,raw,RAW_ONLY_REVIEW,True,,,ADXN_024,opend,POC,True,dual,raw/adjusted qualification mismatch
ADXN,Addex Therapeutics,NASDAQ,2023-09-27,2023-12-26,2023-12-26,0.345,5.51,14.971014492753623,0.345,5.51,14.971014492753623,6.899999999,5.51,-0.20144927524658696,raw,RAW_ONLY_REVIEW,True,,,ADXN_024,opend,POC,True,dual,raw/adjusted qualification mismatch
ADXN,Addex Therapeutics,NASDAQ,2023-09-28,2023-12-27,2023-12-27,0.3699,5.632,14.225736685590698,0.3699,5.632,14.225736685590698,7.398,5.632,-0.23871316572046497,raw,RAW_ONLY_REVIEW,True,,,ADXN_024,opend,POC,True,dual,raw/adjusted qualification mismatch
ADXN,Addex Therapeutics,NASDAQ,2023-09-29,2023-12-28,2023-12-28,0.3843,5.88,14.300546448087433,0.3843,5.88,14.300546448087433,7.685999999,5.88,-0.2349726774960933,raw,RAW_ONLY_REVIEW,True,,,ADXN_024,opend,POC,True,dual,raw/adjusted qualification mismatch
ADXN,Addex Therapeutics,NASDAQ,2023-10-02,2023-12-31,2024-01-02,0.36,6.298,16.494444444444444,0.36,6.298,16.494444444444444,7.2,6.298,-0.12527777777777782,raw,RAW_ONLY_REVIEW,True,,,ADXN_024,opend,POC,True,dual,raw/adjusted qualification mismatch
ADXN,Addex Therapeutics,NASDAQ,2023-10-03,2024-01-01,2024-01-02,0.3727,6.298,15.89830963241213,0.3727,6.298,15.89830963241213,7.453999999,6.298,-0.15508451826604297,raw,RAW_ONLY_REVIEW,True,,,ADXN_024,opend,POC,True,dual,raw/adjusted qualification mismatch
ADXN,Addex Therapeutics,NASDAQ,2023-10-04,2024-01-02,2024-01-02,0.36,6.298,16.494444444444444,0.36,6.298,16.494444444444444,7.2,6.298,-0.12527777777777782,raw,RAW_ONLY_REVIEW,True,,,ADXN_024,opend,POC,True,dual,raw/adjusted qualification mismatch
ADXN,Addex Therapeutics,NASDAQ,2023-10-05,2024-01-03,2024-01-03,0.3901,6.4295,15.48167136631633,0.3901,6.4295,15.48167136631633,7.802,6.4295,-0.17591643168418347,raw,RAW_ONLY_REVIEW,True,,,ADXN_024,opend,POC,True,dual,raw/adjusted qualification mismatch
ADXN,Addex Therapeutics,NASDAQ,2023-10-06,2024-01-04,2024-01-04,0.4399,6.5,13.776085473971357,0.4399,6.5,13.776085473971357,8.798,6.5,-0.2611957263014322,raw,RAW_ONLY_REVIEW,True,,,ADXN_024,opend,POC,True,dual,raw/adjusted qualification mismatch
ADXN,Addex Therapeutics,NASDAQ,2023-10-09,2024-01-07,2024-01-08,0.4,7.85,18.624999999999996,0.4,7.85,18.624999999999996,8.0,7.85,-0.018750000000000044,raw,RAW_ONLY_REVIEW,True,,,ADXN_024,opend,POC,True,dual,raw/adjusted qualification mismatch
ADXN,Addex Therapeutics,NASDAQ,2023-10-10,2024-01-08,2024-01-08,0.380501,7.85,19.630694794494627,0.380501,7.85,19.630694794494627,7.61002,7.85,0.03153473972473142,raw,RAW_ONLY_REVIEW,True,,,ADXN_024,opend,POC,True,dual,raw/adjusted qualification mismatch
ADXN,Addex Therapeutics,NASDAQ,2023-10-11,2024-01-09,2024-01-09,0.39,8.05,19.641025641025642,0.39,8.05,19.641025641025642,7.8,8.05,0.03205128205128216,raw,RAW_ONLY_REVIEW,True,,,ADXN_024,opend,POC,True,dual,raw/adjusted qualification mismatch
ADXN,Addex Therapeutics,NASDAQ,2023-10-12,2024-01-10,2024-01-10,0.385,6.45,15.753246753246753,0.385,6.45,15.753246753246753,7.7,6.45,-0.16233766233766234,raw,RAW_ONLY_REVIEW,True,,,ADXN_024,opend,POC,True,dual,raw/adjusted qualification mismatch
ADXN,Addex Therapeutics,NASDAQ,2023-10-13,2024-01-11,2024-01-11,0.406,6.98,16.192118226600986,0.406,6.98,16.192118226600986,8.12,6.98,-0.14039408866995062,raw,RAW_ONLY_REVIEW,True,,,ADXN_024,opend,POC,True,dual,raw/adjusted qualification mismatch
ADXN,Addex Therapeutics,NASDAQ,2023-10-16,2024-01-14,2024-01-16,0.4,6.9772,16.442999999999998,0.4,6.9772,16.442999999999998,8.0,6.9772,-0.12785000000000002,raw,RAW_ONLY_REVIEW,True,,,ADXN_024,opend,POC,True,dual,raw/adjusted qualification mismatch
ADXN,Addex Therapeutics,NASDAQ,2023-10-17,2024-01-15,2024-01-16,0.42,6.9772,15.612380952380953,0.42,6.9772,15.612380952380953,8.4,6.9772,-0.1693809523809524,raw,RAW_ONLY_REVIEW,True,,,ADXN_024,opend,POC,True,dual,raw/adjusted qualification mismatch
ADXN,Addex Therapeutics,NASDAQ,2023-10-18,2024-01-16,2024-01-16,0.409,6.9772,16.05916870415648,0.409,6.9772,16.05916870415648,8.179999999,6.9772,-0.14704156468790242,raw,RAW_ONLY_REVIEW,True,,,ADXN_024,opend,POC,True,dual,raw/adjusted qualification mismatch
ADXN,Addex Therapeutics,NASDAQ,2023-10-19,2024-01-17,2024-01-17,0.41,6.69,15.31707317073171,0.41,6.69,15.31707317073171,8.199999999,6.69,-0.18414634136392016,raw,RAW_ONLY_REVIEW,True,,,ADXN_024,opend,POC,True,dual,raw/adjusted qualification mismatch
ADXN,Addex Therapeutics,NASDAQ,2023-10-20,2024-01-18,2024-01-18,0.3301,7.1,20.508633747349286,0.3301,7.1,20.508633747349286,6.602,7.1,0.0754316873674643,raw,RAW_ONLY_REVIEW,True,,,ADXN_024,opend,POC,True,dual,raw/adjusted qualification mismatch
AEC,Anfield Energy,NASDAQ,2025-05-05,2025-08-03,2025-09-04,0.045,5.418,119.4,0.045,5.418,119.4,3.375,5.418,0.6053333333333333,raw,RAW_ONLY_REVIEW,True,,,AEC_025,opend,POC,True,dual,raw/adjusted qualification mismatch
AEC,Anfield Energy,NASDAQ,2025-05-06,2025-08-04,2025-09-04,0.043,5.418,125.00000000000001,0.043,5.418,125.00000000000001,3.224999999,5.418,0.6800000005209303,raw,RAW_ONLY_REVIEW,True,,,AEC_025,opend,POC,True,dual,raw/adjusted qualification mismatch
AEC,Anfield Energy,NASDAQ,2025-05-07,2025-08-05,2025-09-04,0.0431,5.418,124.70765661252901,0.0431,5.418,124.70765661252901,3.2325,5.418,0.6761020881670534,raw,RAW_ONLY_REVIEW,True,,,AEC_025,opend,POC,True,dual,raw/adjusted qualification mismatch
AEC,Anfield Energy,NASDAQ,2025-05-08,2025-08-06,2025-09-04,0.041,5.418,131.14634146341464,0.041,5.418,131.14634146341464,3.075,5.418,0.7619512195121951,raw,RAW_ONLY_REVIEW,True,,,AEC_025,opend,POC,True,dual,raw/adjusted qualification mismatch
AEC,Anfield Energy,NASDAQ,2025-05-09,2025-08-07,2025-09-04,0.042,5.418,128.0,0.042,5.418,128.0,3.15,5.418,0.7200000000000002,raw,RAW_ONLY_REVIEW,True,,,AEC_025,opend,POC,True,dual,raw/adjusted qualification mismatch
AEC,Anfield Energy,NASDAQ,2025-05-12,2025-08-10,2025-09-04,0.0616,5.418,86.95454545454545,0.0616,5.418,86.95454545454545,4.62,5.418,0.17272727272727284,raw,RAW_ONLY_REVIEW,True,,,AEC_025,opend,POC,True,dual,raw/adjusted qualification mismatch
AEC,Anfield Energy,NASDAQ,2025-05-13,2025-08-11,2025-09-04,0.0612,5.418,87.52941176470588,0.0612,5.418,87.52941176470588,4.59,5.418,0.18039215686274512,raw,RAW_ONLY_REVIEW,True,,,AEC_025,opend,POC,True,dual,raw/adjusted qualification mismatch
AEC,Anfield Energy,NASDAQ,2025-05-14,2025-08-12,2025-09-04,0.0641,5.418,83.52418096723869,0.0641,5.418,83.52418096723869,4.8075,5.418,0.1269890795631825,raw,RAW_ONLY_REVIEW,True,,,AEC_025,opend,POC,True,dual,raw/adjusted qualification mismatch
AEC,Anfield Energy,NASDAQ,2025-05-15,2025-08-13,2025-09-04,0.0594,5.418,90.21212121212122,0.0594,5.418,90.21212121212122,4.455,5.418,0.21616161616161622,raw,RAW_ONLY_REVIEW,True,,,AEC_025,opend,POC,True,dual,raw/adjusted qualification mismatch
AEC,Anfield Energy,NASDAQ,2025-05-16,2025-08-14,2025-09-04,0.0686,5.418,77.9795918367347,0.0686,5.418,77.9795918367347,5.145,5.418,0.05306122448979611,raw,RAW_ONLY_REVIEW,True,,,AEC_025,opend,POC,True,dual,raw/adjusted qualification mismatch
AEC,Anfield Energy,NASDAQ,2025-05-19,2025-08-17,2025-09-04,0.0703,5.418,76.06970128022759,0.0703,5.418,76.06970128022759,5.2725,5.418,0.027596017069701384,raw,RAW_ONLY_REVIEW,True,,,AEC_025,opend,POC,True,dual,raw/adjusted qualification mismatch
AEC,Anfield Energy,NASDAQ,2025-05-20,2025-08-18,2025-09-04,0.065,5.418,82.35384615384615,0.065,5.418,82.35384615384615,4.875,5.418,0.11138461538461542,raw,RAW_ONLY_REVIEW,True,,,AEC_025,opend,POC,True,dual,raw/adjusted qualification mismatch
AEC,Anfield Energy,NASDAQ,2025-05-21,2025-08-19,2025-09-04,0.0651,5.418,82.2258064516129,0.0651,5.418,82.2258064516129,4.8825,5.418,0.10967741935483866,raw,RAW_ONLY_REVIEW,True,,,AEC_025,opend,POC,True,dual,raw/adjusted qualification mismatch
AEC,Anfield Energy,NASDAQ,2025-05-22,2025-08-20,2025-09-04,0.0599,5.418,89.45075125208682,0.0599,5.418,89.45075125208682,4.4925,5.418,0.20601001669449093,raw,RAW_ONLY_REVIEW,True,,,AEC_025,opend,POC,True,dual,raw/adjusted qualification mismatch
AEC,Anfield Energy,NASDAQ,2025-05-23,2025-08-21,2025-09-04,0.06712,5.418,79.72109654350417,0.06712,5.418,79.72109654350417,5.034,5.418,0.07628128724672245,raw,RAW_ONLY_REVIEW,True,,,AEC_025,opend,POC,True,dual,raw/adjusted qualification mismatch
AEC,Anfield Energy,NASDAQ,2025-05-27,2025-08-25,2025-09-04,0.076,5.418,70.28947368421053,0.076,5.418,70.28947368421053,5.7,5.418,-0.049473684210526336,raw,RAW_ONLY_REVIEW,True,,,AEC_025,opend,POC,True,dual,raw/adjusted qualification mismatch
AEC,Anfield Energy,NASDAQ,2025-05-28,2025-08-26,2025-09-04,0.0827,5.418,64.51390568319226,0.0827,5.418,64.51390568319226,6.2025,5.418,-0.12648125755743644,raw,RAW_ONLY_REVIEW,True,,,AEC_025,opend,POC,True,dual,raw/adjusted qualification mismatch
AEC,Anfield Energy,NASDAQ,2025-05-29,2025-08-27,2025-09-04,0.0755,5.418,70.76158940397352,0.0755,5.418,70.76158940397352,5.6625,5.418,-0.04317880794701978,raw,RAW_ONLY_REVIEW,True,,,AEC_025,opend,POC,True,dual,raw/adjusted qualification mismatch
AEC,Anfield Energy,NASDAQ,2025-05-30,2025-08-28,2025-09-04,0.0693,5.418,77.18181818181819,0.0693,5.418,77.18181818181819,5.1975,5.418,0.042424242424242475,raw,RAW_ONLY_REVIEW,True,,,AEC_025,opend,POC,True,dual,raw/adjusted qualification mismatch
AEC,Anfield Energy,NASDAQ,2025-06-02,2025-08-31,2025-09-04,0.075,5.418,71.24000000000001,0.075,5.418,71.24000000000001,5.625,5.418,-0.036799999999999944,raw,RAW_ONLY_REVIEW,True,,,AEC_025,opend,POC,True,dual,raw/adjusted qualification mismatch
AEC,Anfield Energy,NASDAQ,2025-06-03,2025-09-01,2025-09-04,0.075,5.418,71.24000000000001,0.075,5.418,71.24000000000001,5.625,5.418,-0.036799999999999944,raw,RAW_ONLY_REVIEW,True,,,AEC_025,opend,POC,True,dual,raw/adjusted qualification mismatch
AEC,Anfield Energy,NASDAQ,2025-06-04,2025-09-02,2025-09-04,0.077,5.418,69.36363636363636,0.077,5.418,69.36363636363636,5.775,5.418,-0.06181818181818188,raw,RAW_ONLY_REVIEW,True,,,AEC_025,opend,POC,True,dual,raw/adjusted qualification mismatch
AEC,Anfield Energy,NASDAQ,2025-06-05,2025-09-03,2025-09-04,0.075,5.418,71.24000000000001,0.075,5.418,71.24000000000001,5.625,5.418,-0.036799999999999944,raw,RAW_ONLY_REVIEW,True,,,AEC_025,opend,POC,True,dual,raw/adjusted qualification mismatch
AEC,Anfield Energy,NASDAQ,2025-06-06,2025-09-04,2025-09-04,0.0748,5.418,71.4331550802139,0.0748,5.418,71.4331550802139,5.61,5.418,-0.034224598930481354,raw,RAW_ONLY_REVIEW,True,,,AEC_025,opend,POC,True,dual,raw/adjusted qualification mismatch
AEC,Anfield Energy,NASDAQ,2025-06-09,2025-09-07,2025-09-08,0.0782,5.42,68.30946291560102,0.0782,5.42,68.30946291560102,5.865,5.42,-0.07587382779198637,raw,RAW_ONLY_REVIEW,True,,,AEC_025,opend,POC,True,dual,raw/adjusted qualification mismatch
AEC,Anfield Energy,NASDAQ,2025-06-10,2025-09-08,2025-09-08,0.0731,5.42,73.14500683994528,0.0731,5.42,73.14500683994528,5.4825,5.42,-0.011399908800729608,raw,RAW_ONLY_REVIEW,True,,,AEC_025,opend,POC,True,dual,raw/adjusted qualification mismatch
AEC,Anfield Energy,NASDAQ,2025-06-11,2025-09-09,2025-09-09,0.073248,5.35,72.03953691568371,0.073248,5.35,72.03953691568371,5.4936,5.35,-0.02613950779088392,raw,RAW_ONLY_REVIEW,True,,,AEC_025,opend,POC,True,dual,raw/adjusted qualification mismatch
AEC,Anfield Energy,NASDAQ,2025-06-12,2025-09-10,2025-09-10,0.07153,5.409,74.61862155738851,0.07153,5.409,74.61862155738851,5.36475,5.409,0.008248287431846801,raw,RAW_ONLY_REVIEW,True,,,AEC_025,opend,POC,True,dual,raw/adjusted qualification mismatch
AEC,Anfield Energy,NASDAQ,2025-06-13,2025-09-11,2025-09-11,0.074,5.42,72.24324324324324,0.074,5.42,72.24324324324324,5.55,5.42,-0.023423423423423406,raw,RAW_ONLY_REVIEW,True,,,AEC_025,opend,POC,True,dual,raw/adjusted qualification mismatch
AEC,Anfield Energy,NASDAQ,2025-06-16,2025-09-14,2025-09-15,0.0821,5.95,71.47259439707673,0.0821,5.95,71.47259439707673,6.1575,5.95,-0.033698741372310104,raw,RAW_ONLY_REVIEW,True,,,AEC_025,opend,POC,True,dual,raw/adjusted qualification mismatch
AEC,Anfield Energy,NASDAQ,2025-06-17,2025-09-15,2025-09-15,0.086964,5.95,67.41911595602778,0.086964,5.95,67.41911595602778,6.5223,5.95,-0.08774512058629624,raw,RAW_ONLY_REVIEW,True,,,AEC_025,opend,POC,True,dual,raw/adjusted qualification mismatch
AEC,Anfield Energy,NASDAQ,2025-06-18,2025-09-16,2025-09-16,0.0877,5.81,65.24857468643101,0.0877,5.81,65.24857468643101,6.5775,5.81,-0.11668567084758652,raw,RAW_ONLY_REVIEW,True,,,AEC_025,opend,POC,True,dual,raw/adjusted qualification mismatch
AEC,Anfield Energy,NASDAQ,2025-06-20,2025-09-18,2025-09-18,0.095,6.92,71.84210526315789,0.095,6.92,71.84210526315789,7.125,6.92,-0.02877192982456145,raw,RAW_ONLY_REVIEW,True,,,AEC_025,opend,POC,True,dual,raw/adjusted qualification mismatch
AEC,Anfield Energy,NASDAQ,2025-06-23,2025-09-21,2025-09-22,0.092,8.26,88.78260869565217,0.092,8.26,88.78260869565217,6.9,8.26,0.19710144927536222,raw,RAW_ONLY_REVIEW,True,,,AEC_025,opend,POC,True,dual,raw/adjusted qualification mismatch
AEC,Anfield Energy,NASDAQ,2025-06-24,2025-09-22,2025-09-22,0.094,8.26,86.87234042553192,0.094,8.26,86.87234042553192,7.05,8.26,0.17163120567375878,raw,RAW_ONLY_REVIEW,True,,,AEC_025,opend,POC,True,dual,raw/adjusted qualification mismatch
AEC,Anfield Energy,NASDAQ,2025-06-25,2025-09-23,2025-09-23,0.0933,7.99,84.63772775991426,0.0933,7.99,84.63772775991426,6.9975,7.99,0.14183637013219008,raw,RAW_ONLY_REVIEW,True,,,AEC_025,opend,POC,True,dual,raw/adjusted qualification mismatch
AEC,Anfield Energy,NASDAQ,2025-06-26,2025-09-24,2025-09-24,0.0911,8.03,87.14489571899011,0.0911,8.03,87.14489571899011,6.8325,8.03,0.17526527625320165,raw,RAW_ONLY_REVIEW,True,,,AEC_025,opend,POC,True,dual,raw/adjusted qualification mismatch
AEC,Anfield Energy,NASDAQ,2025-06-27,2025-09-25,2025-09-25,0.0912,8.46,91.76315789473685,0.0912,8.46,91.76315789473685,6.84,8.46,0.23684210526315796,raw,RAW_ONLY_REVIEW,True,,,AEC_025,opend,POC,True,dual,raw/adjusted qualification mismatch
AEC,Anfield Energy,NASDAQ,2025-06-30,2025-09-28,2025-09-29,0.092,9.68,104.21739130434783,0.092,9.68,104.21739130434783,6.9,9.68,0.40289855072463765,raw,RAW_ONLY_REVIEW,True,,,AEC_025,opend,POC,True,dual,raw/adjusted qualification mismatch
AEC,Anfield Energy,NASDAQ,2025-07-01,2025-09-29,2025-09-29,0.0945,9.68,101.43386243386243,0.0945,9.68,101.43386243386243,7.0875,9.68,0.36578483245149895,raw,RAW_ONLY_REVIEW,True,,,AEC_025,opend,POC,True,dual,raw/adjusted qualification mismatch
AEC,Anfield Energy,NASDAQ,2025-07-02,2025-09-30,2025-09-30,0.0918,10.11,109.13071895424835,0.0918,10.11,109.13071895424835,6.885,10.11,0.46840958605664484,raw,RAW_ONLY_REVIEW,True,,,AEC_025,opend,POC,True,dual,raw/adjusted qualification mismatch
AEC,Anfield Energy,NASDAQ,2025-07-03,2025-10-01,2025-10-01,0.0913,9.79,106.22891566265059,0.0913,9.79,106.22891566265059,6.8475,9.79,0.4297188755020078,raw,RAW_ONLY_REVIEW,True,,,AEC_025,opend,POC,True,dual,raw/adjusted qualification mismatch
AEC,Anfield Energy,NASDAQ,2025-07-07,2025-10-05,2025-10-06,0.0883,8.59,96.28199320498301,0.0883,8.59,96.28199320498301,6.6225,8.59,0.2970932427331068,raw,RAW_ONLY_REVIEW,True,,,AEC_025,opend,POC,True,dual,raw/adjusted qualification mismatch
AEC,Anfield Energy,NASDAQ,2025-07-08,2025-10-06,2025-10-06,0.0855,8.59,99.46783625730993,0.0855,8.59,99.46783625730993,6.4125,8.59,0.33957115009746586,raw,RAW_ONLY_REVIEW,True,,,AEC_025,opend,POC,True,dual,raw/adjusted qualification mismatch
AEC,Anfield Energy,NASDAQ,2025-07-09,2025-10-07,2025-10-07,0.078,9.39,119.38461538461539,0.078,9.39,119.38461538461539,5.85,9.39,0.6051282051282054,raw,RAW_ONLY_REVIEW,True,,,AEC_025,opend,POC,True,dual,raw/adjusted qualification mismatch
AEC,Anfield Energy,NASDAQ,2025-07-10,2025-10-08,2025-10-08,0.082,8.99,108.6341463414634,0.082,8.99,108.6341463414634,6.15,8.99,0.46178861788617875,raw,RAW_ONLY_REVIEW,True,,,AEC_025,opend,POC,True,dual,raw/adjusted qualification mismatch
AEC,Anfield Energy,NASDAQ,2025-07-11,2025-10-09,2025-10-09,0.083118,9.02,107.52041675689983,0.083118,9.02,107.52041675689983,6.23385,9.02,0.4469388900919975,raw,RAW_ONLY_REVIEW,True,,,AEC_025,opend,POC,True,dual,raw/adjusted qualification mismatch
AEC,Anfield Energy,NASDAQ,2025-07-14,2025-10-12,2025-10-13,0.08364,10.88,129.08130081300814,0.08364,10.88,129.08130081300814,6.273,10.88,0.7344173441734418,raw,RAW_ONLY_REVIEW,True,,,AEC_025,opend,POC,True,dual,raw/adjusted qualification mismatch
AEC,Anfield Energy,NASDAQ,2025-07-15,2025-10-13,2025-10-13,0.088,10.88,122.63636363636365,0.088,10.88,122.63636363636365,6.6,10.88,0.6484848484848487,raw,RAW_ONLY_REVIEW,True,,,AEC_025,opend,POC,True,dual,raw/adjusted qualification mismatch
AEC,Anfield Energy,NASDAQ,2025-07-16,2025-10-14,2025-10-14,0.0832,10.8,128.80769230769232,0.0832,10.8,128.80769230769232,6.24,10.8,0.7307692307692308,raw,RAW_ONLY_REVIEW,True,,,AEC_025,opend,POC,True,dual,raw/adjusted qualification mismatch
AEC,Anfield Energy,NASDAQ,2025-07-17,2025-10-15,2025-10-15,0.0882,10.81,121.56235827664399,0.0882,10.81,121.56235827664399,6.615,10.81,0.6341647770219199,raw,RAW_ONLY_REVIEW,True,,,AEC_025,opend,POC,True,dual,raw/adjusted qualification mismatch
AEC,Anfield Energy,NASDAQ,2025-07-18,2025-10-16,2025-10-16,0.09,9.59,105.55555555555556,0.09,9.59,105.55555555555556,6.75,9.59,0.42074074074074064,raw,RAW_ONLY_REVIEW,True,,,AEC_025,opend,POC,True,dual,raw/adjusted qualification mismatch
AEC,Anfield Energy,NASDAQ,2025-07-21,2025-10-19,2025-10-20,0.09,7.96,87.44444444444444,0.09,7.96,87.44444444444444,6.75,7.96,0.17925925925925923,raw,RAW_ONLY_REVIEW,True,,,AEC_025,opend,POC,True,dual,raw/adjusted qualification mismatch
AEC,Anfield Energy,NASDAQ,2025-07-22,2025-10-20,2025-10-20,0.092,7.96,85.52173913043478,0.092,7.96,85.52173913043478,6.9,7.96,0.15362318840579703,raw,RAW_ONLY_REVIEW,True,,,AEC_025,opend,POC,True,dual,raw/adjusted qualification mismatch
AEC,Anfield Energy,NASDAQ,2025-07-23,2025-10-21,2025-10-21,0.09,7.32,80.33333333333334,0.09,7.32,80.33333333333334,6.75,7.32,0.08444444444444454,raw,RAW_ONLY_REVIEW,True,,,AEC_025,opend,POC,True,dual,raw/adjusted qualification mismatch
AEC,Anfield Energy,NASDAQ,2025-07-24,2025-10-22,2025-10-22,0.0919,7.22,77.56365614798695,0.0919,7.22,77.56365614798695,6.8925,7.22,0.0475154153064925,raw,RAW_ONLY_REVIEW,True,,,AEC_025,opend,POC,True,dual,raw/adjusted qualification mismatch
AEC,Anfield Energy,NASDAQ,2025-07-25,2025-10-23,2025-10-23,0.08938,7.39,81.68068919221302,0.08938,7.39,81.68068919221302,6.7035,7.39,0.10240918922950693,raw,RAW_ONLY_REVIEW,True,,,AEC_025,opend,POC,True,dual,raw/adjusted qualification mismatch
AEC,Anfield Energy,NASDAQ,2025-07-28,2025-10-26,2025-10-27,0.089,7.48,83.04494382022473,0.089,7.48,83.04494382022473,6.675,7.48,0.12059925093632962,raw,RAW_ONLY_REVIEW,True,,,AEC_025,opend,POC,True,dual,raw/adjusted qualification mismatch
AEC,Anfield Energy,NASDAQ,2025-07-29,2025-10-27,2025-10-27,0.079,7.48,93.68354430379748,0.079,7.48,93.68354430379748,5.925,7.48,0.26244725738396646,raw,RAW_ONLY_REVIEW,True,,,AEC_025,opend,POC,True,dual,raw/adjusted qualification mismatch
AEC,Anfield Energy,NASDAQ,2025-07-30,2025-10-28,2025-10-28,0.0719,8.72,120.27955493741307,0.0719,8.72,120.27955493741307,5.3925,8.72,0.6170607324988411,raw,RAW_ONLY_REVIEW,True,,,AEC_025,opend,POC,True,dual,raw/adjusted qualification mismatch
AEC,Anfield Energy,NASDAQ,2025-07-31,2025-10-29,2025-10-29,0.07,7.96,112.71428571428571,0.07,7.96,112.71428571428571,5.25,7.96,0.5161904761904761,raw,RAW_ONLY_REVIEW,True,,,AEC_025,opend,POC,True,dual,raw/adjusted qualification mismatch
AEHL,羚羊控股,NASDAQ,2016-04-25,2016-07-24,2016-07-25,0.35,5.3,14.142857142857144,0.35,5.3,14.142857142857144,20160.0,38160.0,0.8928571428571428,raw,RAW_ONLY_REVIEW,True,,,AEHL_026,opend,POC,True,dual,raw/adjusted qualification mismatch
AEHL,羚羊控股,NASDAQ,2016-04-26,2016-07-25,2016-07-25,0.36,5.3,13.722222222222221,0.36,5.3,13.722222222222221,20736.0,38160.0,0.8402777777777777,raw,RAW_ONLY_REVIEW,True,,,AEHL_026,opend,POC,True,dual,raw/adjusted qualification mismatch
AEHL,羚羊控股,NASDAQ,2016-04-27,2016-07-26,2016-07-26,0.378,5.0,12.227513227513228,0.378,5.0,12.227513227513228,21772.8,36000.0,0.6534391534391535,raw,RAW_ONLY_REVIEW,True,,,AEHL_026,opend,POC,True,dual,raw/adjusted qualification mismatch
AEHL,羚羊控股,NASDAQ,2016-05-03,2016-08-01,2016-08-01,0.36,3.96,10.0,0.36,3.96,10.0,20736.0,28512.0,0.375,raw,RAW_ONLY_REVIEW,True,,,AEHL_026,opend,POC,True,dual,raw/adjusted qualification mismatch
AEHL,羚羊控股,NASDAQ,2016-05-05,2016-08-03,2016-08-03,0.35,3.89,10.114285714285716,0.35,3.89,10.114285714285716,20160.0,28008.0,0.38928571428571423,raw,RAW_ONLY_REVIEW,True,,,AEHL_026,opend,POC,True,dual,raw/adjusted qualification mismatch
AEHL,羚羊控股,NASDAQ,2016-05-06,2016-08-04,2016-08-04,0.349,3.98,10.404011461318053,0.349,3.98,10.404011461318053,20102.4,28656.0,0.4255014326647564,raw,RAW_ONLY_REVIEW,True,,,AEHL_026,opend,POC,True,dual,raw/adjusted qualification mismatch
AEHL,羚羊控股,NASDAQ,2016-05-09,2016-08-07,2016-08-08,0.332,3.82,10.506024096385541,0.332,3.82,10.506024096385541,19123.2,27504.0,0.43825301204819267,raw,RAW_ONLY_REVIEW,True,,,AEHL_026,opend,POC,True,dual,raw/adjusted qualification mismatch
AEHL,羚羊控股,NASDAQ,2016-05-10,2016-08-08,2016-08-08,0.332,3.82,10.506024096385541,0.332,3.82,10.506024096385541,19123.2,27504.0,0.43825301204819267,raw,RAW_ONLY_REVIEW,True,,,AEHL_026,opend,POC,True,dual,raw/adjusted qualification mismatch
AEHL,羚羊控股,NASDAQ,2016-05-11,2016-08-09,2016-08-09,0.33,3.75,10.363636363636363,0.33,3.75,10.363636363636363,19008.0,27000.0,0.4204545454545454,raw,RAW_ONLY_REVIEW,True,,,AEHL_026,opend,POC,True,dual,raw/adjusted qualification mismatch
AEHL,羚羊控股,NASDAQ,2016-05-13,2016-08-11,2016-08-11,0.318,3.63,10.415094339622641,0.318,3.63,10.415094339622641,18316.8,26136.0,0.42688679245283034,raw,RAW_ONLY_REVIEW,True,,,AEHL_026,opend,POC,True,dual,raw/adjusted qualification mismatch
AEHL,羚羊控股,NASDAQ,2016-05-16,2016-08-14,2016-08-15,0.28,3.6,11.857142857142856,0.28,3.6,11.857142857142856,16128.0,25920.0,0.6071428571428572,raw,RAW_ONLY_REVIEW,True,,,AEHL_026,opend,POC,True,dual,raw/adjusted qualification mismatch
AEHL,羚羊控股,NASDAQ,2016-05-17,2016-08-15,2016-08-15,0.292,3.6,11.328767123287673,0.292,3.6,11.328767123287673,16819.199999999,25920.0,0.5410958904110506,raw,RAW_ONLY_REVIEW,True,,,AEHL_026,opend,POC,True,dual,raw/adjusted qualification mismatch
AEHL,羚羊控股,NASDAQ,2016-05-18,2016-08-16,2016-08-16,0.295,3.5,10.864406779661017,0.295,3.5,10.864406779661017,16992.0,25200.0,0.48305084745762716,raw,RAW_ONLY_REVIEW,True,,,AEHL_026,opend,POC,True,dual,raw/adjusted qualification mismatch
AEHL,羚羊控股,NASDAQ,2016-05-20,2016-08-18,2016-08-18,0.3,3.3,10.0,0.3,3.3,10.0,17280.0,23760.0,0.375,raw,RAW_ONLY_REVIEW,True,,,AEHL_026,opend,POC,True,dual,raw/adjusted qualification mismatch
AEHL,羚羊控股,NASDAQ,2025-01-07,2025-04-07,2025-04-07,0.2344,2.58,10.006825938566553,0.2344,2.58,10.006825938566553,56.256,15.48,-0.7248293515358362,raw,RAW_ONLY_REVIEW,True,,,AEHL_027,opend,POC,True,dual,raw/adjusted qualification mismatch
AEHL,羚羊控股,NASDAQ,2025-01-08,2025-04-08,2025-04-08,0.1835,2.18,10.880108991825614,0.1835,2.18,10.880108991825614,44.04,13.08,-0.7029972752043596,raw,RAW_ONLY_REVIEW,True,,,AEHL_027,opend,POC,True,dual,raw/adjusted qualification mismatch
AEHL,羚羊控股,NASDAQ,2025-01-10,2025-04-10,2025-04-10,0.183,3.04,15.612021857923498,0.183,3.04,15.612021857923498,43.92,18.24,-0.5846994535519126,raw,RAW_ONLY_REVIEW,True,,,AEHL_027,opend,POC,True,dual,raw/adjusted qualification mismatch
AEHL,羚羊控股,NASDAQ,2025-01-13,2025-04-13,2025-04-14,0.1657,3.42,19.639710319855162,0.1657,3.42,19.639710319855162,39.768,20.52,-0.484007242003621,raw,RAW_ONLY_REVIEW,True,,,AEHL_027,opend,POC,True,dual,raw/adjusted qualification mismatch
AEHL,羚羊控股,NASDAQ,2025-01-14,2025-04-14,2025-04-14,0.1622,3.42,20.085080147965474,0.1622,3.42,20.085080147965474,38.928,20.52,-0.4728729963008631,raw,RAW_ONLY_REVIEW,True,,,AEHL_027,opend,POC,True,dual,raw/adjusted qualification mismatch
AEHL,羚羊控股,NASDAQ,2025-01-15,2025-04-15,2025-04-15,0.1681,3.25,18.333729922665082,0.1681,3.25,18.333729922665082,40.344,19.5,-0.516656751933373,raw,RAW_ONLY_REVIEW,True,,,AEHL_027,opend,POC,True,dual,raw/adjusted qualification mismatch
AEHL,羚羊控股,NASDAQ,2025-01-16,2025-04-16,2025-04-16,0.157,2.88,17.343949044585987,0.157,2.88,17.343949044585987,37.68,17.28,-0.5414012738853503,raw,RAW_ONLY_REVIEW,True,,,AEHL_027,opend,POC,True,dual,raw/adjusted qualification mismatch
AEHL,羚羊控股,NASDAQ,2025-01-17,2025-04-17,2025-04-17,0.1763,2.7,14.314804310833805,0.1763,2.7,14.314804310833805,42.312,16.2,-0.6171298922291548,raw,RAW_ONLY_REVIEW,True,,,AEHL_027,opend,POC,True,dual,raw/adjusted qualification mismatch
AEHL,羚羊控股,NASDAQ,2025-01-21,2025-04-21,2025-04-21,0.1651,2.58,14.626892792247125,0.1651,2.58,14.626892792247125,39.624,15.48,-0.6093276801938219,raw,RAW_ONLY_REVIEW,True,,,AEHL_027,opend,POC,True,dual,raw/adjusted qualification mismatch
AEHL,羚羊控股,NASDAQ,2025-01-22,2025-04-22,2025-04-22,0.1613,3.1,18.21884686918785,0.1613,3.1,18.21884686918785,38.712,18.6,-0.5195288282703038,raw,RAW_ONLY_REVIEW,True,,,AEHL_027,opend,POC,True,dual,raw/adjusted qualification mismatch
AEHL,羚羊控股,NASDAQ,2025-01-23,2025-04-23,2025-04-23,0.1593,2.93,17.39296924042687,0.1593,2.93,17.39296924042687,38.232,17.58,-0.5401757689893283,raw,RAW_ONLY_REVIEW,True,,,AEHL_027,opend,POC,True,dual,raw/adjusted qualification mismatch
AEHL,羚羊控股,NASDAQ,2025-01-24,2025-04-24,2025-04-24,0.1595,2.89,17.11912225705329,0.1595,2.89,17.11912225705329,38.28,17.34,-0.5470219435736677,raw,RAW_ONLY_REVIEW,True,,,AEHL_027,opend,POC,True,dual,raw/adjusted qualification mismatch
AEHL,羚羊控股,NASDAQ,2025-01-27,2025-04-27,2025-04-28,0.1546,2.78,16.981888745148773,0.1546,2.78,16.981888745148773,37.104,16.679999999,-0.5504527813982321,raw,RAW_ONLY_REVIEW,True,,,AEHL_027,opend,POC,True,dual,raw/adjusted qualification mismatch
AEHL,羚羊控股,NASDAQ,2025-01-28,2025-04-28,2025-04-28,0.145,2.78,18.17241379310345,0.145,2.78,18.17241379310345,34.8,16.679999999,-0.5206896552011494,raw,RAW_ONLY_REVIEW,True,,,AEHL_027,opend,POC,True,dual,raw/adjusted qualification mismatch
AEHL,羚羊控股,NASDAQ,2025-01-29,2025-04-29,2025-04-29,0.1181,2.57,20.76121930567316,0.1181,2.57,20.76121930567316,28.344,15.419999999,-0.45596951739345193,raw,RAW_ONLY_REVIEW,True,,,AEHL_027,opend,POC,True,dual,raw/adjusted qualification mismatch
AEHL,羚羊控股,NASDAQ,2025-01-30,2025-04-30,2025-04-30,0.116,2.59,21.327586206896548,0.116,2.59,21.327586206896548,27.84,15.54,-0.4418103448275862,raw,RAW_ONLY_REVIEW,True,,,AEHL_027,opend,POC,True,dual,raw/adjusted qualification mismatch
AEHL,羚羊控股,NASDAQ,2025-01-31,2025-05-01,2025-05-01,0.118,2.6,21.033898305084747,0.118,2.6,21.033898305084747,28.32,15.6,-0.4491525423728814,raw,RAW_ONLY_REVIEW,True,,,AEHL_027,opend,POC,True,dual,raw/adjusted qualification mismatch
AEHL,羚羊控股,NASDAQ,2025-02-03,2025-05-04,2025-05-05,0.1189,2.56,20.530698065601346,0.1189,2.56,20.530698065601346,28.536,15.36,-0.46173254835996635,raw,RAW_ONLY_REVIEW,True,,,AEHL_027,opend,POC,True,dual,raw/adjusted qualification mismatch
AEHL,羚羊控股,NASDAQ,2025-02-04,2025-05-05,2025-05-05,0.1248,2.56,19.512820512820515,0.1248,2.56,19.512820512820515,29.952,15.36,-0.4871794871794872,raw,RAW_ONLY_REVIEW,True,,,AEHL_027,opend,POC,True,dual,raw/adjusted qualification mismatch
AEHL,羚羊控股,NASDAQ,2025-02-05,2025-05-06,2025-05-06,0.1257,2.57,19.44550517104216,0.1257,2.57,19.44550517104216,30.168,15.419999999,-0.4888623707570936,raw,RAW_ONLY_REVIEW,True,,,AEHL_027,opend,POC,True,dual,raw/adjusted qualification mismatch
AEHL,羚羊控股,NASDAQ,2025-02-06,2025-05-07,2025-05-07,0.1289,2.46,18.084561675717612,0.1289,2.46,18.084561675717612,30.935999999,14.76,-0.5228859580916372,raw,RAW_ONLY_REVIEW,True,,,AEHL_027,opend,POC,True,dual,raw/adjusted qualification mismatch
AEHL,羚羊控股,NASDAQ,2025-02-07,2025-05-08,2025-05-08,0.1297,2.6,19.046260601387818,0.1297,2.6,19.046260601387818,31.128,15.6,-0.4988434849653046,raw,RAW_ONLY_REVIEW,True,,,AEHL_027,opend,POC,True,dual,raw/adjusted qualification mismatch
AEHL,羚羊控股,NASDAQ,2025-02-10,2025-05-11,2025-05-12,0.1266,2.75,20.721958925750396,0.1266,2.75,20.721958925750396,30.383999999,16.5,-0.4569510268383673,raw,RAW_ONLY_REVIEW,True,,,AEHL_027,opend,POC,True,dual,raw/adjusted qualification mismatch
AEHL,羚羊控股,NASDAQ,2025-02-11,2025-05-12,2025-05-12,0.1365,2.75,19.146520146520146,0.1365,2.75,19.146520146520146,32.76,16.5,-0.49633699633699635,raw,RAW_ONLY_REVIEW,True,,,AEHL_027,opend,POC,True,dual,raw/adjusted qualification mismatch
AEHL,羚羊控股,NASDAQ,2025-02-12,2025-05-13,2025-05-13,0.1473,2.61,16.718940936863543,0.1473,2.61,16.718940936863543,35.352,15.66,-0.5570264765784114,raw,RAW_ONLY_REVIEW,True,,,AEHL_027,opend,POC,True,dual,raw/adjusted qualification mismatch
AEHL,羚羊控股,NASDAQ,2025-02-13,2025-05-14,2025-05-14,0.1269,2.67,20.040189125295505,0.1269,2.67,20.040189125295505,30.456,16.02,-0.47399527186761226,raw,RAW_ONLY_REVIEW,True,,,AEHL_027,opend,POC,True,dual,raw/adjusted qualification mismatch
AEHL,羚羊控股,NASDAQ,2025-02-14,2025-05-15,2025-05-15,0.1285,2.69,19.93385214007782,0.1285,2.69,19.93385214007782,30.84,16.14,-0.47665369649805445,raw,RAW_ONLY_REVIEW,True,,,AEHL_027,opend,POC,True,dual,raw/adjusted qualification mismatch
AEHL,羚羊控股,NASDAQ,2025-02-18,2025-05-19,2025-05-19,0.1271,2.57,19.22029897718332,0.1271,2.57,19.22029897718332,30.503999999,15.419999999,-0.4944925255866278,raw,RAW_ONLY_REVIEW,True,,,AEHL_027,opend,POC,True,dual,raw/adjusted qualification mismatch
AEHL,羚羊控股,NASDAQ,2025-02-19,2025-05-20,2025-05-20,0.1306,2.68,19.52067381316999,0.1306,2.68,19.52067381316999,31.344,16.08,-0.4869831546707505,raw,RAW_ONLY_REVIEW,True,,,AEHL_027,opend,POC,True,dual,raw/adjusted qualification mismatch
AEHL,羚羊控股,NASDAQ,2025-02-20,2025-05-21,2025-05-21,0.1401,2.47,16.63026409707352,0.1401,2.47,16.63026409707352,33.624,14.82,-0.5592433975731621,raw,RAW_ONLY_REVIEW,True,,,AEHL_027,opend,POC,True,dual,raw/adjusted qualification mismatch
AEHL,羚羊控股,NASDAQ,2025-02-21,2025-05-22,2025-05-22,0.139,2.3,15.546762589928054,0.139,2.3,15.546762589928054,33.36,13.799999999,-0.5863309352817745,raw,RAW_ONLY_REVIEW,True,,,AEHL_027,opend,POC,True,dual,raw/adjusted qualification mismatch
AEHL,羚羊控股,NASDAQ,2025-02-24,2025-05-25,2025-05-27,0.1252,2.29,17.29073482428115,0.1252,2.29,17.29073482428115,30.048,13.74,-0.5427316293929711,raw,RAW_ONLY_REVIEW,True,,,AEHL_027,opend,POC,True,dual,raw/adjusted qualification mismatch
AEHL,羚羊控股,NASDAQ,2025-02-25,2025-05-26,2025-05-27,0.1286,2.29,16.807153965785382,0.1286,2.29,16.807153965785382,30.864,13.74,-0.5548211508553655,raw,RAW_ONLY_REVIEW,True,,,AEHL_027,opend,POC,True,dual,raw/adjusted qualification mismatch
AEHL,羚羊控股,NASDAQ,2025-02-26,2025-05-27,2025-05-27,0.132,2.29,16.348484848484848,0.132,2.29,16.348484848484848,31.68,13.74,-0.5662878787878788,raw,RAW_ONLY_REVIEW,True,,,AEHL_027,opend,POC,True,dual,raw/adjusted qualification mismatch
AEHL,羚羊控股,NASDAQ,2025-02-27,2025-05-28,2025-05-28,0.1233,2.26,17.32927818329278,0.1233,2.26,17.32927818329278,29.592,13.559999999,-0.5417680454514733,raw,RAW_ONLY_REVIEW,True,,,AEHL_027,opend,POC,True,dual,raw/adjusted qualification mismatch
AEHL,羚羊控股,NASDAQ,2025-02-28,2025-05-29,2025-05-29,0.1145,2.2,18.213973799126638,0.1145,2.2,18.213973799126638,27.48,13.2,-0.519650655021834,raw,RAW_ONLY_REVIEW,True,,,AEHL_027,opend,POC,True,dual,raw/adjusted qualification mismatch
AEHL,羚羊控股,NASDAQ,2025-03-03,2025-06-01,2025-06-02,0.111,1.93,16.38738738738739,0.111,1.93,16.38738738738739,26.64,11.58,-0.5653153153153153,raw,RAW_ONLY_REVIEW,True,,,AEHL_027,opend,POC,True,dual,raw/adjusted qualification mismatch
AEHL,羚羊控股,NASDAQ,2025-03-04,2025-06-02,2025-06-02,0.1041,1.93,17.539865513928913,0.1041,1.93,17.539865513928913,24.984,11.58,-0.5365033621517772,raw,RAW_ONLY_REVIEW,True,,,AEHL_027,opend,POC,True,dual,raw/adjusted qualification mismatch
AEHL,羚羊控股,NASDAQ,2025-03-05,2025-06-03,2025-06-03,0.1136,2.04,16.95774647887324,0.1136,2.04,16.95774647887324,27.264,12.24,-0.551056338028169,raw,RAW_ONLY_REVIEW,True,,,AEHL_027,opend,POC,True,dual,raw/adjusted qualification mismatch
AEHL,羚羊控股,NASDAQ,2025-03-06,2025-06-04,2025-06-04,0.1119,1.99,16.783735478105452,0.1119,1.99,16.783735478105452,26.856,11.94,-0.5554066130473638,raw,RAW_ONLY_REVIEW,True,,,AEHL_027,opend,POC,True,dual,raw/adjusted qualification mismatch
AEHL,羚羊控股,NASDAQ,2025-03-07,2025-06-05,2025-06-05,0.1195,2.31,18.330543933054393,0.1195,2.31,18.330543933054393,28.68,13.86,-0.5167364016736402,raw,RAW_ONLY_REVIEW,True,,,AEHL_027,opend,POC,True,dual,raw/adjusted qualification mismatch
AEHL,羚羊控股,NASDAQ,2025-03-10,2025-06-08,2025-06-09,0.1055,2.29,20.70616113744076,0.1055,2.29,20.70616113744076,25.32,13.74,-0.45734597156398105,raw,RAW_ONLY_REVIEW,True,,,AEHL_027,opend,POC,True,dual,raw/adjusted qualification mismatch
AEHL,羚羊控股,NASDAQ,2025-03-11,2025-06-09,2025-06-09,0.1092,2.29,19.97069597069597,0.1092,2.29,19.97069597069597,26.208,13.74,-0.4757326007326007,raw,RAW_ONLY_REVIEW,True,,,AEHL_027,opend,POC,True,dual,raw/adjusted qualification mismatch
AEHL,羚羊控股,NASDAQ,2025-03-12,2025-06-10,2025-06-10,0.1109,2.44,21.00180342651037,0.1109,2.44,21.00180342651037,26.616,14.64,-0.4499549143372408,raw,RAW_ONLY_REVIEW,True,,,AEHL_027,opend,POC,True,dual,raw/adjusted qualification mismatch
AEHL,羚羊控股,NASDAQ,2025-03-13,2025-06-11,2025-06-11,0.1055,2.5,22.696682464454977,0.1055,2.5,22.696682464454977,25.32,15.0,-0.4075829383886256,raw,RAW_ONLY_REVIEW,True,,,AEHL_027,opend,POC,True,dual,raw/adjusted qualification mismatch
AEHL,羚羊控股,NASDAQ,2025-03-14,2025-06-12,2025-06-12,0.1058,2.53,22.913043478260867,0.1058,2.53,22.913043478260867,25.392,15.179999999,-0.40217391308286077,raw,RAW_ONLY_REVIEW,True,,,AEHL_027,opend,POC,True,dual,raw/adjusted qualification mismatch
AEHL,羚羊控股,NASDAQ,2025-03-17,2025-06-15,2025-06-16,0.1179,2.6,21.05258693808312,0.1179,2.6,21.05258693808312,28.296,15.6,-0.4486853265479219,raw,RAW_ONLY_REVIEW,True,,,AEHL_027,opend,POC,True,dual,raw/adjusted qualification mismatch
AEHL,羚羊控股,NASDAQ,2025-03-18,2025-06-16,2025-06-16,0.1113,2.6,22.360287511230908,0.1113,2.6,22.360287511230908,26.712,15.6,-0.41599281221922735,raw,RAW_ONLY_REVIEW,True,,,AEHL_027,opend,POC,True,dual,raw/adjusted qualification mismatch
AEHL,羚羊控股,NASDAQ,2025-03-19,2025-06-17,2025-06-17,0.114,2.51,21.01754385964912,0.114,2.51,21.01754385964912,27.36,15.059999999,-0.4495614035453216,raw,RAW_ONLY_REVIEW,True,,,AEHL_027,opend,POC,True,dual,raw/adjusted qualification mismatch
AEHL,羚羊控股,NASDAQ,2025-03-20,2025-06-18,2025-06-18,0.1118,2.53,21.62969588550984,0.1118,2.53,21.62969588550984,26.832,15.179999999,-0.434257602899523,raw,RAW_ONLY_REVIEW,True,,,AEHL_027,opend,POC,True,dual,raw/adjusted qualification mismatch
AEHL,羚羊控股,NASDAQ,2025-03-21,2025-06-19,2025-06-20,0.1096,2.51,21.901459854014597,0.1096,2.51,21.901459854014597,26.304,15.059999999,-0.42746350368765207,raw,RAW_ONLY_REVIEW,True,,,AEHL_027,opend,POC,True,dual,raw/adjusted qualification mismatch
AEHL,羚羊控股,NASDAQ,2025-03-24,2025-06-22,2025-06-23,0.1071,2.62,23.46311858076564,0.1071,2.62,23.46311858076564,25.704,15.72,-0.38842203548085896,raw,RAW_ONLY_REVIEW,True,,,AEHL_027,opend,POC,True,dual,raw/adjusted qualification mismatch
AEHL,羚羊控股,NASDAQ,2025-03-25,2025-06-23,2025-06-23,0.1001,2.62,25.173826173826175,0.1001,2.62,25.173826173826175,24.024,15.72,-0.3456543456543456,raw,RAW_ONLY_REVIEW,True,,,AEHL_027,opend,POC,True,dual,raw/adjusted qualification mismatch
AEHL,羚羊控股,NASDAQ,2025-03-26,2025-06-24,2025-06-24,0.104701,2.61,23.928128671168373,0.104701,2.61,23.928128671168373,25.12824,15.66,-0.3767967832207907,raw,RAW_ONLY_REVIEW,True,,,AEHL_027,opend,POC,True,dual,raw/adjusted qualification mismatch
AEHL,羚羊控股,NASDAQ,2025-03-27,2025-06-25,2025-06-25,0.1024,2.71,25.46484375,0.1024,2.71,25.46484375,24.576,16.26,-0.33837890625,raw,RAW_ONLY_REVIEW,True,,,AEHL_027,opend,POC,True,dual,raw/adjusted qualification mismatch
AEHL,羚羊控股,NASDAQ,2025-03-28,2025-06-26,2025-06-26,0.096,2.6,26.083333333333332,0.096,2.6,26.083333333333332,23.04,15.6,-0.32291666666666663,raw,RAW_ONLY_REVIEW,True,,,AEHL_027,opend,POC,True,dual,raw/adjusted qualification mismatch
AEHL,羚羊控股,NASDAQ,2025-03-31,2025-06-29,2025-06-30,0.0968,2.65,26.376033057851238,0.0968,2.65,26.376033057851238,23.232,15.9,-0.315599173553719,raw,RAW_ONLY_REVIEW,True,,,AEHL_027,opend,POC,True,dual,raw/adjusted qualification mismatch
AEHL,羚羊控股,NASDAQ,2025-04-01,2025-06-30,2025-06-30,0.0955,2.65,26.74869109947644,0.0955,2.65,26.74869109947644,22.92,15.9,-0.3062827225130891,raw,RAW_ONLY_REVIEW,True,,,AEHL_027,opend,POC,True,dual,raw/adjusted qualification mismatch
AEHL,羚羊控股,NASDAQ,2025-04-02,2025-07-01,2025-07-01,0.057,2.715,46.63157894736842,0.057,2.715,46.63157894736842,13.68,16.29,0.1907894736842104,raw,RAW_ONLY_REVIEW,True,,,AEHL_027,opend,POC,True,dual,raw/adjusted qualification mismatch
AEHL,羚羊控股,NASDAQ,2025-04-03,2025-07-02,2025-07-02,0.0525,3.0616,57.31619047619048,0.0525,3.0616,57.31619047619048,12.6,18.3696,0.4579047619047618,raw,RAW_ONLY_REVIEW,True,,,AEHL_027,opend,POC,True,dual,raw/adjusted qualification mismatch
AEI,Alset,NASDAQ,2022-09-29,2022-12-28,2022-12-28,0.1958,2.52,11.870275791624106,0.1958,2.52,11.870275791624106,3.916,2.52,-0.3564862104187947,raw,RAW_ONLY_REVIEW,True,,,AEI_028,opend,POC,True,dual,raw/adjusted qualification mismatch
AEI,Alset,NASDAQ,2022-10-03,2023-01-01,2023-01-03,0.2322,2.66,10.45564168819983,0.2322,2.66,10.45564168819983,4.644,2.66,-0.42721791559000855,raw,RAW_ONLY_REVIEW,True,,,AEI_028,opend,POC,True,dual,raw/adjusted qualification mismatch
AEI,Alset,NASDAQ,2022-10-04,2023-01-02,2023-01-03,0.238,2.66,10.176470588235295,0.238,2.66,10.176470588235295,4.76,2.66,-0.4411764705882353,raw,RAW_ONLY_REVIEW,True,,,AEI_028,opend,POC,True,dual,raw/adjusted qualification mismatch
AEI,Alset,NASDAQ,2022-10-05,2023-01-03,2023-01-03,0.2222,2.66,10.971197119711972,0.2222,2.66,10.971197119711972,4.444,2.66,-0.4014401440144014,raw,RAW_ONLY_REVIEW,True,,,AEI_028,opend,POC,True,dual,raw/adjusted qualification mismatch
AEI,Alset,NASDAQ,2022-10-06,2023-01-04,2023-01-04,0.2271,2.7227,10.988991633641568,0.2271,2.7227,10.988991633641568,4.542,2.7227,-0.4005504183179216,raw,RAW_ONLY_REVIEW,True,,,AEI_028,opend,POC,True,dual,raw/adjusted qualification mismatch
AEI,Alset,NASDAQ,2022-10-07,2023-01-05,2023-01-05,0.2155,2.58,10.97215777262181,0.2155,2.58,10.97215777262181,4.31,2.58,-0.4013921113689094,raw,RAW_ONLY_REVIEW,True,,,AEI_028,opend,POC,True,dual,raw/adjusted qualification mismatch
AEI,Alset,NASDAQ,2022-10-10,2023-01-08,2023-01-09,0.2219,2.66,10.987381703470033,0.2219,2.66,10.987381703470033,4.438,2.66,-0.4006309148264984,raw,RAW_ONLY_REVIEW,True,,,AEI_028,opend,POC,True,dual,raw/adjusted qualification mismatch
AEI,Alset,NASDAQ,2022-10-11,2023-01-09,2023-01-09,0.218,2.66,11.201834862385322,0.218,2.66,11.201834862385322,4.36,2.66,-0.38990825688073394,raw,RAW_ONLY_REVIEW,True,,,AEI_028,opend,POC,True,dual,raw/adjusted qualification mismatch
AEI,Alset,NASDAQ,2022-10-12,2023-01-10,2023-01-10,0.2245,2.74,11.20489977728285,0.2245,2.74,11.20489977728285,4.49,2.74,-0.3897550111358574,raw,RAW_ONLY_REVIEW,True,,,AEI_028,opend,POC,True,dual,raw/adjusted qualification mismatch
AEI,Alset,NASDAQ,2022-10-13,2023-01-11,2023-01-11,0.22,2.87,12.045454545454547,0.22,2.87,12.045454545454547,4.4,2.87,-0.3477272727272728,raw,RAW_ONLY_REVIEW,True,,,AEI_028,opend,POC,True,dual,raw/adjusted qualification mismatch
AEI,Alset,NASDAQ,2022-10-14,2023-01-12,2023-01-12,0.2229,2.88,11.920592193808883,0.2229,2.88,11.920592193808883,4.458,2.88,-0.3539703903095559,raw,RAW_ONLY_REVIEW,True,,,AEI_028,opend,POC,True,dual,raw/adjusted qualification mismatch
AEI,Alset,NASDAQ,2022-10-17,2023-01-15,2023-01-17,0.22,3.04,12.818181818181818,0.22,3.04,12.818181818181818,4.4,3.04,-0.3090909090909092,raw,RAW_ONLY_REVIEW,True,,,AEI_028,opend,POC,True,dual,raw/adjusted qualification mismatch
AEI,Alset,NASDAQ,2022-10-18,2023-01-16,2023-01-17,0.224,3.04,12.571428571428571,0.224,3.04,12.571428571428571,4.48,3.04,-0.3214285714285715,raw,RAW_ONLY_REVIEW,True,,,AEI_028,opend,POC,True,dual,raw/adjusted qualification mismatch
AEI,Alset,NASDAQ,2022-10-19,2023-01-17,2023-01-17,0.22,3.04,12.818181818181818,0.22,3.04,12.818181818181818,4.4,3.04,-0.3090909090909092,raw,RAW_ONLY_REVIEW,True,,,AEI_028,opend,POC,True,dual,raw/adjusted qualification mismatch
AEI,Alset,NASDAQ,2022-10-20,2023-01-18,2023-01-18,0.2228,2.85,11.791741472172353,0.2228,2.85,11.791741472172353,4.456,2.85,-0.36041292639138245,raw,RAW_ONLY_REVIEW,True,,,AEI_028,opend,POC,True,dual,raw/adjusted qualification mismatch
AEI,Alset,NASDAQ,2022-10-21,2023-01-19,2023-01-19,0.226,2.78,11.300884955752212,0.226,2.78,11.300884955752212,4.52,2.78,-0.3849557522123893,raw,RAW_ONLY_REVIEW,True,,,AEI_028,opend,POC,True,dual,raw/adjusted qualification mismatch
AEI,Alset,NASDAQ,2022-10-24,2023-01-22,2023-01-23,0.2155,2.92,12.549883990719257,0.2155,2.92,12.549883990719257,4.31,2.92,-0.3225058004640371,raw,RAW_ONLY_REVIEW,True,,,AEI_028,opend,POC,True,dual,raw/adjusted qualification mismatch
AEI,Alset,NASDAQ,2022-10-25,2023-01-23,2023-01-23,0.2097,2.92,12.924654268001907,0.2097,2.92,12.924654268001907,4.194,2.92,-0.3037672865999046,raw,RAW_ONLY_REVIEW,True,,,AEI_028,opend,POC,True,dual,raw/adjusted qualification mismatch
AEI,Alset,NASDAQ,2022-10-26,2023-01-24,2023-01-24,0.2068,3.14,14.18375241779497,0.2068,3.14,14.18375241779497,4.136,3.14,-0.24081237911025144,raw,RAW_ONLY_REVIEW,True,,,AEI_028,opend,POC,True,dual,raw/adjusted qualification mismatch
AEI,Alset,NASDAQ,2022-10-27,2023-01-25,2023-01-25,0.2078,3.12,14.014436958614052,0.2078,3.12,14.014436958614052,4.156,3.12,-0.24927815206929727,raw,RAW_ONLY_REVIEW,True,,,AEI_028,opend,POC,True,dual,raw/adjusted qualification mismatch
AEI,Alset,NASDAQ,2022-10-28,2023-01-26,2023-01-26,0.207206,3.13,14.105740181268882,0.207206,3.13,14.105740181268882,4.14412,3.13,-0.24471299093655596,raw,RAW_ONLY_REVIEW,True,,,AEI_028,opend,POC,True,dual,raw/adjusted qualification mismatch
AEI,Alset,NASDAQ,2022-10-31,2023-01-29,2023-01-30,0.2005,3.07,14.311720698254362,0.2005,3.07,14.311720698254362,4.01,3.07,-0.23441396508728174,raw,RAW_ONLY_REVIEW,True,,,AEI_028,opend,POC,True,dual,raw/adjusted qualification mismatch
AEI,Alset,NASDAQ,2022-11-01,2023-01-30,2023-01-30,0.2,3.07,14.349999999999998,0.2,3.07,14.349999999999998,4.0,3.07,-0.23250000000000004,raw,RAW_ONLY_REVIEW,True,,,AEI_028,opend,POC,True,dual,raw/adjusted qualification mismatch
AEI,Alset,NASDAQ,2022-11-02,2023-01-31,2023-01-31,0.1973,3.09,14.661429295489102,0.1973,3.09,14.661429295489102,3.946,3.09,-0.2169285352255449,raw,RAW_ONLY_REVIEW,True,,,AEI_028,opend,POC,True,dual,raw/adjusted qualification mismatch
AEI,Alset,NASDAQ,2022-11-03,2023-02-01,2023-02-01,0.1956,3.1,14.848670756646218,0.1956,3.1,14.848670756646218,3.912,3.1,-0.20756646216768915,raw,RAW_ONLY_REVIEW,True,,,AEI_028,opend,POC,True,dual,raw/adjusted qualification mismatch
AEI,Alset,NASDAQ,2022-11-04,2023-02-02,2023-02-02,0.1978,3.12,14.773508594539939,0.1978,3.12,14.773508594539939,3.956,3.12,-0.211324570273003,raw,RAW_ONLY_REVIEW,True,,,AEI_028,opend,POC,True,dual,raw/adjusted qualification mismatch
AEI,Alset,NASDAQ,2022-11-08,2023-02-06,2023-02-06,0.183,2.1,10.475409836065575,0.183,2.1,10.475409836065575,3.66,2.1,-0.42622950819672134,raw,RAW_ONLY_REVIEW,True,,,AEI_028,opend,POC,True,dual,raw/adjusted qualification mismatch
AEI,Alset,NASDAQ,2022-11-09,2023-02-07,2023-02-07,0.1691,2.12,11.536960378474276,0.1691,2.12,11.536960378474276,3.382,2.12,-0.3731519810762862,raw,RAW_ONLY_REVIEW,True,,,AEI_028,opend,POC,True,dual,raw/adjusted qualification mismatch
AEI,Alset,NASDAQ,2022-11-10,2023-02-08,2023-02-08,0.1781,2.01,10.285794497473328,0.1781,2.01,10.285794497473328,3.562,2.01,-0.43571027512633353,raw,RAW_ONLY_REVIEW,True,,,AEI_028,opend,POC,True,dual,raw/adjusted qualification mismatch
AEI,Alset,NASDAQ,2022-11-11,2023-02-09,2023-02-09,0.1617,1.95,11.059369202226344,0.1617,1.95,11.059369202226344,3.234,1.95,-0.3970315398886828,raw,RAW_ONLY_REVIEW,True,,,AEI_028,opend,POC,True,dual,raw/adjusted qualification mismatch
AEI,Alset,NASDAQ,2022-11-14,2023-02-12,2023-02-13,0.1629,1.98,11.154696132596685,0.1629,1.98,11.154696132596685,3.258,1.98,-0.39226519337016574,raw,RAW_ONLY_REVIEW,True,,,AEI_028,opend,POC,True,dual,raw/adjusted qualification mismatch
AEI,Alset,NASDAQ,2022-11-15,2023-02-13,2023-02-13,0.156,1.98,11.692307692307692,0.156,1.98,11.692307692307692,3.12,1.98,-0.3653846153846154,raw,RAW_ONLY_REVIEW,True,,,AEI_028,opend,POC,True,dual,raw/adjusted qualification mismatch
AEI,Alset,NASDAQ,2022-11-16,2023-02-14,2023-02-14,0.161,1.94,11.049689440993788,0.161,1.94,11.049689440993788,3.22,1.94,-0.39751552795031064,raw,RAW_ONLY_REVIEW,True,,,AEI_028,opend,POC,True,dual,raw/adjusted qualification mismatch
AEI,Alset,NASDAQ,2022-11-17,2023-02-15,2023-02-15,0.16,1.99,11.4375,0.16,1.99,11.4375,3.2,1.99,-0.37812500000000004,raw,RAW_ONLY_REVIEW,True,,,AEI_028,opend,POC,True,dual,raw/adjusted qualification mismatch
AEI,Alset,NASDAQ,2022-11-18,2023-02-16,2023-02-16,0.1741,1.99,10.430212521539344,0.1741,1.99,10.430212521539344,3.482,1.99,-0.42848937392303277,raw,RAW_ONLY_REVIEW,True,,,AEI_028,opend,POC,True,dual,raw/adjusted qualification mismatch
AEI,Alset,NASDAQ,2022-11-21,2023-02-19,2023-02-21,0.1773,1.99,10.223914269599549,0.1773,1.99,10.223914269599549,3.546,1.99,-0.43880428652002257,raw,RAW_ONLY_REVIEW,True,,,AEI_028,opend,POC,True,dual,raw/adjusted qualification mismatch
AEMD,Aethlon Medical,NASDAQ,2015-01-14,2015-04-14,2015-04-14,0.29,12.0,40.37931034482759,0.29,12.0,40.37931034482759,173999.9652,144000.0,-0.17241362758617385,raw,RAW_ONLY_REVIEW,True,,,AEMD_029,opend,POC,True,dual,raw/adjusted qualification mismatch
AEMD,Aethlon Medical,NASDAQ,2015-01-15,2015-04-15,2015-04-15,0.272,14.0,50.470588235294116,0.272,14.0,50.470588235294116,163199.96736,168000.0,0.029411970588276493,raw,RAW_ONLY_REVIEW,True,,,AEMD_029,opend,POC,True,dual,raw/adjusted qualification mismatch
AEMD,Aethlon Medical,NASDAQ,2015-01-16,2015-04-16,2015-04-16,0.277,12.4,43.765342960288805,0.277,12.4,43.765342960288805,166199.96676,148800.0,-0.10469296173281628,raw,RAW_ONLY_REVIEW,True,,,AEMD_029,opend,POC,True,dual,raw/adjusted qualification mismatch
AEMD,Aethlon Medical,NASDAQ,2015-01-20,2015-04-20,2015-04-20,0.27,12.0,43.44444444444444,0.27,12.0,43.44444444444444,161999.9676,144000.0,-0.1111109333332978,raw,RAW_ONLY_REVIEW,True,,,AEMD_029,opend,POC,True,dual,raw/adjusted qualification mismatch
AEMD,Aethlon Medical,NASDAQ,2015-01-21,2015-04-21,2015-04-21,0.233,12.0,50.50214592274678,0.233,12.0,50.50214592274678,139799.97204,144000.0,0.03004312446356061,raw,RAW_ONLY_REVIEW,True,,,AEMD_029,opend,POC,True,dual,raw/adjusted qualification mismatch
AEMD,Aethlon Medical,NASDAQ,2015-01-22,2015-04-22,2015-04-22,0.25,11.2,43.8,0.25,11.2,43.8,149999.97,134399.999999999,-0.10399982079997072,raw,RAW_ONLY_REVIEW,True,,,AEMD_029,opend,POC,True,dual,raw/adjusted qualification mismatch
AEMD,Aethlon Medical,NASDAQ,2015-01-23,2015-04-23,2015-04-23,0.259,10.51,39.57915057915058,0.259,10.51,39.57915057915058,155399.96892,126120.0,-0.1884168261003537,raw,RAW_ONLY_REVIEW,True,,,AEMD_029,opend,POC,True,dual,raw/adjusted qualification mismatch
AEMD,Aethlon Medical,NASDAQ,2015-01-26,2015-04-26,2015-04-27,0.2715,9.6,34.35911602209944,0.2715,9.6,34.35911602209944,162899.96742,115200.0,-0.2928175381215187,raw,RAW_ONLY_REVIEW,True,,,AEMD_029,opend,POC,True,dual,raw/adjusted qualification mismatch
AEMD,Aethlon Medical,NASDAQ,2015-01-27,2015-04-27,2015-04-27,0.253,9.6,36.944664031620555,0.253,9.6,36.944664031620555,151799.96964,115200.0,-0.24110656758890248,raw,RAW_ONLY_REVIEW,True,,,AEMD_029,opend,POC,True,dual,raw/adjusted qualification mismatch
AEMD,Aethlon Medical,NASDAQ,2015-01-28,2015-04-28,2015-04-28,0.2565,9.0,34.08771929824562,0.2565,9.0,34.08771929824562,153899.96922,108000.0,-0.2982454736841824,raw,RAW_ONLY_REVIEW,True,,,AEMD_029,opend,POC,True,dual,raw/adjusted qualification mismatch
AEMD,Aethlon Medical,NASDAQ,2015-01-29,2015-04-29,2015-04-29,0.252,8.649,33.32142857142857,0.252,8.649,33.32142857142857,151199.96976,103787.999999999,-0.3135712912856935,raw,RAW_ONLY_REVIEW,True,,,AEMD_029,opend,POC,True,dual,raw/adjusted qualification mismatch
AEMD,Aethlon Medical,NASDAQ,2015-01-30,2015-04-30,2015-04-30,0.2499,8.15,31.613045218087237,0.2499,8.15,31.613045218087237,149939.970012,97800.0,-0.3477389651860484,raw,RAW_ONLY_REVIEW,True,,,AEMD_029,opend,POC,True,dual,raw/adjusted qualification mismatch
AEMD,Aethlon Medical,NASDAQ,2015-02-02,2015-05-03,2015-05-04,0.223,9.01,39.403587443946186,0.223,9.01,39.403587443946186,133799.97324,108120.0,-0.19192808950669404,raw,RAW_ONLY_REVIEW,True,,,AEMD_029,opend,POC,True,dual,raw/adjusted qualification mismatch
AEMD,Aethlon Medical,NASDAQ,2015-02-03,2015-05-04,2015-05-04,0.21,9.01,41.904761904761905,0.21,9.01,41.904761904761905,125999.9748,108120.0,-0.14190459028567992,raw,RAW_ONLY_REVIEW,True,,,AEMD_029,opend,POC,True,dual,raw/adjusted qualification mismatch
AEMD,Aethlon Medical,NASDAQ,2015-02-04,2015-05-05,2015-05-05,0.1998,8.51,41.59259259259259,0.1998,8.51,41.59259259259259,119879.976024,102120.0,-0.1481479777777437,raw,RAW_ONLY_REVIEW,True,,,AEMD_029,opend,POC,True,dual,raw/adjusted qualification mismatch
AEMD,Aethlon Medical,NASDAQ,2015-02-05,2015-05-06,2015-05-06,0.24,8.68,35.166666666666664,0.24,8.68,35.166666666666664,143999.9712,104160.0,-0.2766665219999711,raw,RAW_ONLY_REVIEW,True,,,AEMD_029,opend,POC,True,dual,raw/adjusted qualification mismatch
AEMD,Aethlon Medical,NASDAQ,2015-02-06,2015-05-07,2015-05-07,0.2225,8.59,37.60674157303371,0.2225,8.59,37.60674157303371,133499.9733,103080.0,-0.22786501411232873,raw,RAW_ONLY_REVIEW,True,,,AEMD_029,opend,POC,True,dual,raw/adjusted qualification mismatch
AEMD,Aethlon Medical,NASDAQ,2015-02-09,2015-05-10,2015-05-11,0.218,8.95,40.05504587155963,0.218,8.95,40.05504587155963,130799.97384,107399.999999999,-0.17889891834859872,raw,RAW_ONLY_REVIEW,True,,,AEMD_029,opend,POC,True,dual,raw/adjusted qualification mismatch
AEMD,Aethlon Medical,NASDAQ,2015-02-10,2015-05-11,2015-05-11,0.211,8.95,41.41706161137441,0.211,8.95,41.41706161137441,126599.97468,107399.999999999,-0.15165859810423943,raw,RAW_ONLY_REVIEW,True,,,AEMD_029,opend,POC,True,dual,raw/adjusted qualification mismatch
AEMD,Aethlon Medical,NASDAQ,2015-02-11,2015-05-12,2015-05-12,0.2,8.75,42.75,0.2,8.75,42.75,119999.976,105000.0,-0.12499982499996498,raw,RAW_ONLY_REVIEW,True,,,AEMD_029,opend,POC,True,dual,raw/adjusted qualification mismatch
AEMD,Aethlon Medical,NASDAQ,2015-02-12,2015-05-13,2015-05-13,0.21,8.66,40.23809523809524,0.21,8.66,40.23809523809524,125999.9748,103920.0,-0.17523793028568124,raw,RAW_ONLY_REVIEW,True,,,AEMD_029,opend,POC,True,dual,raw/adjusted qualification mismatch
AEMD,Aethlon Medical,NASDAQ,2015-02-13,2015-05-14,2015-05-14,0.2189,8.17,36.32297852900868,0.2189,8.17,36.32297852900868,131339.973732,98040.0,-0.25354028012788254,raw,RAW_ONLY_REVIEW,True,,,AEMD_029,opend,POC,True,dual,raw/adjusted qualification mismatch
AEMD,Aethlon Medical,NASDAQ,2015-02-17,2015-05-18,2015-05-18,0.205,8.75,41.6829268292683,0.205,8.75,41.6829268292683,122999.9754,105000.0,-0.14634129268289264,raw,RAW_ONLY_REVIEW,True,,,AEMD_029,opend,POC,True,dual,raw/adjusted qualification mismatch
AEMD,Aethlon Medical,NASDAQ,2015-02-18,2015-05-19,2015-05-19,0.1917,8.81,44.95722483046427,0.1917,8.81,44.95722483046427,115019.976996,105720.0,-0.0808553195617786,raw,RAW_ONLY_REVIEW,True,,,AEMD_029,opend,POC,True,dual,raw/adjusted qualification mismatch
AEMD,Aethlon Medical,NASDAQ,2015-02-19,2015-05-20,2015-05-20,0.192,8.75,44.572916666666664,0.192,8.75,44.572916666666664,115199.97696,105000.0,-0.08854148437496356,raw,RAW_ONLY_REVIEW,True,,,AEMD_029,opend,POC,True,dual,raw/adjusted qualification mismatch
AEMD,Aethlon Medical,NASDAQ,2015-02-20,2015-05-21,2015-05-21,0.191,8.85,45.33507853403141,0.191,8.85,45.33507853403141,114599.97708,106200.0,-0.07329824397902052,raw,RAW_ONLY_REVIEW,True,,,AEMD_029,opend,POC,True,dual,raw/adjusted qualification mismatch
AEMD,Aethlon Medical,NASDAQ,2015-02-23,2015-05-24,2015-05-26,0.188,8.65,45.01063829787234,0.188,8.65,45.01063829787234,112799.97744,103800.0,-0.07978704999996322,raw,RAW_ONLY_REVIEW,True,,,AEMD_029,opend,POC,True,dual,raw/adjusted qualification mismatch
AEMD,Aethlon Medical,NASDAQ,2015-02-24,2015-05-25,2015-05-26,0.18,8.65,47.05555555555556,0.18,8.65,47.05555555555556,107999.9784,103800.0,-0.03888869666662831,raw,RAW_ONLY_REVIEW,True,,,AEMD_029,opend,POC,True,dual,raw/adjusted qualification mismatch
AEMD,Aethlon Medical,NASDAQ,2015-02-25,2015-05-26,2015-05-26,0.1676,8.65,50.6109785202864,0.1676,8.65,50.6109785202864,100559.979888,103800.0,0.032219776849683246,raw,RAW_ONLY_REVIEW,True,,,AEMD_029,opend,POC,True,dual,raw/adjusted qualification mismatch
AEMD,Aethlon Medical,NASDAQ,2015-02-26,2015-05-27,2015-05-27,0.209,8.63,40.29186602870814,0.209,8.63,40.29186602870814,125399.97492,103560.0,-0.17416251425834017,raw,RAW_ONLY_REVIEW,True,,,AEMD_029,opend,POC,True,dual,raw/adjusted qualification mismatch
AEMD,Aethlon Medical,NASDAQ,2015-02-27,2015-05-28,2015-05-28,0.19,8.74,45.0,0.19,8.74,45.0,113999.9772,104880.0,-0.0799998159999632,raw,RAW_ONLY_REVIEW,True,,,AEMD_029,opend,POC,True,dual,raw/adjusted qualification mismatch
AEMD,Aethlon Medical,NASDAQ,2015-03-02,2015-05-31,2015-06-01,0.195,8.21,41.1025641025641,0.195,8.21,41.1025641025641,116999.9766,98520.0,-0.15794854953842785,raw,RAW_ONLY_REVIEW,True,,,AEMD_029,opend,POC,True,dual,raw/adjusted qualification mismatch
AEMD,Aethlon Medical,NASDAQ,2015-03-03,2015-06-01,2015-06-01,0.1905,8.21,42.097112860892395,0.1905,8.21,42.097112860892395,114299.97714,98520.0,-0.13805757039366628,raw,RAW_ONLY_REVIEW,True,,,AEMD_029,opend,POC,True,dual,raw/adjusted qualification mismatch
AEMD,Aethlon Medical,NASDAQ,2015-03-04,2015-06-02,2015-06-02,0.2102,7.95,36.82112274024738,0.2102,7.95,36.82112274024738,126119.974776,95400.0,-0.24357739391053113,raw,RAW_ONLY_REVIEW,True,,,AEMD_029,opend,POC,True,dual,raw/adjusted qualification mismatch
AEMD,Aethlon Medical,NASDAQ,2015-03-05,2015-06-03,2015-06-03,0.23,7.83,33.04347826086956,0.23,7.83,33.04347826086956,137999.9724,93960.0,-0.3191302986086684,raw,RAW_ONLY_REVIEW,True,,,AEMD_029,opend,POC,True,dual,raw/adjusted qualification mismatch
AEMD,Aethlon Medical,NASDAQ,2015-03-06,2015-06-04,2015-06-04,0.2138,7.51,34.12628624883068,0.2138,7.51,34.12628624883068,128279.974344,90120.0,-0.29747413451821325,raw,RAW_ONLY_REVIEW,True,,,AEMD_029,opend,POC,True,dual,raw/adjusted qualification mismatch
AEMD,Aethlon Medical,NASDAQ,2015-03-09,2015-06-07,2015-06-08,0.215,7.4,33.418604651162795,0.215,7.4,33.418604651162795,128999.9742,88800.0,-0.3116277693022981,raw,RAW_ONLY_REVIEW,True,,,AEMD_029,opend,POC,True,dual,raw/adjusted qualification mismatch
AEMD,Aethlon Medical,NASDAQ,2015-03-10,2015-06-08,2015-06-08,0.205,7.4,35.09756097560976,0.205,7.4,35.09756097560976,122999.9754,88800.0,-0.27804863609753205,raw,RAW_ONLY_REVIEW,True,,,AEMD_029,opend,POC,True,dual,raw/adjusted qualification mismatch
AEMD,Aethlon Medical,NASDAQ,2015-03-11,2015-06-09,2015-06-09,0.2017,7.0,33.70500743678731,0.2017,7.0,33.70500743678731,121019.975796,84000.0,-0.30589971244419634,raw,RAW_ONLY_REVIEW,True,,,AEMD_029,opend,POC,True,dual,raw/adjusted qualification mismatch
AEMD,Aethlon Medical,NASDAQ,2015-03-12,2015-06-10,2015-06-10,0.195,6.6,32.84615384615385,0.195,6.6,32.84615384615385,116999.9766,79200.0,-0.32307678769228054,raw,RAW_ONLY_REVIEW,True,,,AEMD_029,opend,POC,True,dual,raw/adjusted qualification mismatch
AEMD,Aethlon Medical,NASDAQ,2015-03-13,2015-06-11,2015-06-11,0.203,6.6,31.512315270935957,0.203,6.6,31.512315270935957,121799.97564,79200.0,-0.3497535645319937,raw,RAW_ONLY_REVIEW,True,,,AEMD_029,opend,POC,True,dual,raw/adjusted qualification mismatch
AEMD,Aethlon Medical,NASDAQ,2015-03-16,2015-06-14,2015-06-15,0.235,7.45,30.702127659574472,0.235,7.45,30.702127659574472,140999.9718,89400.0,-0.3659573199999746,raw,RAW_ONLY_REVIEW,True,,,AEMD_029,opend,POC,True,dual,raw/adjusted qualification mismatch
AEMD,Aethlon Medical,NASDAQ,2015-03-17,2015-06-15,2015-06-15,0.25,7.45,28.8,0.25,7.45,28.8,149999.97,89400.0,-0.4039998807999762,raw,RAW_ONLY_REVIEW,True,,,AEMD_029,opend,POC,True,dual,raw/adjusted qualification mismatch
AEMD,Aethlon Medical,NASDAQ,2015-03-18,2015-06-16,2015-06-16,0.245,7.3,28.79591836734694,0.245,7.3,28.79591836734694,146999.9706,87600.0,-0.40408151346936394,raw,RAW_ONLY_REVIEW,True,,,AEMD_029,opend,POC,True,dual,raw/adjusted qualification mismatch
AEMD,Aethlon Medical,NASDAQ,2015-03-19,2015-06-17,2015-06-17,0.2265,7.03,30.037527593818986,0.2265,7.03,30.037527593818986,135899.97282,84360.0,-0.3792493239734851,raw,RAW_ONLY_REVIEW,True,,,AEMD_029,opend,POC,True,dual,raw/adjusted qualification mismatch
AEMD,Aethlon Medical,NASDAQ,2015-03-20,2015-06-18,2015-06-18,0.236,7.1,29.084745762711865,0.236,7.1,29.084745762711865,141599.97168,85200.0,-0.39830496440675556,raw,RAW_ONLY_REVIEW,True,,,AEMD_029,opend,POC,True,dual,raw/adjusted qualification mismatch
AEMD,Aethlon Medical,NASDAQ,2015-03-23,2015-06-21,2015-06-22,0.251,6.83,26.211155378486055,0.251,6.83,26.211155378486055,150599.96988,81960.0,-0.45577678358563556,raw,RAW_ONLY_REVIEW,True,,,AEMD_029,opend,POC,True,dual,raw/adjusted qualification mismatch
AEMD,Aethlon Medical,NASDAQ,2015-03-24,2015-06-22,2015-06-22,0.24,6.83,27.458333333333336,0.24,6.83,27.458333333333336,143999.9712,81960.0,-0.4308332194999772,raw,RAW_ONLY_REVIEW,True,,,AEMD_029,opend,POC,True,dual,raw/adjusted qualification mismatch
AEMD,Aethlon Medical,NASDAQ,2015-03-25,2015-06-23,2015-06-23,0.225,6.85,29.444444444444443,0.225,6.85,29.444444444444443,134999.973,82200.0,-0.391110989333309,raw,RAW_ONLY_REVIEW,True,,,AEMD_029,opend,POC,True,dual,raw/adjusted qualification mismatch
AEMD,Aethlon Medical,NASDAQ,2015-03-26,2015-06-24,2015-06-24,0.21,6.65,30.666666666666668,0.21,6.65,30.666666666666668,125999.9748,79800.0,-0.36666653999997467,raw,RAW_ONLY_REVIEW,True,,,AEMD_029,opend,POC,True,dual,raw/adjusted qualification mismatch
AEMD,Aethlon Medical,NASDAQ,2015-03-27,2015-06-25,2015-06-25,0.2145,6.8,30.7016317016317,0.2145,6.8,30.7016317016317,128699.97426,81600.0,-0.36596723916081386,raw,RAW_ONLY_REVIEW,True,,,AEMD_029,opend,POC,True,dual,raw/adjusted qualification mismatch
AEMD,Aethlon Medical,NASDAQ,2015-03-30,2015-06-28,2015-06-29,0.24,6.55,26.291666666666668,0.24,6.55,26.291666666666668,143999.9712,78600.0,-0.45416655749997814,raw,RAW_ONLY_REVIEW,True,,,AEMD_029,opend,POC,True,dual,raw/adjusted qualification mismatch
AEMD,Aethlon Medical,NASDAQ,2015-03-31,2015-06-29,2015-06-29,0.227,6.55,27.854625550660792,0.227,6.55,27.854625550660792,136199.97276,78600.0,-0.4229073735682589,raw,RAW_ONLY_REVIEW,True,,,AEMD_029,opend,POC,True,dual,raw/adjusted qualification mismatch
AEMD,Aethlon Medical,NASDAQ,2015-04-01,2015-06-30,2015-06-30,0.237,6.51,26.468354430379748,0.237,6.51,26.468354430379748,142199.97156,78120.0,-0.45063280151896534,raw,RAW_ONLY_REVIEW,True,,,AEMD_029,opend,POC,True,dual,raw/adjusted qualification mismatch
AEMD,Aethlon Medical,NASDAQ,2015-04-02,2015-07-01,2015-07-01,0.2421,7.0,27.913672036348615,0.2421,7.0,27.913672036348615,145259.970948,84000.0,-0.42172644361831646,raw,RAW_ONLY_REVIEW,True,,,AEMD_029,opend,POC,True,dual,raw/adjusted qualification mismatch
AEMD,Aethlon Medical,NASDAQ,2015-04-06,2015-07-05,2015-07-06,0.24,6.75,27.125,0.24,6.75,27.125,143999.9712,81000.0,-0.4374998874999775,raw,RAW_ONLY_REVIEW,True,,,AEMD_029,opend,POC,True,dual,raw/adjusted qualification mismatch
AEMD,Aethlon Medical,NASDAQ,2015-04-07,2015-07-06,2015-07-06,0.2513,6.75,25.860326303223236,0.2513,6.75,25.860326303223236,150779.969844,81000.0,-0.46279336649420855,raw,RAW_ONLY_REVIEW,True,,,AEMD_029,opend,POC,True,dual,raw/adjusted qualification mismatch
AEMD,Aethlon Medical,NASDAQ,2015-04-08,2015-07-07,2015-07-07,0.1985,6.6,32.249370277078086,0.1985,6.6,32.249370277078086,119099.97618,79200.0,-0.33501246146093056,raw,RAW_ONLY_REVIEW,True,,,AEMD_029,opend,POC,True,dual,raw/adjusted qualification mismatch
AEMD,Aethlon Medical,NASDAQ,2015-04-09,2015-07-08,2015-07-08,0.205,7.16,33.926829268292686,0.205,7.16,33.926829268292686,122999.9754,85920.0,-0.30146327492680125,raw,RAW_ONLY_REVIEW,True,,,AEMD_029,opend,POC,True,dual,raw/adjusted qualification mismatch
AEMD,Aethlon Medical,NASDAQ,2015-04-10,2015-07-09,2015-07-09,0.205,7.51,35.63414634146341,0.205,7.51,35.63414634146341,122999.9754,90120.0,-0.267316926634117,raw,RAW_ONLY_REVIEW,True,,,AEMD_029,opend,POC,True,dual,raw/adjusted qualification mismatch
AEMD,Aethlon Medical,NASDAQ,2015-04-13,2015-07-12,2015-07-13,0.1955,8.94,44.728900255754475,0.1955,8.94,44.728900255754475,117299.97654,107280.0,-0.0854218119692729,raw,RAW_ONLY_REVIEW,True,,,AEMD_029,opend,POC,True,dual,raw/adjusted qualification mismatch
AEMD,Aethlon Medical,NASDAQ,2019-07-17,2019-10-15,2019-10-15,0.32,3.97,11.40625,0.32,3.97,11.40625,3840.0,3176.0,-0.17291666666666672,raw,RAW_ONLY_REVIEW,True,,,AEMD_030,opend,POC,True,dual,raw/adjusted qualification mismatch
AEMD,Aethlon Medical,NASDAQ,2019-07-18,2019-10-16,2019-10-16,0.3151,4.99,14.836242462710253,0.3151,4.99,14.836242462710253,3781.2,3992.0,0.0557494975140167,raw,RAW_ONLY_REVIEW,True,,,AEMD_030,opend,POC,True,dual,raw/adjusted qualification mismatch
AEMD,Aethlon Medical,NASDAQ,2019-07-19,2019-10-17,2019-10-17,0.303,4.61,14.214521452145217,0.303,4.61,14.214521452145217,3636.0,3688.0,0.014301430143014215,raw,RAW_ONLY_REVIEW,True,,,AEMD_030,opend,POC,True,dual,raw/adjusted qualification mismatch
AEMD,Aethlon Medical,NASDAQ,2019-07-22,2019-10-20,2019-10-21,0.3198,4.58,13.321450906816763,0.3198,4.58,13.321450906816763,3837.599999999,3664.0,-0.04523660621196712,raw,RAW_ONLY_REVIEW,True,,,AEMD_030,opend,POC,True,dual,raw/adjusted qualification mismatch
AEMD,Aethlon Medical,NASDAQ,2019-07-23,2019-10-21,2019-10-21,0.3143,4.58,13.572064906140628,0.3143,4.58,13.572064906140628,3771.6,3664.0,-0.028529006257291267,raw,RAW_ONLY_REVIEW,True,,,AEMD_030,opend,POC,True,dual,raw/adjusted qualification mismatch
AEMD,Aethlon Medical,NASDAQ,2019-07-24,2019-10-22,2019-10-22,0.314,3.95,11.579617834394904,0.314,3.95,11.579617834394904,3768.0,3160.0,-0.16135881104033967,raw,RAW_ONLY_REVIEW,True,,,AEMD_030,opend,POC,True,dual,raw/adjusted qualification mismatch
AEMD,Aethlon Medical,NASDAQ,2019-07-25,2019-10-23,2019-10-23,0.3,3.95,12.166666666666668,0.3,3.95,12.166666666666668,3600.0,3160.0,-0.12222222222222223,raw,RAW_ONLY_REVIEW,True,,,AEMD_030,opend,POC,True,dual,raw/adjusted qualification mismatch
AEMD,Aethlon Medical,NASDAQ,2019-07-26,2019-10-24,2019-10-24,0.3,4.34,13.466666666666667,0.3,4.34,13.466666666666667,3600.0,3472.0,-0.03555555555555556,raw,RAW_ONLY_REVIEW,True,,,AEMD_030,opend,POC,True,dual,raw/adjusted qualification mismatch
AEMD,Aethlon Medical,NASDAQ,2019-07-29,2019-10-27,2019-10-28,0.26,4.67,16.96153846153846,0.26,4.67,16.96153846153846,3120.0,3736.0,0.1974358974358974,raw,RAW_ONLY_REVIEW,True,,,AEMD_030,opend,POC,True,dual,raw/adjusted qualification mismatch
AEMD,Aethlon Medical,NASDAQ,2019-07-30,2019-10-28,2019-10-28,0.25,4.67,17.68,0.25,4.67,17.68,3000.0,3736.0,0.2453333333333334,raw,RAW_ONLY_REVIEW,True,,,AEMD_030,opend,POC,True,dual,raw/adjusted qualification mismatch
AEMD,Aethlon Medical,NASDAQ,2019-07-31,2019-10-29,2019-10-29,0.22,3.95,16.954545454545457,0.22,3.95,16.954545454545457,2640.0,3160.0,0.19696969696969702,raw,RAW_ONLY_REVIEW,True,,,AEMD_030,opend,POC,True,dual,raw/adjusted qualification mismatch
AEMD,Aethlon Medical,NASDAQ,2019-08-01,2019-10-30,2019-10-30,0.2289,4.0,16.47487986020096,0.2289,4.0,16.47487986020096,2746.8,3200.0,0.1649919906800641,raw,RAW_ONLY_REVIEW,True,,,AEMD_030,opend,POC,True,dual,raw/adjusted qualification mismatch
AEMD,Aethlon Medical,NASDAQ,2019-08-02,2019-10-31,2019-10-31,0.2342,4.5,18.214346712211785,0.2342,4.5,18.214346712211785,2810.4,3600.0,0.2809564474807855,raw,RAW_ONLY_REVIEW,True,,,AEMD_030,opend,POC,True,dual,raw/adjusted qualification mismatch
AEMD,Aethlon Medical,NASDAQ,2019-08-05,2019-11-03,2019-11-04,0.221556,3.66,15.51952553756161,0.221556,3.66,15.51952553756161,2658.672,2928.0,0.1013017025041072,raw,RAW_ONLY_REVIEW,True,,,AEMD_030,opend,POC,True,dual,raw/adjusted qualification mismatch
AEMD,Aethlon Medical,NASDAQ,2019-08-06,2019-11-04,2019-11-04,0.235,3.66,14.574468085106384,0.235,3.66,14.574468085106384,2820.0,2928.0,0.038297872340425476,raw,RAW_ONLY_REVIEW,True,,,AEMD_030,opend,POC,True,dual,raw/adjusted qualification mismatch
AEMD,Aethlon Medical,NASDAQ,2019-08-07,2019-11-05,2019-11-05,0.26,3.7,13.230769230769232,0.26,3.7,13.230769230769232,3120.0,2960.0,-0.05128205128205132,raw,RAW_ONLY_REVIEW,True,,,AEMD_030,opend,POC,True,dual,raw/adjusted qualification mismatch
AEMD,Aethlon Medical,NASDAQ,2019-08-08,2019-11-06,2019-11-06,0.28,3.6206,11.930714285714284,0.28,3.6206,11.930714285714284,3360.0,2896.48,-0.13795238095238094,raw,RAW_ONLY_REVIEW,True,,,AEMD_030,opend,POC,True,dual,raw/adjusted qualification mismatch
AEMD,Aethlon Medical,NASDAQ,2019-08-09,2019-11-07,2019-11-07,0.258136,3.4,12.171351535624632,0.258136,3.4,12.171351535624632,3097.631999999,2720.0,-0.12190989762474114,raw,RAW_ONLY_REVIEW,True,,,AEMD_030,opend,POC,True,dual,raw/adjusted qualification mismatch
AEMD,Aethlon Medical,NASDAQ,2019-08-12,2019-11-10,2019-11-11,0.24,3.35,12.958333333333334,0.24,3.35,12.958333333333334,2880.0,2680.0,-0.06944444444444442,raw,RAW_ONLY_REVIEW,True,,,AEMD_030,opend,POC,True,dual,raw/adjusted qualification mismatch
AEMD,Aethlon Medical,NASDAQ,2019-08-13,2019-11-11,2019-11-11,0.2321,3.35,13.433433864713486,0.2321,3.35,13.433433864713486,2785.2,2680.0,-0.03777107568576754,raw,RAW_ONLY_REVIEW,True,,,AEMD_030,opend,POC,True,dual,raw/adjusted qualification mismatch
AEMD,Aethlon Medical,NASDAQ,2019-08-14,2019-11-12,2019-11-12,0.2615,3.6,12.766730401529637,0.2615,3.6,12.766730401529637,3138.0,2880.0,-0.0822179732313576,raw,RAW_ONLY_REVIEW,True,,,AEMD_030,opend,POC,True,dual,raw/adjusted qualification mismatch
AEMD,Aethlon Medical,NASDAQ,2019-08-15,2019-11-13,2019-11-13,0.2588,3.4222,12.223338485316848,0.2588,3.4222,12.223338485316848,3105.599999999,2737.76,-0.11844410097859293,raw,RAW_ONLY_REVIEW,True,,,AEMD_030,opend,POC,True,dual,raw/adjusted qualification mismatch
AEMD,Aethlon Medical,NASDAQ,2019-08-16,2019-11-14,2019-11-14,0.28,3.3,10.785714285714285,0.28,3.3,10.785714285714285,3360.0,2640.0,-0.2142857142857143,raw,RAW_ONLY_REVIEW,True,,,AEMD_030,opend,POC,True,dual,raw/adjusted qualification mismatch
AEMD,Aethlon Medical,NASDAQ,2019-08-19,2019-11-17,2019-11-18,0.26,2.9374,10.297692307692307,0.26,2.9374,10.297692307692307,3120.0,2349.92,-0.24682051282051276,raw,RAW_ONLY_REVIEW,True,,,AEMD_030,opend,POC,True,dual,raw/adjusted qualification mismatch
AEMD,Aethlon Medical,NASDAQ,2019-08-20,2019-11-18,2019-11-18,0.25976,2.9374,10.308130582075762,0.25976,2.9374,10.308130582075762,3117.12,2349.92,-0.24612462786161582,raw,RAW_ONLY_REVIEW,True,,,AEMD_030,opend,POC,True,dual,raw/adjusted qualification mismatch
AEMD,Aethlon Medical,NASDAQ,2019-08-22,2019-11-20,2019-11-20,0.2611,3.0,10.489850631941785,0.2611,3.0,10.489850631941785,3133.2,2400.0,-0.23400995787054768,raw,RAW_ONLY_REVIEW,True,,,AEMD_030,opend,POC,True,dual,raw/adjusted qualification mismatch
AEMD,Aethlon Medical,NASDAQ,2019-09-11,2019-12-10,2019-12-10,0.26,2.96,10.384615384615383,0.26,2.96,10.384615384615383,3120.0,2368.0,-0.24102564102564106,raw,RAW_ONLY_REVIEW,True,,,AEMD_030,opend,POC,True,dual,raw/adjusted qualification mismatch
AEMD,Aethlon Medical,NASDAQ,2023-10-04,2024-01-02,2024-01-02,0.1961,2.165,10.040285568587455,0.1961,2.165,10.040285568587455,156.88,173.2,0.10402855685874557,raw,RAW_ONLY_REVIEW,True,,,AEMD_031,opend,POC,True,dual,raw/adjusted qualification mismatch
AGEN,艾吉纳斯,NASDAQ,2024-01-24,2024-04-23,2024-04-23,0.5864,6.46,10.016371077762619,0.5864,6.46,10.016371077762619,11.728,6.46,-0.44918144611186905,raw,RAW_ONLY_REVIEW,True,,,AGEN_032,opend,POC,True,dual,raw/adjusted qualification mismatch
AGEN,艾吉纳斯,NASDAQ,2024-01-25,2024-04-24,2024-04-24,0.5998,7.42,11.37079026342114,0.5998,7.42,11.37079026342114,11.996,7.42,-0.38146048682894296,raw,RAW_ONLY_REVIEW,True,,,AGEN_032,opend,POC,True,dual,raw/adjusted qualification mismatch
AGEN,艾吉纳斯,NASDAQ,2024-01-26,2024-04-25,2024-04-25,0.6626,8.3,11.52641110775732,0.6626,8.3,11.52641110775732,13.252,8.3,-0.373679444612134,raw,RAW_ONLY_REVIEW,True,,,AGEN_032,opend,POC,True,dual,raw/adjusted qualification mismatch
AGEN,艾吉纳斯,NASDAQ,2024-01-29,2024-04-28,2024-04-29,0.6945,12.76,17.37293016558675,0.6945,12.76,17.37293016558675,13.89,12.76,-0.08135349172066242,raw,RAW_ONLY_REVIEW,True,,,AGEN_032,opend,POC,True,dual,raw/adjusted qualification mismatch
AGEN,艾吉纳斯,NASDAQ,2024-01-30,2024-04-29,2024-04-29,0.6335,12.76,19.142067876874506,0.6335,12.76,19.142067876874506,12.669999999,12.76,0.007103393923212575,raw,RAW_ONLY_REVIEW,True,,,AGEN_032,opend,POC,True,dual,raw/adjusted qualification mismatch
AGEN,艾吉纳斯,NASDAQ,2024-01-31,2024-04-30,2024-04-30,0.6672,12.12,17.16546762589928,0.6672,12.12,17.16546762589928,13.344,12.12,-0.09172661870503596,raw,RAW_ONLY_REVIEW,True,,,AGEN_032,opend,POC,True,dual,raw/adjusted qualification mismatch
AGEN,艾吉纳斯,NASDAQ,2024-02-01,2024-05-01,2024-05-01,0.6352,13.26,19.875314861460957,0.6352,13.26,19.875314861460957,12.704,13.26,0.043765743073047814,raw,RAW_ONLY_REVIEW,True,,,AGEN_032,opend,POC,True,dual,raw/adjusted qualification mismatch
AGEN,艾吉纳斯,NASDAQ,2024-02-02,2024-05-02,2024-05-02,0.6372,12.52,18.648462021343377,0.6372,12.52,18.648462021343377,12.744,12.52,-0.017576898932831098,raw,RAW_ONLY_REVIEW,True,,,AGEN_032,opend,POC,True,dual,raw/adjusted qualification mismatch
AGEN,艾吉纳斯,NASDAQ,2024-02-05,2024-05-05,2024-05-06,0.6323,12.95,19.480784437766882,0.6323,12.95,19.480784437766882,12.646,12.95,0.024039221888344064,raw,RAW_ONLY_REVIEW,True,,,AGEN_032,opend,POC,True,dual,raw/adjusted qualification mismatch
AGEN,艾吉纳斯,NASDAQ,2024-02-06,2024-05-06,2024-05-06,0.7043,12.95,17.387050972596903,0.7043,12.95,17.387050972596903,14.086,12.95,-0.08064745137015483,raw,RAW_ONLY_REVIEW,True,,,AGEN_032,opend,POC,True,dual,raw/adjusted qualification mismatch
AGEN,艾吉纳斯,NASDAQ,2024-02-07,2024-05-07,2024-05-07,0.6799,12.01,16.66436240623621,0.6799,12.01,16.66436240623621,13.597999999,12.01,-0.11678187962323738,raw,RAW_ONLY_REVIEW,True,,,AGEN_032,opend,POC,True,dual,raw/adjusted qualification mismatch
AGEN,艾吉纳斯,NASDAQ,2024-02-08,2024-05-08,2024-05-08,0.6973,11.47,15.449161049763372,0.6973,11.47,15.449161049763372,13.946,11.47,-0.17754194751183128,raw,RAW_ONLY_REVIEW,True,,,AGEN_032,opend,POC,True,dual,raw/adjusted qualification mismatch
AGEN,艾吉纳斯,NASDAQ,2024-02-09,2024-05-09,2024-05-09,0.7481,11.72,14.666354765405696,0.7481,11.72,14.666354765405696,14.962,11.72,-0.21668226172971528,raw,RAW_ONLY_REVIEW,True,,,AGEN_032,opend,POC,True,dual,raw/adjusted qualification mismatch
AGEN,艾吉纳斯,NASDAQ,2024-02-12,2024-05-12,2024-05-13,0.8093,11.09,12.703200296552575,0.8093,11.09,12.703200296552575,16.186,11.09,-0.3148399851723712,raw,RAW_ONLY_REVIEW,True,,,AGEN_032,opend,POC,True,dual,raw/adjusted qualification mismatch
AGEN,艾吉纳斯,NASDAQ,2024-02-13,2024-05-13,2024-05-13,0.7601,11.09,13.590185501907644,0.7601,11.09,13.590185501907644,15.202,11.09,-0.2704907249046178,raw,RAW_ONLY_REVIEW,True,,,AGEN_032,opend,POC,True,dual,raw/adjusted qualification mismatch
AGEN,艾吉纳斯,NASDAQ,2024-02-14,2024-05-14,2024-05-14,0.9279,10.7,10.5314150231706,0.9279,10.7,10.5314150231706,18.558,10.7,-0.42342924884147004,raw,RAW_ONLY_REVIEW,True,,,AGEN_032,opend,POC,True,dual,raw/adjusted qualification mismatch
AGEN,艾吉纳斯,NASDAQ,2024-02-15,2024-05-15,2024-05-15,0.6538,10.78,15.488222698072803,0.6538,10.78,15.488222698072803,13.076,10.78,-0.17558886509635985,raw,RAW_ONLY_REVIEW,True,,,AGEN_032,opend,POC,True,dual,raw/adjusted qualification mismatch
AGEN,艾吉纳斯,NASDAQ,2024-02-16,2024-05-16,2024-05-16,0.6551,10.5,15.028087314913755,0.6551,10.5,15.028087314913755,13.102,10.5,-0.19859563425431237,raw,RAW_ONLY_REVIEW,True,,,AGEN_032,opend,POC,True,dual,raw/adjusted qualification mismatch
AGEN,艾吉纳斯,NASDAQ,2024-02-20,2024-05-20,2024-05-20,0.6684,10.7,15.008378216636743,0.6684,10.7,15.008378216636743,13.368,10.7,-0.19958108916816286,raw,RAW_ONLY_REVIEW,True,,,AGEN_032,opend,POC,True,dual,raw/adjusted qualification mismatch
AGEN,艾吉纳斯,NASDAQ,2024-02-21,2024-05-21,2024-05-21,0.6592,11.12,15.868932038834949,0.6592,11.12,15.868932038834949,13.184,11.12,-0.1565533980582524,raw,RAW_ONLY_REVIEW,True,,,AGEN_032,opend,POC,True,dual,raw/adjusted qualification mismatch
AGEN,艾吉纳斯,NASDAQ,2024-02-22,2024-05-22,2024-05-22,0.675,11.91,16.644444444444442,0.675,11.91,16.644444444444442,13.5,11.91,-0.11777777777777776,raw,RAW_ONLY_REVIEW,True,,,AGEN_032,opend,POC,True,dual,raw/adjusted qualification mismatch
AGEN,艾吉纳斯,NASDAQ,2024-02-23,2024-05-23,2024-05-23,0.6821,12.35,17.105849582172702,0.6821,12.35,17.105849582172702,13.642,12.35,-0.09470752089136492,raw,RAW_ONLY_REVIEW,True,,,AGEN_032,opend,POC,True,dual,raw/adjusted qualification mismatch
AGEN,艾吉纳斯,NASDAQ,2024-02-26,2024-05-26,2024-05-28,0.7255,15.25,20.01998621640248,0.7255,15.25,20.01998621640248,14.51,15.25,0.0509993108201241,raw,RAW_ONLY_REVIEW,True,,,AGEN_032,opend,POC,True,dual,raw/adjusted qualification mismatch
AGEN,艾吉纳斯,NASDAQ,2024-02-27,2024-05-27,2024-05-28,0.7778,15.25,18.606582669066597,0.7778,15.25,18.606582669066597,15.556,15.25,-0.01967086654667005,raw,RAW_ONLY_REVIEW,True,,,AGEN_032,opend,POC,True,dual,raw/adjusted qualification mismatch
AGEN,艾吉纳斯,NASDAQ,2024-02-28,2024-05-28,2024-05-28,0.7512,15.25,19.300851970181043,0.7512,15.25,19.300851970181043,15.024,15.25,0.015042598509052318,raw,RAW_ONLY_REVIEW,True,,,AGEN_032,opend,POC,True,dual,raw/adjusted qualification mismatch
AGEN,艾吉纳斯,NASDAQ,2024-02-29,2024-05-29,2024-05-29,0.67,15.03,21.43283582089552,0.67,15.03,21.43283582089552,13.4,15.03,0.12164179104477602,raw,RAW_ONLY_REVIEW,True,,,AGEN_032,opend,POC,True,dual,raw/adjusted qualification mismatch
AGEN,艾吉纳斯,NASDAQ,2024-03-01,2024-05-30,2024-05-30,0.6601,15.11,21.89047114073625,0.6601,15.11,21.89047114073625,13.202,15.11,0.14452355703681263,raw,RAW_ONLY_REVIEW,True,,,AGEN_032,opend,POC,True,dual,raw/adjusted qualification mismatch
AGEN,艾吉纳斯,NASDAQ,2024-03-04,2024-06-02,2024-06-03,0.6821,16.97,23.879049992669692,0.6821,16.97,23.879049992669692,13.642,16.97,0.24395249963348475,raw,RAW_ONLY_REVIEW,True,,,AGEN_032,opend,POC,True,dual,raw/adjusted qualification mismatch
AGEN,艾吉纳斯,NASDAQ,2024-03-05,2024-06-03,2024-06-03,0.6722,16.97,24.24546265992264,0.6722,16.97,24.24546265992264,13.444,16.97,0.26227313299613186,raw,RAW_ONLY_REVIEW,True,,,AGEN_032,opend,POC,True,dual,raw/adjusted qualification mismatch
AGEN,艾吉纳斯,NASDAQ,2024-03-06,2024-06-04,2024-06-04,0.7,17.5,24.0,0.7,17.5,24.0,14.0,17.5,0.25,raw,RAW_ONLY_REVIEW,True,,,AGEN_032,opend,POC,True,dual,raw/adjusted qualification mismatch
AGEN,艾吉纳斯,NASDAQ,2024-03-07,2024-06-05,2024-06-05,0.7012,17.57,24.057045065601823,0.7012,17.57,24.057045065601823,14.024,17.57,0.2528522532800914,raw,RAW_ONLY_REVIEW,True,,,AGEN_032,opend,POC,True,dual,raw/adjusted qualification mismatch
AGEN,艾吉纳斯,NASDAQ,2024-03-08,2024-06-06,2024-06-06,0.6701,16.56,23.71272944336666,0.6701,16.56,23.71272944336666,13.402,16.56,0.23563647216833306,raw,RAW_ONLY_REVIEW,True,,,AGEN_032,opend,POC,True,dual,raw/adjusted qualification mismatch
AGEN,艾吉纳斯,NASDAQ,2024-03-11,2024-06-09,2024-06-10,0.6734,17.17,24.4974754974755,0.6734,17.17,24.4974754974755,13.468,17.17,0.27487377487377507,raw,RAW_ONLY_REVIEW,True,,,AGEN_032,opend,POC,True,dual,raw/adjusted qualification mismatch
AGEN,艾吉纳斯,NASDAQ,2024-03-12,2024-06-10,2024-06-10,0.6692,17.17,24.65750149432158,0.6692,17.17,24.65750149432158,13.384,17.17,0.2828750747160791,raw,RAW_ONLY_REVIEW,True,,,AGEN_032,opend,POC,True,dual,raw/adjusted qualification mismatch
AGEN,艾吉纳斯,NASDAQ,2024-03-13,2024-06-11,2024-06-11,0.6586,16.78,24.47828727604009,0.6586,16.78,24.47828727604009,13.172,16.78,0.2739143638020043,raw,RAW_ONLY_REVIEW,True,,,AGEN_032,opend,POC,True,dual,raw/adjusted qualification mismatch
AGEN,艾吉纳斯,NASDAQ,2024-03-14,2024-06-12,2024-06-12,0.5997,16.92,27.214107053526767,0.5997,16.92,27.214107053526767,11.994,16.92,0.41070535267633823,raw,RAW_ONLY_REVIEW,True,,,AGEN_032,opend,POC,True,dual,raw/adjusted qualification mismatch
AGEN,艾吉纳斯,NASDAQ,2024-03-15,2024-06-13,2024-06-13,0.54,16.0,28.629629629629626,0.54,16.0,28.629629629629626,10.8,16.0,0.4814814814814814,raw,RAW_ONLY_REVIEW,True,,,AGEN_032,opend,POC,True,dual,raw/adjusted qualification mismatch
AGEN,艾吉纳斯,NASDAQ,2024-03-18,2024-06-16,2024-06-17,0.5297,14.3,25.996413063998492,0.5297,14.3,25.996413063998492,10.593999999,14.3,0.34982065332733825,raw,RAW_ONLY_REVIEW,True,,,AGEN_032,opend,POC,True,dual,raw/adjusted qualification mismatch
AGEN,艾吉纳斯,NASDAQ,2024-03-19,2024-06-17,2024-06-17,0.5626,14.3,24.417703519374335,0.5626,14.3,24.417703519374335,11.252,14.3,0.27088517596871675,raw,RAW_ONLY_REVIEW,True,,,AGEN_032,opend,POC,True,dual,raw/adjusted qualification mismatch
AGEN,艾吉纳斯,NASDAQ,2024-03-20,2024-06-18,2024-06-18,0.5546,12.99,22.422286332491886,0.5546,12.99,22.422286332491886,11.092,12.99,0.1711143166245943,raw,RAW_ONLY_REVIEW,True,,,AGEN_032,opend,POC,True,dual,raw/adjusted qualification mismatch
AGEN,艾吉纳斯,NASDAQ,2024-03-21,2024-06-19,2024-06-20,0.5622,13.57,23.137317680540733,0.5622,13.57,23.137317680540733,11.244,13.57,0.20686588402703676,raw,RAW_ONLY_REVIEW,True,,,AGEN_032,opend,POC,True,dual,raw/adjusted qualification mismatch
AGEN,艾吉纳斯,NASDAQ,2024-03-22,2024-06-20,2024-06-20,0.5461,13.57,23.848928767624976,0.5461,13.57,23.848928767624976,10.922,13.57,0.2424464383812488,raw,RAW_ONLY_REVIEW,True,,,AGEN_032,opend,POC,True,dual,raw/adjusted qualification mismatch
AGEN,艾吉纳斯,NASDAQ,2024-03-25,2024-06-23,2024-06-24,0.5584,15.23,26.2743553008596,0.5584,15.23,26.2743553008596,11.168,15.23,0.36371776504298015,raw,RAW_ONLY_REVIEW,True,,,AGEN_032,opend,POC,True,dual,raw/adjusted qualification mismatch
AGEN,艾吉纳斯,NASDAQ,2024-03-26,2024-06-24,2024-06-24,0.5364,15.23,27.392990305741986,0.5364,15.23,27.392990305741986,10.728,15.23,0.41964951528709915,raw,RAW_ONLY_REVIEW,True,,,AGEN_032,opend,POC,True,dual,raw/adjusted qualification mismatch
AGEN,艾吉纳斯,NASDAQ,2024-03-27,2024-06-25,2024-06-25,0.5564,14.87,25.725377426312004,0.5564,14.87,25.725377426312004,11.128,14.87,0.3362688713156001,raw,RAW_ONLY_REVIEW,True,,,AGEN_032,opend,POC,True,dual,raw/adjusted qualification mismatch
AGEN,艾吉纳斯,NASDAQ,2024-03-28,2024-06-26,2024-06-26,0.58,14.21,23.500000000000004,0.58,14.21,23.500000000000004,11.6,14.21,0.2250000000000001,raw,RAW_ONLY_REVIEW,True,,,AGEN_032,opend,POC,True,dual,raw/adjusted qualification mismatch
AGEN,艾吉纳斯,NASDAQ,2024-04-01,2024-06-30,2024-07-01,0.5875,16.69,27.408510638297873,0.5875,16.69,27.408510638297873,11.75,16.69,0.42042553191489374,raw,RAW_ONLY_REVIEW,True,,,AGEN_032,opend,POC,True,dual,raw/adjusted qualification mismatch
AGEN,艾吉纳斯,NASDAQ,2024-04-02,2024-07-01,2024-07-01,0.512,16.69,31.59765625,0.512,16.69,31.59765625,10.24,16.69,0.6298828125,raw,RAW_ONLY_REVIEW,True,,,AGEN_032,opend,POC,True,dual,raw/adjusted qualification mismatch
AGEN,艾吉纳斯,NASDAQ,2024-04-03,2024-07-02,2024-07-02,0.5301,14.28,25.938313525749855,0.5301,14.28,25.938313525749855,10.602,14.28,0.34691567628749276,raw,RAW_ONLY_REVIEW,True,,,AGEN_032,opend,POC,True,dual,raw/adjusted qualification mismatch
AGEN,艾吉纳斯,NASDAQ,2024-04-04,2024-07-03,2024-07-03,0.5059,14.53,27.721091124728204,0.5059,14.53,27.721091124728204,10.118,14.53,0.4360545562364102,raw,RAW_ONLY_REVIEW,True,,,AGEN_032,opend,POC,True,dual,raw/adjusted qualification mismatch
AGEN,艾吉纳斯,NASDAQ,2024-04-05,2024-07-04,2024-07-05,0.5037,15.13,29.0377208655946,0.5037,15.13,29.0377208655946,10.074,15.13,0.5018860432797301,raw,RAW_ONLY_REVIEW,True,,,AGEN_032,opend,POC,True,dual,raw/adjusted qualification mismatch
AGEN,艾吉纳斯,NASDAQ,2024-04-08,2024-07-07,2024-07-08,0.4655,15.56,32.42642320085929,0.4655,15.56,32.42642320085929,9.31,15.56,0.6713211600429645,raw,RAW_ONLY_REVIEW,True,,,AGEN_032,opend,POC,True,dual,raw/adjusted qualification mismatch
AGEN,艾吉纳斯,NASDAQ,2024-04-09,2024-07-08,2024-07-08,0.4865,15.56,30.983556012332993,0.4865,15.56,30.983556012332993,9.73,15.56,0.5991778006166495,raw,RAW_ONLY_REVIEW,True,,,AGEN_032,opend,POC,True,dual,raw/adjusted qualification mismatch
AGEN,艾吉纳斯,NASDAQ,2024-04-10,2024-07-09,2024-07-09,0.4461,15.58,33.92490472988119,0.4461,15.58,33.92490472988119,8.922,15.58,0.7462452364940595,raw,RAW_ONLY_REVIEW,True,,,AGEN_032,opend,POC,True,dual,raw/adjusted qualification mismatch
AGEN,艾吉纳斯,NASDAQ,2024-04-11,2024-07-10,2024-07-10,0.4435,15.3,33.49830890642615,0.4435,15.3,33.49830890642615,8.87,15.3,0.724915445321308,raw,RAW_ONLY_REVIEW,True,,,AGEN_032,opend,POC,True,dual,raw/adjusted qualification mismatch
AGIG,Abundia Global Impact Group,AMEX,2020-05-04,2020-08-02,2020-08-03,0.1411,1.62,10.481218993621546,0.1411,1.62,10.481218993621546,17.6375,16.2,-0.08150248051027642,raw,RAW_ONLY_REVIEW,True,,,AGIG_033,opend,POC,True,dual,raw/adjusted qualification mismatch
AGIG,Abundia Global Impact Group,AMEX,2020-05-06,2020-08-04,2020-08-04,0.14,1.66,10.857142857142856,0.14,1.66,10.857142857142856,17.5,16.6,-0.05142857142857138,raw,RAW_ONLY_REVIEW,True,,,AGIG_033,opend,POC,True,dual,raw/adjusted qualification mismatch
AGIG,Abundia Global Impact Group,AMEX,2020-05-07,2020-08-05,2020-08-05,0.142,1.6,10.267605633802818,0.142,1.6,10.267605633802818,17.75,16.0,-0.09859154929577463,raw,RAW_ONLY_REVIEW,True,,,AGIG_033,opend,POC,True,dual,raw/adjusted qualification mismatch
AGIG,Abundia Global Impact Group,AMEX,2020-05-11,2020-08-09,2020-08-10,0.141,1.57,10.134751773049647,0.141,1.57,10.134751773049647,17.625,15.7,-0.10921985815602842,raw,RAW_ONLY_REVIEW,True,,,AGIG_033,opend,POC,True,dual,raw/adjusted qualification mismatch
AGIG,Abundia Global Impact Group,AMEX,2020-05-12,2020-08-10,2020-08-10,0.1368,1.57,10.476608187134502,0.1368,1.57,10.476608187134502,17.1,15.7,-0.08187134502923987,raw,RAW_ONLY_REVIEW,True,,,AGIG_033,opend,POC,True,dual,raw/adjusted qualification mismatch
AGIG,Abundia Global Impact Group,AMEX,2020-05-13,2020-08-11,2020-08-11,0.1335,1.51,10.310861423220974,0.1335,1.51,10.310861423220974,16.6875,15.1,-0.09513108614232213,raw,RAW_ONLY_REVIEW,True,,,AGIG_033,opend,POC,True,dual,raw/adjusted qualification mismatch
AGIG,Abundia Global Impact Group,AMEX,2020-05-26,2020-08-24,2020-08-24,0.1325,1.46,10.018867924528301,0.1325,1.46,10.018867924528301,16.5625,14.6,-0.11849056603773589,raw,RAW_ONLY_REVIEW,True,,,AGIG_033,opend,POC,True,dual,raw/adjusted qualification mismatch
AGIG,Abundia Global Impact Group,AMEX,2020-05-27,2020-08-25,2020-08-25,0.1248,1.41,10.298076923076923,0.1248,1.41,10.298076923076923,15.6,14.1,-0.09615384615384615,raw,RAW_ONLY_REVIEW,True,,,AGIG_033,opend,POC,True,dual,raw/adjusted qualification mismatch
AGIG,Abundia Global Impact Group,AMEX,2020-05-28,2020-08-26,2020-08-26,0.121,1.42,10.735537190082644,0.121,1.42,10.735537190082644,15.125,14.2,-0.06115702479338847,raw,RAW_ONLY_REVIEW,True,,,AGIG_033,opend,POC,True,dual,raw/adjusted qualification mismatch
AGIG,Abundia Global Impact Group,AMEX,2020-05-29,2020-08-27,2020-08-27,0.1227,1.52,11.387938060309699,0.1227,1.52,11.387938060309699,15.3375,15.2,-0.00896495517522422,raw,RAW_ONLY_REVIEW,True,,,AGIG_033,opend,POC,True,dual,raw/adjusted qualification mismatch
AGIG,Abundia Global Impact Group,AMEX,2020-06-01,2020-08-30,2020-08-31,0.1235,1.38,10.17408906882591,0.1235,1.38,10.17408906882591,15.4375,13.799999999,-0.1060728745587044,raw,RAW_ONLY_REVIEW,True,,,AGIG_033,opend,POC,True,dual,raw/adjusted qualification mismatch
AGIG,Abundia Global Impact Group,AMEX,2020-06-02,2020-08-31,2020-08-31,0.125,1.38,10.04,0.125,1.38,10.04,15.625,13.799999999,-0.11680000006399993,raw,RAW_ONLY_REVIEW,True,,,AGIG_033,opend,POC,True,dual,raw/adjusted qualification mismatch
AGIG,Abundia Global Impact Group,AMEX,2020-07-01,2020-09-29,2020-09-29,0.1396,2.98,20.346704871060172,0.1396,2.98,20.346704871060172,17.45,29.8,0.7077363896848139,raw,RAW_ONLY_REVIEW,True,,,AGIG_033,opend,POC,True,dual,raw/adjusted qualification mismatch
AGIG,Abundia Global Impact Group,AMEX,2020-07-02,2020-09-30,2020-09-30,0.1374,1.94,13.119359534206696,0.1374,1.94,13.119359534206696,17.175,19.4,0.12954876273653548,raw,RAW_ONLY_REVIEW,True,,,AGIG_033,opend,POC,True,dual,raw/adjusted qualification mismatch
AGIG,Abundia Global Impact Group,AMEX,2020-07-06,2020-10-04,2020-10-05,0.1375,1.53,10.127272727272727,0.1375,1.53,10.127272727272727,17.1875,15.3,-0.10981818181818181,raw,RAW_ONLY_REVIEW,True,,,AGIG_033,opend,POC,True,dual,raw/adjusted qualification mismatch
AGIG,Abundia Global Impact Group,AMEX,2020-07-07,2020-10-05,2020-10-05,0.1364,1.53,10.21700879765396,0.1364,1.53,10.21700879765396,17.05,15.3,-0.1026392961876833,raw,RAW_ONLY_REVIEW,True,,,AGIG_033,opend,POC,True,dual,raw/adjusted qualification mismatch
AGIG,Abundia Global Impact Group,AMEX,2020-07-08,2020-10-06,2020-10-06,0.1379,1.63,10.820159535895575,0.1379,1.63,10.820159535895575,17.2375,16.299999999,-0.054387237186366955,raw,RAW_ONLY_REVIEW,True,,,AGIG_033,opend,POC,True,dual,raw/adjusted qualification mismatch
AGIG,Abundia Global Impact Group,AMEX,2020-07-09,2020-10-07,2020-10-07,0.1334,1.91,13.31784107946027,0.1334,1.91,13.31784107946027,16.674999999,19.1,0.14542728642551284,raw,RAW_ONLY_REVIEW,True,,,AGIG_033,opend,POC,True,dual,raw/adjusted qualification mismatch
AGIG,Abundia Global Impact Group,AMEX,2020-07-10,2020-10-08,2020-10-08,0.1352,2.34,16.307692307692307,0.1352,2.34,16.307692307692307,16.899999999,23.4,0.3846153846973146,raw,RAW_ONLY_REVIEW,True,,,AGIG_033,opend,POC,True,dual,raw/adjusted qualification mismatch
AGIG,Abundia Global Impact Group,AMEX,2020-07-13,2020-10-11,2020-10-12,0.1372,1.75,11.755102040816327,0.1372,1.75,11.755102040816327,17.149999999,17.5,0.020408163324805217,raw,RAW_ONLY_REVIEW,True,,,AGIG_033,opend,POC,True,dual,raw/adjusted qualification mismatch
AGIG,Abundia Global Impact Group,AMEX,2020-07-14,2020-10-12,2020-10-12,0.1308,1.75,12.37920489296636,0.1308,1.75,12.37920489296636,16.35,17.5,0.07033639143730874,raw,RAW_ONLY_REVIEW,True,,,AGIG_033,opend,POC,True,dual,raw/adjusted qualification mismatch
AGIG,Abundia Global Impact Group,AMEX,2020-07-15,2020-10-13,2020-10-13,0.1307,1.81,12.848508033664881,0.1307,1.81,12.848508033664881,16.3375,18.1,0.10788064269319064,raw,RAW_ONLY_REVIEW,True,,,AGIG_033,opend,POC,True,dual,raw/adjusted qualification mismatch
AGIG,Abundia Global Impact Group,AMEX,2020-07-16,2020-10-14,2020-10-14,0.1283,1.82,13.185502727981294,0.1283,1.82,13.185502727981294,16.0375,18.2,0.13484021823850334,raw,RAW_ONLY_REVIEW,True,,,AGIG_033,opend,POC,True,dual,raw/adjusted qualification mismatch
AGIG,Abundia Global Impact Group,AMEX,2020-07-17,2020-10-15,2020-10-15,0.12838,1.82,13.176663031624864,0.12838,1.82,13.176663031624864,16.0475,18.2,0.13413304252998914,raw,RAW_ONLY_REVIEW,True,,,AGIG_033,opend,POC,True,dual,raw/adjusted qualification mismatch
AGIG,Abundia Global Impact Group,AMEX,2020-07-20,2020-10-18,2020-10-19,0.12634,1.6,11.664239354123794,0.12634,1.6,11.664239354123794,15.7925,16.0,0.013139148329903483,raw,RAW_ONLY_REVIEW,True,,,AGIG_033,opend,POC,True,dual,raw/adjusted qualification mismatch
AGIG,Abundia Global Impact Group,AMEX,2020-07-21,2020-10-19,2020-10-19,0.1299,1.6,11.317167051578139,0.1299,1.6,11.317167051578139,16.237499999,16.0,-0.014626635813064004,raw,RAW_ONLY_REVIEW,True,,,AGIG_033,opend,POC,True,dual,raw/adjusted qualification mismatch
AGIG,Abundia Global Impact Group,AMEX,2020-07-22,2020-10-20,2020-10-20,0.129001,1.75,12.565786311734017,0.129001,1.75,12.565786311734017,16.125125,17.5,0.08526290493872146,raw,RAW_ONLY_REVIEW,True,,,AGIG_033,opend,POC,True,dual,raw/adjusted qualification mismatch
AGIG,Abundia Global Impact Group,AMEX,2020-07-23,2020-10-21,2020-10-21,0.1266,1.64,11.954186413902054,0.1266,1.64,11.954186413902054,15.824999999,16.399999999,0.036334913114460354,raw,RAW_ONLY_REVIEW,True,,,AGIG_033,opend,POC,True,dual,raw/adjusted qualification mismatch
AGIG,Abundia Global Impact Group,AMEX,2020-07-24,2020-10-22,2020-10-22,0.1235,1.61,12.036437246963564,0.1235,1.61,12.036437246963564,15.4375,16.1,0.04291497975708514,raw,RAW_ONLY_REVIEW,True,,,AGIG_033,opend,POC,True,dual,raw/adjusted qualification mismatch
AGIG,Abundia Global Impact Group,AMEX,2020-07-27,2020-10-25,2020-10-26,0.1174,1.52,11.947189097103918,0.1174,1.52,11.947189097103918,14.675,15.2,0.035775127768313375,raw,RAW_ONLY_REVIEW,True,,,AGIG_033,opend,POC,True,dual,raw/adjusted qualification mismatch
AGIG,Abundia Global Impact Group,AMEX,2020-07-28,2020-10-26,2020-10-26,0.1198,1.52,11.687813021702837,0.1198,1.52,11.687813021702837,14.975,15.2,0.015025041736226985,raw,RAW_ONLY_REVIEW,True,,,AGIG_033,opend,POC,True,dual,raw/adjusted qualification mismatch
AGIG,Abundia Global Impact Group,AMEX,2020-07-29,2020-10-27,2020-10-27,0.118,1.53,11.966101694915254,0.118,1.53,11.966101694915254,14.75,15.3,0.03728813559322042,raw,RAW_ONLY_REVIEW,True,,,AGIG_033,opend,POC,True,dual,raw/adjusted qualification mismatch
AGIG,Abundia Global Impact Group,AMEX,2020-07-30,2020-10-28,2020-10-28,0.1279,1.45,10.336982017200937,0.1279,1.45,10.336982017200937,15.9875,14.5,-0.093041438623925,raw,RAW_ONLY_REVIEW,True,,,AGIG_033,opend,POC,True,dual,raw/adjusted qualification mismatch
AGIG,Abundia Global Impact Group,AMEX,2020-07-31,2020-10-29,2020-10-29,0.1289,1.44,10.171450737005431,0.1289,1.44,10.171450737005431,16.112499999,14.4,-0.10628394098409832,raw,RAW_ONLY_REVIEW,True,,,AGIG_033,opend,POC,True,dual,raw/adjusted qualification mismatch
AGIG,Abundia Global Impact Group,AMEX,2025-03-19,2025-06-17,2025-06-17,1.12,20.0,16.857142857142854,1.12,20.0,16.857142857142854,11.2,20.0,0.7857142857142858,raw,RAW_ONLY_REVIEW,True,,,AGIG_034,opend,POC,True,dual,raw/adjusted qualification mismatch
AGIG,Abundia Global Impact Group,AMEX,2025-03-20,2025-06-18,2025-06-18,1.08,17.5,15.203703703703702,1.08,17.5,15.203703703703702,10.8,17.5,0.6203703703703702,raw,RAW_ONLY_REVIEW,True,,,AGIG_034,opend,POC,True,dual,raw/adjusted qualification mismatch
AGIG,Abundia Global Impact Group,AMEX,2025-03-21,2025-06-19,2025-06-20,1.05,14.8,13.095238095238095,1.05,14.8,13.095238095238095,10.5,14.8,0.4095238095238096,raw,RAW_ONLY_REVIEW,True,,,AGIG_034,opend,POC,True,dual,raw/adjusted qualification mismatch
AGIG,Abundia Global Impact Group,AMEX,2025-03-24,2025-06-22,2025-06-23,1.03,18.54,17.0,1.03,18.54,17.0,10.3,18.54,0.7999999999999998,raw,RAW_ONLY_REVIEW,True,,,AGIG_034,opend,POC,True,dual,raw/adjusted qualification mismatch
AGIG,Abundia Global Impact Group,AMEX,2025-03-25,2025-06-23,2025-06-23,0.95,18.54,18.51578947368421,0.95,18.54,18.51578947368421,9.5,18.54,0.9515789473684209,raw,RAW_ONLY_REVIEW,True,,,AGIG_034,opend,POC,True,dual,raw/adjusted qualification mismatch
AGIG,Abundia Global Impact Group,AMEX,2025-03-26,2025-06-24,2025-06-24,0.8227,12.83,14.594992099185609,0.8227,12.83,14.594992099185609,8.227,12.83,0.5594992099185607,raw,RAW_ONLY_REVIEW,True,,,AGIG_034,opend,POC,True,dual,raw/adjusted qualification mismatch
AGIG,Abundia Global Impact Group,AMEX,2025-03-27,2025-06-25,2025-06-25,0.779,12.37,14.8793324775353,0.779,12.37,14.8793324775353,7.79,12.37,0.58793324775353,raw,RAW_ONLY_REVIEW,True,,,AGIG_034,opend,POC,True,dual,raw/adjusted qualification mismatch
AGIG,Abundia Global Impact Group,AMEX,2025-03-28,2025-06-26,2025-06-26,0.7203,13.05,17.117451062057476,0.7203,13.05,17.117451062057476,7.203,13.05,0.8117451062057477,raw,RAW_ONLY_REVIEW,True,,,AGIG_034,opend,POC,True,dual,raw/adjusted qualification mismatch
AGIG,Abundia Global Impact Group,AMEX,2025-03-31,2025-06-29,2025-06-30,0.77,10.59,12.753246753246753,0.77,10.59,12.753246753246753,7.7,10.59,0.3753246753246753,raw,RAW_ONLY_REVIEW,True,,,AGIG_034,opend,POC,True,dual,raw/adjusted qualification mismatch
AGIG,Abundia Global Impact Group,AMEX,2025-04-01,2025-06-30,2025-06-30,0.737,10.59,13.369063772048847,0.737,10.59,13.369063772048847,7.37,10.59,0.4369063772048847,raw,RAW_ONLY_REVIEW,True,,,AGIG_034,opend,POC,True,dual,raw/adjusted qualification mismatch
AGIG,Abundia Global Impact Group,AMEX,2025-04-02,2025-07-01,2025-07-01,0.75,11.14,13.853333333333333,0.75,11.14,13.853333333333333,7.5,11.14,0.4853333333333334,raw,RAW_ONLY_REVIEW,True,,,AGIG_034,opend,POC,True,dual,raw/adjusted qualification mismatch
AGIG,Abundia Global Impact Group,AMEX,2025-04-03,2025-07-02,2025-07-02,0.6652,10.3,14.484064942874324,0.6652,10.3,14.484064942874324,6.652,10.3,0.5484064942874325,raw,RAW_ONLY_REVIEW,True,,,AGIG_034,opend,POC,True,dual,raw/adjusted qualification mismatch
AGIG,Abundia Global Impact Group,AMEX,2025-04-04,2025-07-03,2025-07-03,0.6151,9.42,14.31458299463502,0.6151,9.42,14.31458299463502,6.151,9.42,0.531458299463502,raw,RAW_ONLY_REVIEW,True,,,AGIG_034,opend,POC,True,dual,raw/adjusted qualification mismatch
AGIG,Abundia Global Impact Group,AMEX,2025-04-07,2025-07-06,2025-07-07,0.6099,9.41,14.428758812920151,0.6099,9.41,14.428758812920151,6.099,9.41,0.5428758812920151,raw,RAW_ONLY_REVIEW,True,,,AGIG_034,opend,POC,True,dual,raw/adjusted qualification mismatch
AGIG,Abundia Global Impact Group,AMEX,2025-04-08,2025-07-07,2025-07-07,0.5395,9.41,16.442075996292864,0.5395,9.41,16.442075996292864,5.395,9.41,0.7442075996292865,raw,RAW_ONLY_REVIEW,True,,,AGIG_034,opend,POC,True,dual,raw/adjusted qualification mismatch
AGIG,Abundia Global Impact Group,AMEX,2025-04-09,2025-07-08,2025-07-08,0.55,9.81,16.836363636363636,0.55,9.81,16.836363636363636,5.5,9.81,0.7836363636363637,raw,RAW_ONLY_REVIEW,True,,,AGIG_034,opend,POC,True,dual,raw/adjusted qualification mismatch
AGIG,Abundia Global Impact Group,AMEX,2025-04-10,2025-07-09,2025-07-09,0.539,9.99,17.534322820037104,0.539,9.99,17.534322820037104,5.39,9.99,0.8534322820037108,raw,RAW_ONLY_REVIEW,True,,,AGIG_034,opend,POC,True,dual,raw/adjusted qualification mismatch
AGIG,Abundia Global Impact Group,AMEX,2025-04-11,2025-07-10,2025-07-10,0.578,11.0,18.031141868512112,0.578,11.0,18.031141868512112,5.78,11.0,0.9031141868512109,raw,RAW_ONLY_REVIEW,True,,,AGIG_034,opend,POC,True,dual,raw/adjusted qualification mismatch
AGIG,Abundia Global Impact Group,AMEX,2025-04-14,2025-07-13,2025-07-14,0.563,10.72,18.040852575488458,0.563,10.72,18.040852575488458,5.629999999,10.72,0.9040852578870491,raw,RAW_ONLY_REVIEW,True,,,AGIG_034,opend,POC,True,dual,raw/adjusted qualification mismatch
AGIG,Abundia Global Impact Group,AMEX,2025-04-15,2025-07-14,2025-07-14,0.5648,10.72,17.98016997167139,0.5648,10.72,17.98016997167139,5.648,10.72,0.898016997167139,raw,RAW_ONLY_REVIEW,True,,,AGIG_034,opend,POC,True,dual,raw/adjusted qualification mismatch
AGIG,Abundia Global Impact Group,AMEX,2025-04-16,2025-07-15,2025-07-15,0.5513,10.75,18.49936513694903,0.5513,10.75,18.49936513694903,5.513,10.75,0.949936513694903,raw,RAW_ONLY_REVIEW,True,,,AGIG_034,opend,POC,True,dual,raw/adjusted qualification mismatch
AGIG,Abundia Global Impact Group,AMEX,2025-04-17,2025-07-16,2025-07-16,0.573,10.66,17.60383944153578,0.573,10.66,17.60383944153578,5.73,10.66,0.8603839441535774,raw,RAW_ONLY_REVIEW,True,,,AGIG_034,opend,POC,True,dual,raw/adjusted qualification mismatch
AGIG,Abundia Global Impact Group,AMEX,2025-04-21,2025-07-20,2025-07-21,0.542,9.94,17.339483394833945,0.542,9.94,17.339483394833945,5.42,9.94,0.8339483394833949,raw,RAW_ONLY_REVIEW,True,,,AGIG_034,opend,POC,True,dual,raw/adjusted qualification mismatch
AGIG,Abundia Global Impact Group,AMEX,2025-04-22,2025-07-21,2025-07-21,0.5436,9.94,17.28550404709345,0.5436,9.94,17.28550404709345,5.436,9.94,0.828550404709345,raw,RAW_ONLY_REVIEW,True,,,AGIG_034,opend,POC,True,dual,raw/adjusted qualification mismatch
AGIG,Abundia Global Impact Group,AMEX,2025-04-23,2025-07-22,2025-07-22,0.558,10.56,17.924731182795696,0.558,10.56,17.924731182795696,5.58,10.56,0.89247311827957,raw,RAW_ONLY_REVIEW,True,,,AGIG_034,opend,POC,True,dual,raw/adjusted qualification mismatch
AGIG,Abundia Global Impact Group,AMEX,2025-04-24,2025-07-23,2025-07-23,0.61,10.77,16.65573770491803,0.61,10.77,16.65573770491803,6.1,10.77,0.7655737704918033,raw,RAW_ONLY_REVIEW,True,,,AGIG_034,opend,POC,True,dual,raw/adjusted qualification mismatch
AGIG,Abundia Global Impact Group,AMEX,2025-04-25,2025-07-24,2025-07-24,0.6272,11.19,16.841198979591837,0.6272,11.19,16.841198979591837,6.272,11.19,0.7841198979591835,raw,RAW_ONLY_REVIEW,True,,,AGIG_034,opend,POC,True,dual,raw/adjusted qualification mismatch
AGIG,Abundia Global Impact Group,AMEX,2025-04-28,2025-07-27,2025-07-28,0.609,10.61,16.42200328407225,0.609,10.61,16.42200328407225,6.09,10.61,0.7422003284072249,raw,RAW_ONLY_REVIEW,True,,,AGIG_034,opend,POC,True,dual,raw/adjusted qualification mismatch
AGIG,Abundia Global Impact Group,AMEX,2025-04-29,2025-07-28,2025-07-28,0.595,10.61,16.831932773109244,0.595,10.61,16.831932773109244,5.95,10.61,0.7831932773109243,raw,RAW_ONLY_REVIEW,True,,,AGIG_034,opend,POC,True,dual,raw/adjusted qualification mismatch
AGIG,Abundia Global Impact Group,AMEX,2025-04-30,2025-07-29,2025-07-29,0.57,11.8,19.701754385964914,0.57,11.8,19.701754385964914,5.699999999,11.8,1.07017543895968,raw,RAW_ONLY_REVIEW,True,,,AGIG_034,opend,POC,True,dual,raw/adjusted qualification mismatch
AGIG,Abundia Global Impact Group,AMEX,2025-05-01,2025-07-30,2025-07-30,0.578,10.43,17.044982698961938,0.578,10.43,17.044982698961938,5.78,10.43,0.8044982698961936,raw,RAW_ONLY_REVIEW,True,,,AGIG_034,opend,POC,True,dual,raw/adjusted qualification mismatch
AGIG,Abundia Global Impact Group,AMEX,2025-05-02,2025-07-31,2025-07-31,0.61,9.51,14.59016393442623,0.61,9.51,14.59016393442623,6.1,9.51,0.5590163934426231,raw,RAW_ONLY_REVIEW,True,,,AGIG_034,opend,POC,True,dual,raw/adjusted qualification mismatch
AGIG,Abundia Global Impact Group,AMEX,2025-05-05,2025-08-03,2025-08-04,0.6052,10.04,15.589557171183081,0.6052,10.04,15.589557171183081,6.052,10.04,0.658955717118308,raw,RAW_ONLY_REVIEW,True,,,AGIG_034,opend,POC,True,dual,raw/adjusted qualification mismatch
AGIG,Abundia Global Impact Group,AMEX,2025-05-06,2025-08-04,2025-08-04,0.603,10.04,15.650082918739635,0.603,10.04,15.650082918739635,6.03,10.04,0.6650082918739633,raw,RAW_ONLY_REVIEW,True,,,AGIG_034,opend,POC,True,dual,raw/adjusted qualification mismatch
AGIG,Abundia Global Impact Group,AMEX,2025-05-07,2025-08-05,2025-08-05,0.6003,11.01,17.3408295852074,0.6003,11.01,17.3408295852074,6.002999999,11.01,0.8340829588262673,raw,RAW_ONLY_REVIEW,True,,,AGIG_034,opend,POC,True,dual,raw/adjusted qualification mismatch
AGIG,Abundia Global Impact Group,AMEX,2025-05-08,2025-08-06,2025-08-06,0.6404,10.56,15.489693941286696,0.6404,10.56,15.489693941286696,6.404,10.56,0.6489693941286696,raw,RAW_ONLY_REVIEW,True,,,AGIG_034,opend,POC,True,dual,raw/adjusted qualification mismatch
AGIG,Abundia Global Impact Group,AMEX,2025-05-09,2025-08-07,2025-08-07,0.634,10.58,15.687697160883282,0.634,10.58,15.687697160883282,6.34,10.58,0.6687697160883281,raw,RAW_ONLY_REVIEW,True,,,AGIG_034,opend,POC,True,dual,raw/adjusted qualification mismatch
AGIG,Abundia Global Impact Group,AMEX,2025-05-12,2025-08-10,2025-08-11,0.6653,10.29,14.46670674883511,0.6653,10.29,14.46670674883511,6.653,10.29,0.5466706748835111,raw,RAW_ONLY_REVIEW,True,,,AGIG_034,opend,POC,True,dual,raw/adjusted qualification mismatch
AGIG,Abundia Global Impact Group,AMEX,2025-05-13,2025-08-11,2025-08-11,0.7013,10.29,13.672750606017395,0.7013,10.29,13.672750606017395,7.013,10.29,0.4672750606017395,raw,RAW_ONLY_REVIEW,True,,,AGIG_034,opend,POC,True,dual,raw/adjusted qualification mismatch
AGIG,Abundia Global Impact Group,AMEX,2025-05-14,2025-08-12,2025-08-12,0.6751,10.04,13.871870833950524,0.6751,10.04,13.871870833950524,6.751,10.04,0.48718708339505246,raw,RAW_ONLY_REVIEW,True,,,AGIG_034,opend,POC,True,dual,raw/adjusted qualification mismatch
AGIG,Abundia Global Impact Group,AMEX,2025-05-15,2025-08-13,2025-08-13,0.62,9.93,15.016129032258064,0.62,9.93,15.016129032258064,6.2,9.93,0.6016129032258064,raw,RAW_ONLY_REVIEW,True,,,AGIG_034,opend,POC,True,dual,raw/adjusted qualification mismatch
AGIG,Abundia Global Impact Group,AMEX,2025-05-16,2025-08-14,2025-08-14,0.63,9.97,14.825396825396826,0.63,9.97,14.825396825396826,6.3,9.97,0.5825396825396827,raw,RAW_ONLY_REVIEW,True,,,AGIG_034,opend,POC,True,dual,raw/adjusted qualification mismatch
AGIG,Abundia Global Impact Group,AMEX,2025-05-19,2025-08-17,2025-08-18,0.6308,9.82,14.567533291058972,0.6308,9.82,14.567533291058972,6.308,9.82,0.5567533291058973,raw,RAW_ONLY_REVIEW,True,,,AGIG_034,opend,POC,True,dual,raw/adjusted qualification mismatch
AGIG,Abundia Global Impact Group,AMEX,2025-05-20,2025-08-18,2025-08-18,0.6364,9.82,14.430546825895664,0.6364,9.82,14.430546825895664,6.364,9.82,0.5430546825895664,raw,RAW_ONLY_REVIEW,True,,,AGIG_034,opend,POC,True,dual,raw/adjusted qualification mismatch
AGIG,Abundia Global Impact Group,AMEX,2025-05-21,2025-08-19,2025-08-19,0.6721,8.49,11.632048802261568,0.6721,8.49,11.632048802261568,6.721,8.49,0.26320488022615685,raw,RAW_ONLY_REVIEW,True,,,AGIG_034,opend,POC,True,dual,raw/adjusted qualification mismatch
AGIG,Abundia Global Impact Group,AMEX,2025-05-22,2025-08-20,2025-08-20,0.65,8.2,11.615384615384613,0.65,8.2,11.615384615384613,6.5,8.2,0.2615384615384615,raw,RAW_ONLY_REVIEW,True,,,AGIG_034,opend,POC,True,dual,raw/adjusted qualification mismatch
AGIG,Abundia Global Impact Group,AMEX,2025-05-23,2025-08-21,2025-08-21,0.667,8.83,12.238380809595201,0.667,8.83,12.238380809595201,6.67,8.83,0.32383808095952027,raw,RAW_ONLY_REVIEW,True,,,AGIG_034,opend,POC,True,dual,raw/adjusted qualification mismatch
AGIG,Abundia Global Impact Group,AMEX,2025-05-27,2025-08-25,2025-08-25,0.69,8.91,11.913043478260871,0.69,8.91,11.913043478260871,6.899999999,8.91,0.29130434801323246,raw,RAW_ONLY_REVIEW,True,,,AGIG_034,opend,POC,True,dual,raw/adjusted qualification mismatch
AGIG,Abundia Global Impact Group,AMEX,2025-05-28,2025-08-26,2025-08-26,0.708,8.95,11.641242937853107,0.708,8.95,11.641242937853107,7.08,8.95,0.26412429378531055,raw,RAW_ONLY_REVIEW,True,,,AGIG_034,opend,POC,True,dual,raw/adjusted qualification mismatch
AGIG,Abundia Global Impact Group,AMEX,2025-05-29,2025-08-27,2025-08-27,0.48,8.58,16.875,0.48,8.58,16.875,4.8,8.58,0.7875000000000001,raw,RAW_ONLY_REVIEW,True,,,AGIG_034,opend,POC,True,dual,raw/adjusted qualification mismatch
AGIG,Abundia Global Impact Group,AMEX,2025-05-30,2025-08-28,2025-08-28,0.451,8.16,17.093126385809313,0.451,8.16,17.093126385809313,4.51,8.16,0.8093126385809313,raw,RAW_ONLY_REVIEW,True,,,AGIG_034,opend,POC,True,dual,raw/adjusted qualification mismatch
AGIG,Abundia Global Impact Group,AMEX,2025-06-02,2025-08-31,2025-09-02,0.4417,8.46,18.153271451211232,0.4417,8.46,18.153271451211232,4.417,8.46,0.9153271451211231,raw,RAW_ONLY_REVIEW,True,,,AGIG_034,opend,POC,True,dual,raw/adjusted qualification mismatch
AGIG,Abundia Global Impact Group,AMEX,2025-06-03,2025-09-01,2025-09-02,0.48,8.46,16.625000000000004,0.48,8.46,16.625000000000004,4.8,8.46,0.7625000000000002,raw,RAW_ONLY_REVIEW,True,,,AGIG_034,opend,POC,True,dual,raw/adjusted qualification mismatch
AGIG,Abundia Global Impact Group,AMEX,2025-06-04,2025-09-02,2025-09-02,0.483,8.46,16.51552795031056,0.483,8.46,16.51552795031056,4.83,8.46,0.7515527950310561,raw,RAW_ONLY_REVIEW,True,,,AGIG_034,opend,POC,True,dual,raw/adjusted qualification mismatch
AGIG,Abundia Global Impact Group,AMEX,2025-06-05,2025-09-03,2025-09-03,0.48,8.17,16.020833333333332,0.48,8.17,16.020833333333332,4.8,8.17,0.7020833333333334,raw,RAW_ONLY_REVIEW,True,,,AGIG_034,opend,POC,True,dual,raw/adjusted qualification mismatch
AGIG,Abundia Global Impact Group,AMEX,2025-06-06,2025-09-04,2025-09-04,0.4878,7.9,15.195161951619518,0.4878,7.9,15.195161951619518,4.878,7.9,0.6195161951619517,raw,RAW_ONLY_REVIEW,True,,,AGIG_034,opend,POC,True,dual,raw/adjusted qualification mismatch
AGL,Agilon Health,NYSE,2025-12-31,2026-03-31,2026-03-31,0.6887,7.91,10.485407289095397,0.6887,7.91,10.485407289095397,17.2175,7.91,-0.5405837084361842,raw,RAW_ONLY_REVIEW,True,,,AGL_035,opend,POC,True,dual,raw/adjusted qualification mismatch
AGMH,AGM Group,NASDAQ,2025-03-05,2025-06-03,2025-06-03,0.1023,2.81,26.468230694037146,0.1023,2.81,26.468230694037146,5.115,2.81,-0.45063538611925713,raw,RAW_ONLY_REVIEW,True,,,AGMH_036,opend,POC,True,dual,raw/adjusted qualification mismatch
AGMH,AGM Group,NASDAQ,2025-03-06,2025-06-04,2025-06-04,0.215,3.76,16.488372093023255,0.215,3.76,16.488372093023255,10.75,3.76,-0.650232558139535,raw,RAW_ONLY_REVIEW,True,,,AGMH_036,opend,POC,True,dual,raw/adjusted qualification mismatch
AGMH,AGM Group,NASDAQ,2025-03-07,2025-06-05,2025-06-05,0.157,3.005,18.14012738853503,0.157,3.005,18.14012738853503,7.85,3.005,-0.6171974522292993,raw,RAW_ONLY_REVIEW,True,,,AGMH_036,opend,POC,True,dual,raw/adjusted qualification mismatch
AGMH,AGM Group,NASDAQ,2025-03-10,2025-06-08,2025-06-09,0.13,3.14,23.153846153846153,0.13,3.14,23.153846153846153,6.5,3.14,-0.5169230769230769,raw,RAW_ONLY_REVIEW,True,,,AGMH_036,opend,POC,True,dual,raw/adjusted qualification mismatch
AGMH,AGM Group,NASDAQ,2025-03-11,2025-06-09,2025-06-09,0.138,3.14,21.753623188405797,0.138,3.14,21.753623188405797,6.9,3.14,-0.5449275362318841,raw,RAW_ONLY_REVIEW,True,,,AGMH_036,opend,POC,True,dual,raw/adjusted qualification mismatch
AGMH,AGM Group,NASDAQ,2025-03-12,2025-06-10,2025-06-10,0.1218,3.08,24.28735632183908,0.1218,3.08,24.28735632183908,6.09,3.08,-0.49425287356321834,raw,RAW_ONLY_REVIEW,True,,,AGMH_036,opend,POC,True,dual,raw/adjusted qualification mismatch
AGMH,AGM Group,NASDAQ,2025-03-13,2025-06-11,2025-06-11,0.11315,2.88,24.45293857711003,0.11315,2.88,24.45293857711003,5.6575,2.88,-0.4909412284577994,raw,RAW_ONLY_REVIEW,True,,,AGMH_036,opend,POC,True,dual,raw/adjusted qualification mismatch
AGMH,AGM Group,NASDAQ,2025-03-14,2025-06-12,2025-06-12,0.113,2.88,24.48672566371681,0.113,2.88,24.48672566371681,5.65,2.88,-0.4902654867256637,raw,RAW_ONLY_REVIEW,True,,,AGMH_036,opend,POC,True,dual,raw/adjusted qualification mismatch
AGMH,AGM Group,NASDAQ,2025-03-17,2025-06-15,2025-06-16,0.1056,2.45,22.200757575757578,0.1056,2.45,22.200757575757578,5.28,2.45,-0.5359848484848484,raw,RAW_ONLY_REVIEW,True,,,AGMH_036,opend,POC,True,dual,raw/adjusted qualification mismatch
AGMH,AGM Group,NASDAQ,2025-03-18,2025-06-16,2025-06-16,0.0696,2.45,34.20114942528736,0.0696,2.45,34.20114942528736,3.479999999,2.45,-0.2959770112919473,raw,RAW_ONLY_REVIEW,True,,,AGMH_036,opend,POC,True,dual,raw/adjusted qualification mismatch
AGMH,AGM Group,NASDAQ,2025-03-19,2025-06-17,2025-06-17,0.072,2.23,29.972222222222225,0.072,2.23,29.972222222222225,3.599999999,2.23,-0.3805555553834876,raw,RAW_ONLY_REVIEW,True,,,AGMH_036,opend,POC,True,dual,raw/adjusted qualification mismatch
AGMH,AGM Group,NASDAQ,2025-03-20,2025-06-18,2025-06-18,0.077,2.37,29.779220779220783,0.077,2.37,29.779220779220783,3.85,2.37,-0.38441558441558443,raw,RAW_ONLY_REVIEW,True,,,AGMH_036,opend,POC,True,dual,raw/adjusted qualification mismatch
AGMH,AGM Group,NASDAQ,2025-03-21,2025-06-19,2025-06-20,0.0664,2.31,33.78915662650603,0.0664,2.31,33.78915662650603,3.32,2.31,-0.3042168674698794,raw,RAW_ONLY_REVIEW,True,,,AGMH_036,opend,POC,True,dual,raw/adjusted qualification mismatch
AGMH,AGM Group,NASDAQ,2025-03-24,2025-06-22,2025-06-23,0.07,2.34,32.42857142857142,0.07,2.34,32.42857142857142,3.5,2.34,-0.3314285714285715,raw,RAW_ONLY_REVIEW,True,,,AGMH_036,opend,POC,True,dual,raw/adjusted qualification mismatch
AGMH,AGM Group,NASDAQ,2025-03-25,2025-06-23,2025-06-23,0.0669,2.34,33.97757847533632,0.0669,2.34,33.97757847533632,3.345,2.34,-0.30044843049327363,raw,RAW_ONLY_REVIEW,True,,,AGMH_036,opend,POC,True,dual,raw/adjusted qualification mismatch
AGMH,AGM Group,NASDAQ,2025-03-26,2025-06-24,2025-06-24,0.075,2.23,28.733333333333334,0.075,2.23,28.733333333333334,3.75,2.23,-0.4053333333333333,raw,RAW_ONLY_REVIEW,True,,,AGMH_036,opend,POC,True,dual,raw/adjusted qualification mismatch
AGMH,AGM Group,NASDAQ,2025-03-27,2025-06-25,2025-06-25,0.0926,2.22,22.974082073434126,0.0926,2.22,22.974082073434126,4.63,2.22,-0.5205183585313174,raw,RAW_ONLY_REVIEW,True,,,AGMH_036,opend,POC,True,dual,raw/adjusted qualification mismatch
AGMH,AGM Group,NASDAQ,2025-03-28,2025-06-26,2025-06-26,0.0587,2.42,40.22657580919932,0.0587,2.42,40.22657580919932,2.935,2.42,-0.17546848381601365,raw,RAW_ONLY_REVIEW,True,,,AGMH_036,opend,POC,True,dual,raw/adjusted qualification mismatch
AGMH,AGM Group,NASDAQ,2025-03-31,2025-06-29,2025-06-30,0.0466,2.33,49.0,0.0466,2.33,49.0,2.33,2.33,0.0,raw,RAW_ONLY_REVIEW,True,,,AGMH_036,opend,POC,True,dual,raw/adjusted qualification mismatch
AGMH,AGM Group,NASDAQ,2025-04-01,2025-06-30,2025-06-30,0.04315,2.33,52.99768250289687,0.04315,2.33,52.99768250289687,2.1575,2.33,0.07995365005793742,raw,RAW_ONLY_REVIEW,True,,,AGMH_036,opend,POC,True,dual,raw/adjusted qualification mismatch
AGMH,AGM Group,NASDAQ,2025-04-02,2025-07-01,2025-07-01,0.0498,2.38,46.791164658634536,0.0498,2.38,46.791164658634536,2.49,2.38,-0.04417670682730934,raw,RAW_ONLY_REVIEW,True,,,AGMH_036,opend,POC,True,dual,raw/adjusted qualification mismatch
AGMH,AGM Group,NASDAQ,2025-04-03,2025-07-02,2025-07-02,0.047,2.545,53.148936170212764,0.047,2.545,53.148936170212764,2.35,2.545,0.08297872340425516,raw,RAW_ONLY_REVIEW,True,,,AGMH_036,opend,POC,True,dual,raw/adjusted qualification mismatch
AGMH,AGM Group,NASDAQ,2025-04-04,2025-07-03,2025-07-03,0.052,2.59,48.80769230769231,0.052,2.59,48.80769230769231,2.6,2.59,-0.0038461538461539435,raw,RAW_ONLY_REVIEW,True,,,AGMH_036,opend,POC,True,dual,raw/adjusted qualification mismatch
AGMH,AGM Group,NASDAQ,2025-04-07,2025-07-06,2025-07-07,0.0433,2.49,56.50577367205543,0.0433,2.49,56.50577367205543,2.165,2.49,0.15011547344110854,raw,RAW_ONLY_REVIEW,True,,,AGMH_036,opend,POC,True,dual,raw/adjusted qualification mismatch
AGMH,AGM Group,NASDAQ,2025-04-08,2025-07-07,2025-07-07,0.0337,2.49,72.8872403560831,0.0337,2.49,72.8872403560831,1.685,2.49,0.4777448071216619,raw,RAW_ONLY_REVIEW,True,,,AGMH_036,opend,POC,True,dual,raw/adjusted qualification mismatch
AGMH,AGM Group,NASDAQ,2025-04-09,2025-07-08,2025-07-08,0.0285,2.71,94.0877192982456,0.0285,2.71,94.0877192982456,1.425,2.71,0.9017543859649122,raw,RAW_ONLY_REVIEW,True,,,AGMH_036,opend,POC,True,dual,raw/adjusted qualification mismatch
AGMH,AGM Group,NASDAQ,2025-04-10,2025-07-09,2025-07-09,0.0314,2.74,86.2611464968153,0.0314,2.74,86.2611464968153,1.569999999,2.74,0.7452229310479128,raw,RAW_ONLY_REVIEW,True,,,AGMH_036,opend,POC,True,dual,raw/adjusted qualification mismatch
AGMH,AGM Group,NASDAQ,2025-04-11,2025-07-10,2025-07-10,0.032,2.95,91.1875,0.032,2.95,91.1875,1.6,2.95,0.84375,raw,RAW_ONLY_REVIEW,True,,,AGMH_036,opend,POC,True,dual,raw/adjusted qualification mismatch
AGMH,AGM Group,NASDAQ,2025-04-14,2025-07-13,2025-07-14,0.0345,3.0,85.95652173913042,0.0345,3.0,85.95652173913042,1.725,3.0,0.7391304347826086,raw,RAW_ONLY_REVIEW,True,,,AGMH_036,opend,POC,True,dual,raw/adjusted qualification mismatch
AGMH,AGM Group,NASDAQ,2025-04-15,2025-07-14,2025-07-14,0.0344,3.0,86.20930232558139,0.0344,3.0,86.20930232558139,1.72,3.0,0.7441860465116279,raw,RAW_ONLY_REVIEW,True,,,AGMH_036,opend,POC,True,dual,raw/adjusted qualification mismatch
AGMH,AGM Group,NASDAQ,2025-04-16,2025-07-15,2025-07-15,0.0309,2.83,90.58576051779936,0.0309,2.83,90.58576051779936,1.545,2.83,0.8317152103559873,raw,RAW_ONLY_REVIEW,True,,,AGMH_036,opend,POC,True,dual,raw/adjusted qualification mismatch
AGMH,AGM Group,NASDAQ,2025-04-17,2025-07-16,2025-07-16,0.0295,2.88,96.62711864406779,0.0295,2.88,96.62711864406779,1.475,2.88,0.9525423728813558,raw,RAW_ONLY_REVIEW,True,,,AGMH_036,opend,POC,True,dual,raw/adjusted qualification mismatch
AGMH,AGM Group,NASDAQ,2025-04-21,2025-07-20,2025-07-21,0.0278,2.52,89.6474820143885,0.0278,2.52,89.6474820143885,1.39,2.52,0.8129496402877698,raw,RAW_ONLY_REVIEW,True,,,AGMH_036,opend,POC,True,dual,raw/adjusted qualification mismatch
AGMH,AGM Group,NASDAQ,2025-04-22,2025-07-21,2025-07-21,0.03,2.52,83.0,0.03,2.52,83.0,1.5,2.52,0.6799999999999999,raw,RAW_ONLY_REVIEW,True,,,AGMH_036,opend,POC,True,dual,raw/adjusted qualification mismatch
AGMH,AGM Group,NASDAQ,2025-04-23,2025-07-22,2025-07-22,0.058,2.54,42.79310344827586,0.058,2.54,42.79310344827586,2.9,2.54,-0.12413793103448267,raw,RAW_ONLY_REVIEW,True,,,AGMH_036,opend,POC,True,dual,raw/adjusted qualification mismatch
AGMH,AGM Group,NASDAQ,2025-04-24,2025-07-23,2025-07-23,0.039,2.6,65.66666666666667,0.039,2.6,65.66666666666667,1.95,2.6,0.3333333333333335,raw,RAW_ONLY_REVIEW,True,,,AGMH_036,opend,POC,True,dual,raw/adjusted qualification mismatch
AGMH,AGM Group,NASDAQ,2025-04-25,2025-07-24,2025-07-24,0.0486,2.47,49.82304526748972,0.0486,2.47,49.82304526748972,2.43,2.47,0.016460905349794164,raw,RAW_ONLY_REVIEW,True,,,AGMH_036,opend,POC,True,dual,raw/adjusted qualification mismatch
AGMH,AGM Group,NASDAQ,2025-04-28,2025-07-27,2025-07-28,0.134,2.34,16.462686567164177,0.134,2.34,16.462686567164177,6.7,2.34,-0.6507462686567165,raw,RAW_ONLY_REVIEW,True,,,AGMH_036,opend,POC,True,dual,raw/adjusted qualification mismatch
AGMH,AGM Group,NASDAQ,2025-04-29,2025-07-28,2025-07-28,0.1024,2.34,21.851562499999996,0.1024,2.34,21.851562499999996,5.12,2.34,-0.54296875,raw,RAW_ONLY_REVIEW,True,,,AGMH_036,opend,POC,True,dual,raw/adjusted qualification mismatch
AGMH,AGM Group,NASDAQ,2025-04-30,2025-07-29,2025-07-29,0.1047,2.3,20.967526265520533,0.1047,2.3,20.967526265520533,5.235,2.3,-0.5606494746895894,raw,RAW_ONLY_REVIEW,True,,,AGMH_036,opend,POC,True,dual,raw/adjusted qualification mismatch
AGMH,AGM Group,NASDAQ,2025-05-01,2025-07-30,2025-07-30,0.0932,2.2,22.605150214592275,0.0932,2.2,22.605150214592275,4.66,2.2,-0.5278969957081545,raw,RAW_ONLY_REVIEW,True,,,AGMH_036,opend,POC,True,dual,raw/adjusted qualification mismatch
AGMH,AGM Group,NASDAQ,2025-05-02,2025-07-31,2025-07-31,0.0729,2.12,28.080932784636488,0.0729,2.12,28.080932784636488,3.645,2.12,-0.41838134430727025,raw,RAW_ONLY_REVIEW,True,,,AGMH_036,opend,POC,True,dual,raw/adjusted qualification mismatch
AGMH,AGM Group,NASDAQ,2025-05-05,2025-08-03,2025-08-04,0.0883,2.2,23.91506228765572,0.0883,2.2,23.91506228765572,4.415,2.2,-0.5016987542468856,raw,RAW_ONLY_REVIEW,True,,,AGMH_036,opend,POC,True,dual,raw/adjusted qualification mismatch
AGMH,AGM Group,NASDAQ,2025-05-06,2025-08-04,2025-08-04,0.085,2.2,24.88235294117647,0.085,2.2,24.88235294117647,4.25,2.2,-0.48235294117647054,raw,RAW_ONLY_REVIEW,True,,,AGMH_036,opend,POC,True,dual,raw/adjusted qualification mismatch
AGMH,AGM Group,NASDAQ,2025-05-07,2025-08-05,2025-08-05,0.0905,2.23,23.640883977900554,0.0905,2.23,23.640883977900554,4.525,2.23,-0.507182320441989,raw,RAW_ONLY_REVIEW,True,,,AGMH_036,opend,POC,True,dual,raw/adjusted qualification mismatch
AGMH,AGM Group,NASDAQ,2025-05-08,2025-08-06,2025-08-06,0.098,2.11,20.530612244897956,0.098,2.11,20.530612244897956,4.9,2.11,-0.5693877551020409,raw,RAW_ONLY_REVIEW,True,,,AGMH_036,opend,POC,True,dual,raw/adjusted qualification mismatch
AGMH,AGM Group,NASDAQ,2025-05-09,2025-08-07,2025-08-07,0.0977,2.15,21.006141248720574,0.0977,2.15,21.006141248720574,4.885,2.15,-0.5598771750255885,raw,RAW_ONLY_REVIEW,True,,,AGMH_036,opend,POC,True,dual,raw/adjusted qualification mismatch
AGMH,AGM Group,NASDAQ,2025-05-12,2025-08-10,2025-08-11,0.0949,2.21,22.28767123287671,0.0949,2.21,22.28767123287671,4.745,2.21,-0.5342465753424658,raw,RAW_ONLY_REVIEW,True,,,AGMH_036,opend,POC,True,dual,raw/adjusted qualification mismatch
AGMH,AGM Group,NASDAQ,2025-05-13,2025-08-11,2025-08-11,0.089,2.21,23.831460674157306,0.089,2.21,23.831460674157306,4.45,2.21,-0.503370786516854,raw,RAW_ONLY_REVIEW,True,,,AGMH_036,opend,POC,True,dual,raw/adjusted qualification mismatch
AGMH,AGM Group,NASDAQ,2025-05-14,2025-08-12,2025-08-12,0.0943,2.22,22.541887592788974,0.0943,2.22,22.541887592788974,4.715,2.22,-0.5291622481442205,raw,RAW_ONLY_REVIEW,True,,,AGMH_036,opend,POC,True,dual,raw/adjusted qualification mismatch
AGMH,AGM Group,NASDAQ,2025-05-15,2025-08-13,2025-08-13,0.06,2.25,36.5,0.06,2.25,36.5,3.0,2.25,-0.25,raw,RAW_ONLY_REVIEW,True,,,AGMH_036,opend,POC,True,dual,raw/adjusted qualification mismatch
AGMH,AGM Group,NASDAQ,2025-05-16,2025-08-14,2025-08-14,0.067,2.3,33.32835820895522,0.067,2.3,33.32835820895522,3.35,2.3,-0.31343283582089554,raw,RAW_ONLY_REVIEW,True,,,AGMH_036,opend,POC,True,dual,raw/adjusted qualification mismatch
AGMH,AGM Group,NASDAQ,2025-05-19,2025-08-17,2025-08-18,0.0714,2.13,28.83193277310924,0.0714,2.13,28.83193277310924,3.57,2.13,-0.40336134453781514,raw,RAW_ONLY_REVIEW,True,,,AGMH_036,opend,POC,True,dual,raw/adjusted qualification mismatch
AGMH,AGM Group,NASDAQ,2025-05-20,2025-08-18,2025-08-18,0.0796,2.13,25.758793969849243,0.0796,2.13,25.758793969849243,3.98,2.13,-0.46482412060301515,raw,RAW_ONLY_REVIEW,True,,,AGMH_036,opend,POC,True,dual,raw/adjusted qualification mismatch
AGMH,AGM Group,NASDAQ,2025-05-21,2025-08-19,2025-08-19,0.076,2.08,26.368421052631582,0.076,2.08,26.368421052631582,3.8,2.08,-0.4526315789473684,raw,RAW_ONLY_REVIEW,True,,,AGMH_036,opend,POC,True,dual,raw/adjusted qualification mismatch
AGMH,AGM Group,NASDAQ,2025-05-22,2025-08-20,2025-08-20,0.0741,2.02,26.26045883940621,0.0741,2.02,26.26045883940621,3.705,2.02,-0.4547908232118758,raw,RAW_ONLY_REVIEW,True,,,AGMH_036,opend,POC,True,dual,raw/adjusted qualification mismatch
AGMH,AGM Group,NASDAQ,2025-05-23,2025-08-21,2025-08-21,0.0706,2.06,28.17847025495751,0.0706,2.06,28.17847025495751,3.53,2.06,-0.41643059490084977,raw,RAW_ONLY_REVIEW,True,,,AGMH_036,opend,POC,True,dual,raw/adjusted qualification mismatch
AGMH,AGM Group,NASDAQ,2025-05-27,2025-08-25,2025-08-25,0.0724,2.22,29.662983425414364,0.0724,2.22,29.662983425414364,3.62,2.22,-0.3867403314917127,raw,RAW_ONLY_REVIEW,True,,,AGMH_036,opend,POC,True,dual,raw/adjusted qualification mismatch
AGMH,AGM Group,NASDAQ,2025-05-28,2025-08-26,2025-08-26,0.0717,2.6,35.26220362622036,0.0717,2.6,35.26220362622036,3.585,2.6,-0.27475592747559274,raw,RAW_ONLY_REVIEW,True,,,AGMH_036,opend,POC,True,dual,raw/adjusted qualification mismatch
AGMH,AGM Group,NASDAQ,2025-05-29,2025-08-27,2025-08-27,0.068,2.03,28.852941176470583,0.068,2.03,28.852941176470583,3.4,2.03,-0.40294117647058825,raw,RAW_ONLY_REVIEW,True,,,AGMH_036,opend,POC,True,dual,raw/adjusted qualification mismatch
AGMH,AGM Group,NASDAQ,2025-05-30,2025-08-28,2025-08-28,0.06,2.03,32.83333333333333,0.06,2.03,32.83333333333333,3.0,2.03,-0.32333333333333336,raw,RAW_ONLY_REVIEW,True,,,AGMH_036,opend,POC,True,dual,raw/adjusted qualification mismatch
AGMH,AGM Group,NASDAQ,2025-06-02,2025-08-31,2025-09-02,0.0566,1.89,32.3922261484099,0.0566,1.89,32.3922261484099,2.83,1.89,-0.33215547703180215,raw,RAW_ONLY_REVIEW,True,,,AGMH_036,opend,POC,True,dual,raw/adjusted qualification mismatch
AGPU,Axe Compute,NASDAQ,2016-08-01,2016-10-30,2016-10-31,393.0,4710.0,10.98473282442748,0.131,1.57,10.98473282442748,393.0,4710.0,10.98473282442748,both,BOTH_QUALIFIED,False,,,AGPU_037,opend,POC,True,dual,
AGPU,Axe Compute,NASDAQ,2016-08-02,2016-10-31,2016-10-31,372.0,4710.0,11.661290322580646,0.124,1.57,11.661290322580646,372.0,4710.0,11.661290322580646,both,BOTH_QUALIFIED,False,,,AGPU_037,opend,POC,True,dual,
AGPU,Axe Compute,NASDAQ,2016-08-03,2016-11-01,2016-11-01,369.0,7830.0,20.21951219512195,0.123,2.61,20.21951219512195,369.0,7830.0,20.21951219512195,both,BOTH_QUALIFIED,False,,,AGPU_037,opend,POC,True,dual,
AGPU,Axe Compute,NASDAQ,2016-08-04,2016-11-02,2016-11-02,357.0,10050.0,27.151260504201684,0.119,3.35,27.151260504201684,357.0,10050.0,27.15126050420168,both,BOTH_QUALIFIED,False,,,AGPU_037,opend,POC,True,dual,
AGPU,Axe Compute,NASDAQ,2016-08-05,2016-11-03,2016-11-03,345.0,9090.0,25.347826086956523,0.115,3.03,25.34782608695652,345.0,9090.0,25.347826086956523,both,BOTH_QUALIFIED,False,,,AGPU_037,opend,POC,True,dual,
AGPU,Axe Compute,NASDAQ,2016-08-08,2016-11-06,2016-11-07,387.0,9090.0,22.488372093023255,0.129,3.03,22.488372093023255,387.0,9090.0,22.488372093023255,both,BOTH_QUALIFIED,False,,,AGPU_037,opend,POC,True,dual,
AGPU,Axe Compute,NASDAQ,2016-08-09,2016-11-07,2016-11-07,366.0,9090.0,23.83606557377049,0.122,3.03,23.83606557377049,366.0,9090.0,23.83606557377049,both,BOTH_QUALIFIED,False,,,AGPU_037,opend,POC,True,dual,
AGPU,Axe Compute,NASDAQ,2016-08-10,2016-11-08,2016-11-08,357.0,9570.0,25.80672268907563,0.119,3.19,25.80672268907563,357.0,9570.0,25.80672268907563,both,BOTH_QUALIFIED,False,,,AGPU_037,opend,POC,True,dual,
AGPU,Axe Compute,NASDAQ,2016-08-11,2016-11-09,2016-11-09,348.0,9750.0,27.017241379310345,0.116,3.25,27.01724137931034,348.0,9750.0,27.017241379310345,both,BOTH_QUALIFIED,False,,,AGPU_037,opend,POC,True,dual,
AGPU,Axe Compute,NASDAQ,2016-08-12,2016-11-10,2016-11-10,342.0,9480.0,26.719298245614034,0.114,3.16,26.719298245614034,342.0,9480.0,26.719298245614034,both,BOTH_QUALIFIED,False,,,AGPU_037,opend,POC,True,dual,
AGPU,Axe Compute,NASDAQ,2016-08-15,2016-11-13,2016-11-14,285.0,7980.0,27.0,0.095,2.66,27.0,285.0,7980.0,27.0,both,BOTH_QUALIFIED,False,,,AGPU_037,opend,POC,True,dual,
AGPU,Axe Compute,NASDAQ,2016-08-16,2016-11-14,2016-11-14,270.0,7980.0,28.555555555555557,0.09,2.66,28.555555555555557,270.0,7980.0,28.555555555555557,both,BOTH_QUALIFIED,False,,,AGPU_037,opend,POC,True,dual,
AGPU,Axe Compute,NASDAQ,2016-08-17,2016-11-15,2016-11-15,291.0,7560.0,24.97938144329897,0.097,2.52,24.97938144329897,291.0,7560.0,24.97938144329897,both,BOTH_QUALIFIED,False,,,AGPU_037,opend,POC,True,dual,
AGPU,Axe Compute,NASDAQ,2016-08-18,2016-11-16,2016-11-16,276.0,6870.0,23.891304347826086,0.092,2.29,23.891304347826086,276.0,6870.0,23.891304347826086,both,BOTH_QUALIFIED,False,,,AGPU_037,opend,POC,True,dual,
AGPU,Axe Compute,NASDAQ,2016-08-19,2016-11-17,2016-11-17,270.0,6390.0,22.666666666666668,0.09,2.13,22.666666666666668,270.0,6390.0,22.666666666666668,both,BOTH_QUALIFIED,False,,,AGPU_037,opend,POC,True,dual,
AGPU,Axe Compute,NASDAQ,2016-08-22,2016-11-20,2016-11-21,270.0,6240.0,22.111111111111114,0.09,2.08,22.111111111111114,270.0,6240.0,22.11111111111111,both,BOTH_QUALIFIED,False,,,AGPU_037,opend,POC,True,dual,
AGPU,Axe Compute,NASDAQ,2016-08-23,2016-11-21,2016-11-21,263.999999999,6240.0,22.63636363645317,0.088,2.08,22.63636363636364,263.999999999,6240.0,22.63636363645317,both,BOTH_QUALIFIED,False,,,AGPU_037,opend,POC,True,dual,
AGPU,Axe Compute,NASDAQ,2016-08-24,2016-11-22,2016-11-22,260.999999999,14220.0,53.4827586208984,0.087,4.74,53.48275862068966,260.999999999,14220.0,53.4827586208984,both,BOTH_QUALIFIED,False,,,AGPU_037,opend,POC,True,dual,
AGPU,Axe Compute,NASDAQ,2016-08-25,2016-11-23,2016-11-23,255.0,10950.0,41.94117647058823,0.085,3.65,41.94117647058823,255.0,10950.0,41.94117647058823,both,BOTH_QUALIFIED,False,,,AGPU_037,opend,POC,True,dual,
AGPU,Axe Compute,NASDAQ,2016-08-26,2016-11-24,2016-11-25,255.0,13005.0,50.0,0.085,4.335,49.99999999999999,255.0,13005.0,50.0,both,BOTH_QUALIFIED,False,,,AGPU_037,opend,POC,True,dual,
AGPU,Axe Compute,NASDAQ,2016-08-29,2016-11-27,2016-11-28,240.0,10590.0,43.125,0.08,3.53,43.125,240.0,10590.0,43.125,both,BOTH_QUALIFIED,False,,,AGPU_037,opend,POC,True,dual,
AGPU,Axe Compute,NASDAQ,2016-08-30,2016-11-28,2016-11-28,492.0,10590.0,20.524390243902438,0.164,3.53,20.524390243902438,492.0,10590.0,20.524390243902438,both,BOTH_QUALIFIED,False,,,AGPU_037,opend,POC,True,dual,
AGPU,Axe Compute,NASDAQ,2016-08-31,2016-11-29,2016-11-29,549.0,8520.0,14.519125683060109,0.183,2.84,14.519125683060109,549.0,8520.0,14.519125683060109,both,BOTH_QUALIFIED,False,,,AGPU_037,opend,POC,True,dual,
AGPU,Axe Compute,NASDAQ,2016-09-01,2016-11-30,2016-11-30,474.0,7950.0,15.772151898734176,0.158,2.65,15.772151898734176,474.0,7950.0,15.772151898734176,both,BOTH_QUALIFIED,False,,,AGPU_037,opend,POC,True,dual,
AGPU,Axe Compute,NASDAQ,2016-09-02,2016-12-01,2016-12-01,543.0,9300.0,16.12707182320442,0.181,3.1,16.12707182320442,543.0,9300.0,16.12707182320442,both,BOTH_QUALIFIED,False,,,AGPU_037,opend,POC,True,dual,
AGPU,Axe Compute,NASDAQ,2016-09-06,2016-12-05,2016-12-05,615.0,9060.0,13.731707317073171,0.205,3.02,13.731707317073171,615.0,9060.0,13.731707317073171,both,BOTH_QUALIFIED,False,,,AGPU_037,opend,POC,True,dual,
AGPU,Axe Compute,NASDAQ,2016-09-07,2016-12-06,2016-12-06,594.0,8850.0,13.8989898989899,0.198,2.95,13.8989898989899,594.0,8850.0,13.8989898989899,both,BOTH_QUALIFIED,False,,,AGPU_037,opend,POC,True,dual,
AGPU,Axe Compute,NASDAQ,2016-09-08,2016-12-07,2016-12-07,552.0,8850.0,15.032608695652176,0.184,2.95,15.032608695652176,552.0,8850.0,15.032608695652176,both,BOTH_QUALIFIED,False,,,AGPU_037,opend,POC,True,dual,
AGPU,Axe Compute,NASDAQ,2016-09-09,2016-12-08,2016-12-08,507.0,8820.0,16.39644970414201,0.169,2.94,16.39644970414201,507.0,8820.0,16.39644970414201,both,BOTH_QUALIFIED,False,,,AGPU_037,opend,POC,True,dual,
AGPU,Axe Compute,NASDAQ,2016-09-12,2016-12-11,2016-12-12,510.0,9000.0,16.647058823529413,0.17,3.0,16.64705882352941,510.0,9000.0,16.647058823529413,both,BOTH_QUALIFIED,False,,,AGPU_037,opend,POC,True,dual,
AGPU,Axe Compute,NASDAQ,2016-09-13,2016-12-12,2016-12-12,486.0,9000.0,17.51851851851852,0.162,3.0,17.51851851851852,486.0,9000.0,17.51851851851852,both,BOTH_QUALIFIED,False,,,AGPU_037,opend,POC,True,dual,
AGPU,Axe Compute,NASDAQ,2016-09-14,2016-12-13,2016-12-13,507.0,8940.0,16.633136094674555,0.169,2.98,16.633136094674555,507.0,8940.0,16.633136094674555,both,BOTH_QUALIFIED,False,,,AGPU_037,opend,POC,True,dual,
AGPU,Axe Compute,NASDAQ,2016-09-15,2016-12-14,2016-12-14,504.0,10410.0,19.654761904761905,0.168,3.47,19.654761904761905,504.0,10410.0,19.654761904761905,both,BOTH_QUALIFIED,False,,,AGPU_037,opend,POC,True,dual,
AGPU,Axe Compute,NASDAQ,2016-09-16,2016-12-15,2016-12-15,600.0,10080.0,15.8,0.2,3.36,15.799999999999997,600.0,10080.0,15.8,both,BOTH_QUALIFIED,False,,,AGPU_037,opend,POC,True,dual,
AGPU,Axe Compute,NASDAQ,2016-09-19,2016-12-18,2016-12-19,534.0,10680.0,19.0,0.178,3.56,19.0,534.0,10680.0,19.0,both,BOTH_QUALIFIED,False,,,AGPU_037,opend,POC,True,dual,
AGPU,Axe Compute,NASDAQ,2016-09-20,2016-12-19,2016-12-19,524.999999999,10680.0,19.34285714289589,0.175,3.56,19.342857142857145,524.999999999,10680.0,19.34285714289589,both,BOTH_QUALIFIED,False,,,AGPU_037,opend,POC,True,dual,
AGPU,Axe Compute,NASDAQ,2016-09-21,2016-12-20,2016-12-20,549.0,10050.0,17.30601092896175,0.183,3.35,17.30601092896175,549.0,10050.0,17.306010928961747,both,BOTH_QUALIFIED,False,,,AGPU_037,opend,POC,True,dual,
AGPU,Axe Compute,NASDAQ,2016-09-22,2016-12-21,2016-12-21,531.0,9960.0,17.757062146892654,0.177,3.32,17.757062146892654,531.0,9960.0,17.757062146892654,both,BOTH_QUALIFIED,False,,,AGPU_037,opend,POC,True,dual,
AGPU,Axe Compute,NASDAQ,2016-09-23,2016-12-22,2016-12-22,527.999999999,9660.0,17.295454545489196,0.176,3.22,17.295454545454547,527.999999999,9660.0,17.295454545489196,both,BOTH_QUALIFIED,False,,,AGPU_037,opend,POC,True,dual,
AGPU,Axe Compute,NASDAQ,2016-09-26,2016-12-25,2016-12-27,527.999999999,8880.0,15.81818181821367,0.176,2.96,15.81818181818182,527.999999999,8880.0,15.81818181821367,both,BOTH_QUALIFIED,False,,,AGPU_037,opend,POC,True,dual,
AGPU,Axe Compute,NASDAQ,2016-09-27,2016-12-26,2016-12-27,510.0,8880.0,16.41176470588235,0.17,2.96,16.41176470588235,510.0,8880.0,16.41176470588235,both,BOTH_QUALIFIED,False,,,AGPU_037,opend,POC,True,dual,
AGPU,Axe Compute,NASDAQ,2016-09-28,2016-12-27,2016-12-27,483.0,8880.0,17.385093167701864,0.161,2.96,17.385093167701864,483.0,8880.0,17.385093167701864,both,BOTH_QUALIFIED,False,,,AGPU_037,opend,POC,True,dual,
AGPU,Axe Compute,NASDAQ,2016-09-29,2016-12-28,2016-12-28,495.0,8520.0,16.21212121212121,0.165,2.84,16.21212121212121,495.0,8520.0,16.21212121212121,both,BOTH_QUALIFIED,False,,,AGPU_037,opend,POC,True,dual,
AGPU,Axe Compute,NASDAQ,2016-09-30,2016-12-29,2016-12-29,495.0,8399.999999999,15.969696969696969,0.165,2.8,15.969696969696969,495.0,8399.999999999,15.969696969694947,both,BOTH_QUALIFIED,False,,,AGPU_037,opend,POC,True,dual,
AGPU,Axe Compute,NASDAQ,2016-10-03,2017-01-01,2017-01-03,486.0,8040.0,15.543209876543209,0.162,2.68,15.543209876543209,486.0,8040.0,15.543209876543209,both,BOTH_QUALIFIED,False,,,AGPU_037,opend,POC,True,dual,
AGPU,Axe Compute,NASDAQ,2016-10-04,2017-01-02,2017-01-03,489.0,8040.0,15.441717791411044,0.163,2.68,15.441717791411044,489.0,8040.0,15.441717791411044,both,BOTH_QUALIFIED,False,,,AGPU_037,opend,POC,True,dual,
AGPU,Axe Compute,NASDAQ,2016-10-05,2017-01-03,2017-01-03,462.0,8040.0,16.402597402597404,0.154,2.68,16.402597402597404,462.0,8040.0,16.4025974025974,both,BOTH_QUALIFIED,False,,,AGPU_037,opend,POC,True,dual,
AGPU,Axe Compute,NASDAQ,2016-10-06,2017-01-04,2017-01-04,420.0,7620.0,17.142857142857142,0.14,2.54,17.142857142857142,420.0,7620.0,17.142857142857142,both,BOTH_QUALIFIED,False,,,AGPU_037,opend,POC,True,dual,
AGPU,Axe Compute,NASDAQ,2016-10-07,2017-01-05,2017-01-05,444.0,7980.0,16.972972972972975,0.148,2.66,16.972972972972975,444.0,7980.0,16.972972972972972,both,BOTH_QUALIFIED,False,,,AGPU_037,opend,POC,True,dual,
AGPU,Axe Compute,NASDAQ,2016-10-10,2017-01-08,2017-01-09,420.0,8339.999999999,18.857142857142854,0.14,2.78,18.857142857142854,420.0,8339.999999999,18.857142857140474,both,BOTH_QUALIFIED,False,,,AGPU_037,opend,POC,True,dual,
AGPU,Axe Compute,NASDAQ,2016-10-11,2017-01-09,2017-01-09,405.0,8339.999999999,19.592592592592588,0.135,2.78,19.592592592592588,405.0,8339.999999999,19.592592592590123,both,BOTH_QUALIFIED,False,,,AGPU_037,opend,POC,True,dual,
AGPU,Axe Compute,NASDAQ,2016-10-12,2017-01-10,2017-01-10,360.0,8970.0,23.916666666666668,0.12,2.99,23.916666666666668,360.0,8970.0,23.916666666666668,both,BOTH_QUALIFIED,False,,,AGPU_037,opend,POC,True,dual,
AGPU,Axe Compute,NASDAQ,2016-10-13,2017-01-11,2017-01-11,342.0,9240.0,26.017543859649123,0.114,3.08,26.017543859649123,342.0,9240.0,26.017543859649123,both,BOTH_QUALIFIED,False,,,AGPU_037,opend,POC,True,dual,
AGPU,Axe Compute,NASDAQ,2016-10-14,2017-01-12,2017-01-12,375.0,8460.0,21.56,0.125,2.82,21.56,375.0,8460.0,21.56,both,BOTH_QUALIFIED,False,,,AGPU_037,opend,POC,True,dual,
AGPU,Axe Compute,NASDAQ,2016-10-17,2017-01-15,2017-01-17,369.0,7710.0,19.89430894308943,0.123,2.57,19.89430894308943,369.0,7710.0,19.89430894308943,both,BOTH_QUALIFIED,False,,,AGPU_037,opend,POC,True,dual,
AGPU,Axe Compute,NASDAQ,2016-10-18,2017-01-16,2017-01-17,372.0,7710.0,19.725806451612904,0.124,2.57,19.7258064516129,372.0,7710.0,19.725806451612904,both,BOTH_QUALIFIED,False,,,AGPU_037,opend,POC,True,dual,
AGPU,Axe Compute,NASDAQ,2016-10-19,2017-01-17,2017-01-17,366.0,7710.0,20.065573770491802,0.122,2.57,20.065573770491802,366.0,7710.0,20.065573770491802,both,BOTH_QUALIFIED,False,,,AGPU_037,opend,POC,True,dual,
AGPU,Axe Compute,NASDAQ,2016-10-20,2017-01-18,2017-01-18,366.0,7830.0,20.39344262295082,0.122,2.61,20.39344262295082,366.0,7830.0,20.39344262295082,both,BOTH_QUALIFIED,False,,,AGPU_037,opend,POC,True,dual,
AGPU,Axe Compute,NASDAQ,2016-10-21,2017-01-19,2017-01-19,360.0,7260.0,19.166666666666668,0.12,2.42,19.166666666666668,360.0,7260.0,19.166666666666668,both,BOTH_QUALIFIED,False,,,AGPU_037,opend,POC,True,dual,
AGPU,Axe Compute,NASDAQ,2016-10-24,2017-01-22,2017-01-23,339.0,6839.999999999,19.176991150442475,0.113,2.28,19.176991150442475,339.0,6839.999999999,19.176991150439527,both,BOTH_QUALIFIED,False,,,AGPU_037,opend,POC,True,dual,
AGPU,Axe Compute,NASDAQ,2016-10-25,2017-01-23,2017-01-23,333.0,6839.999999999,19.540540540540537,0.111,2.28,19.540540540540537,333.0,6839.999999999,19.540540540537535,both,BOTH_QUALIFIED,False,,,AGPU_037,opend,POC,True,dual,
AGPU,Axe Compute,NASDAQ,2016-10-26,2017-01-24,2017-01-24,315.0,6600.0,19.952380952380956,0.105,2.2,19.952380952380956,315.0,6600.0,19.952380952380953,both,BOTH_QUALIFIED,False,,,AGPU_037,opend,POC,True,dual,
AGPU,Axe Compute,NASDAQ,2016-10-27,2017-01-25,2017-01-25,351.0,6600.0,17.803418803418804,0.117,2.2,17.803418803418804,351.0,6600.0,17.803418803418804,both,BOTH_QUALIFIED,False,,,AGPU_037,opend,POC,True,dual,
AGPU,Axe Compute,NASDAQ,2023-03-20,2023-06-18,2023-06-20,0.334,4.45,12.323353293413174,0.334,4.45,12.323353293413174,100.2,66.75,-0.3338323353293413,raw,RAW_ONLY_REVIEW,True,,,AGPU_038,opend,POC,True,dual,raw/adjusted qualification mismatch
AGPU,Axe Compute,NASDAQ,2023-03-21,2023-06-19,2023-06-20,0.3447,4.45,11.909776617348419,0.3447,4.45,11.909776617348419,103.41,66.75,-0.3545111691325791,raw,RAW_ONLY_REVIEW,True,,,AGPU_038,opend,POC,True,dual,raw/adjusted qualification mismatch
AGPU,Axe Compute,NASDAQ,2023-03-22,2023-06-20,2023-06-20,0.3112,4.45,13.299485861182522,0.3112,4.45,13.299485861182522,93.36,66.75,-0.28502570694087404,raw,RAW_ONLY_REVIEW,True,,,AGPU_038,opend,POC,True,dual,raw/adjusted qualification mismatch
AGPU,Axe Compute,NASDAQ,2023-03-23,2023-06-21,2023-06-21,0.2976,3.83,11.86962365591398,0.2976,3.83,11.86962365591398,89.28,57.45,-0.356518817204301,raw,RAW_ONLY_REVIEW,True,,,AGPU_038,opend,POC,True,dual,raw/adjusted qualification mismatch
AGPU,Axe Compute,NASDAQ,2023-03-24,2023-06-22,2023-06-22,0.3004,4.46,13.846870838881491,0.3004,4.46,13.846870838881491,90.12,66.9,-0.2576564580559254,raw,RAW_ONLY_REVIEW,True,,,AGPU_038,opend,POC,True,dual,raw/adjusted qualification mismatch
AGPU,Axe Compute,NASDAQ,2023-03-27,2023-06-25,2023-06-26,0.28,4.52,15.142857142857139,0.28,4.52,15.142857142857139,84.0,67.799999999,-0.19285714286904765,raw,RAW_ONLY_REVIEW,True,,,AGPU_038,opend,POC,True,dual,raw/adjusted qualification mismatch
AGPU,Axe Compute,NASDAQ,2023-03-28,2023-06-26,2023-06-26,0.29,4.52,14.586206896551724,0.29,4.52,14.586206896551724,87.0,67.799999999,-0.22068965518390815,raw,RAW_ONLY_REVIEW,True,,,AGPU_038,opend,POC,True,dual,raw/adjusted qualification mismatch
AGPU,Axe Compute,NASDAQ,2023-03-29,2023-06-27,2023-06-27,0.2836,4.65,15.396332863187588,0.2836,4.65,15.396332863187588,85.08,69.75,-0.1801833568406206,raw,RAW_ONLY_REVIEW,True,,,AGPU_038,opend,POC,True,dual,raw/adjusted qualification mismatch
AGPU,Axe Compute,NASDAQ,2023-03-30,2023-06-28,2023-06-28,0.2773,5.13,17.49981968986657,0.2773,5.13,17.49981968986657,83.19,76.95,-0.07500901550667138,raw,RAW_ONLY_REVIEW,True,,,AGPU_038,opend,POC,True,dual,raw/adjusted qualification mismatch
AGPU,Axe Compute,NASDAQ,2023-03-31,2023-06-29,2023-06-29,0.3268,4.89,13.96328029375765,0.3268,4.89,13.96328029375765,98.04,73.35,-0.2518359853121176,raw,RAW_ONLY_REVIEW,True,,,AGPU_038,opend,POC,True,dual,raw/adjusted qualification mismatch
AGPU,Axe Compute,NASDAQ,2023-04-03,2023-07-02,2023-07-03,0.3112,4.845,14.568766066838046,0.3112,4.845,14.568766066838046,93.36,72.675,-0.22156169665809766,raw,RAW_ONLY_REVIEW,True,,,AGPU_038,opend,POC,True,dual,raw/adjusted qualification mismatch
AGPU,Axe Compute,NASDAQ,2023-04-04,2023-07-03,2023-07-03,0.2954,4.845,15.40148950575491,0.2954,4.845,15.40148950575491,88.62,72.675,-0.17992552471225465,raw,RAW_ONLY_REVIEW,True,,,AGPU_038,opend,POC,True,dual,raw/adjusted qualification mismatch
AGPU,Axe Compute,NASDAQ,2023-04-05,2023-07-04,2023-07-05,0.2768,4.95,16.882947976878615,0.2768,4.95,16.882947976878615,83.04,74.25,-0.10585260115606943,raw,RAW_ONLY_REVIEW,True,,,AGPU_038,opend,POC,True,dual,raw/adjusted qualification mismatch
AGPU,Axe Compute,NASDAQ,2023-04-06,2023-07-05,2023-07-05,0.272,4.95,17.198529411764707,0.272,4.95,17.198529411764707,81.6,74.25,-0.09007352941176461,raw,RAW_ONLY_REVIEW,True,,,AGPU_038,opend,POC,True,dual,raw/adjusted qualification mismatch
AGPU,Axe Compute,NASDAQ,2023-04-10,2023-07-09,2023-07-10,0.2791,5.15,17.452167681834467,0.2791,5.15,17.452167681834467,83.73,77.25,-0.0773916159082767,raw,RAW_ONLY_REVIEW,True,,,AGPU_038,opend,POC,True,dual,raw/adjusted qualification mismatch
AGPU,Axe Compute,NASDAQ,2023-04-11,2023-07-10,2023-07-10,0.2799,5.15,17.39942836727403,0.2799,5.15,17.39942836727403,83.97,77.25,-0.08002858163629867,raw,RAW_ONLY_REVIEW,True,,,AGPU_038,opend,POC,True,dual,raw/adjusted qualification mismatch
AGPU,Axe Compute,NASDAQ,2023-04-12,2023-07-11,2023-07-11,0.2755,5.6,19.326678765880214,0.2755,5.6,19.326678765880214,82.65,84.0,0.016333938294010864,raw,RAW_ONLY_REVIEW,True,,,AGPU_038,opend,POC,True,dual,raw/adjusted qualification mismatch
AGPU,Axe Compute,NASDAQ,2023-04-13,2023-07-12,2023-07-12,0.49,6.14,11.53061224489796,0.49,6.14,11.53061224489796,147.0,92.1,-0.3734693877551021,raw,RAW_ONLY_REVIEW,True,,,AGPU_038,opend,POC,True,dual,raw/adjusted qualification mismatch
AGPU,Axe Compute,NASDAQ,2023-04-14,2023-07-13,2023-07-13,0.38,6.49,16.07894736842105,0.38,6.49,16.07894736842105,114.0,97.35,-0.14605263157894743,raw,RAW_ONLY_REVIEW,True,,,AGPU_038,opend,POC,True,dual,raw/adjusted qualification mismatch
AGPU,Axe Compute,NASDAQ,2023-04-17,2023-07-16,2023-07-17,0.3182,6.64,19.86737900691389,0.3182,6.64,19.86737900691389,95.46,99.6,0.043368950345694435,raw,RAW_ONLY_REVIEW,True,,,AGPU_038,opend,POC,True,dual,raw/adjusted qualification mismatch
AGPU,Axe Compute,NASDAQ,2023-04-18,2023-07-17,2023-07-17,0.2871,6.64,22.127830024381744,0.2871,6.64,22.127830024381744,86.13,99.6,0.15639150121908751,raw,RAW_ONLY_REVIEW,True,,,AGPU_038,opend,POC,True,dual,raw/adjusted qualification mismatch
AGPU,Axe Compute,NASDAQ,2023-04-19,2023-07-18,2023-07-18,0.2798,6.31,21.5518227305218,0.2798,6.31,21.5518227305218,83.94,94.65,0.12759113652609022,raw,RAW_ONLY_REVIEW,True,,,AGPU_038,opend,POC,True,dual,raw/adjusted qualification mismatch
AGPU,Axe Compute,NASDAQ,2023-04-20,2023-07-19,2023-07-19,0.2769,6.21,21.426868905742147,0.2769,6.21,21.426868905742147,83.07,93.15,0.12134344528710739,raw,RAW_ONLY_REVIEW,True,,,AGPU_038,opend,POC,True,dual,raw/adjusted qualification mismatch
AGPU,Axe Compute,NASDAQ,2023-04-21,2023-07-20,2023-07-20,0.1871,6.15,31.870122928915023,0.1871,6.15,31.870122928915023,56.13,92.25,0.6435061464457508,raw,RAW_ONLY_REVIEW,True,,,AGPU_038,opend,POC,True,dual,raw/adjusted qualification mismatch
AGPU,Axe Compute,NASDAQ,2025-07-02,2025-09-30,2025-09-30,0.8343,14.22,16.044228694714132,0.8343,14.22,16.044228694714132,12.5145,14.22,0.13628191298094205,raw,RAW_ONLY_REVIEW,True,,,AGPU_039,opend,POC,True,dual,raw/adjusted qualification mismatch
AGPU,Axe Compute,NASDAQ,2025-07-03,2025-10-01,2025-10-01,0.8501,13.68,15.092224444183039,0.8501,13.68,15.092224444183039,12.7515,13.68,0.07281496294553569,raw,RAW_ONLY_REVIEW,True,,,AGPU_039,opend,POC,True,dual,raw/adjusted qualification mismatch
AGPU,Axe Compute,NASDAQ,2025-07-07,2025-10-05,2025-10-06,0.85,14.3,15.823529411764707,0.85,14.3,15.823529411764707,12.75,14.3,0.1215686274509804,raw,RAW_ONLY_REVIEW,True,,,AGPU_039,opend,POC,True,dual,raw/adjusted qualification mismatch
AGPU,Axe Compute,NASDAQ,2025-07-08,2025-10-06,2025-10-06,0.8,14.3,16.875,0.8,14.3,16.875,12.0,14.3,0.19166666666666665,raw,RAW_ONLY_REVIEW,True,,,AGPU_039,opend,POC,True,dual,raw/adjusted qualification mismatch
AGPU,Axe Compute,NASDAQ,2025-07-09,2025-10-07,2025-10-07,0.8,14.26,16.825,0.8,14.26,16.825,12.0,14.26,0.18833333333333324,raw,RAW_ONLY_REVIEW,True,,,AGPU_039,opend,POC,True,dual,raw/adjusted qualification mismatch
AGPU,Axe Compute,NASDAQ,2025-07-10,2025-10-08,2025-10-08,0.8,14.5,17.125,0.8,14.5,17.125,12.0,14.5,0.20833333333333326,raw,RAW_ONLY_REVIEW,True,,,AGPU_039,opend,POC,True,dual,raw/adjusted qualification mismatch
AGPU,Axe Compute,NASDAQ,2025-07-11,2025-10-09,2025-10-09,0.79,14.27,17.063291139240505,0.79,14.27,17.063291139240505,11.85,14.27,0.20421940928270033,raw,RAW_ONLY_REVIEW,True,,,AGPU_039,opend,POC,True,dual,raw/adjusted qualification mismatch
AGPU,Axe Compute,NASDAQ,2025-07-14,2025-10-12,2025-10-13,0.8,13.47,15.837499999999999,0.8,13.47,15.837499999999999,12.0,13.47,0.12250000000000005,raw,RAW_ONLY_REVIEW,True,,,AGPU_039,opend,POC,True,dual,raw/adjusted qualification mismatch
AGPU,Axe Compute,NASDAQ,2025-07-15,2025-10-13,2025-10-13,0.7905,13.47,16.039848197343456,0.7905,13.47,16.039848197343456,11.8575,13.47,0.1359898798228969,raw,RAW_ONLY_REVIEW,True,,,AGPU_039,opend,POC,True,dual,raw/adjusted qualification mismatch
AGPU,Axe Compute,NASDAQ,2025-07-16,2025-10-14,2025-10-14,0.7833,13.58,16.336907953529938,0.7833,13.58,16.336907953529938,11.7495,13.58,0.15579386356866265,raw,RAW_ONLY_REVIEW,True,,,AGPU_039,opend,POC,True,dual,raw/adjusted qualification mismatch
AGPU,Axe Compute,NASDAQ,2025-07-17,2025-10-15,2025-10-15,0.7815,13.6,16.402431222008957,0.7815,13.6,16.402431222008957,11.7225,13.6,0.16016208146726374,raw,RAW_ONLY_REVIEW,True,,,AGPU_039,opend,POC,True,dual,raw/adjusted qualification mismatch
AGPU,Axe Compute,NASDAQ,2025-07-18,2025-10-16,2025-10-16,0.79,11.0,12.924050632911392,0.79,11.0,12.924050632911392,11.85,11.0,-0.07172995780590719,raw,RAW_ONLY_REVIEW,True,,,AGPU_039,opend,POC,True,dual,raw/adjusted qualification mismatch
AGPU,Axe Compute,NASDAQ,2025-07-21,2025-10-19,2025-10-20,0.7852,9.31,10.85685175751401,0.7852,9.31,10.85685175751401,11.778,9.31,-0.20954321616573268,raw,RAW_ONLY_REVIEW,True,,,AGPU_039,opend,POC,True,dual,raw/adjusted qualification mismatch
AGPU,Axe Compute,NASDAQ,2025-07-22,2025-10-20,2025-10-20,0.776,9.31,10.997422680412372,0.776,9.31,10.997422680412372,11.64,9.31,-0.20017182130584188,raw,RAW_ONLY_REVIEW,True,,,AGPU_039,opend,POC,True,dual,raw/adjusted qualification mismatch
AGPU,Axe Compute,NASDAQ,2025-07-23,2025-10-21,2025-10-21,0.7962,9.42,10.831198191409193,0.7962,9.42,10.831198191409193,11.943,9.42,-0.21125345390605377,raw,RAW_ONLY_REVIEW,True,,,AGPU_039,opend,POC,True,dual,raw/adjusted qualification mismatch
AGPU,Axe Compute,NASDAQ,2025-07-24,2025-10-22,2025-10-22,0.8,9.24,10.549999999999999,0.8,9.24,10.549999999999999,12.0,9.24,-0.22999999999999998,raw,RAW_ONLY_REVIEW,True,,,AGPU_039,opend,POC,True,dual,raw/adjusted qualification mismatch
AGPU,Axe Compute,NASDAQ,2025-07-28,2025-10-26,2025-10-27,0.8,9.3,10.625,0.8,9.3,10.625,12.0,9.3,-0.22499999999999998,raw,RAW_ONLY_REVIEW,True,,,AGPU_039,opend,POC,True,dual,raw/adjusted qualification mismatch
AGPU,Axe Compute,NASDAQ,2025-07-29,2025-10-27,2025-10-27,0.8001,9.3,10.623547056617923,0.8001,9.3,10.623547056617923,12.0015,9.3,-0.22509686289213837,raw,RAW_ONLY_REVIEW,True,,,AGPU_039,opend,POC,True,dual,raw/adjusted qualification mismatch
AGPU,Axe Compute,NASDAQ,2025-07-30,2025-10-28,2025-10-28,0.7817,9.69,11.39605986951516,0.7817,9.69,11.39605986951516,11.7255,9.69,-0.1735960086989894,raw,RAW_ONLY_REVIEW,True,,,AGPU_039,opend,POC,True,dual,raw/adjusted qualification mismatch
AGPU,Axe Compute,NASDAQ,2025-07-31,2025-10-29,2025-10-29,0.789,8.84,10.20405576679341,0.789,8.84,10.20405576679341,11.835,8.84,-0.25306294888043945,raw,RAW_ONLY_REVIEW,True,,,AGPU_039,opend,POC,True,dual,raw/adjusted qualification mismatch
AGPU,Axe Compute,NASDAQ,2025-08-01,2025-10-30,2025-10-30,0.762,8.46,10.102362204724411,0.762,8.46,10.102362204724411,11.43,8.46,-0.25984251968503924,raw,RAW_ONLY_REVIEW,True,,,AGPU_039,opend,POC,True,dual,raw/adjusted qualification mismatch
