[初始化] 加载LLM客户端...
加载配置文件: /root/MarketRadar/config/llm_config.local.yaml
[初始化] 加载产业链图谱...
[初始化] 加载历史案例库...
[初始化] 初始化推理器和验证器...
[初始化] 初始化M2信号存储...
[初始化] 初始化M3机会判断引擎...
[初始化] 初始化M4行动设计器...
[初始化] 初始化数据源...
[初始化] 初始化新闻去重器...
[初始化] 初始化真实行情数据源...
[初始化] 完成


================================================================================
实盘信号监控 - 2026-05-01
================================================================================

[采集] 开始采集 2026-05-01 的新闻...
  - xinhua... 获取 0 条
  - ndrc... 获取 0 条
  - 36kr... 获取 20 条
[采集] 共获取 20 条新闻（过滤 2 条重复）

[推理] 开始处理 20 条新闻...

  [1/20] 36氪首发｜国内首家落地“筷子夹”塔架回收技术的商业航天公司，完成5亿元融资...
JSON解析失败: Unterminated string starting at: line 137 column 17 (char 5642)
原始响应: 好的，作为一位专业的投资机会分析师，我将遵循您的指令，从非财经信息中识别隐性投资机会。以下是对您提供的36氪文章的分析报告。

```json
{
    "event_analysis": {
        "core_event": "国内首家落地“筷子夹”塔架回收技术的商业航天公司“大航跃迁”完成5亿元融资，并计划于2027年首飞其核心产品“跃迁一号”运载火箭。",
        "key_entities": [
            "上海大航跃迁航天科技有限公司",
            "创始人陈曙光（原中国运载火箭技术研究院、某头部火箭企业高管）",
            "SpaceX（作为技术对标和路径选择参照）",
            "前海方舟、厚纪资本、普华资本等投资机构",
            "国有发动机供应商（国家队）",
            "卫星组网需求方（星网、垣信等）"
        ],
        "time_sensitivity": "medium",
        "importance_score": 0.85,
        "reasoning": "事件本身并非即时发生的市场波动，但标志着中国商业航天进入第二代技术路线（塔架回收）的实质性竞争阶段，为未来3-5年的产业链投资提供了清晰的方向。融资成功验证了资本市场对该技术路径的认可，具有里程碑意义。"
    },
    "causal_chain": [
        {
            "from_concept": "大航跃迁成功融资并推进“筷子夹”塔架回收火箭研发",
            "to_concept": "火箭发射成本大幅降低，单次发射成本可降至传统着陆腿方案的1/10",
            "relation_type": "tech_enables",
            "reasoning": "文章明确指出，塔架回收方案相比着陆腿方案可减少约6吨结构重量，直接转化为有效运力或更低的燃料消耗，这是技术进步带来的成本结构优化。",
            "confidence": 0.9,
            "supporting_facts": [
                "文章原文：“相较传统着陆腿方案，塔架回收可减少约6吨结构重量，单次使用成本仅为着陆腿方案的约1/10。”"
            ]
        },
        {
            "from_concept": "发射成本大幅降低",
            "to_concept": "大规模、高频次的卫星组网成为经济上可行的商业模式",
            "relation_type": "demand_shifts",
            "reasoning": "当前卫星组网（如星网、垣信）的主要瓶颈之一是发射成本。成本降低一个数量级，将直接改变卫星互联网、遥感等星座项目的商业模型，从“可承受”变为“高利润”，从而引爆下游应用需求。",
            "confidence": 0.85,
            "supporting_facts": [
                "文章原文：“围绕卫星组网需求，降低发射成本与提升运载能力成为行业两大核心命题。”",
                "行业共识：卫星互联网的盈亏平衡点高度依赖于发射成本。"
            ]
        },
        {
            "from_concept": "大规模卫星组网需求爆发",
            "to_concept": "对上游火箭制造、关键零部件、新材料、地面设备的需求量同步激增",
            "relation_type": "demand_shifts",
            "reasoning": "下游需求的爆发会传导至整个产业链。不仅火箭总装企业受益，其上游的发动机（液氧甲烷）、铝合金材料、飞控系统、阀门、贮箱、电缆等供应商都将面临订单增长。",
            "confidence": 0.8,
            "supporting_facts": [
                "文章提及火箭采用铝合金材料、液氧甲烷发动机、自研飞控系统等，表明其供应链的复杂性和广泛性。",
                "经济学原理：下游需求扩张带动上游产业扩张。"
            ]
        },
        {
            "from_concept": "大航跃迁采用成熟发动机（国家队）+自研飞控的混合策略",
            "to_concept": "利好已具备成熟产能的国有发动机供应商，同时为国产高端飞控芯片、传感器等半导体企业创造新市场",
            "relation_type": "supply_constrains",
            "reasoning": "大航跃迁选择“先用成熟电池造车”，意味着在短期内，国有发动机供应商将获得稳定订单。而自研飞控系统则意味着对高性能、高可靠性的国产化芯片和传感器有刚性需求，这可能推动国产替代进程。",
            "confidence": 0.75,
            "supporting_facts": [
                "文章原文：“首型火箭将采用成熟的...80吨级发动机...会继续与国家队合作批产。”",
                "文章原文：“飞控系统...承担导航制导、姿态控制...被视为火箭的‘神经中枢’。”"
            ]
        },
        {
            "from_concept": "大航跃迁为代表的第二代商业航天公司崛起",
            "to_concept": "加速中国商业航天产业链的成熟和分工细化，相关配套服务（如试验、测试、发射场运营）价值提升",
            "relation_type": "policy_drives",
            "reasoning": "文章提到“供应链完善、基础设施逐步开放、资本市场认知提升”，暗示政策环境已为专业化分工创造了条件。更多创业公司出现，会催生更多第三方专业服务公司，形成产业生态。",
            "confidence": 0.7,
            "supporting_facts": [
                "文章原文：“国内商业航天供应链已初具规模...地面试验能力逐步社会化，临海发射场也在开放。”",
                "行业发展规律：早期是全能型公司，成熟期是专业化分工。"
            ]
        }
    ],
    "industry_impact": {
        "affected_sectors": [
            {
                "sector_name": "商业航天发射服务",
                "impact_path": "downstream",
                "impact_strength": 0.9,
                "timeframe": "mid_term",
                "reasoning": "直接受益。大航跃迁的成功将直接提供更低成本、更高运力的发射服务，挑战现有格局，并可能成为卫星组网的主要供应商。"
            },
            {
                "sector_name": "卫星互联网/星座运营",
                "impact_path": "downstream",
                "impact_strength": 0.95,
                "timeframe": "long_term",
                "reasoning": "核心受益。发射成本的大幅下降是其商业模式成立的关键前提。这是最大的隐性机会，因为市场可能低估了成本降低带来的需求弹性。"
            },
            {
                "sector_name": "航天发动机（液氧甲烷）",
                "impact_path": "upstream",
                "impact_strength": 0.8,
                "timeframe": "short_term",
                "reasoning": "短期受益明确。大航跃迁首飞采用成熟发动机，给相关国有供应商带来直接订单。同时，其自研150吨级发动机也为未来技术迭代埋下伏笔。"
            },
            {
                "sector_name": "高端特种材料（铝合金、复合材料）",
                "impact_path": "upstream",
                "impact_strength": 0.7,
                "timeframe": "mid_term",
                "reasoning": "受益于火箭轻量化需求。文章明确提到采用铝合金材料，随着火箭批量化生产，对高性能、轻量化材料的需求将显著增长。"
            },
            {
                "sector_name": "航天电子/飞控系统（含芯片、传感器）",
                "impact_path": "upstream",
                "impact_strength": 0.75,
                "timeframe": "mid_term",
                "reasoning": "大航跃迁自研飞控系统，将带动对国产高端宇航级芯片、MEMS传感器、FPGA等的需求，加速国产替代进程。"
            },
            {
                "sector_name": "地面测试与发射设施运营",
                "impact_path": "complement",
                "impact_strength": 0.6,
                "timeframe": "short_term",
                "reasoning": "火箭研发和发射频次提升，需要更多地面试验台、发射工位、测控服务等，利好相关基础设施运营方。"
            }
        ]
    },
    "target_identification": {
        "opportunities": [
            {
                "industry_sector": "航天发动机",
                "target_symbols": ["600391.SH", "000547.SZ"],
                "opportunity_description": "投资为“跃迁一号”提供成熟80吨级液氧甲烷发动机的国有供应商或其核心配套企业。",
                "benefit_logic": "大航跃迁首飞确定性需求，以及后续批产合作，将为这些企业带来稳定的收入和利润增长。",
                "confidence": 0.7
            },
            {
                "industry_sector": "卫星互联网运营",
                "target_symbols": ["未上市/概念股：中国卫星、中国卫通等"],
                "opportunity_description": "投资与“星网”、“垣信”等大型卫星星座项目深度绑定的运营或制造企业。",
                "benefit_logic": "发射成本降低是这些星座项目从规划走向大规模部署的关键催化剂，将显著提升其资产价值和盈利预期。这是最大的长期机会，但需要识别出真正的核心受益者。",
                "confidence": 0.6
            },
            {
                "industry_sector": "高端特种材料",
                "target_symbols": ["002149.SZ", "600456.SH"],
                "opportunity
    未识别到信号

  [2/20] 小鹏集团4月共交付新车31011台...
    识别到 3 个信号
    - 汽车金融/消费信贷: 小鹏0首付促销将带动汽车贷款需求，利好提供汽车金融服务的银行及持牌金融机构。...
      置信度: 0.797 -> 0.797 (+0.000)
      标的: 300033.SZ, 600030.SH
    - 新能源汽车零部件（轻量化/智能化）: 小鹏为保销量可能加速降本，对高性价比零部件需求增加，利好国产替代供应商。...
      置信度: 0.797 -> 0.797 (+0.000)
      标的: 002920.SZ, 600741.SH
    - 二手车交易平台: 0首付新车促销可能刺激换购需求，增加二手车供给，利好二手车平台。...
      置信度: 0.797 -> 0.797 (+0.000)
      标的: UAG.F, DDAQY

  [3/20] 苹果称印度反垄断机构越权，双方争端愈演愈烈...
    识别到 3 个信号
    - 印度本土科技公司（应用商店、支付）: 苹果与CCI冲突可能迫使苹果降低佣金或开放第三方支付，印度本土应用商店和支付服务...
      置信度: 0.640 -> 0.640 (+0.000)
      标的: PAYTM.NS, PHONEPE.NS（未上市）, INDIAMART.NS
    - 全球反垄断法律与合规服务: 印度反垄断执法强化将增加科技公司对法律咨询和合规服务的需求，尤其擅长跨境反垄断的...
      置信度: 0.640 -> 0.640 (+0.000)
      标的: BAKER MCKENZIE（未上市）, DLA PIPER（未上市）, 全球律所ETF
    - 印度移动应用开发者工具（跨平台开发）: 若苹果在印度面临佣金压力，开发者可能加速采用跨平台开发工具（如Flutter、R...
      置信度: 0.640 -> 0.640 (+0.000)
      标的: FLUTTER（Google）, REACT NATIVE（Meta）, UNITY.US

  [4/20] 界面财联社入股小红书关联公司...
    识别到 4 个信号
    - 社交媒体/内容平台: 小红书估值可能因媒体入股带来的合规改善和品牌背书而提升，关注其上市进程或相关私募...
      置信度: 0.608 -> 0.608 (+0.000)
      标的: 未上市，关注小红书Pre-IPO基金或影子股
    - 财经媒体/数据服务: 界面财联社入股小红书，可能带动市场对财经媒体与平台合作模式的关注，类似媒体集团（...
      置信度: 0.608 -> 0.608 (+0.000)
      标的: 002181（粤传媒）, 300059（东方财富）
    - 内容合规与舆情管理: 小红书加强合规能力将带动对内容审核、舆情监测、数据安全服务的需求，相关技术提供商...
      置信度: 0.608 -> 0.608 (+0.000)
      标的: 300766（每日互动）, 300624（万兴科技）
    - 广告营销: 小红书商业化加速可能增加对广告代理和KOL营销服务的需求，尤其是与财经媒体合作后...
      置信度: 0.608 -> 0.608 (+0.000)
      标的: 002400（省广集团）, 300058（蓝色光标）

  [5/20] 29家高股息且高增长公司连续派现...
    识别到 4 个信号
    - 石油石化: 中国石化股息率高、一季度净利润增长28.21%，股价回撤33.54%，估值处于历...
      置信度: 0.680 -> 0.680 (+0.000)
      标的: 600028.SH
    - 黄金珠宝零售: 菜百股份作为老牌黄金珠宝零售商，连续派现且一季度高增长，股价回撤超20%，受益于...
      置信度: 0.680 -> 0.680 (+0.000)
      标的: 605599.SH
    - 食品加工: 巴比食品、有友食品均为消费必需品，股息率稳定且一季度高增长，回撤后性价比提升。...
      置信度: 0.680 -> 0.680 (+0.000)
      标的: 603517.SH, 603156.SH
    - 医药诊断: 金域医学作为第三方医学检验龙头，连续分红且一季度高增长，回撤超20%后估值具备吸...
      置信度: 0.680 -> 0.680 (+0.000)
      标的: 603882.SH

  [6/20] A股年度派现金额创历史新高...
    识别到 4 个信号
    - 银行（高股息代表）: 银行股分红率稳定且绝对值高，分红创新高将吸引避险资金，推动估值修复。...
      置信度: 0.731 -> 0.731 (+0.000)
      标的: 601398.SH（工商银行）, 601939.SH（建设银行）, 600036.SH（招商银行）
    - 红利ETF及指数基金: 资金被动流入红利ETF，管理规模与费率收入双增。...
      置信度: 0.731 -> 0.731 (+0.000)
      标的: 510880.SH（华泰柏瑞红利ETF）, 516180.SH（易方达中证红利ETF）, 515180.SH（富国中证红利指数增强）
    - 能源与公用事业: 传统高分红行业，现金流充裕，分红可持续性强。...
      置信度: 0.731 -> 0.731 (+0.000)
      标的: 601088.SH（中国神华）, 600900.SH（长江电力）, 601857.SH（中国石油）
    - 券商（财富管理及衍生品）: 分红潮带动红利产品代销、量化中性策略（多红利空成长）需求，增加券商佣金与做市收入...
      置信度: 0.731 -> 0.731 (+0.000)
      标的: 600030.SH（中信证券）, 601211.SH（国泰君安）, 600999.SH（招商证券）

  [7/20] 2026五一档档期总票房破亿...
    识别到 3 个信号
    - 影院及院线: 万达电影、横店影视等头部院线在五一档期间直接受益于票房增长，短期收入及利润有望提...
      置信度: 0.709 -> 0.709 (+0.000)
      标的: 002739.SZ, 603103.SH
    - 影视制作与发行: 光线传媒（若参与《消失的人》发行）或华谊兄弟（若关联《寒战1994》）等公司可能...
      置信度: 0.709 -> 0.709 (+0.000)
      标的: 300251.SZ, 002343.SZ
    - 在线票务平台: 猫眼娱乐、芒果超媒（旗下票务平台）等在线票务平台因票房增长获得更多服务费收入。...
      置信度: 0.709 -> 0.709 (+0.000)
      标的: HK.01896, 300413.SZ

  [8/20] 杭州为具身智能机器人立法，今起施行...
    识别到 3 个信号
    - 机器人核心零部件: 减速器、伺服电机、传感器等上游企业将因杭州立法刺激的产业需求而受益，订单与毛利率...
      置信度: 0.709 -> 0.709 (+0.000)
      标的: 688017.SH, 002747.SZ, 300124.SZ
    - 具身智能机器人整机及系统集成: 杭州本地及长三角机器人整机企业将直接受益于政策扶持、产业集群及订单增长。...
      置信度: 0.709 -> 0.709 (+0.000)
      标的: 300024.SZ, 002230.SZ, 688160.SH
    - 工业软件与AI芯片: 具身智能机器人对AI决策、视觉处理及运动控制软件需求增加，相关软件及芯片企业间接...
      置信度: 0.709 -> 0.709 (+0.000)
      标的: 688256.SH, 002405.SZ

  [9/20] 今日铁路运输迎高峰，预计97万人次出京...
    识别到 3 个信号
    - 铁路客运服务: 铁路客运高峰直接提升铁路上市公司（如京沪高铁）的票务收入，同时铁路物流（如铁龙物...
      置信度: 0.809 -> 0.809 (+0.000)
      标的: 601816.SH, 600125.SH
    - 铁路信息化与智能调度: 假期高负荷运行暴露调度瓶颈，推动铁路部门加速采购智能调度系统、信号监测设备。...
      置信度: 0.809 -> 0.809 (+0.000)
      标的: 688568.SH, 300150.SZ
    - 旅游目的地消费: 出京旅客主要流向杭州、西安、郑州等城市，带动当地酒店、景区消费。...
      置信度: 0.809 -> 0.809 (+0.000)
      标的: 000888.SZ, 600754.SH

  [10/20] 上汽乘用车4月零售超7.8万辆，同比增长15.5%...
    识别到 4 个信号
    - 汽车整车制造: 上汽集团作为上汽乘用车的母公司，其A股股价将直接受益于核心品牌销量超预期增长带来...
      置信度: 0.778 -> 0.778 (+0.000)
      标的: 600104.SH
    - 动力电池: 上汽乘用车是宁德时代、国轩高科的重要客户，销量增长将拉动电池采购订单。...
      置信度: 0.778 -> 0.778 (+0.000)
      标的: 300750.SZ, 002074.SZ
    - 汽车电子/智能驾驶: 上汽乘用车的智能座舱和智驾系统采用地平线征程系列芯片，销量增长将带动芯片采购。...
      置信度: 0.778 -> 0.778 (+0.000)
      标的: 688169.SH
    - 汽车后市场（轮胎）: 玲珑轮胎是上汽乘用车的原配和替换胎供应商，新车销量增长将增加原配胎需求。...
      置信度: 0.778 -> 0.778 (+0.000)
      标的: 601966.SH

  [11/20] 鸿蒙智行4月交付32759台，同比增长18.9%...
    识别到 4 个信号
    - 整车制造（华为智选车合作方）: 赛力斯（问界）和长安汽车（阿维塔）作为华为深度合作方，直接受益于鸿蒙智行销量增长...
      置信度: 0.809 -> 0.809 (+0.000)
      标的: 601127.SH, 000625.SZ
    - 华为汽车电子供应商: 激光雷达、车载摄像头、连接器等核心零部件的华为供应商将随华为出货量增长而受益。...
      置信度: 0.809 -> 0.809 (+0.000)
      标的: 002920.SZ, 300124.SZ, 603005.SH
    - 功率半导体（SiC/IGBT）: 华为电驱系统对SiC功率模块需求巨大，国产替代供应商受益。...
      置信度: 0.809 -> 0.809 (+0.000)
      标的: 600745.SH, 300661.SZ
    - 智能驾驶软件与测试服务: 高阶智驾普及带动仿真测试、高精地图、数据标注需求。...
      置信度: 0.809 -> 0.809 (+0.000)
      标的: 300496.SZ, 002405.SZ

  [12/20] 岚图汽车4月交付15146辆，同比增长51%...
    识别到 3 个信号
    - 新能源汽车供应链（电池/材料）: 岚图汽车销量大增将直接拉动其电池供应商的订单，尤其是岚图主力车型搭载的电池来自宁...
      置信度: 0.695 -> 0.695 (+0.000)
      标的: 宁德时代(300750.SZ), 亿纬锂能(300014.SZ), 恩捷股份(002812.SZ)
    - 汽车零部件（智能驾驶/座舱）: 岚图车型以智能化作为核心卖点（如百度Apollo合作、高通8155芯片），智能驾...
      置信度: 0.695 -> 0.695 (+0.000)
      标的: 德赛西威(002920.SZ), 均胜电子(600699.SH), 中科创达(300496.SZ)
    - 东风集团产业链（港股/关联公司）: 岚图是东风集团新能源转型的核心载体，其成功将直接提升东风集团的整体估值和新能源业...
      置信度: 0.695 -> 0.695 (+0.000)
      标的: 东风集团股份(00489.HK), 东风科技(600081.SH)

  [13/20] 蔚来公司4月交付29,356台，同比增长22.8%...
    识别到 4 个信号
    - 换电站设备与运营: 蔚来交付量增长直接提升换电站使用率，换电模式的经济性改善可能吸引更多车企加入换电...
      置信度: 0.709 -> 0.709 (+0.000)
      标的: NIO (蔚来汽车，美股), 不确定具体A股标的，建议关注宁德时代（换电合作）
    - 动力电池供应商（尤其LFP电池）: 乐道和萤火虫品牌定位大众/入门市场，倾向于使用成本更低的磷酸铁锂电池，利好LFP...
      置信度: 0.709 -> 0.709 (+0.000)
      标的: 300750.SZ (宁德时代), 002074.SZ (国轩高科)
    - 汽车铝合金及轻量化材料: 蔚来全系车型采用全铝车身，交付量增长将拉动铝合金压铸件和型材需求。...
      置信度: 0.709 -> 0.709 (+0.000)
      标的: 600933.SH (爱柯迪), 002540.SZ (亚太科技)
    - 充电桩及换电设备制造: 蔚来交付量增长带动充电/换电基础设施投资，尤其换电站设备需求增加。...
      置信度: 0.709 -> 0.709 (+0.000)
      标的: 300001.SZ (特锐德), 002276.SZ (万马股份)

  [14/20] 北京人形将发布天工Omni机器人...
    识别到 4 个信号
    - 机器人核心零部件: 谐波减速器、RV减速器、伺服电机及编码器供应商，直接受益于人形机器人关节需求放量...
      置信度: 0.622 -> 0.622 (+0.000)
      标的: 002747.SZ, 688017.SH, 300124.SZ
    - 传感器与执行器: 力矩传感器、六维力传感器、触觉传感器供应商...
      置信度: 0.622 -> 0.622 (+0.000)
      标的: 603662.SH, 300567.SZ
    - AI芯片与边缘计算: 边缘AI推理芯片、SoC及计算平台供应商...
      置信度: 0.622 -> 0.622 (+0.000)
      标的: 688256.SH, 603893.SH
    - 人形机器人研发/集成企业: 已布局人形机器人整机或核心技术的企业...
      置信度: 0.622 -> 0.622 (+0.000)
      标的: 688322.SH, 002527.SZ

  [15/20] 腾讯已入股游戏科学，持股24%...
    识别到 3 个信号
    - 游戏研发与发行（A股/港股）: 腾讯控股作为游戏科学唯一外部股东，将直接受益于《黑神话：悟空》后续DLC、续作及...
      置信度: 0.809 -> 0.809 (+0.000)
      标的: 0700.HK, TCEHY
    - 游戏产业链上游（美术/动捕/音频外包）: 游戏科学获得资金后，将扩大开发团队和外包需求，利好为3A游戏提供美术、动捕、音频...
      置信度: 0.809 -> 0.809 (+0.000)
      标的: 300624.SZ, 002555.SZ
    - 游戏硬件（PC/主机/外设）: 《黑神话：悟空》是硬件杀手级应用，其续作或DLC将进一步推动玩家升级显卡、CPU...
      置信度: 0.809 -> 0.809 (+0.000)
      标的: NVIDIA (NVDA), AMD (AMD), Logitech (LOGI)

  [16/20] 宁德时代上线电池在供车型查询入口...
    识别到 3 个信号
    - 动力电池制造（二线厂商）: 随着宁德时代公开供应数据，车企加速多元化电池供应商，二线电池厂将获得更多新车型订...
      置信度: 0.809 -> 0.809 (+0.000)
      标的: 03931.HK, 002074.SZ, 300014.SZ
    - 新能源汽车整车制造（低依赖宁德时代车企）: 拥有多元电池供应商或自研电池的车企，其供应链韧性被市场重新认可，估值可能获得溢价...
      置信度: 0.809 -> 0.809 (+0.000)
      标的: TSLA.US, 9866.HK, XPEV.US
    - 电池回收及检测服务: 电池供应透明化有利于电池流向追踪，为后续回收和梯次利用提供数据基础，相关服务商受...
      置信度: 0.809 -> 0.809 (+0.000)
      标的: 688005.SH, 300750.SZ

  [17/20] 2026年电影票房破130亿...
    识别到 3 个信号
    - 影院运营: 票房高增长直接提升影院票房分账收入和卖品收入，万达电影作为行业龙头市占率稳定，横...
      置信度: 0.726 -> 0.726 (+0.000)
      标的: 002739.SZ（万达电影）, 603103.SH（横店影视）
    - 电影制作与发行: 光线传媒在动画及青春片领域有储备，中国电影作为国家队参与多部头部项目，票房火爆将...
      置信度: 0.726 -> 0.726 (+0.000)
      标的: 300251.SZ（光线传媒）, 600977.SH（中国电影）
    - 在线票务与宣发平台: 猫眼娱乐作为在线票务龙头，票房增长直接提升其出票量、服务费及广告收入，同时参与影...
      置信度: 0.726 -> 0.726 (+0.000)
      标的: 01896.HK（猫眼娱乐）

  [18/20] 去哪儿旅行：假期首日外出游玩人数达峰值 “宝藏小城串游”订单增120%...
JSON解析失败: Unterminated string starting at: line 142 column 44 (char 5764)
原始响应: 好的，作为一位专业的投资机会分析师，我将从这份非财经信息中，挖掘潜在的隐性投资机会。

以下是我的分析报告：

```json
{
    "event_analysis": {
        "core_event": "2026年五一假期首日，旅游市场呈现“大小城双向奔赴”、“多城串游”和“新能源自驾”等结构性新趋势，出入境游双向火爆。",
        "key_entities": [
            "去哪儿旅行",
            "国内“宝藏小城”及省会城市",
            "新能源车租赁行业",
            "演唱会/主题乐园/自然风景区",
            "国际游客（飞赴中国城市）",
            "中国出境游客（覆盖全球近1500个城市）"
        ],
        "time_sensitivity": "high",
        "importance_score": 0.85
    },
    "causal_chain": [
        {
            "from_concept": "“宝藏小城串游”订单增120% & 热门城市平均入住时长2.6天",
            "to_concept": "对非一线城市及周边区域的住宿、交通、餐饮、娱乐等消费需求结构性增加",
            "relation_type": "demand_shifts",
            "reasoning": "消费者不再满足于单一热门景点，而是追求深度、多元的体验。这直接导致旅游消费从传统“头部”城市向“腰部”和“尾部”城市扩散，并延长了停留时间。",
            "confidence": 0.95,
            "supporting_facts": [
                "“宝藏小城”预订增幅跑赢省会城市",
                "“多城串游”订单增120%",
                "热门城市平均入住时长达到2.6天"
            ]
        },
        {
            "from_concept": "新能源车租赁量同比增近2倍",
            "to_concept": "对新能源汽车产业链（整车、电池、充电桩）及自驾游相关服务（导航、保险、营地）的需求强劲增长",
            "relation_type": "demand_shifts",
            "reasoning": "节假日自驾游是新能源汽车消费的典型场景。租赁量的爆发式增长，反映了消费者对新能源车作为出行工具的接受度显著提高，同时暴露出对充电基础设施和配套服务的更高要求。",
            "confidence": 0.9,
            "supporting_facts": [
                "国内自驾游预订量增长近六成",
                "新能源车租赁量同比增近2倍"
            ]
        },
        {
            "from_concept": "“colorwalk”带动相关景区热度增5倍以上 & 演唱会、主题乐园人从众",
            "to_concept": "对具备“打卡”、“社交”、“体验”属性的文旅产品和服务的需求激增，带动相关IP运营、景区服务和内容营销行业",
            "relation_type": "demand_shifts",
            "reasoning": "“Colorwalk”本质上是一种城市漫游与社交打卡的结合。这种新型旅游方式催生了新的消费场景，如特色街区、文创店、网红咖啡馆等，并提升了这些地点的商业价值。演唱会、主题乐园的火爆则验证了“体验式消费”的持续走强。",
            "confidence": 0.85,
            "supporting_facts": [
                "“colorwalk”带动相关景区热度增5倍以上",
                "演唱会、主题乐园、自然风景区人从众"
            ]
        },
        {
            "from_concept": "出入境游双向火爆（中国游客住进全球近1500个城市，飞赴中国的外国游客翻倍增长）",
            "to_concept": "国际航线、免税消费、跨境支付、涉外酒店及本地化服务（翻译、导游）的需求显著提升",
            "relation_type": "demand_shifts",
            "reasoning": "出入境游的全面复苏是明确的信号。出境游方面，中国游客的足迹更广，意味着对长途航线、海外酒店预订平台的需求增加。入境游方面，外国游客数量翻倍增长，利好国内的涉外旅游服务、高端酒店、地方特色餐饮及免税零售。",
            "confidence": 0.9,
            "supporting_facts": [
                "平台上的中国游客住进了全球近1500个城市的酒店",
                "飞赴广州、成都、武汉、北京、长沙、呼和浩特的外国游客均翻倍增长"
            ]
        }
    ],
    "industry_impact": {
        "affected_sectors": [
            {
                "sector_name": "新能源汽车产业链（整车/电池/充电桩）",
                "impact_path": "downstream",
                "impact_strength": 0.9,
                "timeframe": "short_term"
            },
            {
                "sector_name": "旅游住宿（非标住宿/经济型连锁酒店）",
                "impact_path": "downstream",
                "impact_strength": 0.85,
                "timeframe": "mid_term"
            },
            {
                "sector_name": "文旅IP运营及景区服务",
                "impact_path": "downstream",
                "impact_strength": 0.8,
                "timeframe": "short_term"
            },
            {
                "sector_name": "国际航空及跨境旅游服务",
                "impact_path": "downstream",
                "impact_strength": 0.9,
                "timeframe": "short_term"
            },
            {
                "sector_name": "免税零售及本地生活服务",
                "impact_path": "downstream",
                "impact_strength": 0.75,
                "timeframe": "mid_term"
            },
            {
                "sector_name": "在线旅游平台（OTA）",
                "impact_path": "downstream",
                "impact_strength": 0.95,
                "timeframe": "immediate"
            }
        ]
    },
    "target_identification": {
        "opportunities": [
            {
                "industry_sector": "在线旅游平台（OTA）",
                "target_symbols": ["TCOM", "携程集团-S"],
                "opportunity_description": "作为数据来源方和核心交易平台，去哪儿及其母公司携程是旅游复苏的最直接受益者。其庞大的用户基础和供应链，能充分捕捉“多城串游”、“新能源自驾”和“出入境游”的增长红利。",
                "benefit_logic": "平台交易量（GMV）和佣金收入将因订单量激增而显著提升。其“一人订多间房”和“多城串游”等新业务模式直接贡献增量。",
                "confidence": 0.95
            },
            {
                "industry_sector": "新能源汽车（整车/租赁）",
                "target_symbols": ["特斯拉", "比亚迪", "小鹏汽车", "蔚来", "理想汽车", "神州租车", "一嗨租车"],
                "opportunity_description": "新能源车租赁量同比增近2倍，表明市场对新能源车作为出行工具的认可度达到新高度。这利好新能源车企的销量预期，以及汽车租赁公司的业务增长。",
                "benefit_logic": "新能源车企：节假日租赁需求是真实用户场景的验证，有助于品牌推广和后续销售。汽车租赁公司：租赁需求爆发直接带来收入和利润增长，特别是布局新能源车队的公司。",
                "confidence": 0.85
            },
            {
                "industry_sector": "充电基础设施",
                "target_symbols": ["特锐德", "星星充电", "国家电网"],
                "opportunity_description": "自驾游和新能源车租赁的爆发，将倒逼高速公路、景区、小城镇等目的地的充电桩建设加速。这是典型的“需求拉动供给”的投资机会。",
                "benefit_logic": "充电桩运营商和制造商将直接受益于充电需求的增加和使用率的提升。节假日期间“充电焦虑”的新闻会加速政策对充电设施建设的支持。",
                "confidence": 0.8
            },
            {
                "industry_sector": "国际航空",
                "target_symbols": ["中国国航", "中国东航", "中国南航"],
                "opportunity_description": "出入境游双向火爆，特别是外国游客翻倍增长，表明国际航线需求强劲复苏。这将显著改善航空公司的国际航线客座率和票价水平。",
                "benefit_logic": "国际航线利润率高，是航空公司扭亏为盈的关键。入境游和出境游的双重增长，为航空公司提供了确定性的业绩支撑。",
                "confidence": 0.85
            },
            {
                "industry_sector": "免税零售",
                "target_symbols": ["中国中免"],
                "opportunity_description": "出入境人数大幅增加，尤其是入境游的复苏，将直接带动机场和市内的免税消费。",
                "benefit_logic": "中国中免作为国内免税龙头，其营收与出入境客流高度相关。入境游客的购买力是新的增量，而中国游客出境游的恢复也利好其在海外和机场的布局。",
                "confidence": 0.8
            },
            {
                "industry_sector": "本地生活服务（小城镇）",
                "target_symbols": ["美团", "同程旅行"],
                "opportunity_description": "“宝藏小城串游”和“多城串游”意味着大量消费从一线城市向二三线及以下城市转移。这为深耕本地生活服务（餐饮、住宿、娱乐）的平台[M3] 查询历史隐性信号失败: 13 validation errors for ImplicitSignal
reasoning_chain.causal_links.0.from_concept
  Field required [type=missing, input_value={'from': '小鹏4月交...，需求被分流。'}, input_type=dict]
    For further information visit https://errors.pydantic.dev/2.13/v/missing
reasoning_chain.causal_links.0.to_concept
  Field required [type=missing, input_value={'from': '小鹏4月交...，需求被分流。'}, input_type=dict]
    For further information visit https://errors.pydantic.dev/2.13/v/missing
reasoning_chain.causal_links.0.relation_type
  Field required [type=missing, input_value={'from': '小鹏4月交...，需求被分流。'}, input_type=dict]
    For further information visit https://errors.pydantic.dev/2.13/v/missing
reasoning_chain.causal_links.1.from_concept
  Field required [type=missing, input_value={'from': '小鹏推出0...蚀单车毛利率。'}, input_type=dict]
    For further information visit https://errors.pydantic.dev/2.13/v/missing
reasoning_chain.causal_links.1.to_concept
  Field required [type=missing, input_value={'from': '小鹏推出0...蚀单车毛利率。'}, input_type=dict]
    For further information visit https://errors.pydantic.dev/2.13/v/missing
reasoning_chain.causal_links.1.relation_type
  Field required [type=missing, input_value={'from': '小鹏推出0...蚀单车毛利率。'}, input_type=dict]
    For further information visit https://errors.pydantic.dev/2.13/v/missing
reasoning_chain.causal_links.2.from_concept
  Field required [type=missing, input_value={'from': '销量压力与...车保费下降）。'}, input_type=dict]
    For further information visit https://errors.pydantic.dev/2.13/v/missing
reasoning_chain.causal_links.2.to_concept
  Field required [type=missing, input_value={'from': '销量压力与...车保费下降）。'}, input_type=dict]
    For further information visit https://errors.pydantic.dev/2.13/v/missing
reasoning_chain.causal_links.2.relation_type
  Field required [type=missing, input_value={'from': '销量压力与...车保费下降）。'}, input_type=dict]
    For further information visit https://errors.pydantic.dev/2.13/v/missing
reasoning_chain.causal_links.3.from_concept
  Field required [type=missing, input_value={'from': '小鹏促销可...行业盈利恶化。'}, input_type=dict]
    For further information visit https://errors.pydantic.dev/2.13/v/missing
reasoning_chain.causal_links.3.to_concept
  Field required [type=missing, input_value={'from': '小鹏促销可...行业盈利恶化。'}, input_type=dict]
    For further information visit https://errors.pydantic.dev/2.13/v/missing
reasoning_chain.causal_links.3.relation_type
  Field required [type=missing, input_value={'from': '小鹏促销可...行业盈利恶化。'}, input_type=dict]
    For further information visit https://errors.pydantic.dev/2.13/v/missing
reasoning_chain.reasoning_stages
  Field required [type=missing, input_value={'chain_id': 'chain_f499e...verall_confidence': 0.6}, input_type=dict]
    For further information visit https://errors.pydantic.dev/2.13/v/missing
[M3] 查询历史隐性信号失败: 13 validation errors for ImplicitSignal
reasoning_chain.causal_links.0.from_concept
  Field required [type=missing, input_value={'from': '小鹏4月交...，需求被分流。'}, input_type=dict]
    For further information visit https://errors.pydantic.dev/2.13/v/missing
reasoning_chain.causal_links.0.to_concept
  Field required [type=missing, input_value={'from': '小鹏4月交...，需求被分流。'}, input_type=dict]
    For further information visit https://errors.pydantic.dev/2.13/v/missing
reasoning_chain.causal_links.0.relation_type
  Field required [type=missing, input_value={'from': '小鹏4月交...，需求被分流。'}, input_type=dict]
    For further information visit https://errors.pydantic.dev/2.13/v/missing
reasoning_chain.causal_links.1.from_concept
  Field required [type=missing, input_value={'from': '小鹏推出0...蚀单车毛利率。'}, input_type=dict]
    For further information visit https://errors.pydantic.dev/2.13/v/missing
reasoning_chain.causal_links.1.to_concept
  Field required [type=missing, input_value={'from': '小鹏推出0...蚀单车毛利率。'}, input_type=dict]
    For further information visit https://errors.pydantic.dev/2.13/v/missing
reasoning_chain.causal_links.1.relation_type
  Field required [type=missing, input_value={'from': '小鹏推出0...蚀单车毛利率。'}, input_type=dict]
    For further information visit https://errors.pydantic.dev/2.13/v/missing
reasoning_chain.causal_links.2.from_concept
  Field required [type=missing, input_value={'from': '销量压力与...车保费下降）。'}, input_type=dict]
    For further information visit https://errors.pydantic.dev/2.13/v/missing
reasoning_chain.causal_links.2.to_concept
  Field required [type=missing, input_value={'from': '销量压力与...车保费下降）。'}, input_type=dict]
    For further information visit https://errors.pydantic.dev/2.13/v/missing
reasoning_chain.causal_links.2.relation_type
  Field required [type=missing, input_value={'from': '销量压力与...车保费下降）。'}, input_type=dict]
    For further information visit https://errors.pydantic.dev/2.13/v/missing
reasoning_chain.causal_links.3.from_concept
  Field required [type=missing, input_value={'from': '小鹏促销可...行业盈利恶化。'}, input_type=dict]
    For further information visit https://errors.pydantic.dev/2.13/v/missing
reasoning_chain.causal_links.3.to_concept
  Field required [type=missing, input_value={'from': '小鹏促销可...行业盈利恶化。'}, input_type=dict]
    For further information visit https://errors.pydantic.dev/2.13/v/missing
reasoning_chain.causal_links.3.relation_type
  Field required [type=missing, input_value={'from': '小鹏促销可...行业盈利恶化。'}, input_type=dict]
    For further information visit https://errors.pydantic.dev/2.13/v/missing
reasoning_chain.reasoning_stages
  Field required [type=missing, input_value={'chain_id': 'chain_f499e...verall_confidence': 0.6}, input_type=dict]
    For further information visit https://errors.pydantic.dev/2.13/v/missing
[M3] 查询历史隐性信号失败: 13 validation errors for ImplicitSignal
reasoning_chain.causal_links.0.from_concept
  Field required [type=missing, input_value={'from': '小鹏4月交...，需求被分流。'}, input_type=dict]
    For further information visit https://errors.pydantic.dev/2.13/v/missing
reasoning_chain.causal_links.0.to_concept
  Field required [type=missing, input_value={'from': '小鹏4月交...，需求被分流。'}, input_type=dict]
    For further information visit https://errors.pydantic.dev/2.13/v/missing
reasoning_chain.causal_links.0.relation_type
  Field required [type=missing, input_value={'from': '小鹏4月交...，需求被分流。'}, input_type=dict]
    For further information visit https://errors.pydantic.dev/2.13/v/missing
reasoning_chain.causal_links.1.from_concept
  Field required [type=missing, input_value={'from': '小鹏推出0...蚀单车毛利率。'}, input_type=dict]
    For further information visit https://errors.pydantic.dev/2.13/v/missing
reasoning_chain.causal_links.1.to_concept
  Field required [type=missing, input_value={'from': '小鹏推出0...蚀单车毛利率。'}, input_type=dict]
    For further information visit https://errors.pydantic.dev/2.13/v/missing
reasoning_chain.causal_links.1.relation_type
  Field required [type=missing, input_value={'from': '小鹏推出0...蚀单车毛利率。'}, input_type=dict]
    For further information visit https://errors.pydantic.dev/2.13/v/missing
reasoning_chain.causal_links.2.from_concept
  Field required [type=missing, input_value={'from': '销量压力与...车保费下降）。'}, input_type=dict]
    For further information visit https://errors.pydantic.dev/2.13/v/missing
reasoning_chain.causal_links.2.to_concept
  Field required [type=missing, input_value={'from': '销量压力与...车保费下降）。'}, input_type=dict]
    For further information visit https://errors.pydantic.dev/2.13/v/missing
reasoning_chain.causal_links.2.relation_type
  Field required [type=missing, input_value={'from': '销量压力与...车保费下降）。'}, input_type=dict]
    For further information visit https://errors.pydantic.dev/2.13/v/missing
reasoning_chain.causal_links.3.from_concept
  Field required [type=missing, input_value={'from': '小鹏促销可...行业盈利恶化。'}, input_type=dict]
    For further information visit https://errors.pydantic.dev/2.13/v/missing
reasoning_chain.causal_links.3.to_concept
  Field required [type=missing, input_value={'from': '小鹏促销可...行业盈利恶化。'}, input_type=dict]
    For further information visit https://errors.pydantic.dev/2.13/v/missing
reasoning_chain.causal_links.3.relation_type
  Field required [type=missing, input_value={'from': '小鹏促销可...行业盈利恶化。'}, input_type=dict]
    For further information visit https://errors.pydantic.dev/2.13/v/missing
reasoning_chain.reasoning_stages
  Field required [type=missing, input_value={'chain_id': 'chain_49660...verall_confidence': 0.5}, input_type=dict]
    For further information visit https://errors.pydantic.dev/2.13/v/missing
[M3] 查询历史隐性信号失败: 13 validation errors for ImplicitSignal
reasoning_chain.causal_links.0.from_concept
  Field required [type=missing, input_value={'from': '小鹏4月交...，需求被分流。'}, input_type=dict]
    For further information visit https://errors.pydantic.dev/2.13/v/missing
reasoning_chain.causal_links.0.to_concept
  Field required [type=missing, input_value={'from': '小鹏4月交...，需求被分流。'}, input_type=dict]
    For further information visit https://errors.pydantic.dev/2.13/v/missing
reasoning_chain.causal_links.0.relation_type
  Field required [type=missing, input_value={'from': '小鹏4月交...，需求被分流。'}, input_type=dict]
    For further information visit https://errors.pydantic.dev/2.13/v/missing
reasoning_chain.causal_links.1.from_concept
  Field required [type=missing, input_value={'from': '小鹏推出0...蚀单车毛利率。'}, input_type=dict]
    For further information visit https://errors.pydantic.dev/2.13/v/missing
reasoning_chain.causal_links.1.to_concept
  Field required [type=missing, input_value={'from': '小鹏推出0...蚀单车毛利率。'}, input_type=dict]
    For further information visit https://errors.pydantic.dev/2.13/v/missing
reasoning_chain.causal_links.1.relation_type
  Field required [type=missing, input_value={'from': '小鹏推出0...蚀单车毛利率。'}, input_type=dict]
    For further information visit https://errors.pydantic.dev/2.13/v/missing
reasoning_chain.causal_links.2.from_concept
  Field required [type=missing, input_value={'from': '销量压力与...车保费下降）。'}, input_type=dict]
    For further information visit https://errors.pydantic.dev/2.13/v/missing
reasoning_chain.causal_links.2.to_concept
  Field required [type=missing, input_value={'from': '销量压力与...车保费下降）。'}, input_type=dict]
    For further information visit https://errors.pydantic.dev/2.13/v/missing
reasoning_chain.causal_links.2.relation_type
  Field required [type=missing, input_value={'from': '销量压力与...车保费下降）。'}, input_type=dict]
    For further information visit https://errors.pydantic.dev/2.13/v/missing
reasoning_chain.causal_links.3.from_concept
  Field required [type=missing, input_value={'from': '小鹏促销可...行业盈利恶化。'}, input_type=dict]
    For further information visit https://errors.pydantic.dev/2.13/v/missing
reasoning_chain.causal_links.3.to_concept
  Field required [type=missing, input_value={'from': '小鹏促销可...行业盈利恶化。'}, input_type=dict]
    For further information visit https://errors.pydantic.dev/2.13/v/missing
reasoning_chain.causal_links.3.relation_type
  Field required [type=missing, input_value={'from': '小鹏促销可...行业盈利恶化。'}, input_type=dict]
    For further information visit https://errors.pydantic.dev/2.13/v/missing
reasoning_chain.reasoning_stages
  Field required [type=missing, input_value={'chain_id': 'chain_49660...verall_confidence': 0.5}, input_type=dict]
    For further information visit https://errors.pydantic.dev/2.13/v/missing
[M3] 查询历史隐性信号失败: 13 validation errors for ImplicitSignal
reasoning_chain.causal_links.0.from_concept
  Field required [type=missing, input_value={'from': '小鹏4月交...，需求被分流。'}, input_type=dict]
    For further information visit https://errors.pydantic.dev/2.13/v/missing
reasoning_chain.causal_links.0.to_concept
  Field required [type=missing, input_value={'from': '小鹏4月交...，需求被分流。'}, input_type=dict]
    For further information visit https://errors.pydantic.dev/2.13/v/missing
reasoning_chain.causal_links.0.relation_type
  Field required [type=missing, input_value={'from': '小鹏4月交...，需求被分流。'}, input_type=dict]
    For further information visit https://errors.pydantic.dev/2.13/v/missing
reasoning_chain.causal_links.1.from_concept
  Field required [type=missing, input_value={'from': '小鹏推出0...蚀单车毛利率。'}, input_type=dict]
    For further information visit https://errors.pydantic.dev/2.13/v/missing
reasoning_chain.causal_links.1.to_concept
  Field required [type=missing, input_value={'from': '小鹏推出0...蚀单车毛利率。'}, input_type=dict]
    For further information visit https://errors.pydantic.dev/2.13/v/missing
reasoning_chain.causal_links.1.relation_type
  Field required [type=missing, input_value={'from': '小鹏推出0...蚀单车毛利率。'}, input_type=dict]
    For further information visit https://errors.pydantic.dev/2.13/v/missing
reasoning_chain.causal_links.2.from_concept
  Field required [type=missing, input_value={'from': '销量压力与...车保费下降）。'}, input_type=dict]
    For further information visit https://errors.pydantic.dev/2.13/v/missing
reasoning_chain.causal_links.2.to_concept
  Field required [type=missing, input_value={'from': '销量压力与...车保费下降）。'}, input_type=dict]
    For further information visit https://errors.pydantic.dev/2.13/v/missing
reasoning_chain.causal_links.2.relation_type
  Field required [type=missing, input_value={'from': '销量压力与...车保费下降）。'}, input_type=dict]
    For further information visit https://errors.pydantic.dev/2.13/v/missing
reasoning_chain.causal_links.3.from_concept
  Field required [type=missing, input_value={'from': '小鹏促销可...行业盈利恶化。'}, input_type=dict]
    For further information visit https://errors.pydantic.dev/2.13/v/missing
reasoning_chain.causal_links.3.to_concept
  Field required [type=missing, input_value={'from': '小鹏促销可...行业盈利恶化。'}, input_type=dict]
    For further information visit https://errors.pydantic.dev/2.13/v/missing
reasoning_chain.causal_links.3.relation_type
  Field required [type=missing, input_value={'from': '小鹏促销可...行业盈利恶化。'}, input_type=dict]
    For further information visit https://errors.pydantic.dev/2.13/v/missing
reasoning_chain.reasoning_stages
  Field required [type=missing, input_value={'chain_id': 'chain_326c1...verall_confidence': 0.4}, input_type=dict]
    For further information visit https://errors.pydantic.dev/2.13/v/missing
[M3] 查询历史隐性信号失败: 13 validation errors for ImplicitSignal
reasoning_chain.causal_links.0.from_concept
  Field required [type=missing, input_value={'from': '小鹏4月交...，需求被分流。'}, input_type=dict]
    For further information visit https://errors.pydantic.dev/2.13/v/missing
reasoning_chain.causal_links.0.to_concept
  Field required [type=missing, input_value={'from': '小鹏4月交...，需求被分流。'}, input_type=dict]
    For further information visit https://errors.pydantic.dev/2.13/v/missing
reasoning_chain.causal_links.0.relation_type
  Field required [type=missing, input_value={'from': '小鹏4月交...，需求被分流。'}, input_type=dict]
    For further information visit https://errors.pydantic.dev/2.13/v/missing
reasoning_chain.causal_links.1.from_concept
  Field required [type=missing, input_value={'from': '小鹏推出0...蚀单车毛利率。'}, input_type=dict]
    For further information visit https://errors.pydantic.dev/2.13/v/missing
reasoning_chain.causal_links.1.to_concept
  Field required [type=missing, input_value={'from': '小鹏推出0...蚀单车毛利率。'}, input_type=dict]
    For further information visit https://errors.pydantic.dev/2.13/v/missing
reasoning_chain.causal_links.1.relation_type
  Field required [type=missing, input_value={'from': '小鹏推出0...蚀单车毛利率。'}, input_type=dict]
    For further information visit https://errors.pydantic.dev/2.13/v/missing
reasoning_chain.causal_links.2.from_concept
  Field required [type=missing, input_value={'from': '销量压力与...车保费下降）。'}, input_type=dict]
    For further information visit https://errors.pydantic.dev/2.13/v/missing
reasoning_chain.causal_links.2.to_concept
  Field required [type=missing, input_value={'from': '销量压力与...车保费下降）。'}, input_type=dict]
    For further information visit https://errors.pydantic.dev/2.13/v/missing
reasoning_chain.causal_links.2.relation_type
  Field required [type=missing, input_value={'from': '销量压力与...车保费下降）。'}, input_type=dict]
    For further information visit https://errors.pydantic.dev/2.13/v/missing
reasoning_chain.causal_links.3.from_concept
  Field required [type=missing, input_value={'from': '小鹏促销可...行业盈利恶化。'}, input_type=dict]
    For further information visit https://errors.pydantic.dev/2.13/v/missing
reasoning_chain.causal_links.3.to_concept
  Field required [type=missing, input_value={'from': '小鹏促销可...行业盈利恶化。'}, input_type=dict]
    For further information visit https://errors.pydantic.dev/2.13/v/missing
reasoning_chain.causal_links.3.relation_type
  Field required [type=missing, input_value={'from': '小鹏促销可...行业盈利恶化。'}, input_type=dict]
    For further information visit https://errors.pydantic.dev/2.13/v/missing
reasoning_chain.reasoning_stages
  Field required [type=missing, input_value={'chain_id': 'chain_326c1...verall_confidence': 0.4}, input_type=dict]
    For further information visit https://errors.pydantic.dev/2.13/v/missing
[M3] 查询历史隐性信号失败: 13 validation errors for ImplicitSignal
reasoning_chain.causal_links.0.from_concept
  Field required [type=missing, input_value={'from': '苹果与CCI法...推高罚款预期。'}, input_type=dict]
    For further information visit https://errors.pydantic.dev/2.13/v/missing
reasoning_chain.causal_links.0.to_concept
  Field required [type=missing, input_value={'from': '苹果与CCI法...推高罚款预期。'}, input_type=dict]
    For further information visit https://errors.pydantic.dev/2.13/v/missing
reasoning_chain.causal_links.0.relation_type
  Field required [type=missing, input_value={'from': '苹果与CCI法...推高罚款预期。'}, input_type=dict]
    For further information visit https://errors.pydantic.dev/2.13/v/missing
reasoning_chain.causal_links.1.from_concept
  Field required [type=missing, input_value={'from': '印度反垄断...面临类似压力。'}, input_type=dict]
    For further information visit https://errors.pydantic.dev/2.13/v/missing
reasoning_chain.causal_links.1.to_concept
  Field required [type=missing, input_value={'from': '印度反垄断...面临类似压力。'}, input_type=dict]
    For further information visit https://errors.pydantic.dev/2.13/v/missing
reasoning_chain.causal_links.1.relation_type
  Field required [type=missing, input_value={'from': '印度反垄断...面临类似压力。'}, input_type=dict]
    For further information visit https://errors.pydantic.dev/2.13/v/missing
reasoning_chain.causal_links.2.from_concept
  Field required [type=missing, input_value={'from': '科技公司在...卓或混合开发。'}, input_type=dict]
    For further information visit https://errors.pydantic.dev/2.13/v/missing
reasoning_chain.causal_links.2.to_concept
  Field required [type=missing, input_value={'from': '科技公司在...卓或混合开发。'}, input_type=dict]
    For further information visit https://errors.pydantic.dev/2.13/v/missing
reasoning_chain.causal_links.2.relation_type
  Field required [type=missing, input_value={'from': '科技公司在...卓或混合开发。'}, input_type=dict]
    For further information visit https://errors.pydantic.dev/2.13/v/missing
reasoning_chain.causal_links.3.from_concept
  Field required [type=missing, input_value={'from': '印度反垄断...全球服务收入。'}, input_type=dict]
    For further information visit https://errors.pydantic.dev/2.13/v/missing
reasoning_chain.causal_links.3.to_concept
  Field required [type=missing, input_value={'from': '印度反垄断...全球服务收入。'}, input_type=dict]
    For further information visit https://errors.pydantic.dev/2.13/v/missing
reasoning_chain.causal_links.3.relation_type
  Field required [type=missing, input_value={'from': '印度反垄断...全球服务收入。'}, input_type=dict]
    For further information visit https://errors.pydantic.dev/2.13/v/missing
reasoning_chain.reasoning_stages
  Field required [type=missing, input_value={'chain_id': 'chain_1792e...verall_confidence': 0.6}, input_type=dict]
    For further information visit https://errors.pydantic.dev/2.13/v/missing
[M3] 查询历史隐性信号失败: 13 validation errors for ImplicitSignal
reasoning_chain.causal_links.0.from_concept
  Field required [type=missing, input_value={'from': '苹果与CCI法...推高罚款预期。'}, input_type=dict]
    For further information visit https://errors.pydantic.dev/2.13/v/missing
reasoning_chain.causal_links.0.to_concept
  Field required [type=missing, input_value={'from': '苹果与CCI法...推高罚款预期。'}, input_type=dict]
    For further information visit https://errors.pydantic.dev/2.13/v/missing
reasoning_chain.causal_links.0.relation_type
  Field required [type=missing, input_value={'from': '苹果与CCI法...推高罚款预期。'}, input_type=dict]
    For further information visit https://errors.pydantic.dev/2.13/v/missing
reasoning_chain.causal_links.1.from_concept
  Field required [type=missing, input_value={'from': '印度反垄断...面临类似压力。'}, input_type=dict]
    For further information visit https://errors.pydantic.dev/2.13/v/missing
reasoning_chain.causal_links.1.to_concept
  Field required [type=missing, input_value={'from': '印度反垄断...面临类似压力。'}, input_type=dict]
    For further information visit https://errors.pydantic.dev/2.13/v/missing
reasoning_chain.causal_links.1.relation_type
  Field required [type=missing, input_value={'from': '印度反垄断...面临类似压力。'}, input_type=dict]
    For further information visit https://errors.pydantic.dev/2.13/v/missing
reasoning_chain.causal_links.2.from_concept
  Field required [type=missing, input_value={'from': '科技公司在...卓或混合开发。'}, input_type=dict]
    For further information visit https://errors.pydantic.dev/2.13/v/missing
reasoning_chain.causal_links.2.to_concept
  Field required [type=missing, input_value={'from': '科技公司在...卓或混合开发。'}, input_type=dict]
    For further information visit https://errors.pydantic.dev/2.13/v/missing
reasoning_chain.causal_links.2.relation_type
  Field required [type=missing, input_value={'from': '科技公司在...卓或混合开发。'}, input_type=dict]
    For further information visit https://errors.pydantic.dev/2.13/v/missing
reasoning_chain.causal_links.3.from_concept
  Field required [type=missing, input_value={'from': '印度反垄断...全球服务收入。'}, input_type=dict]
    For further information visit https://errors.pydantic.dev/2.13/v/missing
reasoning_chain.causal_links.3.to_concept
  Field required [type=missing, input_value={'from': '印度反垄断...全球服务收入。'}, input_type=dict]
    For further information visit https://errors.pydantic.dev/2.13/v/missing
reasoning_chain.causal_links.3.relation_type
  Field required [type=missing, input_value={'from': '印度反垄断...全球服务收入。'}, input_type=dict]
    For further information visit https://errors.pydantic.dev/2.13/v/missing
reasoning_chain.reasoning_stages
  Field required [type=missing, input_value={'chain_id': 'chain_1792e...verall_confidence': 0.6}, input_type=dict]
    For further information visit https://errors.pydantic.dev/2.13/v/missing
[M3] 查询历史隐性信号失败: 13 validation errors for ImplicitSignal
reasoning_chain.causal_links.0.from_concept
  Field required [type=missing, input_value={'from': '苹果与CCI法...推高罚款预期。'}, input_type=dict]
    For further information visit https://errors.pydantic.dev/2.13/v/missing
reasoning_chain.causal_links.0.to_concept
  Field required [type=missing, input_value={'from': '苹果与CCI法...推高罚款预期。'}, input_type=dict]
    For further information visit https://errors.pydantic.dev/2.13/v/missing
reasoning_chain.causal_links.0.relation_type
  Field required [type=missing, input_value={'from': '苹果与CCI法...推高罚款预期。'}, input_type=dict]
    For further information visit https://errors.pydantic.dev/2.13/v/missing
reasoning_chain.causal_links.1.from_concept
  Field required [type=missing, input_value={'from': '印度反垄断...面临类似压力。'}, input_type=dict]
    For further information visit https://errors.pydantic.dev/2.13/v/missing
reasoning_chain.causal_links.1.to_concept
  Field required [type=missing, input_value={'from': '印度反垄断...面临类似压力。'}, input_type=dict]
    For further information visit https://errors.pydantic.dev/2.13/v/missing
reasoning_chain.causal_links.1.relation_type
  Field required [type=missing, input_value={'from': '印度反垄断...面临类似压力。'}, input_type=dict]
    For further information visit https://errors.pydantic.dev/2.13/v/missing
reasoning_chain.causal_links.2.from_concept
  Field required [type=missing, input_value={'from': '科技公司在...卓或混合开发。'}, input_type=dict]
    For further information visit https://errors.pydantic.dev/2.13/v/missing
reasoning_chain.causal_links.2.to_concept
  Field required [type=missing, input_value={'from': '科技公司在...卓或混合开发。'}, input_type=dict]
    For further information visit https://errors.pydantic.dev/2.13/v/missing
reasoning_chain.causal_links.2.relation_type
  Field required [type=missing, input_value={'from': '科技公司在...卓或混合开发。'}, input_type=dict]
    For further information visit https://errors.pydantic.dev/2.13/v/missing
reasoning_chain.causal_links.3.from_concept
  Field required [type=missing, input_value={'from': '印度反垄断...全球服务收入。'}, input_type=dict]
    For further information visit https://errors.pydantic.dev/2.13/v/missing
reasoning_chain.causal_links.3.to_concept
  Field required [type=missing, input_value={'from': '印度反垄断...全球服务收入。'}, input_type=dict]
    For further information visit https://errors.pydantic.dev/2.13/v/missing
reasoning_chain.causal_links.3.relation_type
  Field required [type=missing, input_value={'from': '印度反垄断...全球服务收入。'}, input_type=dict]
    For further information visit https://errors.pydantic.dev/2.13/v/missing
reasoning_chain.reasoning_stages
  Field required [type=missing, input_value={'chain_id': 'chain_2108e...verall_confidence': 0.4}, input_type=dict]
    For further information visit https://errors.pydantic.dev/2.13/v/missing
[M3] 查询历史隐性信号失败: 13 validation errors for ImplicitSignal
reasoning_chain.causal_links.0.from_concept
  Field required [type=missing, input_value={'from': '苹果与CCI法...推高罚款预期。'}, input_type=dict]
    For further information visit https://errors.pydantic.dev/2.13/v/missing
reasoning_chain.causal_links.0.to_concept
  Field required [type=missing, input_value={'from': '苹果与CCI法...推高罚款预期。'}, input_type=dict]
    For further information visit https://errors.pydantic.dev/2.13/v/missing
reasoning_chain.causal_links.0.relation_type
  Field required [type=missing, input_value={'from': '苹果与CCI法...推高罚款预期。'}, input_type=dict]
    For further information visit https://errors.pydantic.dev/2.13/v/missing
reasoning_chain.causal_links.1.from_concept
  Field required [type=missing, input_value={'from': '印度反垄断...面临类似压力。'}, input_type=dict]
    For further information visit https://errors.pydantic.dev/2.13/v/missing
reasoning_chain.causal_links.1.to_concept
  Field required [type=missing, input_value={'from': '印度反垄断...面临类似压力。'}, input_type=dict]
    For further information visit https://errors.pydantic.dev/2.13/v/missing
reasoning_chain.causal_links.1.relation_type
  Field required [type=missing, input_value={'from': '印度反垄断...面临类似压力。'}, input_type=dict]
    For further information visit https://errors.pydantic.dev/2.13/v/missing
reasoning_chain.causal_links.2.from_concept
  Field required [type=missing, input_value={'from': '科技公司在...卓或混合开发。'}, input_type=dict]
    For further information visit https://errors.pydantic.dev/2.13/v/missing
reasoning_chain.causal_links.2.to_concept
  Field required [type=missing, input_value={'from': '科技公司在...卓或混合开发。'}, input_type=dict]
    For further information visit https://errors.pydantic.dev/2.13/v/missing
reasoning_chain.causal_links.2.relation_type
  Field required [type=missing, input_value={'from': '科技公司在...卓或混合开发。'}, input_type=dict]
    For further information visit https://errors.pydantic.dev/2.13/v/missing
reasoning_chain.causal_links.3.from_concept
  Field required [type=missing, input_value={'from': '印度反垄断...全球服务收入。'}, input_type=dict]
    For further information visit https://errors.pydantic.dev/2.13/v/missing
reasoning_chain.causal_links.3.to_concept
  Field required [type=missing, input_value={'from': '印度反垄断...全球服务收入。'}, input_type=dict]
    For further information visit https://errors.pydantic.dev/2.13/v/missing
reasoning_chain.causal_links.3.relation_type
  Field required [type=missing, input_value={'from': '印度反垄断...全球服务收入。'}, input_type=dict]
    For further information visit https://errors.pydantic.dev/2.13/v/missing
reasoning_chain.reasoning_stages
  Field required [type=missing, input_value={'chain_id': 'chain_2108e...verall_confidence': 0.4}, input_type=dict]
    For further information visit https://errors.pydantic.dev/2.13/v/missing
[M3] 查询历史隐性信号失败: 13 validation errors for ImplicitSignal
reasoning_chain.causal_links.0.from_concept
  Field required [type=missing, input_value={'from': '苹果与CCI法...推高罚款预期。'}, input_type=dict]
    For further information visit https://errors.pydantic.dev/2.13/v/missing
reasoning_chain.causal_links.0.to_concept
  Field required [type=missing, input_value={'from': '苹果与CCI法...推高罚款预期。'}, input_type=dict]
    For further information visit https://errors.pydantic.dev/2.13/v/missing
reasoning_chain.causal_links.0.relation_type
  Field required [type=missing, input_value={'from': '苹果与CCI法...推高罚款预期。'}, input_type=dict]
    For further information visit https://errors.pydantic.dev/2.13/v/missing
reasoning_chain.causal_links.1.from_concept
  Field required [type=missing, input_value={'from': '印度反垄断...面临类似压力。'}, input_type=dict]
    For further information visit https://errors.pydantic.dev/2.13/v/missing
reasoning_chain.causal_links.1.to_concept
  Field required [type=missing, input_value={'from': '印度反垄断...面临类似压力。'}, input_type=dict]
    For further information visit https://errors.pydantic.dev/2.13/v/missing
reasoning_chain.causal_links.1.relation_type
  Field required [type=missing, input_value={'from': '印度反垄断...面临类似压力。'}, input_type=dict]
    For further information visit https://errors.pydantic.dev/2.13/v/missing
reasoning_chain.causal_links.2.from_concept
  Field required [type=missing, input_value={'from': '科技公司在...卓或混合开发。'}, input_type=dict]
    For further information visit https://errors.pydantic.dev/2.13/v/missing
reasoning_chain.causal_links.2.to_concept
  Field required [type=missing, input_value={'from': '科技公司在...卓或混合开发。'}, input_type=dict]
    For further information visit https://errors.pydantic.dev/2.13/v/missing
reasoning_chain.causal_links.2.relation_type
  Field required [type=missing, input_value={'from': '科技公司在...卓或混合开发。'}, input_type=dict]
    For further information visit https://errors.pydantic.dev/2.13/v/missing
reasoning_chain.causal_links.3.from_concept
  Field required [type=missing, input_value={'from': '印度反垄断...全球服务收入。'}, input_type=dict]
    For further information visit https://errors.pydantic.dev/2.13/v/missing
reasoning_chain.causal_links.3.to_concept
  Field required [type=missing, input_value={'from': '印度反垄断...全球服务收入。'}, input_type=dict]
    For further information visit https://errors.pydantic.dev/2.13/v/missing
reasoning_chain.causal_links.3.relation_type
  Field required [type=missing, input_value={'from': '印度反垄断...全球服务收入。'}, input_type=dict]
    For further information visit https://errors.pydantic.dev/2.13/v/missing
reasoning_chain.reasoning_stages
  Field required [type=missing, input_value={'chain_id': 'chain_a7dda...verall_confidence': 0.5}, input_type=dict]
    For further information visit https://errors.pydantic.dev/2.13/v/missing
[M3] 查询历史隐性信号失败: 13 validation errors for ImplicitSignal
reasoning_chain.causal_links.0.from_concept
  Field required [type=missing, input_value={'from': '苹果与CCI法...推高罚款预期。'}, input_type=dict]
    For further information visit https://errors.pydantic.dev/2.13/v/missing
reasoning_chain.causal_links.0.to_concept
  Field required [type=missing, input_value={'from': '苹果与CCI法...推高罚款预期。'}, input_type=dict]
    For further information visit https://errors.pydantic.dev/2.13/v/missing
reasoning_chain.causal_links.0.relation_type
  Field required [type=missing, input_value={'from': '苹果与CCI法...推高罚款预期。'}, input_type=dict]
    For further information visit https://errors.pydantic.dev/2.13/v/missing
reasoning_chain.causal_links.1.from_concept
  Field required [type=missing, input_value={'from': '印度反垄断...面临类似压力。'}, input_type=dict]
    For further information visit https://errors.pydantic.dev/2.13/v/missing
reasoning_chain.causal_links.1.to_concept
  Field required [type=missing, input_value={'from': '印度反垄断...面临类似压力。'}, input_type=dict]
    For further information visit https://errors.pydantic.dev/2.13/v/missing
reasoning_chain.causal_links.1.relation_type
  Field required [type=missing, input_value={'from': '印度反垄断...面临类似压力。'}, input_type=dict]
    For further information visit https://errors.pydantic.dev/2.13/v/missing
reasoning_chain.causal_links.2.from_concept
  Field required [type=missing, input_value={'from': '科技公司在...卓或混合开发。'}, input_type=dict]
    For further information visit https://errors.pydantic.dev/2.13/v/missing
reasoning_chain.causal_links.2.to_concept
  Field required [type=missing, input_value={'from': '科技公司在...卓或混合开发。'}, input_type=dict]
    For further information visit https://errors.pydantic.dev/2.13/v/missing
reasoning_chain.causal_links.2.relation_type
  Field required [type=missing, input_value={'from': '科技公司在...卓或混合开发。'}, input_type=dict]
    For further information visit https://errors.pydantic.dev/2.13/v/missing
reasoning_chain.causal_links.3.from_concept
  Field required [type=missing, input_value={'from': '印度反垄断...全球服务收入。'}, input_type=dict]
    For further information visit https://errors.pydantic.dev/2.13/v/missing
reasoning_chain.causal_links.3.to_concept
  Field required [type=missing, input_value={'from': '印度反垄断...全球服务收入。'}, input_type=dict]
    For further information visit https://errors.pydantic.dev/2.13/v/missing
reasoning_chain.causal_links.3.relation_type
  Field required [type=missing, input_value={'from': '印度反垄断...全球服务收入。'}, input_type=dict]
    For further information visit https://errors.pydantic.dev/2.13/v/missing
reasoning_chain.reasoning_stages
  Field required [type=missing, input_value={'chain_id': 'chain_a7dda...verall_confidence': 0.5}, input_type=dict]
    For further information visit https://errors.pydantic.dev/2.13/v/missing
[M3] 查询历史隐性信号失败: 13 validation errors for ImplicitSignal
reasoning_chain.causal_links.0.from_concept
  Field required [type=missing, input_value={'from': '界面财联社...战略合作需求。'}, input_type=dict]
    For further information visit https://errors.pydantic.dev/2.13/v/missing
reasoning_chain.causal_links.0.to_concept
  Field required [type=missing, input_value={'from': '界面财联社...战略合作需求。'}, input_type=dict]
    For further information visit https://errors.pydantic.dev/2.13/v/missing
reasoning_chain.causal_links.0.relation_type
  Field required [type=missing, input_value={'from': '界面财联社...战略合作需求。'}, input_type=dict]
    For further information visit https://errors.pydantic.dev/2.13/v/missing
reasoning_chain.causal_links.1.from_concept
  Field required [type=missing, input_value={'from': '财经媒体入...和中小企业主。'}, input_type=dict]
    For further information visit https://errors.pydantic.dev/2.13/v/missing
reasoning_chain.causal_links.1.to_concept
  Field required [type=missing, input_value={'from': '财经媒体入...和中小企业主。'}, input_type=dict]
    For further information visit https://errors.pydantic.dev/2.13/v/missing
reasoning_chain.causal_links.1.relation_type
  Field required [type=missing, input_value={'from': '财经媒体入...和中小企业主。'}, input_type=dict]
    For further information visit https://errors.pydantic.dev/2.13/v/missing
reasoning_chain.causal_links.2.from_concept
  Field required [type=missing, input_value={'from': '小红书获得...O融资估值上升。'}, input_type=dict]
    For further information visit https://errors.pydantic.dev/2.13/v/missing
reasoning_chain.causal_links.2.to_concept
  Field required [type=missing, input_value={'from': '小红书获得...O融资估值上升。'}, input_type=dict]
    For further information visit https://errors.pydantic.dev/2.13/v/missing
reasoning_chain.causal_links.2.relation_type
  Field required [type=missing, input_value={'from': '小红书获得...O融资估值上升。'}, input_type=dict]
    For further information visit https://errors.pydantic.dev/2.13/v/missing
reasoning_chain.causal_links.3.from_concept
  Field required [type=missing, input_value={'from': '界面财联社...商）受到关注。'}, input_type=dict]
    For further information visit https://errors.pydantic.dev/2.13/v/missing
reasoning_chain.causal_links.3.to_concept
  Field required [type=missing, input_value={'from': '界面财联社...商）受到关注。'}, input_type=dict]
    For further information visit https://errors.pydantic.dev/2.13/v/missing
reasoning_chain.causal_links.3.relation_type
  Field required [type=missing, input_value={'from': '界面财联社...商）受到关注。'}, input_type=dict]
    For further information visit https://errors.pydantic.dev/2.13/v/missing
reasoning_chain.reasoning_stages
  Field required [type=missing, input_value={'chain_id': 'chain_2cd60...verall_confidence': 0.5}, input_type=dict]
    For further information visit https://errors.pydantic.dev/2.13/v/missing
[M3] 查询历史隐性信号失败: 13 validation errors for ImplicitSignal
reasoning_chain.causal_links.0.from_concept
  Field required [type=missing, input_value={'from': '界面财联社...战略合作需求。'}, input_type=dict]
    For further information visit https://errors.pydantic.dev/2.13/v/missing
reasoning_chain.causal_links.0.to_concept
  Field required [type=missing, input_value={'from': '界面财联社...战略合作需求。'}, input_type=dict]
    For further information visit https://errors.pydantic.dev/2.13/v/missing
reasoning_chain.causal_links.0.relation_type
  Field required [type=missing, input_value={'from': '界面财联社...战略合作需求。'}, input_type=dict]
    For further information visit https://errors.pydantic.dev/2.13/v/missing
reasoning_chain.causal_links.1.from_concept
  Field required [type=missing, input_value={'from': '财经媒体入...和中小企业主。'}, input_type=dict]
    For further information visit https://errors.pydantic.dev/2.13/v/missing
reasoning_chain.causal_links.1.to_concept
  Field required [type=missing, input_value={'from': '财经媒体入...和中小企业主。'}, input_type=dict]
    For further information visit https://errors.pydantic.dev/2.13/v/missing
reasoning_chain.causal_links.1.relation_type
  Field required [type=missing, input_value={'from': '财经媒体入...和中小企业主。'}, input_type=dict]
    For further information visit https://errors.pydantic.dev/2.13/v/missing
reasoning_chain.causal_links.2.from_concept
  Field required [type=missing, input_value={'from': '小红书获得...O融资估值上升。'}, input_type=dict]
    For further information visit https://errors.pydantic.dev/2.13/v/missing
reasoning_chain.causal_links.2.to_concept
  Field required [type=missing, input_value={'from': '小红书获得...O融资估值上升。'}, input_type=dict]
    For further information visit https://errors.pydantic.dev/2.13/v/missing
reasoning_chain.causal_links.2.relation_type
  Field required [type=missing, input_value={'from': '小红书获得...O融资估值上升。'}, input_type=dict]
    For further information visit https://errors.pydantic.dev/2.13/v/missing
reasoning_chain.causal_links.3.from_concept
  Field required [type=missing, input_value={'from': '界面财联社...商）受到关注。'}, input_type=dict]
    For further information visit https://errors.pydantic.dev/2.13/v/missing
reasoning_chain.causal_links.3.to_concept
  Field required [type=missing, input_value={'from': '界面财联社...商）受到关注。'}, input_type=dict]
    For further information visit https://errors.pydantic.dev/2.13/v/missing
reasoning_chain.causal_links.3.relation_type
  Field required [type=missing, input_value={'from': '界面财联社...商）受到关注。'}, input_type=dict]
    For further information visit https://errors.pydantic.dev/2.13/v/missing
reasoning_chain.reasoning_stages
  Field required [type=missing, input_value={'chain_id': 'chain_2cd60...verall_confidence': 0.5}, input_type=dict]
    For further information visit https://errors.pydantic.dev/2.13/v/missing
[M3] 查询历史隐性信号失败: 13 validation errors for ImplicitSignal
reasoning_chain.causal_links.0.from_concept
  Field required [type=missing, input_value={'from': '界面财联社...战略合作需求。'}, input_type=dict]
    For further information visit https://errors.pydantic.dev/2.13/v/missing
reasoning_chain.causal_links.0.to_concept
  Field required [type=missing, input_value={'from': '界面财联社...战略合作需求。'}, input_type=dict]
    For further information visit https://errors.pydantic.dev/2.13/v/missing
reasoning_chain.causal_links.0.relation_type
  Field required [type=missing, input_value={'from': '界面财联社...战略合作需求。'}, input_type=dict]
    For further information visit https://errors.pydantic.dev/2.13/v/missing
reasoning_chain.causal_links.1.from_concept
  Field required [type=missing, input_value={'from': '财经媒体入...和中小企业主。'}, input_type=dict]
    For further information visit https://errors.pydantic.dev/2.13/v/missing
reasoning_chain.causal_links.1.to_concept
  Field required [type=missing, input_value={'from': '财经媒体入...和中小企业主。'}, input_type=dict]
    For further information visit https://errors.pydantic.dev/2.13/v/missing
reasoning_chain.causal_links.1.relation_type
  Field required [type=missing, input_value={'from': '财经媒体入...和中小企业主。'}, input_type=dict]
    For further information visit https://errors.pydantic.dev/2.13/v/missing
reasoning_chain.causal_links.2.from_concept
  Field required [type=missing, input_value={'from': '小红书获得...O融资估值上升。'}, input_type=dict]
    For further information visit https://errors.pydantic.dev/2.13/v/missing
reasoning_chain.causal_links.2.to_concept
  Field required [type=missing, input_value={'from': '小红书获得...O融资估值上升。'}, input_type=dict]
    For further information visit https://errors.pydantic.dev/2.13/v/missing
reasoning_chain.causal_links.2.relation_type
  Field required [type=missing, input_value={'from': '小红书获得...O融资估值上升。'}, input_type=dict]
    For further information visit https://errors.pydantic.dev/2.13/v/missing
reasoning_chain.causal_links.3.from_concept
  Field required [type=missing, input_value={'from': '界面财联社...商）受到关注。'}, input_type=dict]
    For further information visit https://errors.pydantic.dev/2.13/v/missing
reasoning_chain.causal_links.3.to_concept
  Field required [type=missing, input_value={'from': '界面财联社...商）受到关注。'}, input_type=dict]
    For further information visit https://errors.pydantic.dev/2.13/v/missing
reasoning_chain.causal_links.3.relation_type
  Field required [type=missing, input_value={'from': '界面财联社...商）受到关注。'}, input_type=dict]
    For further information visit https://errors.pydantic.dev/2.13/v/missing
reasoning_chain.reasoning_stages
  Field required [type=missing, input_value={'chain_id': 'chain_f6d9e...erall_confidence': 0.35}, input_type=dict]
    For further information visit https://errors.pydantic.dev/2.13/v/missing
[M3] 查询历史隐性信号失败: 13 validation errors for ImplicitSignal
reasoning_chain.causal_links.0.from_concept
  Field required [type=missing, input_value={'from': '界面财联社...战略合作需求。'}, input_type=dict]
    For further information visit https://errors.pydantic.dev/2.13/v/missing
reasoning_chain.causal_links.0.to_concept
  Field required [type=missing, input_value={'from': '界面财联社...战略合作需求。'}, input_type=dict]
    For further information visit https://errors.pydantic.dev/2.13/v/missing
reasoning_chain.causal_links.0.relation_type
  Field required [type=missing, input_value={'from': '界面财联社...战略合作需求。'}, input_type=dict]
    For further information visit https://errors.pydantic.dev/2.13/v/missing
reasoning_chain.causal_links.1.from_concept
  Field required [type=missing, input_value={'from': '财经媒体入...和中小企业主。'}, input_type=dict]
    For further information visit https://errors.pydantic.dev/2.13/v/missing
reasoning_chain.causal_links.1.to_concept
  Field required [type=missing, input_value={'from': '财经媒体入...和中小企业主。'}, input_type=dict]
    For further information visit https://errors.pydantic.dev/2.13/v/missing
reasoning_chain.causal_links.1.relation_type
  Field required [type=missing, input_value={'from': '财经媒体入...和中小企业主。'}, input_type=dict]
    For further information visit https://errors.pydantic.dev/2.13/v/missing
reasoning_chain.causal_links.2.from_concept
  Field required [type=missing, input_value={'from': '小红书获得...O融资估值上升。'}, input_type=dict]
    For further information visit https://errors.pydantic.dev/2.13/v/missing
reasoning_chain.causal_links.2.to_concept
  Field required [type=missing, input_value={'from': '小红书获得...O融资估值上升。'}, input_type=dict]
    For further information visit https://errors.pydantic.dev/2.13/v/missing
reasoning_chain.causal_links.2.relation_type
  Field required [type=missing, input_value={'from': '小红书获得...O融资估值上升。'}, input_type=dict]
    For further information visit https://errors.pydantic.dev/2.13/v/missing
reasoning_chain.causal_links.3.from_concept
  Field required [type=missing, input_value={'from': '界面财联社...商）受到关注。'}, input_type=dict]
    For further information visit https://errors.pydantic.dev/2.13/v/missing
reasoning_chain.causal_links.3.to_concept
  Field required [type=missing, input_value={'from': '界面财联社...商）受到关注。'}, input_type=dict]
    For further information visit https://errors.pydantic.dev/2.13/v/missing
reasoning_chain.causal_links.3.relation_type
  Field required [type=missing, input_value={'from': '界面财联社...商）受到关注。'}, input_type=dict]
    For further information visit https://errors.pydantic.dev/2.13/v/missing
reasoning_chain.reasoning_stages
  Field required [type=missing, input_value={'chain_id': 'chain_f6d9e...erall_confidence': 0.35}, input_type=dict]
    For further information visit https://errors.pydantic.dev/2.13/v/missing
[M3] 查询历史隐性信号失败: 13 validation errors for ImplicitSignal
reasoning_chain.causal_links.0.from_concept
  Field required [type=missing, input_value={'from': '界面财联社...战略合作需求。'}, input_type=dict]
    For further information visit https://errors.pydantic.dev/2.13/v/missing
reasoning_chain.causal_links.0.to_concept
  Field required [type=missing, input_value={'from': '界面财联社...战略合作需求。'}, input_type=dict]
    For further information visit https://errors.pydantic.dev/2.13/v/missing
reasoning_chain.causal_links.0.relation_type
  Field required [type=missing, input_value={'from': '界面财联社...战略合作需求。'}, input_type=dict]
    For further information visit https://errors.pydantic.dev/2.13/v/missing
reasoning_chain.causal_links.1.from_concept
  Field required [type=missing, input_value={'from': '财经媒体入...和中小企业主。'}, input_type=dict]
    For further information visit https://errors.pydantic.dev/2.13/v/missing
reasoning_chain.causal_links.1.to_concept
  Field required [type=missing, input_value={'from': '财经媒体入...和中小企业主。'}, input_type=dict]
    For further information visit https://errors.pydantic.dev/2.13/v/missing
reasoning_chain.causal_links.1.relation_type
  Field required [type=missing, input_value={'from': '财经媒体入...和中小企业主。'}, input_type=dict]
    For further information visit https://errors.pydantic.dev/2.13/v/missing
reasoning_chain.causal_links.2.from_concept
  Field required [type=missing, input_value={'from': '小红书获得...O融资估值上升。'}, input_type=dict]
    For further information visit https://errors.pydantic.dev/2.13/v/missing
reasoning_chain.causal_links.2.to_concept
  Field required [type=missing, input_value={'from': '小红书获得...O融资估值上升。'}, input_type=dict]
    For further information visit https://errors.pydantic.dev/2.13/v/missing
reasoning_chain.causal_links.2.relation_type
  Field required [type=missing, input_value={'from': '小红书获得...O融资估值上升。'}, input_type=dict]
    For further information visit https://errors.pydantic.dev/2.13/v/missing
reasoning_chain.causal_links.3.from_concept
  Field required [type=missing, input_value={'from': '界面财联社...商）受到关注。'}, input_type=dict]
    For further information visit https://errors.pydantic.dev/2.13/v/missing
reasoning_chain.causal_links.3.to_concept
  Field required [type=missing, input_value={'from': '界面财联社...商）受到关注。'}, input_type=dict]
    For further information visit https://errors.pydantic.dev/2.13/v/missing
reasoning_chain.causal_links.3.relation_type
  Field required [type=missing, input_value={'from': '界面财联社...商）受到关注。'}, input_type=dict]
    For further information visit https://errors.pydantic.dev/2.13/v/missing
reasoning_chain.reasoning_stages
  Field required [type=missing, input_value={'chain_id': 'chain_09be1...verall_confidence': 0.3}, input_type=dict]
    For further information visit https://errors.pydantic.dev/2.13/v/missing
[M3] 查询历史隐性信号失败: 13 validation errors for ImplicitSignal
reasoning_chain.causal_links.0.from_concept
  Field required [type=missing, input_value={'from': '界面财联社...战略合作需求。'}, input_type=dict]
    For further information visit https://errors.pydantic.dev/2.13/v/missing
reasoning_chain.causal_links.0.to_concept
  Field required [type=missing, input_value={'from': '界面财联社...战略合作需求。'}, input_type=dict]
    For further information visit https://errors.pydantic.dev/2.13/v/missing
reasoning_chain.causal_links.0.relation_type
  Field required [type=missing, input_value={'from': '界面财联社...战略合作需求。'}, input_type=dict]
    For further information visit https://errors.pydantic.dev/2.13/v/missing
reasoning_chain.causal_links.1.from_concept
  Field required [type=missing, input_value={'from': '财经媒体入...和中小企业主。'}, input_type=dict]
    For further information visit https://errors.pydantic.dev/2.13/v/missing
reasoning_chain.causal_links.1.to_concept
  Field required [type=missing, input_value={'from': '财经媒体入...和中小企业主。'}, input_type=dict]
    For further information visit https://errors.pydantic.dev/2.13/v/missing
reasoning_chain.causal_links.1.relation_type
  Field required [type=missing, input_value={'from': '财经媒体入...和中小企业主。'}, input_type=dict]
    For further information visit https://errors.pydantic.dev/2.13/v/missing
reasoning_chain.causal_links.2.from_concept
  Field required [type=missing, input_value={'from': '小红书获得...O融资估值上升。'}, input_type=dict]
    For further information visit https://errors.pydantic.dev/2.13/v/missing
reasoning_chain.causal_links.2.to_concept
  Field required [type=missing, input_value={'from': '小红书获得...O融资估值上升。'}, input_type=dict]
    For further information visit https://errors.pydantic.dev/2.13/v/missing
reasoning_chain.causal_links.2.relation_type
  Field required [type=missing, input_value={'from': '小红书获得...O融资估值上升。'}, input_type=dict]
    For further information visit https://errors.pydantic.dev/2.13/v/missing
reasoning_chain.causal_links.3.from_concept
  Field required [type=missing, input_value={'from': '界面财联社...商）受到关注。'}, input_type=dict]
    For further information visit https://errors.pydantic.dev/2.13/v/missing
reasoning_chain.causal_links.3.to_concept
  Field required [type=missing, input_value={'from': '界面财联社...商）受到关注。'}, input_type=dict]
    For further information visit https://errors.pydantic.dev/2.13/v/missing
reasoning_chain.causal_links.3.relation_type
  Field required [type=missing, input_value={'from': '界面财联社...商）受到关注。'}, input_type=dict]
    For further information visit https://errors.pydantic.dev/2.13/v/missing
reasoning_chain.reasoning_stages
  Field required [type=missing, input_value={'chain_id': 'chain_09be1...verall_confidence': 0.3}, input_type=dict]
    For further information visit https://errors.pydantic.dev/2.13/v/missing
[M3] 查询历史隐性信号失败: 13 validation errors for ImplicitSignal
reasoning_chain.causal_links.0.from_concept
  Field required [type=missing, input_value={'from': '界面财联社...战略合作需求。'}, input_type=dict]
    For further information visit https://errors.pydantic.dev/2.13/v/missing
reasoning_chain.causal_links.0.to_concept
  Field required [type=missing, input_value={'from': '界面财联社...战略合作需求。'}, input_type=dict]
    For further information visit https://errors.pydantic.dev/2.13/v/missing
reasoning_chain.causal_links.0.relation_type
  Field required [type=missing, input_value={'from': '界面财联社...战略合作需求。'}, input_type=dict]
    For further information visit https://errors.pydantic.dev/2.13/v/missing
reasoning_chain.causal_links.1.from_concept
  Field required [type=missing, input_value={'from': '财经媒体入...和中小企业主。'}, input_type=dict]
    For further information visit https://errors.pydantic.dev/2.13/v/missing
reasoning_chain.causal_links.1.to_concept
  Field required [type=missing, input_value={'from': '财经媒体入...和中小企业主。'}, input_type=dict]
    For further information visit https://errors.pydantic.dev/2.13/v/missing
reasoning_chain.causal_links.1.relation_type
  Field required [type=missing, input_value={'from': '财经媒体入...和中小企业主。'}, input_type=dict]
    For further information visit https://errors.pydantic.dev/2.13/v/missing
reasoning_chain.causal_links.2.from_concept
  Field required [type=missing, input_value={'from': '小红书获得...O融资估值上升。'}, input_type=dict]
    For further information visit https://errors.pydantic.dev/2.13/v/missing
reasoning_chain.causal_links.2.to_concept
  Field required [type=missing, input_value={'from': '小红书获得...O融资估值上升。'}, input_type=dict]
    For further information visit https://errors.pydantic.dev/2.13/v/missing
reasoning_chain.causal_links.2.relation_type
  Field required [type=missing, input_value={'from': '小红书获得...O融资估值上升。'}, input_type=dict]
    For further information visit https://errors.pydantic.dev/2.13/v/missing
reasoning_chain.causal_links.3.from_concept
  Field required [type=missing, input_value={'from': '界面财联社...商）受到关注。'}, input_type=dict]
    For further information visit https://errors.pydantic.dev/2.13/v/missing
reasoning_chain.causal_links.3.to_concept
  Field required [type=missing, input_value={'from': '界面财联社...商）受到关注。'}, input_type=dict]
    For further information visit https://errors.pydantic.dev/2.13/v/missing
reasoning_chain.causal_links.3.relation_type
  Field required [type=missing, input_value={'from': '界面财联社...商）受到关注。'}, input_type=dict]
    For further information visit https://errors.pydantic.dev/2.13/v/missing
reasoning_chain.reasoning_stages
  Field required [type=missing, input_value={'chain_id': 'chain_81dff...erall_confidence': 0.25}, input_type=dict]
    For further information visit https://errors.pydantic.dev/2.13/v/missing
[M3] 查询历史隐性信号失败: 13 validation errors for ImplicitSignal
reasoning_chain.causal_links.0.from_concept
  Field required [type=missing, input_value={'from': '界面财联社...战略合作需求。'}, input_type=dict]
    For further information visit https://errors.pydantic.dev/2.13/v/missing
reasoning_chain.causal_links.0.to_concept
  Field required [type=missing, input_value={'from': '界面财联社...战略合作需求。'}, input_type=dict]
    For further information visit https://errors.pydantic.dev/2.13/v/missing
reasoning_chain.causal_links.0.relation_type
  Field required [type=missing, input_value={'from': '界面财联社...战略合作需求。'}, input_type=dict]
    For further information visit https://errors.pydantic.dev/2.13/v/missing
reasoning_chain.causal_links.1.from_concept
  Field required [type=missing, input_value={'from': '财经媒体入...和中小企业主。'}, input_type=dict]
    For further information visit https://errors.pydantic.dev/2.13/v/missing
reasoning_chain.causal_links.1.to_concept
  Field required [type=missing, input_value={'from': '财经媒体入...和中小企业主。'}, input_type=dict]
    For further information visit https://errors.pydantic.dev/2.13/v/missing
reasoning_chain.causal_links.1.relation_type
  Field required [type=missing, input_value={'from': '财经媒体入...和中小企业主。'}, input_type=dict]
    For further information visit https://errors.pydantic.dev/2.13/v/missing
reasoning_chain.causal_links.2.from_concept
  Field required [type=missing, input_value={'from': '小红书获得...O融资估值上升。'}, input_type=dict]
    For further information visit https://errors.pydantic.dev/2.13/v/missing
reasoning_chain.causal_links.2.to_concept
  Field required [type=missing, input_value={'from': '小红书获得...O融资估值上升。'}, input_type=dict]
    For further information visit https://errors.pydantic.dev/2.13/v/missing
reasoning_chain.causal_links.2.relation_type
  Field required [type=missing, input_value={'from': '小红书获得...O融资估值上升。'}, input_type=dict]
    For further information visit https://errors.pydantic.dev/2.13/v/missing
reasoning_chain.causal_links.3.from_concept
  Field required [type=missing, input_value={'from': '界面财联社...商）受到关注。'}, input_type=dict]
    For further information visit https://errors.pydantic.dev/2.13/v/missing
reasoning_chain.causal_links.3.to_concept
  Field required [type=missing, input_value={'from': '界面财联社...商）受到关注。'}, input_type=dict]
    For further information visit https://errors.pydantic.dev/2.13/v/missing
reasoning_chain.causal_links.3.relation_type
  Field required [type=missing, input_value={'from': '界面财联社...商）受到关注。'}, input_type=dict]
    For further information visit https://errors.pydantic.dev/2.13/v/missing
reasoning_chain.reasoning_stages
  Field required [type=missing, input_value={'chain_id': 'chain_81dff...erall_confidence': 0.25}, input_type=dict]
    For further information visit https://errors.pydantic.dev/2.13/v/missing
[M3] 查询历史隐性信号失败: 10 validation errors for ImplicitSignal
reasoning_chain.causal_links.0.from_concept
  Field required [type=missing, input_value={'from': '高股息且高...性的资金流入。'}, input_type=dict]
    For further information visit https://errors.pydantic.dev/2.13/v/missing
reasoning_chain.causal_links.0.to_concept
  Field required [type=missing, input_value={'from': '高股息且高...性的资金流入。'}, input_type=dict]
    For further information visit https://errors.pydantic.dev/2.13/v/missing
reasoning_chain.causal_links.0.relation_type
  Field required [type=missing, input_value={'from': '高股息且高...性的资金流入。'}, input_type=dict]
    For further information visit https://errors.pydantic.dev/2.13/v/missing
reasoning_chain.causal_links.1.from_concept
  Field required [type=missing, input_value={'from': '价值投资者...而更具吸引力。'}, input_type=dict]
    For further information visit https://errors.pydantic.dev/2.13/v/missing
reasoning_chain.causal_links.1.to_concept
  Field required [type=missing, input_value={'from': '价值投资者...而更具吸引力。'}, input_type=dict]
    For further information visit https://errors.pydantic.dev/2.13/v/missing
reasoning_chain.causal_links.1.relation_type
  Field required [type=missing, input_value={'from': '价值投资者...而更具吸引力。'}, input_type=dict]
    For further information visit https://errors.pydantic.dev/2.13/v/missing
reasoning_chain.causal_links.2.from_concept
  Field required [type=missing, input_value={'from': '资金向回撤...修复速度较快。'}, input_type=dict]
    For further information visit https://errors.pydantic.dev/2.13/v/missing
reasoning_chain.causal_links.2.to_concept
  Field required [type=missing, input_value={'from': '资金向回撤...修复速度较快。'}, input_type=dict]
    For further information visit https://errors.pydantic.dev/2.13/v/missing
reasoning_chain.causal_links.2.relation_type
  Field required [type=missing, input_value={'from': '资金向回撤...修复速度较快。'}, input_type=dict]
    For further information visit https://errors.pydantic.dev/2.13/v/missing
reasoning_chain.reasoning_stages
  Field required [type=missing, input_value={'chain_id': 'chain_4b15e...verall_confidence': 0.7}, input_type=dict]
    For further information visit https://errors.pydantic.dev/2.13/v/missing
[M3] 查询历史隐性信号失败: 10 validation errors for ImplicitSignal
reasoning_chain.causal_links.0.from_concept
  Field required [type=missing, input_value={'from': '高股息且高...性的资金流入。'}, input_type=dict]
    For further information visit https://errors.pydantic.dev/2.13/v/missing
reasoning_chain.causal_links.0.to_concept
  Field required [type=missing, input_value={'from': '高股息且高...性的资金流入。'}, input_type=dict]
    For further information visit https://errors.pydantic.dev/2.13/v/missing
reasoning_chain.causal_links.0.relation_type
  Field required [type=missing, input_value={'from': '高股息且高...性的资金流入。'}, input_type=dict]
    For further information visit https://errors.pydantic.dev/2.13/v/missing
reasoning_chain.causal_links.1.from_concept
  Field required [type=missing, input_value={'from': '价值投资者...而更具吸引力。'}, input_type=dict]
    For further information visit https://errors.pydantic.dev/2.13/v/missing
reasoning_chain.causal_links.1.to_concept
  Field required [type=missing, input_value={'from': '价值投资者...而更具吸引力。'}, input_type=dict]
    For further information visit https://errors.pydantic.dev/2.13/v/missing
reasoning_chain.causal_links.1.relation_type
  Field required [type=missing, input_value={'from': '价值投资者...而更具吸引力。'}, input_type=dict]
    For further information visit https://errors.pydantic.dev/2.13/v/missing
reasoning_chain.causal_links.2.from_concept
  Field required [type=missing, input_value={'from': '资金向回撤...修复速度较快。'}, input_type=dict]
    For further information visit https://errors.pydantic.dev/2.13/v/missing
reasoning_chain.causal_links.2.to_concept
  Field required [type=missing, input_value={'from': '资金向回撤...修复速度较快。'}, input_type=dict]
    For further information visit https://errors.pydantic.dev/2.13/v/missing
reasoning_chain.causal_links.2.relation_type
  Field required [type=missing, input_value={'from': '资金向回撤...修复速度较快。'}, input_type=dict]
    For further information visit https://errors.pydantic.dev/2.13/v/missing
reasoning_chain.reasoning_stages
  Field required [type=missing, input_value={'chain_id': 'chain_4b15e...verall_confidence': 0.7}, input_type=dict]
    For further information visit https://errors.pydantic.dev/2.13/v/missing
[M3] 查询历史隐性信号失败: 10 validation errors for ImplicitSignal
reasoning_chain.causal_links.0.from_concept
  Field required [type=missing, input_value={'from': '高股息且高...性的资金流入。'}, input_type=dict]
    For further information visit https://errors.pydantic.dev/2.13/v/missing
reasoning_chain.causal_links.0.to_concept
  Field required [type=missing, input_value={'from': '高股息且高...性的资金流入。'}, input_type=dict]
    For further information visit https://errors.pydantic.dev/2.13/v/missing
reasoning_chain.causal_links.0.relation_type
  Field required [type=missing, input_value={'from': '高股息且高...性的资金流入。'}, input_type=dict]
    For further information visit https://errors.pydantic.dev/2.13/v/missing
reasoning_chain.causal_links.1.from_concept
  Field required [type=missing, input_value={'from': '价值投资者...而更具吸引力。'}, input_type=dict]
    For further information visit https://errors.pydantic.dev/2.13/v/missing
reasoning_chain.causal_links.1.to_concept
  Field required [type=missing, input_value={'from': '价值投资者...而更具吸引力。'}, input_type=dict]
    For further information visit https://errors.pydantic.dev/2.13/v/missing
reasoning_chain.causal_links.1.relation_type
  Field required [type=missing, input_value={'from': '价值投资者...而更具吸引力。'}, input_type=dict]
    For further information visit https://errors.pydantic.dev/2.13/v/missing
reasoning_chain.causal_links.2.from_concept
  Field required [type=missing, input_value={'from': '资金向回撤...修复速度较快。'}, input_type=dict]
    For further information visit https://errors.pydantic.dev/2.13/v/missing
reasoning_chain.causal_links.2.to_concept
  Field required [type=missing, input_value={'from': '资金向回撤...修复速度较快。'}, input_type=dict]
    For further information visit https://errors.pydantic.dev/2.13/v/missing
reasoning_chain.causal_links.2.relation_type
  Field required [type=missing, input_value={'from': '资金向回撤...修复速度较快。'}, input_type=dict]
    For further information visit https://errors.pydantic.dev/2.13/v/missing
reasoning_chain.reasoning_stages
  Field required [type=missing, input_value={'chain_id': 'chain_2485e...erall_confidence': 0.55}, input_type=dict]
    For further information visit https://errors.pydantic.dev/2.13/v/missing
[M3] 查询历史隐性信号失败: 10 validation errors for ImplicitSignal
reasoning_chain.causal_links.0.from_concept
  Field required [type=missing, input_value={'from': '高股息且高...性的资金流入。'}, input_type=dict]
    For further information visit https://errors.pydantic.dev/2.13/v/missing
reasoning_chain.causal_links.0.to_concept
  Field required [type=missing, input_value={'from': '高股息且高...性的资金流入。'}, input_type=dict]
    For further information visit https://errors.pydantic.dev/2.13/v/missing
reasoning_chain.causal_links.0.relation_type
  Field required [type=missing, input_value={'from': '高股息且高...性的资金流入。'}, input_type=dict]
    For further information visit https://errors.pydantic.dev/2.13/v/missing
reasoning_chain.causal_links.1.from_concept
  Field required [type=missing, input_value={'from': '价值投资者...而更具吸引力。'}, input_type=dict]
    For further information visit https://errors.pydantic.dev/2.13/v/missing
reasoning_chain.causal_links.1.to_concept
  Field required [type=missing, input_value={'from': '价值投资者...而更具吸引力。'}, input_type=dict]
    For further information visit https://errors.pydantic.dev/2.13/v/missing
reasoning_chain.causal_links.1.relation_type
  Field required [type=missing, input_value={'from': '价值投资者...而更具吸引力。'}, input_type=dict]
    For further information visit https://errors.pydantic.dev/2.13/v/missing
reasoning_chain.causal_links.2.from_concept
  Field required [type=missing, input_value={'from': '资金向回撤...修复速度较快。'}, input_type=dict]
    For further information visit https://errors.pydantic.dev/2.13/v/missing
reasoning_chain.causal_links.2.to_concept
  Field required [type=missing, input_value={'from': '资金向回撤...修复速度较快。'}, input_type=dict]
    For further information visit https://errors.pydantic.dev/2.13/v/missing
reasoning_chain.causal_links.2.relation_type
  Field required [type=missing, input_value={'from': '资金向回撤...修复速度较快。'}, input_type=dict]
    For further information visit https://errors.pydantic.dev/2.13/v/missing
reasoning_chain.reasoning_stages
  Field required [type=missing, input_value={'chain_id': 'chain_2485e...erall_confidence': 0.55}, input_type=dict]
    For further information visit https://errors.pydantic.dev/2.13/v/missing
[M3] 查询历史隐性信号失败: 10 validation errors for ImplicitSignal
reasoning_chain.causal_links.0.from_concept
  Field required [type=missing, input_value={'from': '高股息且高...性的资金流入。'}, input_type=dict]
    For further information visit https://errors.pydantic.dev/2.13/v/missing
reasoning_chain.causal_links.0.to_concept
  Field required [type=missing, input_value={'from': '高股息且高...性的资金流入。'}, input_type=dict]
    For further information visit https://errors.pydantic.dev/2.13/v/missing
reasoning_chain.causal_links.0.relation_type
  Field required [type=missing, input_value={'from': '高股息且高...性的资金流入。'}, input_type=dict]
    For further information visit https://errors.pydantic.dev/2.13/v/missing
reasoning_chain.causal_links.1.from_concept
  Field required [type=missing, input_value={'from': '价值投资者...而更具吸引力。'}, input_type=dict]
    For further information visit https://errors.pydantic.dev/2.13/v/missing
reasoning_chain.causal_links.1.to_concept
  Field required [type=missing, input_value={'from': '价值投资者...而更具吸引力。'}, input_type=dict]
    For further information visit https://errors.pydantic.dev/2.13/v/missing
reasoning_chain.causal_links.1.relation_type
  Field required [type=missing, input_value={'from': '价值投资者...而更具吸引力。'}, input_type=dict]
    For further information visit https://errors.pydantic.dev/2.13/v/missing
reasoning_chain.causal_links.2.from_concept
  Field required [type=missing, input_value={'from': '资金向回撤...修复速度较快。'}, input_type=dict]
    For further information visit https://errors.pydantic.dev/2.13/v/missing
reasoning_chain.causal_links.2.to_concept
  Field required [type=missing, input_value={'from': '资金向回撤...修复速度较快。'}, input_type=dict]
    For further information visit https://errors.pydantic.dev/2.13/v/missing
reasoning_chain.causal_links.2.relation_type
  Field required [type=missing, input_value={'from': '资金向回撤...修复速度较快。'}, input_type=dict]
    For further information visit https://errors.pydantic.dev/2.13/v/missing
reasoning_chain.reasoning_stages
  Field required [type=missing, input_value={'chain_id': 'chain_cb03c...verall_confidence': 0.5}, input_type=dict]
    For further information visit https://errors.pydantic.dev/2.13/v/missing
[M3] 查询历史隐性信号失败: 10 validation errors for ImplicitSignal
reasoning_chain.causal_links.0.from_concept
  Field required [type=missing, input_value={'from': '高股息且高...性的资金流入。'}, input_type=dict]
    For further information visit https://errors.pydantic.dev/2.13/v/missing
reasoning_chain.causal_links.0.to_concept
  Field required [type=missing, input_value={'from': '高股息且高...性的资金流入。'}, input_type=dict]
    For further information visit https://errors.pydantic.dev/2.13/v/missing
reasoning_chain.causal_links.0.relation_type
  Field required [type=missing, input_value={'from': '高股息且高...性的资金流入。'}, input_type=dict]
    For further information visit https://errors.pydantic.dev/2.13/v/missing
reasoning_chain.causal_links.1.from_concept
  Field required [type=missing, input_value={'from': '价值投资者...而更具吸引力。'}, input_type=dict]
    For further information visit https://errors.pydantic.dev/2.13/v/missing
reasoning_chain.causal_links.1.to_concept
  Field required [type=missing, input_value={'from': '价值投资者...而更具吸引力。'}, input_type=dict]
    For further information visit https://errors.pydantic.dev/2.13/v/missing
reasoning_chain.causal_links.1.relation_type
  Field required [type=missing, input_value={'from': '价值投资者...而更具吸引力。'}, input_type=dict]
    For further information visit https://errors.pydantic.dev/2.13/v/missing
reasoning_chain.causal_links.2.from_concept
  Field required [type=missing, input_value={'from': '资金向回撤...修复速度较快。'}, input_type=dict]
    For further information visit https://errors.pydantic.dev/2.13/v/missing
reasoning_chain.causal_links.2.to_concept
  Field required [type=missing, input_value={'from': '资金向回撤...修复速度较快。'}, input_type=dict]
    For further information visit https://errors.pydantic.dev/2.13/v/missing
reasoning_chain.causal_links.2.relation_type
  Field required [type=missing, input_value={'from': '资金向回撤...修复速度较快。'}, input_type=dict]
    For further information visit https://errors.pydantic.dev/2.13/v/missing
reasoning_chain.reasoning_stages
  Field required [type=missing, input_value={'chain_id': 'chain_cb03c...verall_confidence': 0.5}, input_type=dict]
    For further information visit https://errors.pydantic.dev/2.13/v/missing
[M3] 查询历史隐性信号失败: 10 validation errors for ImplicitSignal
reasoning_chain.causal_links.0.from_concept
  Field required [type=missing, input_value={'from': '高股息且高...性的资金流入。'}, input_type=dict]
    For further information visit https://errors.pydantic.dev/2.13/v/missing
reasoning_chain.causal_links.0.to_concept
  Field required [type=missing, input_value={'from': '高股息且高...性的资金流入。'}, input_type=dict]
    For further information visit https://errors.pydantic.dev/2.13/v/missing
reasoning_chain.causal_links.0.relation_type
  Field required [type=missing, input_value={'from': '高股息且高...性的资金流入。'}, input_type=dict]
    For further information visit https://errors.pydantic.dev/2.13/v/missing
reasoning_chain.causal_links.1.from_concept
  Field required [type=missing, input_value={'from': '价值投资者...而更具吸引力。'}, input_type=dict]
    For further information visit https://errors.pydantic.dev/2.13/v/missing
reasoning_chain.causal_links.1.to_concept
  Field required [type=missing, input_value={'from': '价值投资者...而更具吸引力。'}, input_type=dict]
    For further information visit https://errors.pydantic.dev/2.13/v/missing
reasoning_chain.causal_links.1.relation_type
  Field required [type=missing, input_value={'from': '价值投资者...而更具吸引力。'}, input_type=dict]
    For further information visit https://errors.pydantic.dev/2.13/v/missing
reasoning_chain.causal_links.2.from_concept
  Field required [type=missing, input_value={'from': '资金向回撤...修复速度较快。'}, input_type=dict]
    For further information visit https://errors.pydantic.dev/2.13/v/missing
reasoning_chain.causal_links.2.to_concept
  Field required [type=missing, input_value={'from': '资金向回撤...修复速度较快。'}, input_type=dict]
    For further information visit https://errors.pydantic.dev/2.13/v/missing
reasoning_chain.causal_links.2.relation_type
  Field required [type=missing, input_value={'from': '资金向回撤...修复速度较快。'}, input_type=dict]
    For further information visit https://errors.pydantic.dev/2.13/v/missing
reasoning_chain.reasoning_stages
  Field required [type=missing, input_value={'chain_id': 'chain_74c4d...verall_confidence': 0.5}, input_type=dict]
    For further information visit https://errors.pydantic.dev/2.13/v/missing
[M3] 查询历史隐性信号失败: 10 validation errors for ImplicitSignal
reasoning_chain.causal_links.0.from_concept
  Field required [type=missing, input_value={'from': '高股息且高...性的资金流入。'}, input_type=dict]
    For further information visit https://errors.pydantic.dev/2.13/v/missing
reasoning_chain.causal_links.0.to_concept
  Field required [type=missing, input_value={'from': '高股息且高...性的资金流入。'}, input_type=dict]
    For further information visit https://errors.pydantic.dev/2.13/v/missing
reasoning_chain.causal_links.0.relation_type
  Field required [type=missing, input_value={'from': '高股息且高...性的资金流入。'}, input_type=dict]
    For further information visit https://errors.pydantic.dev/2.13/v/missing
reasoning_chain.causal_links.1.from_concept
  Field required [type=missing, input_value={'from': '价值投资者...而更具吸引力。'}, input_type=dict]
    For further information visit https://errors.pydantic.dev/2.13/v/missing
reasoning_chain.causal_links.1.to_concept
  Field required [type=missing, input_value={'from': '价值投资者...而更具吸引力。'}, input_type=dict]
    For further information visit https://errors.pydantic.dev/2.13/v/missing
reasoning_chain.causal_links.1.relation_type
  Field required [type=missing, input_value={'from': '价值投资者...而更具吸引力。'}, input_type=dict]
    For further information visit https://errors.pydantic.dev/2.13/v/missing
reasoning_chain.causal_links.2.from_concept
  Field required [type=missing, input_value={'from': '资金向回撤...修复速度较快。'}, input_type=dict]
    For further information visit https://errors.pydantic.dev/2.13/v/missing
reasoning_chain.causal_links.2.to_concept
  Field required [type=missing, input_value={'from': '资金向回撤...修复速度较快。'}, input_type=dict]
    For further information visit https://errors.pydantic.dev/2.13/v/missing
reasoning_chain.causal_links.2.relation_type
  Field required [type=missing, input_value={'from': '资金向回撤...修复速度较快。'}, input_type=dict]
    For further information visit https://errors.pydantic.dev/2.13/v/missing
reasoning_chain.reasoning_stages
  Field required [type=missing, input_value={'chain_id': 'chain_74c4d...verall_confidence': 0.5}, input_type=dict]
    For further information visit https://errors.pydantic.dev/2.13/v/missing
[M3] 查询历史隐性信号失败: 13 validation errors for ImplicitSignal
reasoning_chain.causal_links.0.from_concept
  Field required [type=missing, input_value={'from': 'A股分红总...的吸引力增强。'}, input_type=dict]
    For further information visit https://errors.pydantic.dev/2.13/v/missing
reasoning_chain.causal_links.0.to_concept
  Field required [type=missing, input_value={'from': 'A股分红总...的吸引力增强。'}, input_type=dict]
    For further information visit https://errors.pydantic.dev/2.13/v/missing
reasoning_chain.causal_links.0.relation_type
  Field required [type=missing, input_value={'from': 'A股分红总...的吸引力增强。'}, input_type=dict]
    For further information visit https://errors.pydantic.dev/2.13/v/missing
reasoning_chain.causal_links.1.from_concept
  Field required [type=missing, input_value={'from': '高股息策略...成长股的配置。'}, input_type=dict]
    For further information visit https://errors.pydantic.dev/2.13/v/missing
reasoning_chain.causal_links.1.to_concept
  Field required [type=missing, input_value={'from': '高股息策略...成长股的配置。'}, input_type=dict]
    For further information visit https://errors.pydantic.dev/2.13/v/missing
reasoning_chain.causal_links.1.relation_type
  Field required [type=missing, input_value={'from': '高股息策略...成长股的配置。'}, input_type=dict]
    For further information visit https://errors.pydantic.dev/2.13/v/missing
reasoning_chain.causal_links.2.from_concept
  Field required [type=missing, input_value={'from': '分红比例提...本密集型行业。'}, input_type=dict]
    For further information visit https://errors.pydantic.dev/2.13/v/missing
reasoning_chain.causal_links.2.to_concept
  Field required [type=missing, input_value={'from': '分红比例提...本密集型行业。'}, input_type=dict]
    For further information visit https://errors.pydantic.dev/2.13/v/missing
reasoning_chain.causal_links.2.relation_type
  Field required [type=missing, input_value={'from': '分红比例提...本密集型行业。'}, input_type=dict]
    For further information visit https://errors.pydantic.dev/2.13/v/missing
reasoning_chain.causal_links.3.from_concept
  Field required [type=missing, input_value={'from': '分红创纪录...的结构性产品。'}, input_type=dict]
    For further information visit https://errors.pydantic.dev/2.13/v/missing
reasoning_chain.causal_links.3.to_concept
  Field required [type=missing, input_value={'from': '分红创纪录...的结构性产品。'}, input_type=dict]
    For further information visit https://errors.pydantic.dev/2.13/v/missing
reasoning_chain.causal_links.3.relation_type
  Field required [type=missing, input_value={'from': '分红创纪录...的结构性产品。'}, input_type=dict]
    For further information visit https://errors.pydantic.dev/2.13/v/missing
reasoning_chain.reasoning_stages
  Field required [type=missing, input_value={'chain_id': 'chain_57564...erall_confidence': 0.85}, input_type=dict]
    For further information visit https://errors.pydantic.dev/2.13/v/missing
[M3] 查询历史隐性信号失败: 13 validation errors for ImplicitSignal
reasoning_chain.causal_links.0.from_concept
  Field required [type=missing, input_value={'from': 'A股分红总...的吸引力增强。'}, input_type=dict]
    For further information visit https://errors.pydantic.dev/2.13/v/missing
reasoning_chain.causal_links.0.to_concept
  Field required [type=missing, input_value={'from': 'A股分红总...的吸引力增强。'}, input_type=dict]
    For further information visit https://errors.pydantic.dev/2.13/v/missing
reasoning_chain.causal_links.0.relation_type
  Field required [type=missing, input_value={'from': 'A股分红总...的吸引力增强。'}, input_type=dict]
    For further information visit https://errors.pydantic.dev/2.13/v/missing
reasoning_chain.causal_links.1.from_concept
  Field required [type=missing, input_value={'from': '高股息策略...成长股的配置。'}, input_type=dict]
    For further information visit https://errors.pydantic.dev/2.13/v/missing
reasoning_chain.causal_links.1.to_concept
  Field required [type=missing, input_value={'from': '高股息策略...成长股的配置。'}, input_type=dict]
    For further information visit https://errors.pydantic.dev/2.13/v/missing
reasoning_chain.causal_links.1.relation_type
  Field required [type=missing, input_value={'from': '高股息策略...成长股的配置。'}, input_type=dict]
    For further information visit https://errors.pydantic.dev/2.13/v/missing
reasoning_chain.causal_links.2.from_concept
  Field required [type=missing, input_value={'from': '分红比例提...本密集型行业。'}, input_type=dict]
    For further information visit https://errors.pydantic.dev/2.13/v/missing
reasoning_chain.causal_links.2.to_concept
  Field required [type=missing, input_value={'from': '分红比例提...本密集型行业。'}, input_type=dict]
    For further information visit https://errors.pydantic.dev/2.13/v/missing
reasoning_chain.causal_links.2.relation_type
  Field required [type=missing, input_value={'from': '分红比例提...本密集型行业。'}, input_type=dict]
    For further information visit https://errors.pydantic.dev/2.13/v/missing
reasoning_chain.causal_links.3.from_concept
  Field required [type=missing, input_value={'from': '分红创纪录...的结构性产品。'}, input_type=dict]
    For further information visit https://errors.pydantic.dev/2.13/v/missing
reasoning_chain.causal_links.3.to_concept
  Field required [type=missing, input_value={'from': '分红创纪录...的结构性产品。'}, input_type=dict]
    For further information visit https://errors.pydantic.dev/2.13/v/missing
reasoning_chain.causal_links.3.relation_type
  Field required [type=missing, input_value={'from': '分红创纪录...的结构性产品。'}, input_type=dict]
    For further information visit https://errors.pydantic.dev/2.13/v/missing
reasoning_chain.reasoning_stages
  Field required [type=missing, input_value={'chain_id': 'chain_57564...erall_confidence': 0.85}, input_type=dict]
    For further information visit https://errors.pydantic.dev/2.13/v/missing
[M3] 查询历史隐性信号失败: 13 validation errors for ImplicitSignal
reasoning_chain.causal_links.0.from_concept
  Field required [type=missing, input_value={'from': 'A股分红总...的吸引力增强。'}, input_type=dict]
    For further information visit https://errors.pydantic.dev/2.13/v/missing
reasoning_chain.causal_links.0.to_concept
  Field required [type=missing, input_value={'from': 'A股分红总...的吸引力增强。'}, input_type=dict]
    For further information visit https://errors.pydantic.dev/2.13/v/missing
reasoning_chain.causal_links.0.relation_type
  Field required [type=missing, input_value={'from': 'A股分红总...的吸引力增强。'}, input_type=dict]
    For further information visit https://errors.pydantic.dev/2.13/v/missing
reasoning_chain.causal_links.1.from_concept
  Field required [type=missing, input_value={'from': '高股息策略...成长股的配置。'}, input_type=dict]
    For further information visit https://errors.pydantic.dev/2.13/v/missing
reasoning_chain.causal_links.1.to_concept
  Field required [type=missing, input_value={'from': '高股息策略...成长股的配置。'}, input_type=dict]
    For further information visit https://errors.pydantic.dev/2.13/v/missing
reasoning_chain.causal_links.1.relation_type
  Field required [type=missing, input_value={'from': '高股息策略...成长股的配置。'}, input_type=dict]
    For further information visit https://errors.pydantic.dev/2.13/v/missing
reasoning_chain.causal_links.2.from_concept
  Field required [type=missing, input_value={'from': '分红比例提...本密集型行业。'}, input_type=dict]
    For further information visit https://errors.pydantic.dev/2.13/v/missing
reasoning_chain.causal_links.2.to_concept
  Field required [type=missing, input_value={'from': '分红比例提...本密集型行业。'}, input_type=dict]
    For further information visit https://errors.pydantic.dev/2.13/v/missing
reasoning_chain.causal_links.2.relation_type
  Field required [type=missing, input_value={'from': '分红比例提...本密集型行业。'}, input_type=dict]
    For further information visit https://errors.pydantic.dev/2.13/v/missing
reasoning_chain.causal_links.3.from_concept
  Field required [type=missing, input_value={'from': '分红创纪录...的结构性产品。'}, input_type=dict]
    For further information visit https://errors.pydantic.dev/2.13/v/missing
reasoning_chain.causal_links.3.to_concept
  Field required [type=missing, input_value={'from': '分红创纪录...的结构性产品。'}, input_type=dict]
    For further information visit https://errors.pydantic.dev/2.13/v/missing
reasoning_chain.causal_links.3.relation_type
  Field required [type=missing, input_value={'from': '分红创纪录...的结构性产品。'}, input_type=dict]
    For further information visit https://errors.pydantic.dev/2.13/v/missing
reasoning_chain.reasoning_stages
  Field required [type=missing, input_value={'chain_id': 'chain_7d94a...verall_confidence': 0.8}, input_type=dict]
    For further information visit https://errors.pydantic.dev/2.13/v/missing
[M3] 查询历史隐性信号失败: 13 validation errors for ImplicitSignal
reasoning_chain.causal_links.0.from_concept
  Field required [type=missing, input_value={'from': 'A股分红总...的吸引力增强。'}, input_type=dict]
    For further information visit https://errors.pydantic.dev/2.13/v/missing
reasoning_chain.causal_links.0.to_concept
  Field required [type=missing, input_value={'from': 'A股分红总...的吸引力增强。'}, input_type=dict]
    For further information visit https://errors.pydantic.dev/2.13/v/missing
reasoning_chain.causal_links.0.relation_type
  Field required [type=missing, input_value={'from': 'A股分红总...的吸引力增强。'}, input_type=dict]
    For further information visit https://errors.pydantic.dev/2.13/v/missing
reasoning_chain.causal_links.1.from_concept
  Field required [type=missing, input_value={'from': '高股息策略...成长股的配置。'}, input_type=dict]
    For further information visit https://errors.pydantic.dev/2.13/v/missing
reasoning_chain.causal_links.1.to_concept
  Field required [type=missing, input_value={'from': '高股息策略...成长股的配置。'}, input_type=dict]
    For further information visit https://errors.pydantic.dev/2.13/v/missing
reasoning_chain.causal_links.1.relation_type
  Field required [type=missing, input_value={'from': '高股息策略...成长股的配置。'}, input_type=dict]
    For further information visit https://errors.pydantic.dev/2.13/v/missing
reasoning_chain.causal_links.2.from_concept
  Field required [type=missing, input_value={'from': '分红比例提...本密集型行业。'}, input_type=dict]
    For further information visit https://errors.pydantic.dev/2.13/v/missing
reasoning_chain.causal_links.2.to_concept
  Field required [type=missing, input_value={'from': '分红比例提...本密集型行业。'}, input_type=dict]
    For further information visit https://errors.pydantic.dev/2.13/v/missing
reasoning_chain.causal_links.2.relation_type
  Field required [type=missing, input_value={'from': '分红比例提...本密集型行业。'}, input_type=dict]
    For further information visit https://errors.pydantic.dev/2.13/v/missing
reasoning_chain.causal_links.3.from_concept
  Field required [type=missing, input_value={'from': '分红创纪录...的结构性产品。'}, input_type=dict]
    For further information visit https://errors.pydantic.dev/2.13/v/missing
reasoning_chain.causal_links.3.to_concept
  Field required [type=missing, input_value={'from': '分红创纪录...的结构性产品。'}, input_type=dict]
    For further information visit https://errors.pydantic.dev/2.13/v/missing
reasoning_chain.causal_links.3.relation_type
  Field required [type=missing, input_value={'from': '分红创纪录...的结构性产品。'}, input_type=dict]
    For further information visit https://errors.pydantic.dev/2.13/v/missing
reasoning_chain.reasoning_stages
  Field required [type=missing, input_value={'chain_id': 'chain_7d94a...verall_confidence': 0.8}, input_type=dict]
    For further information visit https://errors.pydantic.dev/2.13/v/missing
[M3] 查询历史隐性信号失败: 13 validation errors for ImplicitSignal
reasoning_chain.causal_links.0.from_concept
  Field required [type=missing, input_value={'from': 'A股分红总...的吸引力增强。'}, input_type=dict]
    For further information visit https://errors.pydantic.dev/2.13/v/missing
reasoning_chain.causal_links.0.to_concept
  Field required [type=missing, input_value={'from': 'A股分红总...的吸引力增强。'}, input_type=dict]
    For further information visit https://errors.pydantic.dev/2.13/v/missing
reasoning_chain.causal_links.0.relation_type
  Field required [type=missing, input_value={'from': 'A股分红总...的吸引力增强。'}, input_type=dict]
    For further information visit https://errors.pydantic.dev/2.13/v/missing
reasoning_chain.causal_links.1.from_concept
  Field required [type=missing, input_value={'from': '高股息策略...成长股的配置。'}, input_type=dict]
    For further information visit https://errors.pydantic.dev/2.13/v/missing
reasoning_chain.causal_links.1.to_concept
  Field required [type=missing, input_value={'from': '高股息策略...成长股的配置。'}, input_type=dict]
    For further information visit https://errors.pydantic.dev/2.13/v/missing
reasoning_chain.causal_links.1.relation_type
  Field required [type=missing, input_value={'from': '高股息策略...成长股的配置。'}, input_type=dict]
    For further information visit https://errors.pydantic.dev/2.13/v/missing
reasoning_chain.causal_links.2.from_concept
  Field required [type=missing, input_value={'from': '分红比例提...本密集型行业。'}, input_type=dict]
    For further information visit https://errors.pydantic.dev/2.13/v/missing
reasoning_chain.causal_links.2.to_concept
  Field required [type=missing, input_value={'from': '分红比例提...本密集型行业。'}, input_type=dict]
    For further information visit https://errors.pydantic.dev/2.13/v/missing
reasoning_chain.causal_links.2.relation_type
  Field required [type=missing, input_value={'from': '分红比例提...本密集型行业。'}, input_type=dict]
    For further information visit https://errors.pydantic.dev/2.13/v/missing
reasoning_chain.causal_links.3.from_concept
  Field required [type=missing, input_value={'from': '分红创纪录...的结构性产品。'}, input_type=dict]
    For further information visit https://errors.pydantic.dev/2.13/v/missing
reasoning_chain.causal_links.3.to_concept
  Field required [type=missing, input_value={'from': '分红创纪录...的结构性产品。'}, input_type=dict]
    For further information visit https://errors.pydantic.dev/2.13/v/missing
reasoning_chain.causal_links.3.relation_type
  Field required [type=missing, input_value={'from': '分红创纪录...的结构性产品。'}, input_type=dict]
    For further information visit https://errors.pydantic.dev/2.13/v/missing
reasoning_chain.reasoning_stages
  Field required [type=missing, input_value={'chain_id': 'chain_030c0...erall_confidence': 0.75}, input_type=dict]
    For further information visit https://errors.pydantic.dev/2.13/v/missing
[M3] 查询历史隐性信号失败: 13 validation errors for ImplicitSignal
reasoning_chain.causal_links.0.from_concept
  Field required [type=missing, input_value={'from': 'A股分红总...的吸引力增强。'}, input_type=dict]
    For further information visit https://errors.pydantic.dev/2.13/v/missing
reasoning_chain.causal_links.0.to_concept
  Field required [type=missing, input_value={'from': 'A股分红总...的吸引力增强。'}, input_type=dict]
    For further information visit https://errors.pydantic.dev/2.13/v/missing
reasoning_chain.causal_links.0.relation_type
  Field required [type=missing, input_value={'from': 'A股分红总...的吸引力增强。'}, input_type=dict]
    For further information visit https://errors.pydantic.dev/2.13/v/missing
reasoning_chain.causal_links.1.from_concept
  Field required [type=missing, input_value={'from': '高股息策略...成长股的配置。'}, input_type=dict]
    For further information visit https://errors.pydantic.dev/2.13/v/missing
reasoning_chain.causal_links.1.to_concept
  Field required [type=missing, input_value={'from': '高股息策略...成长股的配置。'}, input_type=dict]
    For further information visit https://errors.pydantic.dev/2.13/v/missing
reasoning_chain.causal_links.1.relation_type
  Field required [type=missing, input_value={'from': '高股息策略...成长股的配置。'}, input_type=dict]
    For further information visit https://errors.pydantic.dev/2.13/v/missing
reasoning_chain.causal_links.2.from_concept
  Field required [type=missing, input_value={'from': '分红比例提...本密集型行业。'}, input_type=dict]
    For further information visit https://errors.pydantic.dev/2.13/v/missing
reasoning_chain.causal_links.2.to_concept
  Field required [type=missing, input_value={'from': '分红比例提...本密集型行业。'}, input_type=dict]
    For further information visit https://errors.pydantic.dev/2.13/v/missing
reasoning_chain.causal_links.2.relation_type
  Field required [type=missing, input_value={'from': '分红比例提...本密集型行业。'}, input_type=dict]
    For further information visit https://errors.pydantic.dev/2.13/v/missing
reasoning_chain.causal_links.3.from_concept
  Field required [type=missing, input_value={'from': '分红创纪录...的结构性产品。'}, input_type=dict]
    For further information visit https://errors.pydantic.dev/2.13/v/missing
reasoning_chain.causal_links.3.to_concept
  Field required [type=missing, input_value={'from': '分红创纪录...的结构性产品。'}, input_type=dict]
    For further information visit https://errors.pydantic.dev/2.13/v/missing
reasoning_chain.causal_links.3.relation_type
  Field required [type=missing, input_value={'from': '分红创纪录...的结构性产品。'}, input_type=dict]
    For further information visit https://errors.pydantic.dev/2.13/v/missing
reasoning_chain.reasoning_stages
  Field required [type=missing, input_value={'chain_id': 'chain_030c0...erall_confidence': 0.75}, input_type=dict]
    For further information visit https://errors.pydantic.dev/2.13/v/missing
[M3] 查询历史隐性信号失败: 13 validation errors for ImplicitSignal
reasoning_chain.causal_links.0.from_concept
  Field required [type=missing, input_value={'from': 'A股分红总...的吸引力增强。'}, input_type=dict]
    For further information visit https://errors.pydantic.dev/2.13/v/missing
reasoning_chain.causal_links.0.to_concept
  Field required [type=missing, input_value={'from': 'A股分红总...的吸引力增强。'}, input_type=dict]
    For further information visit https://errors.pydantic.dev/2.13/v/missing
reasoning_chain.causal_links.0.relation_type
  Field required [type=missing, input_value={'from': 'A股分红总...的吸引力增强。'}, input_type=dict]
    For further information visit https://errors.pydantic.dev/2.13/v/missing
reasoning_chain.causal_links.1.from_concept
  Field required [type=missing, input_value={'from': '高股息策略...成长股的配置。'}, input_type=dict]
    For further information visit https://errors.pydantic.dev/2.13/v/missing
reasoning_chain.causal_links.1.to_concept
  Field required [type=missing, input_value={'from': '高股息策略...成长股的配置。'}, input_type=dict]
    For further information visit https://errors.pydantic.dev/2.13/v/missing
reasoning_chain.causal_links.1.relation_type
  Field required [type=missing, input_value={'from': '高股息策略...成长股的配置。'}, input_type=dict]
    For further information visit https://errors.pydantic.dev/2.13/v/missing
reasoning_chain.causal_links.2.from_concept
  Field required [type=missing, input_value={'from': '分红比例提...本密集型行业。'}, input_type=dict]
    For further information visit https://errors.pydantic.dev/2.13/v/missing
reasoning_chain.causal_links.2.to_concept
  Field required [type=missing, input_value={'from': '分红比例提...本密集型行业。'}, input_type=dict]
    For further information visit https://errors.pydantic.dev/2.13/v/missing
reasoning_chain.causal_links.2.relation_type
  Field required [type=missing, input_value={'from': '分红比例提...本密集型行业。'}, input_type=dict]
    For further information visit https://errors.pydantic.dev/2.13/v/missing
reasoning_chain.causal_links.3.from_concept
  Field required [type=missing, input_value={'from': '分红创纪录...的结构性产品。'}, input_type=dict]
    For further information visit https://errors.pydantic.dev/2.13/v/missing
reasoning_chain.causal_links.3.to_concept
  Field required [type=missing, input_value={'from': '分红创纪录...的结构性产品。'}, input_type=dict]
    For further information visit https://errors.pydantic.dev/2.13/v/missing
reasoning_chain.causal_links.3.relation_type
  Field required [type=missing, input_value={'from': '分红创纪录...的结构性产品。'}, input_type=dict]
    For further information visit https://errors.pydantic.dev/2.13/v/missing
reasoning_chain.reasoning_stages
  Field required [type=missing, input_value={'chain_id': 'chain_46acf...erall_confidence': 0.65}, input_type=dict]
    For further information visit https://errors.pydantic.dev/2.13/v/missing
[M3] 查询历史隐性信号失败: 13 validation errors for ImplicitSignal
reasoning_chain.causal_links.0.from_concept
  Field required [type=missing, input_value={'from': 'A股分红总...的吸引力增强。'}, input_type=dict]
    For further information visit https://errors.pydantic.dev/2.13/v/missing
reasoning_chain.causal_links.0.to_concept
  Field required [type=missing, input_value={'from': 'A股分红总...的吸引力增强。'}, input_type=dict]
    For further information visit https://errors.pydantic.dev/2.13/v/missing
reasoning_chain.causal_links.0.relation_type
  Field required [type=missing, input_value={'from': 'A股分红总...的吸引力增强。'}, input_type=dict]
    For further information visit https://errors.pydantic.dev/2.13/v/missing
reasoning_chain.causal_links.1.from_concept
  Field required [type=missing, input_value={'from': '高股息策略...成长股的配置。'}, input_type=dict]
    For further information visit https://errors.pydantic.dev/2.13/v/missing
reasoning_chain.causal_links.1.to_concept
  Field required [type=missing, input_value={'from': '高股息策略...成长股的配置。'}, input_type=dict]
    For further information visit https://errors.pydantic.dev/2.13/v/missing
reasoning_chain.causal_links.1.relation_type
  Field required [type=missing, input_value={'from': '高股息策略...成长股的配置。'}, input_type=dict]
    For further information visit https://errors.pydantic.dev/2.13/v/missing
reasoning_chain.causal_links.2.from_concept
  Field required [type=missing, input_value={'from': '分红比例提...本密集型行业。'}, input_type=dict]
    For further information visit https://errors.pydantic.dev/2.13/v/missing
reasoning_chain.causal_links.2.to_concept
  Field required [type=missing, input_value={'from': '分红比例提...本密集型行业。'}, input_type=dict]
    For further information visit https://errors.pydantic.dev/2.13/v/missing
reasoning_chain.causal_links.2.relation_type
  Field required [type=missing, input_value={'from': '分红比例提...本密集型行业。'}, input_type=dict]
    For further information visit https://errors.pydantic.dev/2.13/v/missing
reasoning_chain.causal_links.3.from_concept
  Field required [type=missing, input_value={'from': '分红创纪录...的结构性产品。'}, input_type=dict]
    For further information visit https://errors.pydantic.dev/2.13/v/missing
reasoning_chain.causal_links.3.to_concept
  Field required [type=missing, input_value={'from': '分红创纪录...的结构性产品。'}, input_type=dict]
    For further information visit https://errors.pydantic.dev/2.13/v/missing
reasoning_chain.causal_links.3.relation_type
  Field required [type=missing, input_value={'from': '分红创纪录...的结构性产品。'}, input_type=dict]
    For further information visit https://errors.pydantic.dev/2.13/v/missing
reasoning_chain.reasoning_stages
  Field required [type=missing, input_value={'chain_id': 'chain_46acf...erall_confidence': 0.65}, input_type=dict]
    For further information visit https://errors.pydantic.dev/2.13/v/missing
[M3] 查询历史隐性信号失败: 13 validation errors for ImplicitSignal
reasoning_chain.causal_links.0.from_concept
  Field required [type=missing, input_value={'from': '2026年五一...消费行为显著。'}, input_type=dict]
    For further information visit https://errors.pydantic.dev/2.13/v/missing
reasoning_chain.causal_links.0.to_concept
  Field required [type=missing, input_value={'from': '2026年五一...消费行为显著。'}, input_type=dict]
    For further information visit https://errors.pydantic.dev/2.13/v/missing
reasoning_chain.causal_links.0.relation_type
  Field required [type=missing, input_value={'from': '2026年五一...消费行为显著。'}, input_type=dict]
    For further information visit https://errors.pydantic.dev/2.13/v/missing
reasoning_chain.causal_links.1.from_concept
  Field required [type=missing, input_value={'from': '观影需求集...较高分账收入。'}, input_type=dict]
    For further information visit https://errors.pydantic.dev/2.13/v/missing
reasoning_chain.causal_links.1.to_concept
  Field required [type=missing, input_value={'from': '观影需求集...较高分账收入。'}, input_type=dict]
    For further information visit https://errors.pydantic.dev/2.13/v/missing
reasoning_chain.causal_links.1.relation_type
  Field required [type=missing, input_value={'from': '观影需求集...较高分账收入。'}, input_type=dict]
    For further information visit https://errors.pydantic.dev/2.13/v/missing
reasoning_chain.causal_links.2.from_concept
  Field required [type=missing, input_value={'from': '《寒战1994...计票房和利润。'}, input_type=dict]
    For further information visit https://errors.pydantic.dev/2.13/v/missing
reasoning_chain.causal_links.2.to_concept
  Field required [type=missing, input_value={'from': '《寒战1994...计票房和利润。'}, input_type=dict]
    For further information visit https://errors.pydantic.dev/2.13/v/missing
reasoning_chain.causal_links.2.relation_type
  Field required [type=missing, input_value={'from': '《寒战1994...计票房和利润。'}, input_type=dict]
    For further information visit https://errors.pydantic.dev/2.13/v/missing
reasoning_chain.causal_links.3.from_concept
  Field required [type=missing, input_value={'from': '票房破亿消...短期资金流入。'}, input_type=dict]
    For further information visit https://errors.pydantic.dev/2.13/v/missing
reasoning_chain.causal_links.3.to_concept
  Field required [type=missing, input_value={'from': '票房破亿消...短期资金流入。'}, input_type=dict]
    For further information visit https://errors.pydantic.dev/2.13/v/missing
reasoning_chain.causal_links.3.relation_type
  Field required [type=missing, input_value={'from': '票房破亿消...短期资金流入。'}, input_type=dict]
    For further information visit https://errors.pydantic.dev/2.13/v/missing
reasoning_chain.reasoning_stages
  Field required [type=missing, input_value={'chain_id': 'chain_8505d...erall_confidence': 0.65}, input_type=dict]
    For further information visit https://errors.pydantic.dev/2.13/v/missing
[M3] 查询历史隐性信号失败: 13 validation errors for ImplicitSignal
reasoning_chain.causal_links.0.from_concept
  Field required [type=missing, input_value={'from': '2026年五一...消费行为显著。'}, input_type=dict]
    For further information visit https://errors.pydantic.dev/2.13/v/missing
reasoning_chain.causal_links.0.to_concept
  Field required [type=missing, input_value={'from': '2026年五一...消费行为显著。'}, input_type=dict]
    For further information visit https://errors.pydantic.dev/2.13/v/missing
reasoning_chain.causal_links.0.relation_type
  Field required [type=missing, input_value={'from': '2026年五一...消费行为显著。'}, input_type=dict]
    For further information visit https://errors.pydantic.dev/2.13/v/missing
reasoning_chain.causal_links.1.from_concept
  Field required [type=missing, input_value={'from': '观影需求集...较高分账收入。'}, input_type=dict]
    For further information visit https://errors.pydantic.dev/2.13/v/missing
reasoning_chain.causal_links.1.to_concept
  Field required [type=missing, input_value={'from': '观影需求集...较高分账收入。'}, input_type=dict]
    For further information visit https://errors.pydantic.dev/2.13/v/missing
reasoning_chain.causal_links.1.relation_type
  Field required [type=missing, input_value={'from': '观影需求集...较高分账收入。'}, input_type=dict]
    For further information visit https://errors.pydantic.dev/2.13/v/missing
reasoning_chain.causal_links.2.from_concept
  Field required [type=missing, input_value={'from': '《寒战1994...计票房和利润。'}, input_type=dict]
    For further information visit https://errors.pydantic.dev/2.13/v/missing
reasoning_chain.causal_links.2.to_concept
  Field required [type=missing, input_value={'from': '《寒战1994...计票房和利润。'}, input_type=dict]
    For further information visit https://errors.pydantic.dev/2.13/v/missing
reasoning_chain.causal_links.2.relation_type
  Field required [type=missing, input_value={'from': '《寒战1994...计票房和利润。'}, input_type=dict]
    For further information visit https://errors.pydantic.dev/2.13/v/missing
reasoning_chain.causal_links.3.from_concept
  Field required [type=missing, input_value={'from': '票房破亿消...短期资金流入。'}, input_type=dict]
    For further information visit https://errors.pydantic.dev/2.13/v/missing
reasoning_chain.causal_links.3.to_concept
  Field required [type=missing, input_value={'from': '票房破亿消...短期资金流入。'}, input_type=dict]
    For further information visit https://errors.pydantic.dev/2.13/v/missing
reasoning_chain.causal_links.3.relation_type
  Field required [type=missing, input_value={'from': '票房破亿消...短期资金流入。'}, input_type=dict]
    For further information visit https://errors.pydantic.dev/2.13/v/missing
reasoning_chain.reasoning_stages
  Field required [type=missing, input_value={'chain_id': 'chain_8505d...erall_confidence': 0.65}, input_type=dict]
    For further information visit https://errors.pydantic.dev/2.13/v/missing
[M3] 查询历史隐性信号失败: 13 validation errors for ImplicitSignal
reasoning_chain.causal_links.0.from_concept
  Field required [type=missing, input_value={'from': '2026年五一...消费行为显著。'}, input_type=dict]
    For further information visit https://errors.pydantic.dev/2.13/v/missing
reasoning_chain.causal_links.0.to_concept
  Field required [type=missing, input_value={'from': '2026年五一...消费行为显著。'}, input_type=dict]
    For further information visit https://errors.pydantic.dev/2.13/v/missing
reasoning_chain.causal_links.0.relation_type
  Field required [type=missing, input_value={'from': '2026年五一...消费行为显著。'}, input_type=dict]
    For further information visit https://errors.pydantic.dev/2.13/v/missing
reasoning_chain.causal_links.1.from_concept
  Field required [type=missing, input_value={'from': '观影需求集...较高分账收入。'}, input_type=dict]
    For further information visit https://errors.pydantic.dev/2.13/v/missing
reasoning_chain.causal_links.1.to_concept
  Field required [type=missing, input_value={'from': '观影需求集...较高分账收入。'}, input_type=dict]
    For further information visit https://errors.pydantic.dev/2.13/v/missing
reasoning_chain.causal_links.1.relation_type
  Field required [type=missing, input_value={'from': '观影需求集...较高分账收入。'}, input_type=dict]
    For further information visit https://errors.pydantic.dev/2.13/v/missing
reasoning_chain.causal_links.2.from_concept
  Field required [type=missing, input_value={'from': '《寒战1994...计票房和利润。'}, input_type=dict]
    For further information visit https://errors.pydantic.dev/2.13/v/missing
reasoning_chain.causal_links.2.to_concept
  Field required [type=missing, input_value={'from': '《寒战1994...计票房和利润。'}, input_type=dict]
    For further information visit https://errors.pydantic.dev/2.13/v/missing
reasoning_chain.causal_links.2.relation_type
  Field required [type=missing, input_value={'from': '《寒战1994...计票房和利润。'}, input_type=dict]
    For further information visit https://errors.pydantic.dev/2.13/v/missing
reasoning_chain.causal_links.3.from_concept
  Field required [type=missing, input_value={'from': '票房破亿消...短期资金流入。'}, input_type=dict]
    For further information visit https://errors.pydantic.dev/2.13/v/missing
reasoning_chain.causal_links.3.to_concept
  Field required [type=missing, input_value={'from': '票房破亿消...短期资金流入。'}, input_type=dict]
    For further information visit https://errors.pydantic.dev/2.13/v/missing
reasoning_chain.causal_links.3.relation_type
  Field required [type=missing, input_value={'from': '票房破亿消...短期资金流入。'}, input_type=dict]
    For further information visit https://errors.pydantic.dev/2.13/v/missing
reasoning_chain.reasoning_stages
  Field required [type=missing, input_value={'chain_id': 'chain_fba0e...verall_confidence': 0.5}, input_type=dict]
    For further information visit https://errors.pydantic.dev/2.13/v/missing
[M3] 查询历史隐性信号失败: 13 validation errors for ImplicitSignal
reasoning_chain.causal_links.0.from_concept
  Field required [type=missing, input_value={'from': '2026年五一...消费行为显著。'}, input_type=dict]
    For further information visit https://errors.pydantic.dev/2.13/v/missing
reasoning_chain.causal_links.0.to_concept
  Field required [type=missing, input_value={'from': '2026年五一...消费行为显著。'}, input_type=dict]
    For further information visit https://errors.pydantic.dev/2.13/v/missing
reasoning_chain.causal_links.0.relation_type
  Field required [type=missing, input_value={'from': '2026年五一...消费行为显著。'}, input_type=dict]
    For further information visit https://errors.pydantic.dev/2.13/v/missing
reasoning_chain.causal_links.1.from_concept
  Field required [type=missing, input_value={'from': '观影需求集...较高分账收入。'}, input_type=dict]
    For further information visit https://errors.pydantic.dev/2.13/v/missing
reasoning_chain.causal_links.1.to_concept
  Field required [type=missing, input_value={'from': '观影需求集...较高分账收入。'}, input_type=dict]
    For further information visit https://errors.pydantic.dev/2.13/v/missing
reasoning_chain.causal_links.1.relation_type
  Field required [type=missing, input_value={'from': '观影需求集...较高分账收入。'}, input_type=dict]
    For further information visit https://errors.pydantic.dev/2.13/v/missing
reasoning_chain.causal_links.2.from_concept
  Field required [type=missing, input_value={'from': '《寒战1994...计票房和利润。'}, input_type=dict]
    For further information visit https://errors.pydantic.dev/2.13/v/missing
reasoning_chain.causal_links.2.to_concept
  Field required [type=missing, input_value={'from': '《寒战1994...计票房和利润。'}, input_type=dict]
    For further information visit https://errors.pydantic.dev/2.13/v/missing
reasoning_chain.causal_links.2.relation_type
  Field required [type=missing, input_value={'from': '《寒战1994...计票房和利润。'}, input_type=dict]
    For further information visit https://errors.pydantic.dev/2.13/v/missing
reasoning_chain.causal_links.3.from_concept
  Field required [type=missing, input_value={'from': '票房破亿消...短期资金流入。'}, input_type=dict]
    For further information visit https://errors.pydantic.dev/2.13/v/missing
reasoning_chain.causal_links.3.to_concept
  Field required [type=missing, input_value={'from': '票房破亿消...短期资金流入。'}, input_type=dict]
    For further information visit https://errors.pydantic.dev/2.13/v/missing
reasoning_chain.causal_links.3.relation_type
  Field required [type=missing, input_value={'from': '票房破亿消...短期资金流入。'}, input_type=dict]
    For further information visit https://errors.pydantic.dev/2.13/v/missing
reasoning_chain.reasoning_stages
  Field required [type=missing, input_value={'chain_id': 'chain_fba0e...verall_confidence': 0.5}, input_type=dict]
    For further information visit https://errors.pydantic.dev/2.13/v/missing
[M3] 查询历史隐性信号失败: 13 validation errors for ImplicitSignal
reasoning_chain.causal_links.0.from_concept
  Field required [type=missing, input_value={'from': '2026年五一...消费行为显著。'}, input_type=dict]
    For further information visit https://errors.pydantic.dev/2.13/v/missing
reasoning_chain.causal_links.0.to_concept
  Field required [type=missing, input_value={'from': '2026年五一...消费行为显著。'}, input_type=dict]
    For further information visit https://errors.pydantic.dev/2.13/v/missing
reasoning_chain.causal_links.0.relation_type
  Field required [type=missing, input_value={'from': '2026年五一...消费行为显著。'}, input_type=dict]
    For further information visit https://errors.pydantic.dev/2.13/v/missing
reasoning_chain.causal_links.1.from_concept
  Field required [type=missing, input_value={'from': '观影需求集...较高分账收入。'}, input_type=dict]
    For further information visit https://errors.pydantic.dev/2.13/v/missing
reasoning_chain.causal_links.1.to_concept
  Field required [type=missing, input_value={'from': '观影需求集...较高分账收入。'}, input_type=dict]
    For further information visit https://errors.pydantic.dev/2.13/v/missing
reasoning_chain.causal_links.1.relation_type
  Field required [type=missing, input_value={'from': '观影需求集...较高分账收入。'}, input_type=dict]
    For further information visit https://errors.pydantic.dev/2.13/v/missing
reasoning_chain.causal_links.2.from_concept
  Field required [type=missing, input_value={'from': '《寒战1994...计票房和利润。'}, input_type=dict]
    For further information visit https://errors.pydantic.dev/2.13/v/missing
reasoning_chain.causal_links.2.to_concept
  Field required [type=missing, input_value={'from': '《寒战1994...计票房和利润。'}, input_type=dict]
    For further information visit https://errors.pydantic.dev/2.13/v/missing
reasoning_chain.causal_links.2.relation_type
  Field required [type=missing, input_value={'from': '《寒战1994...计票房和利润。'}, input_type=dict]
    For further information visit https://errors.pydantic.dev/2.13/v/missing
reasoning_chain.causal_links.3.from_concept
  Field required [type=missing, input_value={'from': '票房破亿消...短期资金流入。'}, input_type=dict]
    For further information visit https://errors.pydantic.dev/2.13/v/missing
reasoning_chain.causal_links.3.to_concept
  Field required [type=missing, input_value={'from': '票房破亿消...短期资金流入。'}, input_type=dict]
    For further information visit https://errors.pydantic.dev/2.13/v/missing
reasoning_chain.causal_links.3.relation_type
  Field required [type=missing, input_value={'from': '票房破亿消...短期资金流入。'}, input_type=dict]
    For further information visit https://errors.pydantic.dev/2.13/v/missing
reasoning_chain.reasoning_stages
  Field required [type=missing, input_value={'chain_id': 'chain_973fa...erall_confidence': 0.55}, input_type=dict]
    For further information visit https://errors.pydantic.dev/2.13/v/missing
[M3] 查询历史隐性信号失败: 13 validation errors for ImplicitSignal
reasoning_chain.causal_links.0.from_concept
  Field required [type=missing, input_value={'from': '2026年五一...消费行为显著。'}, input_type=dict]
    For further information visit https://errors.pydantic.dev/2.13/v/missing
reasoning_chain.causal_links.0.to_concept
  Field required [type=missing, input_value={'from': '2026年五一...消费行为显著。'}, input_type=dict]
    For further information visit https://errors.pydantic.dev/2.13/v/missing
reasoning_chain.causal_links.0.relation_type
  Field required [type=missing, input_value={'from': '2026年五一...消费行为显著。'}, input_type=dict]
    For further information visit https://errors.pydantic.dev/2.13/v/missing
reasoning_chain.causal_links.1.from_concept
  Field required [type=missing, input_value={'from': '观影需求集...较高分账收入。'}, input_type=dict]
    For further information visit https://errors.pydantic.dev/2.13/v/missing
reasoning_chain.causal_links.1.to_concept
  Field required [type=missing, input_value={'from': '观影需求集...较高分账收入。'}, input_type=dict]
    For further information visit https://errors.pydantic.dev/2.13/v/missing
reasoning_chain.causal_links.1.relation_type
  Field required [type=missing, input_value={'from': '观影需求集...较高分账收入。'}, input_type=dict]
    For further information visit https://errors.pydantic.dev/2.13/v/missing
reasoning_chain.causal_links.2.from_concept
  Field required [type=missing, input_value={'from': '《寒战1994...计票房和利润。'}, input_type=dict]
    For further information visit https://errors.pydantic.dev/2.13/v/missing
reasoning_chain.causal_links.2.to_concept
  Field required [type=missing, input_value={'from': '《寒战1994...计票房和利润。'}, input_type=dict]
    For further information visit https://errors.pydantic.dev/2.13/v/missing
reasoning_chain.causal_links.2.relation_type
  Field required [type=missing, input_value={'from': '《寒战1994...计票房和利润。'}, input_type=dict]
    For further information visit https://errors.pydantic.dev/2.13/v/missing
reasoning_chain.causal_links.3.from_concept
  Field required [type=missing, input_value={'from': '票房破亿消...短期资金流入。'}, input_type=dict]
    For further information visit https://errors.pydantic.dev/2.13/v/missing
reasoning_chain.causal_links.3.to_concept
  Field required [type=missing, input_value={'from': '票房破亿消...短期资金流入。'}, input_type=dict]
    For further information visit https://errors.pydantic.dev/2.13/v/missing
reasoning_chain.causal_links.3.relation_type
  Field required [type=missing, input_value={'from': '票房破亿消...短期资金流入。'}, input_type=dict]
    For further information visit https://errors.pydantic.dev/2.13/v/missing
reasoning_chain.reasoning_stages
  Field required [type=missing, input_value={'chain_id': 'chain_973fa...erall_confidence': 0.55}, input_type=dict]
    For further information visit https://errors.pydantic.dev/2.13/v/missing
[M3] 查询历史隐性信号失败: 13 validation errors for ImplicitSignal
reasoning_chain.causal_links.0.from_concept
  Field required [type=missing, input_value={'from': '杭州立法实...本进入该领域。'}, input_type=dict]
    For further information visit https://errors.pydantic.dev/2.13/v/missing
reasoning_chain.causal_links.0.to_concept
  Field required [type=missing, input_value={'from': '杭州立法实...本进入该领域。'}, input_type=dict]
    For further information visit https://errors.pydantic.dev/2.13/v/missing
reasoning_chain.causal_links.0.relation_type
  Field required [type=missing, input_value={'from': '杭州立法实...本进入该领域。'}, input_type=dict]
    For further information visit https://errors.pydantic.dev/2.13/v/missing
reasoning_chain.causal_links.1.from_concept
  Field required [type=missing, input_value={'from': '资本流入加...动上游供应链。'}, input_type=dict]
    For further information visit https://errors.pydantic.dev/2.13/v/missing
reasoning_chain.causal_links.1.to_concept
  Field required [type=missing, input_value={'from': '资本流入加...动上游供应链。'}, input_type=dict]
    For further information visit https://errors.pydantic.dev/2.13/v/missing
reasoning_chain.causal_links.1.relation_type
  Field required [type=missing, input_value={'from': '资本流入加...动上游供应链。'}, input_type=dict]
    For further information visit https://errors.pydantic.dev/2.13/v/missing
reasoning_chain.causal_links.2.from_concept
  Field required [type=missing, input_value={'from': '需求扩张', ...应商份额提升。'}, input_type=dict]
    For further information visit https://errors.pydantic.dev/2.13/v/missing
reasoning_chain.causal_links.2.to_concept
  Field required [type=missing, input_value={'from': '需求扩张', ...应商份额提升。'}, input_type=dict]
    For further information visit https://errors.pydantic.dev/2.13/v/missing
reasoning_chain.causal_links.2.relation_type
  Field required [type=missing, input_value={'from': '需求扩张', ...应商份额提升。'}, input_type=dict]
    For further information visit https://errors.pydantic.dev/2.13/v/missing
reasoning_chain.causal_links.3.from_concept
  Field required [type=missing, input_value={'from': '政策与产业...成全国性趋势。'}, input_type=dict]
    For further information visit https://errors.pydantic.dev/2.13/v/missing
reasoning_chain.causal_links.3.to_concept
  Field required [type=missing, input_value={'from': '政策与产业...成全国性趋势。'}, input_type=dict]
    For further information visit https://errors.pydantic.dev/2.13/v/missing
reasoning_chain.causal_links.3.relation_type
  Field required [type=missing, input_value={'from': '政策与产业...成全国性趋势。'}, input_type=dict]
    For further information visit https://errors.pydantic.dev/2.13/v/missing
reasoning_chain.reasoning_stages
  Field required [type=missing, input_value={'chain_id': 'chain_ebb33...verall_confidence': 0.7}, input_type=dict]
    For further information visit https://errors.pydantic.dev/2.13/v/missing
[M3] 查询历史隐性信号失败: 13 validation errors for ImplicitSignal
reasoning_chain.causal_links.0.from_concept
  Field required [type=missing, input_value={'from': '杭州立法实...本进入该领域。'}, input_type=dict]
    For further information visit https://errors.pydantic.dev/2.13/v/missing
reasoning_chain.causal_links.0.to_concept
  Field required [type=missing, input_value={'from': '杭州立法实...本进入该领域。'}, input_type=dict]
    For further information visit https://errors.pydantic.dev/2.13/v/missing
reasoning_chain.causal_links.0.relation_type
  Field required [type=missing, input_value={'from': '杭州立法实...本进入该领域。'}, input_type=dict]
    For further information visit https://errors.pydantic.dev/2.13/v/missing
reasoning_chain.causal_links.1.from_concept
  Field required [type=missing, input_value={'from': '资本流入加...动上游供应链。'}, input_type=dict]
    For further information visit https://errors.pydantic.dev/2.13/v/missing
reasoning_chain.causal_links.1.to_concept
  Field required [type=missing, input_value={'from': '资本流入加...动上游供应链。'}, input_type=dict]
    For further information visit https://errors.pydantic.dev/2.13/v/missing
reasoning_chain.causal_links.1.relation_type
  Field required [type=missing, input_value={'from': '资本流入加...动上游供应链。'}, input_type=dict]
    For further information visit https://errors.pydantic.dev/2.13/v/missing
reasoning_chain.causal_links.2.from_concept
  Field required [type=missing, input_value={'from': '需求扩张', ...应商份额提升。'}, input_type=dict]
    For further information visit https://errors.pydantic.dev/2.13/v/missing
reasoning_chain.causal_links.2.to_concept
  Field required [type=missing, input_value={'from': '需求扩张', ...应商份额提升。'}, input_type=dict]
    For further information visit https://errors.pydantic.dev/2.13/v/missing
reasoning_chain.causal_links.2.relation_type
  Field required [type=missing, input_value={'from': '需求扩张', ...应商份额提升。'}, input_type=dict]
    For further information visit https://errors.pydantic.dev/2.13/v/missing
reasoning_chain.causal_links.3.from_concept
  Field required [type=missing, input_value={'from': '政策与产业...成全国性趋势。'}, input_type=dict]
    For further information visit https://errors.pydantic.dev/2.13/v/missing
reasoning_chain.causal_links.3.to_concept
  Field required [type=missing, input_value={'from': '政策与产业...成全国性趋势。'}, input_type=dict]
    For further information visit https://errors.pydantic.dev/2.13/v/missing
reasoning_chain.causal_links.3.relation_type
  Field required [type=missing, input_value={'from': '政策与产业...成全国性趋势。'}, input_type=dict]
    For further information visit https://errors.pydantic.dev/2.13/v/missing
reasoning_chain.reasoning_stages
  Field required [type=missing, input_value={'chain_id': 'chain_ebb33...verall_confidence': 0.7}, input_type=dict]
    For further information visit https://errors.pydantic.dev/2.13/v/missing
[M3] 查询历史隐性信号失败: 13 validation errors for ImplicitSignal
reasoning_chain.causal_links.0.from_concept
  Field required [type=missing, input_value={'from': '杭州立法实...本进入该领域。'}, input_type=dict]
    For further information visit https://errors.pydantic.dev/2.13/v/missing
reasoning_chain.causal_links.0.to_concept
  Field required [type=missing, input_value={'from': '杭州立法实...本进入该领域。'}, input_type=dict]
    For further information visit https://errors.pydantic.dev/2.13/v/missing
reasoning_chain.causal_links.0.relation_type
  Field required [type=missing, input_value={'from': '杭州立法实...本进入该领域。'}, input_type=dict]
    For further information visit https://errors.pydantic.dev/2.13/v/missing
reasoning_chain.causal_links.1.from_concept
  Field required [type=missing, input_value={'from': '资本流入加...动上游供应链。'}, input_type=dict]
    For further information visit https://errors.pydantic.dev/2.13/v/missing
reasoning_chain.causal_links.1.to_concept
  Field required [type=missing, input_value={'from': '资本流入加...动上游供应链。'}, input_type=dict]
    For further information visit https://errors.pydantic.dev/2.13/v/missing
reasoning_chain.causal_links.1.relation_type
  Field required [type=missing, input_value={'from': '资本流入加...动上游供应链。'}, input_type=dict]
    For further information visit https://errors.pydantic.dev/2.13/v/missing
reasoning_chain.causal_links.2.from_concept
  Field required [type=missing, input_value={'from': '需求扩张', ...应商份额提升。'}, input_type=dict]
    For further information visit https://errors.pydantic.dev/2.13/v/missing
reasoning_chain.causal_links.2.to_concept
  Field required [type=missing, input_value={'from': '需求扩张', ...应商份额提升。'}, input_type=dict]
    For further information visit https://errors.pydantic.dev/2.13/v/missing
reasoning_chain.causal_links.2.relation_type
  Field required [type=missing, input_value={'from': '需求扩张', ...应商份额提升。'}, input_type=dict]
    For further information visit https://errors.pydantic.dev/2.13/v/missing
reasoning_chain.causal_links.3.from_concept
  Field required [type=missing, input_value={'from': '政策与产业...成全国性趋势。'}, input_type=dict]
    For further information visit https://errors.pydantic.dev/2.13/v/missing
reasoning_chain.causal_links.3.to_concept
  Field required [type=missing, input_value={'from': '政策与产业...成全国性趋势。'}, input_type=dict]
    For further information visit https://errors.pydantic.dev/2.13/v/missing
reasoning_chain.causal_links.3.relation_type
  Field required [type=missing, input_value={'from': '政策与产业...成全国性趋势。'}, input_type=dict]
    For further information visit https://errors.pydantic.dev/2.13/v/missing
reasoning_chain.reasoning_stages
  Field required [type=missing, input_value={'chain_id': 'chain_c73ba...erall_confidence': 0.65}, input_type=dict]
    For further information visit https://errors.pydantic.dev/2.13/v/missing
[M3] 查询历史隐性信号失败: 13 validation errors for ImplicitSignal
reasoning_chain.causal_links.0.from_concept
  Field required [type=missing, input_value={'from': '杭州立法实...本进入该领域。'}, input_type=dict]
    For further information visit https://errors.pydantic.dev/2.13/v/missing
reasoning_chain.causal_links.0.to_concept
  Field required [type=missing, input_value={'from': '杭州立法实...本进入该领域。'}, input_type=dict]
    For further information visit https://errors.pydantic.dev/2.13/v/missing
reasoning_chain.causal_links.0.relation_type
  Field required [type=missing, input_value={'from': '杭州立法实...本进入该领域。'}, input_type=dict]
    For further information visit https://errors.pydantic.dev/2.13/v/missing
reasoning_chain.causal_links.1.from_concept
  Field required [type=missing, input_value={'from': '资本流入加...动上游供应链。'}, input_type=dict]
    For further information visit https://errors.pydantic.dev/2.13/v/missing
reasoning_chain.causal_links.1.to_concept
  Field required [type=missing, input_value={'from': '资本流入加...动上游供应链。'}, input_type=dict]
    For further information visit https://errors.pydantic.dev/2.13/v/missing
reasoning_chain.causal_links.1.relation_type
  Field required [type=missing, input_value={'from': '资本流入加...动上游供应链。'}, input_type=dict]
    For further information visit https://errors.pydantic.dev/2.13/v/missing
reasoning_chain.causal_links.2.from_concept
  Field required [type=missing, input_value={'from': '需求扩张', ...应商份额提升。'}, input_type=dict]
    For further information visit https://errors.pydantic.dev/2.13/v/missing
reasoning_chain.causal_links.2.to_concept
  Field required [type=missing, input_value={'from': '需求扩张', ...应商份额提升。'}, input_type=dict]
    For further information visit https://errors.pydantic.dev/2.13/v/missing
reasoning_chain.causal_links.2.relation_type
  Field required [type=missing, input_value={'from': '需求扩张', ...应商份额提升。'}, input_type=dict]
    For further information visit https://errors.pydantic.dev/2.13/v/missing
reasoning_chain.causal_links.3.from_concept
  Field required [type=missing, input_value={'from': '政策与产业...成全国性趋势。'}, input_type=dict]
    For further information visit https://errors.pydantic.dev/2.13/v/missing
reasoning_chain.causal_links.3.to_concept
  Field required [type=missing, input_value={'from': '政策与产业...成全国性趋势。'}, input_type=dict]
    For further information visit https://errors.pydantic.dev/2.13/v/missing
reasoning_chain.causal_links.3.relation_type
  Field required [type=missing, input_value={'from': '政策与产业...成全国性趋势。'}, input_type=dict]
    For further information visit https://errors.pydantic.dev/2.13/v/missing
reasoning_chain.reasoning_stages
  Field required [type=missing, input_value={'chain_id': 'chain_c73ba...erall_confidence': 0.65}, input_type=dict]
    For further information visit https://errors.pydantic.dev/2.13/v/missing
[M3] 查询历史隐性信号失败: 13 validation errors for ImplicitSignal
reasoning_chain.causal_links.0.from_concept
  Field required [type=missing, input_value={'from': '杭州立法实...本进入该领域。'}, input_type=dict]
    For further information visit https://errors.pydantic.dev/2.13/v/missing
reasoning_chain.causal_links.0.to_concept
  Field required [type=missing, input_value={'from': '杭州立法实...本进入该领域。'}, input_type=dict]
    For further information visit https://errors.pydantic.dev/2.13/v/missing
reasoning_chain.causal_links.0.relation_type
  Field required [type=missing, input_value={'from': '杭州立法实...本进入该领域。'}, input_type=dict]
    For further information visit https://errors.pydantic.dev/2.13/v/missing
reasoning_chain.causal_links.1.from_concept
  Field required [type=missing, input_value={'from': '资本流入加...动上游供应链。'}, input_type=dict]
    For further information visit https://errors.pydantic.dev/2.13/v/missing
reasoning_chain.causal_links.1.to_concept
  Field required [type=missing, input_value={'from': '资本流入加...动上游供应链。'}, input_type=dict]
    For further information visit https://errors.pydantic.dev/2.13/v/missing
reasoning_chain.causal_links.1.relation_type
  Field required [type=missing, input_value={'from': '资本流入加...动上游供应链。'}, input_type=dict]
    For further information visit https://errors.pydantic.dev/2.13/v/missing
reasoning_chain.causal_links.2.from_concept
  Field required [type=missing, input_value={'from': '需求扩张', ...应商份额提升。'}, input_type=dict]
    For further information visit https://errors.pydantic.dev/2.13/v/missing
reasoning_chain.causal_links.2.to_concept
  Field required [type=missing, input_value={'from': '需求扩张', ...应商份额提升。'}, input_type=dict]
    For further information visit https://errors.pydantic.dev/2.13/v/missing
reasoning_chain.causal_links.2.relation_type
  Field required [type=missing, input_value={'from': '需求扩张', ...应商份额提升。'}, input_type=dict]
    For further information visit https://errors.pydantic.dev/2.13/v/missing
reasoning_chain.causal_links.3.from_concept
  Field required [type=missing, input_value={'from': '政策与产业...成全国性趋势。'}, input_type=dict]
    For further information visit https://errors.pydantic.dev/2.13/v/missing
reasoning_chain.causal_links.3.to_concept
  Field required [type=missing, input_value={'from': '政策与产业...成全国性趋势。'}, input_type=dict]
    For further information visit https://errors.pydantic.dev/2.13/v/missing
reasoning_chain.causal_links.3.relation_type
  Field required [type=missing, input_value={'from': '政策与产业...成全国性趋势。'}, input_type=dict]
    For further information visit https://errors.pydantic.dev/2.13/v/missing
reasoning_chain.reasoning_stages
  Field required [type=missing, input_value={'chain_id': 'chain_6c2ae...verall_confidence': 0.5}, input_type=dict]
    For further information visit https://errors.pydantic.dev/2.13/v/missing
[M3] 查询历史隐性信号失败: 13 validation errors for ImplicitSignal
reasoning_chain.causal_links.0.from_concept
  Field required [type=missing, input_value={'from': '杭州立法实...本进入该领域。'}, input_type=dict]
    For further information visit https://errors.pydantic.dev/2.13/v/missing
reasoning_chain.causal_links.0.to_concept
  Field required [type=missing, input_value={'from': '杭州立法实...本进入该领域。'}, input_type=dict]
    For further information visit https://errors.pydantic.dev/2.13/v/missing
reasoning_chain.causal_links.0.relation_type
  Field required [type=missing, input_value={'from': '杭州立法实...本进入该领域。'}, input_type=dict]
    For further information visit https://errors.pydantic.dev/2.13/v/missing
reasoning_chain.causal_links.1.from_concept
  Field required [type=missing, input_value={'from': '资本流入加...动上游供应链。'}, input_type=dict]
    For further information visit https://errors.pydantic.dev/2.13/v/missing
reasoning_chain.causal_links.1.to_concept
  Field required [type=missing, input_value={'from': '资本流入加...动上游供应链。'}, input_type=dict]
    For further information visit https://errors.pydantic.dev/2.13/v/missing
reasoning_chain.causal_links.1.relation_type
  Field required [type=missing, input_value={'from': '资本流入加...动上游供应链。'}, input_type=dict]
    For further information visit https://errors.pydantic.dev/2.13/v/missing
reasoning_chain.causal_links.2.from_concept
  Field required [type=missing, input_value={'from': '需求扩张', ...应商份额提升。'}, input_type=dict]
    For further information visit https://errors.pydantic.dev/2.13/v/missing
reasoning_chain.causal_links.2.to_concept
  Field required [type=missing, input_value={'from': '需求扩张', ...应商份额提升。'}, input_type=dict]
    For further information visit https://errors.pydantic.dev/2.13/v/missing
reasoning_chain.causal_links.2.relation_type
  Field required [type=missing, input_value={'from': '需求扩张', ...应商份额提升。'}, input_type=dict]
    For further information visit https://errors.pydantic.dev/2.13/v/missing
reasoning_chain.causal_links.3.from_concept
  Field required [type=missing, input_value={'from': '政策与产业...成全国性趋势。'}, input_type=dict]
    For further information visit https://errors.pydantic.dev/2.13/v/missing
reasoning_chain.causal_links.3.to_concept
  Field required [type=missing, input_value={'from': '政策与产业...成全国性趋势。'}, input_type=dict]
    For further information visit https://errors.pydantic.dev/2.13/v/missing
reasoning_chain.causal_links.3.relation_type
  Field required [type=missing, input_value={'from': '政策与产业...成全国性趋势。'}, input_type=dict]
    For further information visit https://errors.pydantic.dev/2.13/v/missing
reasoning_chain.reasoning_stages
  Field required [type=missing, input_value={'chain_id': 'chain_6c2ae...verall_confidence': 0.5}, input_type=dict]
    For further information visit https://errors.pydantic.dev/2.13/v/missing
[M3] 查询历史隐性信号失败: 13 validation errors for ImplicitSignal
reasoning_chain.causal_links.0.from_concept
  Field required [type=missing, input_value={'from': '铁路出行高...售等即时需求。'}, input_type=dict]
    For further information visit https://errors.pydantic.dev/2.13/v/missing
reasoning_chain.causal_links.0.to_concept
  Field required [type=missing, input_value={'from': '铁路出行高...售等即时需求。'}, input_type=dict]
    For further information visit https://errors.pydantic.dev/2.13/v/missing
reasoning_chain.causal_links.0.relation_type
  Field required [type=missing, input_value={'from': '铁路出行高...售等即时需求。'}, input_type=dict]
    For further information visit https://errors.pydantic.dev/2.13/v/missing
reasoning_chain.causal_links.1.from_concept
  Field required [type=missing, input_value={'from': '增开大量旅...提出更高要求。'}, input_type=dict]
    For further information visit https://errors.pydantic.dev/2.13/v/missing
reasoning_chain.causal_links.1.to_concept
  Field required [type=missing, input_value={'from': '增开大量旅...提出更高要求。'}, input_type=dict]
    For further information visit https://errors.pydantic.dev/2.13/v/missing
reasoning_chain.causal_links.1.relation_type
  Field required [type=missing, input_value={'from': '增开大量旅...提出更高要求。'}, input_type=dict]
    For further information visit https://errors.pydantic.dev/2.13/v/missing
reasoning_chain.causal_links.2.from_concept
  Field required [type=missing, input_value={'from': '旅客集中出...通接驳等消费。'}, input_type=dict]
    For further information visit https://errors.pydantic.dev/2.13/v/missing
reasoning_chain.causal_links.2.to_concept
  Field required [type=missing, input_value={'from': '旅客集中出...通接驳等消费。'}, input_type=dict]
    For further information visit https://errors.pydantic.dev/2.13/v/missing
reasoning_chain.causal_links.2.relation_type
  Field required [type=missing, input_value={'from': '旅客集中出...通接驳等消费。'}, input_type=dict]
    For further information visit https://errors.pydantic.dev/2.13/v/missing
reasoning_chain.causal_links.3.from_concept
  Field required [type=missing, input_value={'from': '铁路出行高...等领域的投入。'}, input_type=dict]
    For further information visit https://errors.pydantic.dev/2.13/v/missing
reasoning_chain.causal_links.3.to_concept
  Field required [type=missing, input_value={'from': '铁路出行高...等领域的投入。'}, input_type=dict]
    For further information visit https://errors.pydantic.dev/2.13/v/missing
reasoning_chain.causal_links.3.relation_type
  Field required [type=missing, input_value={'from': '铁路出行高...等领域的投入。'}, input_type=dict]
    For further information visit https://errors.pydantic.dev/2.13/v/missing
reasoning_chain.reasoning_stages
  Field required [type=missing, input_value={'chain_id': 'chain_db911...erall_confidence': 0.65}, input_type=dict]
    For further information visit https://errors.pydantic.dev/2.13/v/missing
[M3] 查询历史隐性信号失败: 13 validation errors for ImplicitSignal
reasoning_chain.causal_links.0.from_concept
  Field required [type=missing, input_value={'from': '铁路出行高...售等即时需求。'}, input_type=dict]
    For further information visit https://errors.pydantic.dev/2.13/v/missing
reasoning_chain.causal_links.0.to_concept
  Field required [type=missing, input_value={'from': '铁路出行高...售等即时需求。'}, input_type=dict]
    For further information visit https://errors.pydantic.dev/2.13/v/missing
reasoning_chain.causal_links.0.relation_type
  Field required [type=missing, input_value={'from': '铁路出行高...售等即时需求。'}, input_type=dict]
    For further information visit https://errors.pydantic.dev/2.13/v/missing
reasoning_chain.causal_links.1.from_concept
  Field required [type=missing, input_value={'from': '增开大量旅...提出更高要求。'}, input_type=dict]
    For further information visit https://errors.pydantic.dev/2.13/v/missing
reasoning_chain.causal_links.1.to_concept
  Field required [type=missing, input_value={'from': '增开大量旅...提出更高要求。'}, input_type=dict]
    For further information visit https://errors.pydantic.dev/2.13/v/missing
reasoning_chain.causal_links.1.relation_type
  Field required [type=missing, input_value={'from': '增开大量旅...提出更高要求。'}, input_type=dict]
    For further information visit https://errors.pydantic.dev/2.13/v/missing
reasoning_chain.causal_links.2.from_concept
  Field required [type=missing, input_value={'from': '旅客集中出...通接驳等消费。'}, input_type=dict]
    For further information visit https://errors.pydantic.dev/2.13/v/missing
reasoning_chain.causal_links.2.to_concept
  Field required [type=missing, input_value={'from': '旅客集中出...通接驳等消费。'}, input_type=dict]
    For further information visit https://errors.pydantic.dev/2.13/v/missing
reasoning_chain.causal_links.2.relation_type
  Field required [type=missing, input_value={'from': '旅客集中出...通接驳等消费。'}, input_type=dict]
    For further information visit https://errors.pydantic.dev/2.13/v/missing
reasoning_chain.causal_links.3.from_concept
  Field required [type=missing, input_value={'from': '铁路出行高...等领域的投入。'}, input_type=dict]
    For further information visit https://errors.pydantic.dev/2.13/v/missing
reasoning_chain.causal_links.3.to_concept
  Field required [type=missing, input_value={'from': '铁路出行高...等领域的投入。'}, input_type=dict]
    For further information visit https://errors.pydantic.dev/2.13/v/missing
reasoning_chain.causal_links.3.relation_type
  Field required [type=missing, input_value={'from': '铁路出行高...等领域的投入。'}, input_type=dict]
    For further information visit https://errors.pydantic.dev/2.13/v/missing
reasoning_chain.reasoning_stages
  Field required [type=missing, input_value={'chain_id': 'chain_db911...erall_confidence': 0.65}, input_type=dict]
    For further information visit https://errors.pydantic.dev/2.13/v/missing
[M3] 查询历史隐性信号失败: 13 validation errors for ImplicitSignal
reasoning_chain.causal_links.0.from_concept
  Field required [type=missing, input_value={'from': '铁路出行高...售等即时需求。'}, input_type=dict]
    For further information visit https://errors.pydantic.dev/2.13/v/missing
reasoning_chain.causal_links.0.to_concept
  Field required [type=missing, input_value={'from': '铁路出行高...售等即时需求。'}, input_type=dict]
    For further information visit https://errors.pydantic.dev/2.13/v/missing
reasoning_chain.causal_links.0.relation_type
  Field required [type=missing, input_value={'from': '铁路出行高...售等即时需求。'}, input_type=dict]
    For further information visit https://errors.pydantic.dev/2.13/v/missing
reasoning_chain.causal_links.1.from_concept
  Field required [type=missing, input_value={'from': '增开大量旅...提出更高要求。'}, input_type=dict]
    For further information visit https://errors.pydantic.dev/2.13/v/missing
reasoning_chain.causal_links.1.to_concept
  Field required [type=missing, input_value={'from': '增开大量旅...提出更高要求。'}, input_type=dict]
    For further information visit https://errors.pydantic.dev/2.13/v/missing
reasoning_chain.causal_links.1.relation_type
  Field required [type=missing, input_value={'from': '增开大量旅...提出更高要求。'}, input_type=dict]
    For further information visit https://errors.pydantic.dev/2.13/v/missing
reasoning_chain.causal_links.2.from_concept
  Field required [type=missing, input_value={'from': '旅客集中出...通接驳等消费。'}, input_type=dict]
    For further information visit https://errors.pydantic.dev/2.13/v/missing
reasoning_chain.causal_links.2.to_concept
  Field required [type=missing, input_value={'from': '旅客集中出...通接驳等消费。'}, input_type=dict]
    For further information visit https://errors.pydantic.dev/2.13/v/missing
reasoning_chain.causal_links.2.relation_type
  Field required [type=missing, input_value={'from': '旅客集中出...通接驳等消费。'}, input_type=dict]
    For further information visit https://errors.pydantic.dev/2.13/v/missing
reasoning_chain.causal_links.3.from_concept
  Field required [type=missing, input_value={'from': '铁路出行高...等领域的投入。'}, input_type=dict]
    For further information visit https://errors.pydantic.dev/2.13/v/missing
reasoning_chain.causal_links.3.to_concept
  Field required [type=missing, input_value={'from': '铁路出行高...等领域的投入。'}, input_type=dict]
    For further information visit https://errors.pydantic.dev/2.13/v/missing
reasoning_chain.causal_links.3.relation_type
  Field required [type=missing, input_value={'from': '铁路出行高...等领域的投入。'}, input_type=dict]
    For further information visit https://errors.pydantic.dev/2.13/v/missing
reasoning_chain.reasoning_stages
  Field required [type=missing, input_value={'chain_id': 'chain_0158e...verall_confidence': 0.5}, input_type=dict]
    For further information visit https://errors.pydantic.dev/2.13/v/missing
[M3] 查询历史隐性信号失败: 13 validation errors for ImplicitSignal
reasoning_chain.causal_links.0.from_concept
  Field required [type=missing, input_value={'from': '铁路出行高...售等即时需求。'}, input_type=dict]
    For further information visit https://errors.pydantic.dev/2.13/v/missing
reasoning_chain.causal_links.0.to_concept
  Field required [type=missing, input_value={'from': '铁路出行高...售等即时需求。'}, input_type=dict]
    For further information visit https://errors.pydantic.dev/2.13/v/missing
reasoning_chain.causal_links.0.relation_type
  Field required [type=missing, input_value={'from': '铁路出行高...售等即时需求。'}, input_type=dict]
    For further information visit https://errors.pydantic.dev/2.13/v/missing
reasoning_chain.causal_links.1.from_concept
  Field required [type=missing, input_value={'from': '增开大量旅...提出更高要求。'}, input_type=dict]
    For further information visit https://errors.pydantic.dev/2.13/v/missing
reasoning_chain.causal_links.1.to_concept
  Field required [type=missing, input_value={'from': '增开大量旅...提出更高要求。'}, input_type=dict]
    For further information visit https://errors.pydantic.dev/2.13/v/missing
reasoning_chain.causal_links.1.relation_type
  Field required [type=missing, input_value={'from': '增开大量旅...提出更高要求。'}, input_type=dict]
    For further information visit https://errors.pydantic.dev/2.13/v/missing
reasoning_chain.causal_links.2.from_concept
  Field required [type=missing, input_value={'from': '旅客集中出...通接驳等消费。'}, input_type=dict]
    For further information visit https://errors.pydantic.dev/2.13/v/missing
reasoning_chain.causal_links.2.to_concept
  Field required [type=missing, input_value={'from': '旅客集中出...通接驳等消费。'}, input_type=dict]
    For further information visit https://errors.pydantic.dev/2.13/v/missing
reasoning_chain.causal_links.2.relation_type
  Field required [type=missing, input_value={'from': '旅客集中出...通接驳等消费。'}, input_type=dict]
    For further information visit https://errors.pydantic.dev/2.13/v/missing
reasoning_chain.causal_links.3.from_concept
  Field required [type=missing, input_value={'from': '铁路出行高...等领域的投入。'}, input_type=dict]
    For further information visit https://errors.pydantic.dev/2.13/v/missing
reasoning_chain.causal_links.3.to_concept
  Field required [type=missing, input_value={'from': '铁路出行高...等领域的投入。'}, input_type=dict]
    For further information visit https://errors.pydantic.dev/2.13/v/missing
reasoning_chain.causal_links.3.relation_type
  Field required [type=missing, input_value={'from': '铁路出行高...等领域的投入。'}, input_type=dict]
    For further information visit https://errors.pydantic.dev/2.13/v/missing
reasoning_chain.reasoning_stages
  Field required [type=missing, input_value={'chain_id': 'chain_0158e...verall_confidence': 0.5}, input_type=dict]
    For further information visit https://errors.pydantic.dev/2.13/v/missing
[M3] 查询历史隐性信号失败: 13 validation errors for ImplicitSignal
reasoning_chain.causal_links.0.from_concept
  Field required [type=missing, input_value={'from': '铁路出行高...售等即时需求。'}, input_type=dict]
    For further information visit https://errors.pydantic.dev/2.13/v/missing
reasoning_chain.causal_links.0.to_concept
  Field required [type=missing, input_value={'from': '铁路出行高...售等即时需求。'}, input_type=dict]
    For further information visit https://errors.pydantic.dev/2.13/v/missing
reasoning_chain.causal_links.0.relation_type
  Field required [type=missing, input_value={'from': '铁路出行高...售等即时需求。'}, input_type=dict]
    For further information visit https://errors.pydantic.dev/2.13/v/missing
reasoning_chain.causal_links.1.from_concept
  Field required [type=missing, input_value={'from': '增开大量旅...提出更高要求。'}, input_type=dict]
    For further information visit https://errors.pydantic.dev/2.13/v/missing
reasoning_chain.causal_links.1.to_concept
  Field required [type=missing, input_value={'from': '增开大量旅...提出更高要求。'}, input_type=dict]
    For further information visit https://errors.pydantic.dev/2.13/v/missing
reasoning_chain.causal_links.1.relation_type
  Field required [type=missing, input_value={'from': '增开大量旅...提出更高要求。'}, input_type=dict]
    For further information visit https://errors.pydantic.dev/2.13/v/missing
reasoning_chain.causal_links.2.from_concept
  Field required [type=missing, input_value={'from': '旅客集中出...通接驳等消费。'}, input_type=dict]
    For further information visit https://errors.pydantic.dev/2.13/v/missing
reasoning_chain.causal_links.2.to_concept
  Field required [type=missing, input_value={'from': '旅客集中出...通接驳等消费。'}, input_type=dict]
    For further information visit https://errors.pydantic.dev/2.13/v/missing
reasoning_chain.causal_links.2.relation_type
  Field required [type=missing, input_value={'from': '旅客集中出...通接驳等消费。'}, input_type=dict]
    For further information visit https://errors.pydantic.dev/2.13/v/missing
reasoning_chain.causal_links.3.from_concept
  Field required [type=missing, input_value={'from': '铁路出行高...等领域的投入。'}, input_type=dict]
    For further information visit https://errors.pydantic.dev/2.13/v/missing
reasoning_chain.causal_links.3.to_concept
  Field required [type=missing, input_value={'from': '铁路出行高...等领域的投入。'}, input_type=dict]
    For further information visit https://errors.pydantic.dev/2.13/v/missing
reasoning_chain.causal_links.3.relation_type
  Field required [type=missing, input_value={'from': '铁路出行高...等领域的投入。'}, input_type=dict]
    For further information visit https://errors.pydantic.dev/2.13/v/missing
reasoning_chain.reasoning_stages
  Field required [type=missing, input_value={'chain_id': 'chain_c0398...verall_confidence': 0.4}, input_type=dict]
    For further information visit https://errors.pydantic.dev/2.13/v/missing
[M3] 查询历史隐性信号失败: 13 validation errors for ImplicitSignal
reasoning_chain.causal_links.0.from_concept
  Field required [type=missing, input_value={'from': '铁路出行高...售等即时需求。'}, input_type=dict]
    For further information visit https://errors.pydantic.dev/2.13/v/missing
reasoning_chain.causal_links.0.to_concept
  Field required [type=missing, input_value={'from': '铁路出行高...售等即时需求。'}, input_type=dict]
    For further information visit https://errors.pydantic.dev/2.13/v/missing
reasoning_chain.causal_links.0.relation_type
  Field required [type=missing, input_value={'from': '铁路出行高...售等即时需求。'}, input_type=dict]
    For further information visit https://errors.pydantic.dev/2.13/v/missing
reasoning_chain.causal_links.1.from_concept
  Field required [type=missing, input_value={'from': '增开大量旅...提出更高要求。'}, input_type=dict]
    For further information visit https://errors.pydantic.dev/2.13/v/missing
reasoning_chain.causal_links.1.to_concept
  Field required [type=missing, input_value={'from': '增开大量旅...提出更高要求。'}, input_type=dict]
    For further information visit https://errors.pydantic.dev/2.13/v/missing
reasoning_chain.causal_links.1.relation_type
  Field required [type=missing, input_value={'from': '增开大量旅...提出更高要求。'}, input_type=dict]
    For further information visit https://errors.pydantic.dev/2.13/v/missing
reasoning_chain.causal_links.2.from_concept
  Field required [type=missing, input_value={'from': '旅客集中出...通接驳等消费。'}, input_type=dict]
    For further information visit https://errors.pydantic.dev/2.13/v/missing
reasoning_chain.causal_links.2.to_concept
  Field required [type=missing, input_value={'from': '旅客集中出...通接驳等消费。'}, input_type=dict]
    For further information visit https://errors.pydantic.dev/2.13/v/missing
reasoning_chain.causal_links.2.relation_type
  Field required [type=missing, input_value={'from': '旅客集中出...通接驳等消费。'}, input_type=dict]
    For further information visit https://errors.pydantic.dev/2.13/v/missing
reasoning_chain.causal_links.3.from_concept
  Field required [type=missing, input_value={'from': '铁路出行高...等领域的投入。'}, input_type=dict]
    For further information visit https://errors.pydantic.dev/2.13/v/missing
reasoning_chain.causal_links.3.to_concept
  Field required [type=missing, input_value={'from': '铁路出行高...等领域的投入。'}, input_type=dict]
    For further information visit https://errors.pydantic.dev/2.13/v/missing
reasoning_chain.causal_links.3.relation_type
  Field required [type=missing, input_value={'from': '铁路出行高...等领域的投入。'}, input_type=dict]
    For further information visit https://errors.pydantic.dev/2.13/v/missing
reasoning_chain.reasoning_stages
  Field required [type=missing, input_value={'chain_id': 'chain_c0398...verall_confidence': 0.4}, input_type=dict]
    For further information visit https://errors.pydantic.dev/2.13/v/missing
[M3] 查询历史隐性信号失败: 13 validation errors for ImplicitSignal
reasoning_chain.causal_links.0.from_concept
  Field required [type=missing, input_value={'from': '上汽乘用车...增厚集团利润。'}, input_type=dict]
    For further information visit https://errors.pydantic.dev/2.13/v/missing
reasoning_chain.causal_links.0.to_concept
  Field required [type=missing, input_value={'from': '上汽乘用车...增厚集团利润。'}, input_type=dict]
    For further information visit https://errors.pydantic.dev/2.13/v/missing
reasoning_chain.causal_links.0.relation_type
  Field required [type=missing, input_value={'from': '上汽乘用车...增厚集团利润。'}, input_type=dict]
    For further information visit https://errors.pydantic.dev/2.13/v/missing
reasoning_chain.causal_links.1.from_concept
  Field required [type=missing, input_value={'from': 'MG品牌销量...据高度正相关。'}, input_type=dict]
    For further information visit https://errors.pydantic.dev/2.13/v/missing
reasoning_chain.causal_links.1.to_concept
  Field required [type=missing, input_value={'from': 'MG品牌销量...据高度正相关。'}, input_type=dict]
    For further information visit https://errors.pydantic.dev/2.13/v/missing
reasoning_chain.causal_links.1.relation_type
  Field required [type=missing, input_value={'from': 'MG品牌销量...据高度正相关。'}, input_type=dict]
    For further information visit https://errors.pydantic.dev/2.13/v/missing
reasoning_chain.causal_links.2.from_concept
  Field required [type=missing, input_value={'from': '上汽乘用车...部件的采购量。'}, input_type=dict]
    For further information visit https://errors.pydantic.dev/2.13/v/missing
reasoning_chain.causal_links.2.to_concept
  Field required [type=missing, input_value={'from': '上汽乘用车...部件的采购量。'}, input_type=dict]
    For further information visit https://errors.pydantic.dev/2.13/v/missing
reasoning_chain.causal_links.2.relation_type
  Field required [type=missing, input_value={'from': '上汽乘用车...部件的采购量。'}, input_type=dict]
    For further information visit https://errors.pydantic.dev/2.13/v/missing
reasoning_chain.causal_links.3.from_concept
  Field required [type=missing, input_value={'from': '上汽乘用车...等后市场需求。'}, input_type=dict]
    For further information visit https://errors.pydantic.dev/2.13/v/missing
reasoning_chain.causal_links.3.to_concept
  Field required [type=missing, input_value={'from': '上汽乘用车...等后市场需求。'}, input_type=dict]
    For further information visit https://errors.pydantic.dev/2.13/v/missing
reasoning_chain.causal_links.3.relation_type
  Field required [type=missing, input_value={'from': '上汽乘用车...等后市场需求。'}, input_type=dict]
    For further information visit https://errors.pydantic.dev/2.13/v/missing
reasoning_chain.reasoning_stages
  Field required [type=missing, input_value={'chain_id': 'chain_de215...verall_confidence': 0.8}, input_type=dict]
    For further information visit https://errors.pydantic.dev/2.13/v/missing
[M3] 查询历史隐性信号失败: 13 validation errors for ImplicitSignal
reasoning_chain.causal_links.0.from_concept
  Field required [type=missing, input_value={'from': '上汽乘用车...增厚集团利润。'}, input_type=dict]
    For further information visit https://errors.pydantic.dev/2.13/v/missing
reasoning_chain.causal_links.0.to_concept
  Field required [type=missing, input_value={'from': '上汽乘用车...增厚集团利润。'}, input_type=dict]
    For further information visit https://errors.pydantic.dev/2.13/v/missing
reasoning_chain.causal_links.0.relation_type
  Field required [type=missing, input_value={'from': '上汽乘用车...增厚集团利润。'}, input_type=dict]
    For further information visit https://errors.pydantic.dev/2.13/v/missing
reasoning_chain.causal_links.1.from_concept
  Field required [type=missing, input_value={'from': 'MG品牌销量...据高度正相关。'}, input_type=dict]
    For further information visit https://errors.pydantic.dev/2.13/v/missing
reasoning_chain.causal_links.1.to_concept
  Field required [type=missing, input_value={'from': 'MG品牌销量...据高度正相关。'}, input_type=dict]
    For further information visit https://errors.pydantic.dev/2.13/v/missing
reasoning_chain.causal_links.1.relation_type
  Field required [type=missing, input_value={'from': 'MG品牌销量...据高度正相关。'}, input_type=dict]
    For further information visit https://errors.pydantic.dev/2.13/v/missing
reasoning_chain.causal_links.2.from_concept
  Field required [type=missing, input_value={'from': '上汽乘用车...部件的采购量。'}, input_type=dict]
    For further information visit https://errors.pydantic.dev/2.13/v/missing
reasoning_chain.causal_links.2.to_concept
  Field required [type=missing, input_value={'from': '上汽乘用车...部件的采购量。'}, input_type=dict]
    For further information visit https://errors.pydantic.dev/2.13/v/missing
reasoning_chain.causal_links.2.relation_type
  Field required [type=missing, input_value={'from': '上汽乘用车...部件的采购量。'}, input_type=dict]
    For further information visit https://errors.pydantic.dev/2.13/v/missing
reasoning_chain.causal_links.3.from_concept
  Field required [type=missing, input_value={'from': '上汽乘用车...等后市场需求。'}, input_type=dict]
    For further information visit https://errors.pydantic.dev/2.13/v/missing
reasoning_chain.causal_links.3.to_concept
  Field required [type=missing, input_value={'from': '上汽乘用车...等后市场需求。'}, input_type=dict]
    For further information visit https://errors.pydantic.dev/2.13/v/missing
reasoning_chain.causal_links.3.relation_type
  Field required [type=missing, input_value={'from': '上汽乘用车...等后市场需求。'}, input_type=dict]
    For further information visit https://errors.pydantic.dev/2.13/v/missing
reasoning_chain.reasoning_stages
  Field required [type=missing, input_value={'chain_id': 'chain_de215...verall_confidence': 0.8}, input_type=dict]
    For further information visit https://errors.pydantic.dev/2.13/v/missing
[M3] 查询历史隐性信号失败: 13 validation errors for ImplicitSignal
reasoning_chain.causal_links.0.from_concept
  Field required [type=missing, input_value={'from': '上汽乘用车...增厚集团利润。'}, input_type=dict]
    For further information visit https://errors.pydantic.dev/2.13/v/missing
reasoning_chain.causal_links.0.to_concept
  Field required [type=missing, input_value={'from': '上汽乘用车...增厚集团利润。'}, input_type=dict]
    For further information visit https://errors.pydantic.dev/2.13/v/missing
reasoning_chain.causal_links.0.relation_type
  Field required [type=missing, input_value={'from': '上汽乘用车...增厚集团利润。'}, input_type=dict]
    For further information visit https://errors.pydantic.dev/2.13/v/missing
reasoning_chain.causal_links.1.from_concept
  Field required [type=missing, input_value={'from': 'MG品牌销量...据高度正相关。'}, input_type=dict]
    For further information visit https://errors.pydantic.dev/2.13/v/missing
reasoning_chain.causal_links.1.to_concept
  Field required [type=missing, input_value={'from': 'MG品牌销量...据高度正相关。'}, input_type=dict]
    For further information visit https://errors.pydantic.dev/2.13/v/missing
reasoning_chain.causal_links.1.relation_type
  Field required [type=missing, input_value={'from': 'MG品牌销量...据高度正相关。'}, input_type=dict]
    For further information visit https://errors.pydantic.dev/2.13/v/missing
reasoning_chain.causal_links.2.from_concept
  Field required [type=missing, input_value={'from': '上汽乘用车...部件的采购量。'}, input_type=dict]
    For further information visit https://errors.pydantic.dev/2.13/v/missing
reasoning_chain.causal_links.2.to_concept
  Field required [type=missing, input_value={'from': '上汽乘用车...部件的采购量。'}, input_type=dict]
    For further information visit https://errors.pydantic.dev/2.13/v/missing
reasoning_chain.causal_links.2.relation_type
  Field required [type=missing, input_value={'from': '上汽乘用车...部件的采购量。'}, input_type=dict]
    For further information visit https://errors.pydantic.dev/2.13/v/missing
reasoning_chain.causal_links.3.from_concept
  Field required [type=missing, input_value={'from': '上汽乘用车...等后市场需求。'}, input_type=dict]
    For further information visit https://errors.pydantic.dev/2.13/v/missing
reasoning_chain.causal_links.3.to_concept
  Field required [type=missing, input_value={'from': '上汽乘用车...等后市场需求。'}, input_type=dict]
    For further information visit https://errors.pydantic.dev/2.13/v/missing
reasoning_chain.causal_links.3.relation_type
  Field required [type=missing, input_value={'from': '上汽乘用车...等后市场需求。'}, input_type=dict]
    For further information visit https://errors.pydantic.dev/2.13/v/missing
reasoning_chain.reasoning_stages
  Field required [type=missing, input_value={'chain_id': 'chain_81324...verall_confidence': 0.7}, input_type=dict]
    For further information visit https://errors.pydantic.dev/2.13/v/missing
[M3] 查询历史隐性信号失败: 13 validation errors for ImplicitSignal
reasoning_chain.causal_links.0.from_concept
  Field required [type=missing, input_value={'from': '上汽乘用车...增厚集团利润。'}, input_type=dict]
    For further information visit https://errors.pydantic.dev/2.13/v/missing
reasoning_chain.causal_links.0.to_concept
  Field required [type=missing, input_value={'from': '上汽乘用车...增厚集团利润。'}, input_type=dict]
    For further information visit https://errors.pydantic.dev/2.13/v/missing
reasoning_chain.causal_links.0.relation_type
  Field required [type=missing, input_value={'from': '上汽乘用车...增厚集团利润。'}, input_type=dict]
    For further information visit https://errors.pydantic.dev/2.13/v/missing
reasoning_chain.causal_links.1.from_concept
  Field required [type=missing, input_value={'from': 'MG品牌销量...据高度正相关。'}, input_type=dict]
    For further information visit https://errors.pydantic.dev/2.13/v/missing
reasoning_chain.causal_links.1.to_concept
  Field required [type=missing, input_value={'from': 'MG品牌销量...据高度正相关。'}, input_type=dict]
    For further information visit https://errors.pydantic.dev/2.13/v/missing
reasoning_chain.causal_links.1.relation_type
  Field required [type=missing, input_value={'from': 'MG品牌销量...据高度正相关。'}, input_type=dict]
    For further information visit https://errors.pydantic.dev/2.13/v/missing
reasoning_chain.causal_links.2.from_concept
  Field required [type=missing, input_value={'from': '上汽乘用车...部件的采购量。'}, input_type=dict]
    For further information visit https://errors.pydantic.dev/2.13/v/missing
reasoning_chain.causal_links.2.to_concept
  Field required [type=missing, input_value={'from': '上汽乘用车...部件的采购量。'}, input_type=dict]
    For further information visit https://errors.pydantic.dev/2.13/v/missing
reasoning_chain.causal_links.2.relation_type
  Field required [type=missing, input_value={'from': '上汽乘用车...部件的采购量。'}, input_type=dict]
    For further information visit https://errors.pydantic.dev/2.13/v/missing
reasoning_chain.causal_links.3.from_concept
  Field required [type=missing, input_value={'from': '上汽乘用车...等后市场需求。'}, input_type=dict]
    For further information visit https://errors.pydantic.dev/2.13/v/missing
reasoning_chain.causal_links.3.to_concept
  Field required [type=missing, input_value={'from': '上汽乘用车...等后市场需求。'}, input_type=dict]
    For further information visit https://errors.pydantic.dev/2.13/v/missing
reasoning_chain.causal_links.3.relation_type
  Field required [type=missing, input_value={'from': '上汽乘用车...等后市场需求。'}, input_type=dict]
    For further information visit https://errors.pydantic.dev/2.13/v/missing
reasoning_chain.reasoning_stages
  Field required [type=missing, input_value={'chain_id': 'chain_81324...verall_confidence': 0.7}, input_type=dict]
    For further information visit https://errors.pydantic.dev/2.13/v/missing
[M3] 查询历史隐性信号失败: 13 validation errors for ImplicitSignal
reasoning_chain.causal_links.0.from_concept
  Field required [type=missing, input_value={'from': '上汽乘用车...增厚集团利润。'}, input_type=dict]
    For further information visit https://errors.pydantic.dev/2.13/v/missing
reasoning_chain.causal_links.0.to_concept
  Field required [type=missing, input_value={'from': '上汽乘用车...增厚集团利润。'}, input_type=dict]
    For further information visit https://errors.pydantic.dev/2.13/v/missing
reasoning_chain.causal_links.0.relation_type
  Field required [type=missing, input_value={'from': '上汽乘用车...增厚集团利润。'}, input_type=dict]
    For further information visit https://errors.pydantic.dev/2.13/v/missing
reasoning_chain.causal_links.1.from_concept
  Field required [type=missing, input_value={'from': 'MG品牌销量...据高度正相关。'}, input_type=dict]
    For further information visit https://errors.pydantic.dev/2.13/v/missing
reasoning_chain.causal_links.1.to_concept
  Field required [type=missing, input_value={'from': 'MG品牌销量...据高度正相关。'}, input_type=dict]
    For further information visit https://errors.pydantic.dev/2.13/v/missing
reasoning_chain.causal_links.1.relation_type
  Field required [type=missing, input_value={'from': 'MG品牌销量...据高度正相关。'}, input_type=dict]
    For further information visit https://errors.pydantic.dev/2.13/v/missing
reasoning_chain.causal_links.2.from_concept
  Field required [type=missing, input_value={'from': '上汽乘用车...部件的采购量。'}, input_type=dict]
    For further information visit https://errors.pydantic.dev/2.13/v/missing
reasoning_chain.causal_links.2.to_concept
  Field required [type=missing, input_value={'from': '上汽乘用车...部件的采购量。'}, input_type=dict]
    For further information visit https://errors.pydantic.dev/2.13/v/missing
reasoning_chain.causal_links.2.relation_type
  Field required [type=missing, input_value={'from': '上汽乘用车...部件的采购量。'}, input_type=dict]
    For further information visit https://errors.pydantic.dev/2.13/v/missing
reasoning_chain.causal_links.3.from_concept
  Field required [type=missing, input_value={'from': '上汽乘用车...等后市场需求。'}, input_type=dict]
    For further information visit https://errors.pydantic.dev/2.13/v/missing
reasoning_chain.causal_links.3.to_concept
  Field required [type=missing, input_value={'from': '上汽乘用车...等后市场需求。'}, input_type=dict]
    For further information visit https://errors.pydantic.dev/2.13/v/missing
reasoning_chain.causal_links.3.relation_type
  Field required [type=missing, input_value={'from': '上汽乘用车...等后市场需求。'}, input_type=dict]
    For further information visit https://errors.pydantic.dev/2.13/v/missing
reasoning_chain.reasoning_stages
  Field required [type=missing, input_value={'chain_id': 'chain_97671...erall_confidence': 0.65}, input_type=dict]
    For further information visit https://errors.pydantic.dev/2.13/v/missing
[M3] 查询历史隐性信号失败: 13 validation errors for ImplicitSignal
reasoning_chain.causal_links.0.from_concept
  Field required [type=missing, input_value={'from': '上汽乘用车...增厚集团利润。'}, input_type=dict]
    For further information visit https://errors.pydantic.dev/2.13/v/missing
reasoning_chain.causal_links.0.to_concept
  Field required [type=missing, input_value={'from': '上汽乘用车...增厚集团利润。'}, input_type=dict]
    For further information visit https://errors.pydantic.dev/2.13/v/missing
reasoning_chain.causal_links.0.relation_type
  Field required [type=missing, input_value={'from': '上汽乘用车...增厚集团利润。'}, input_type=dict]
    For further information visit https://errors.pydantic.dev/2.13/v/missing
reasoning_chain.causal_links.1.from_concept
  Field required [type=missing, input_value={'from': 'MG品牌销量...据高度正相关。'}, input_type=dict]
    For further information visit https://errors.pydantic.dev/2.13/v/missing
reasoning_chain.causal_links.1.to_concept
  Field required [type=missing, input_value={'from': 'MG品牌销量...据高度正相关。'}, input_type=dict]
    For further information visit https://errors.pydantic.dev/2.13/v/missing
reasoning_chain.causal_links.1.relation_type
  Field required [type=missing, input_value={'from': 'MG品牌销量...据高度正相关。'}, input_type=dict]
    For further information visit https://errors.pydantic.dev/2.13/v/missing
reasoning_chain.causal_links.2.from_concept
  Field required [type=missing, input_value={'from': '上汽乘用车...部件的采购量。'}, input_type=dict]
    For further information visit https://errors.pydantic.dev/2.13/v/missing
reasoning_chain.causal_links.2.to_concept
  Field required [type=missing, input_value={'from': '上汽乘用车...部件的采购量。'}, input_type=dict]
    For further information visit https://errors.pydantic.dev/2.13/v/missing
reasoning_chain.causal_links.2.relation_type
  Field required [type=missing, input_value={'from': '上汽乘用车...部件的采购量。'}, input_type=dict]
    For further information visit https://errors.pydantic.dev/2.13/v/missing
reasoning_chain.causal_links.3.from_concept
  Field required [type=missing, input_value={'from': '上汽乘用车...等后市场需求。'}, input_type=dict]
    For further information visit https://errors.pydantic.dev/2.13/v/missing
reasoning_chain.causal_links.3.to_concept
  Field required [type=missing, input_value={'from': '上汽乘用车...等后市场需求。'}, input_type=dict]
    For further information visit https://errors.pydantic.dev/2.13/v/missing
reasoning_chain.causal_links.3.relation_type
  Field required [type=missing, input_value={'from': '上汽乘用车...等后市场需求。'}, input_type=dict]
    For further information visit https://errors.pydantic.dev/2.13/v/missing
reasoning_chain.reasoning_stages
  Field required [type=missing, input_value={'chain_id': 'chain_97671...erall_confidence': 0.65}, input_type=dict]
    For further information visit https://errors.pydantic.dev/2.13/v/missing
[M3] 查询历史隐性信号失败: 13 validation errors for ImplicitSignal
reasoning_chain.causal_links.0.from_concept
  Field required [type=missing, input_value={'from': '上汽乘用车...增厚集团利润。'}, input_type=dict]
    For further information visit https://errors.pydantic.dev/2.13/v/missing
reasoning_chain.causal_links.0.to_concept
  Field required [type=missing, input_value={'from': '上汽乘用车...增厚集团利润。'}, input_type=dict]
    For further information visit https://errors.pydantic.dev/2.13/v/missing
reasoning_chain.causal_links.0.relation_type
  Field required [type=missing, input_value={'from': '上汽乘用车...增厚集团利润。'}, input_type=dict]
    For further information visit https://errors.pydantic.dev/2.13/v/missing
reasoning_chain.causal_links.1.from_concept
  Field required [type=missing, input_value={'from': 'MG品牌销量...据高度正相关。'}, input_type=dict]
    For further information visit https://errors.pydantic.dev/2.13/v/missing
reasoning_chain.causal_links.1.to_concept
  Field required [type=missing, input_value={'from': 'MG品牌销量...据高度正相关。'}, input_type=dict]
    For further information visit https://errors.pydantic.dev/2.13/v/missing
reasoning_chain.causal_links.1.relation_type
  Field required [type=missing, input_value={'from': 'MG品牌销量...据高度正相关。'}, input_type=dict]
    For further information visit https://errors.pydantic.dev/2.13/v/missing
reasoning_chain.causal_links.2.from_concept
  Field required [type=missing, input_value={'from': '上汽乘用车...部件的采购量。'}, input_type=dict]
    For further information visit https://errors.pydantic.dev/2.13/v/missing
reasoning_chain.causal_links.2.to_concept
  Field required [type=missing, input_value={'from': '上汽乘用车...部件的采购量。'}, input_type=dict]
    For further information visit https://errors.pydantic.dev/2.13/v/missing
reasoning_chain.causal_links.2.relation_type
  Field required [type=missing, input_value={'from': '上汽乘用车...部件的采购量。'}, input_type=dict]
    For further information visit https://errors.pydantic.dev/2.13/v/missing
reasoning_chain.causal_links.3.from_concept
  Field required [type=missing, input_value={'from': '上汽乘用车...等后市场需求。'}, input_type=dict]
    For further information visit https://errors.pydantic.dev/2.13/v/missing
reasoning_chain.causal_links.3.to_concept
  Field required [type=missing, input_value={'from': '上汽乘用车...等后市场需求。'}, input_type=dict]
    For further information visit https://errors.pydantic.dev/2.13/v/missing
reasoning_chain.causal_links.3.relation_type
  Field required [type=missing, input_value={'from': '上汽乘用车...等后市场需求。'}, input_type=dict]
    For further information visit https://errors.pydantic.dev/2.13/v/missing
reasoning_chain.reasoning_stages
  Field required [type=missing, input_value={'chain_id': 'chain_34ddb...verall_confidence': 0.5}, input_type=dict]
    For further information visit https://errors.pydantic.dev/2.13/v/missing
[M3] 查询历史隐性信号失败: 13 validation errors for ImplicitSignal
reasoning_chain.causal_links.0.from_concept
  Field required [type=missing, input_value={'from': '上汽乘用车...增厚集团利润。'}, input_type=dict]
    For further information visit https://errors.pydantic.dev/2.13/v/missing
reasoning_chain.causal_links.0.to_concept
  Field required [type=missing, input_value={'from': '上汽乘用车...增厚集团利润。'}, input_type=dict]
    For further information visit https://errors.pydantic.dev/2.13/v/missing
reasoning_chain.causal_links.0.relation_type
  Field required [type=missing, input_value={'from': '上汽乘用车...增厚集团利润。'}, input_type=dict]
    For further information visit https://errors.pydantic.dev/2.13/v/missing
reasoning_chain.causal_links.1.from_concept
  Field required [type=missing, input_value={'from': 'MG品牌销量...据高度正相关。'}, input_type=dict]
    For further information visit https://errors.pydantic.dev/2.13/v/missing
reasoning_chain.causal_links.1.to_concept
  Field required [type=missing, input_value={'from': 'MG品牌销量...据高度正相关。'}, input_type=dict]
    For further information visit https://errors.pydantic.dev/2.13/v/missing
reasoning_chain.causal_links.1.relation_type
  Field required [type=missing, input_value={'from': 'MG品牌销量...据高度正相关。'}, input_type=dict]
    For further information visit https://errors.pydantic.dev/2.13/v/missing
reasoning_chain.causal_links.2.from_concept
  Field required [type=missing, input_value={'from': '上汽乘用车...部件的采购量。'}, input_type=dict]
    For further information visit https://errors.pydantic.dev/2.13/v/missing
reasoning_chain.causal_links.2.to_concept
  Field required [type=missing, input_value={'from': '上汽乘用车...部件的采购量。'}, input_type=dict]
    For further information visit https://errors.pydantic.dev/2.13/v/missing
reasoning_chain.causal_links.2.relation_type
  Field required [type=missing, input_value={'from': '上汽乘用车...部件的采购量。'}, input_type=dict]
    For further information visit https://errors.pydantic.dev/2.13/v/missing
reasoning_chain.causal_links.3.from_concept
  Field required [type=missing, input_value={'from': '上汽乘用车...等后市场需求。'}, input_type=dict]
    For further information visit https://errors.pydantic.dev/2.13/v/missing
reasoning_chain.causal_links.3.to_concept
  Field required [type=missing, input_value={'from': '上汽乘用车...等后市场需求。'}, input_type=dict]
    For further information visit https://errors.pydantic.dev/2.13/v/missing
reasoning_chain.causal_links.3.relation_type
  Field required [type=missing, input_value={'from': '上汽乘用车...等后市场需求。'}, input_type=dict]
    For further information visit https://errors.pydantic.dev/2.13/v/missing
reasoning_chain.reasoning_stages
  Field required [type=missing, input_value={'chain_id': 'chain_34ddb...verall_confidence': 0.5}, input_type=dict]
    For further information visit https://errors.pydantic.dev/2.13/v/missing
[M3] 查询历史隐性信号失败: 13 validation errors for ImplicitSignal
reasoning_chain.causal_links.0.from_concept
  Field required [type=missing, input_value={'from': '鸿蒙智行交...务费收入提升。'}, input_type=dict]
    For further information visit https://errors.pydantic.dev/2.13/v/missing
reasoning_chain.causal_links.0.to_concept
  Field required [type=missing, input_value={'from': '鸿蒙智行交...务费收入提升。'}, input_type=dict]
    For further information visit https://errors.pydantic.dev/2.13/v/missing
reasoning_chain.causal_links.0.relation_type
  Field required [type=missing, input_value={'from': '鸿蒙智行交...务费收入提升。'}, input_type=dict]
    For further information visit https://errors.pydantic.dev/2.13/v/missing
reasoning_chain.causal_links.1.from_concept
  Field required [type=missing, input_value={'from': '华为智能汽...）的采购需求。'}, input_type=dict]
    For further information visit https://errors.pydantic.dev/2.13/v/missing
reasoning_chain.causal_links.1.to_concept
  Field required [type=missing, input_value={'from': '华为智能汽...）的采购需求。'}, input_type=dict]
    For further information visit https://errors.pydantic.dev/2.13/v/missing
reasoning_chain.causal_links.1.relation_type
  Field required [type=missing, input_value={'from': '华为智能汽...）的采购需求。'}, input_type=dict]
    For further information visit https://errors.pydantic.dev/2.13/v/missing
reasoning_chain.causal_links.2.from_concept
  Field required [type=missing, input_value={'from': '鸿蒙智行交...盈利拐点已至。'}, input_type=dict]
    For further information visit https://errors.pydantic.dev/2.13/v/missing
reasoning_chain.causal_links.2.to_concept
  Field required [type=missing, input_value={'from': '鸿蒙智行交...盈利拐点已至。'}, input_type=dict]
    For further information visit https://errors.pydantic.dev/2.13/v/missing
reasoning_chain.causal_links.2.relation_type
  Field required [type=missing, input_value={'from': '鸿蒙智行交...盈利拐点已至。'}, input_type=dict]
    For further information visit https://errors.pydantic.dev/2.13/v/missing
reasoning_chain.causal_links.3.from_concept
  Field required [type=missing, input_value={'from': '鸿蒙智行交...专属保险产品。'}, input_type=dict]
    For further information visit https://errors.pydantic.dev/2.13/v/missing
reasoning_chain.causal_links.3.to_concept
  Field required [type=missing, input_value={'from': '鸿蒙智行交...专属保险产品。'}, input_type=dict]
    For further information visit https://errors.pydantic.dev/2.13/v/missing
reasoning_chain.causal_links.3.relation_type
  Field required [type=missing, input_value={'from': '鸿蒙智行交...专属保险产品。'}, input_type=dict]
    For further information visit https://errors.pydantic.dev/2.13/v/missing
reasoning_chain.reasoning_stages
  Field required [type=missing, input_value={'chain_id': 'chain_d8bf7...verall_confidence': 0.8}, input_type=dict]
    For further information visit https://errors.pydantic.dev/2.13/v/missing
[M3] 查询历史隐性信号失败: 13 validation errors for ImplicitSignal
reasoning_chain.causal_links.0.from_concept
  Field required [type=missing, input_value={'from': '鸿蒙智行交...务费收入提升。'}, input_type=dict]
    For further information visit https://errors.pydantic.dev/2.13/v/missing
reasoning_chain.causal_links.0.to_concept
  Field required [type=missing, input_value={'from': '鸿蒙智行交...务费收入提升。'}, input_type=dict]
    For further information visit https://errors.pydantic.dev/2.13/v/missing
reasoning_chain.causal_links.0.relation_type
  Field required [type=missing, input_value={'from': '鸿蒙智行交...务费收入提升。'}, input_type=dict]
    For further information visit https://errors.pydantic.dev/2.13/v/missing
reasoning_chain.causal_links.1.from_concept
  Field required [type=missing, input_value={'from': '华为智能汽...）的采购需求。'}, input_type=dict]
    For further information visit https://errors.pydantic.dev/2.13/v/missing
reasoning_chain.causal_links.1.to_concept
  Field required [type=missing, input_value={'from': '华为智能汽...）的采购需求。'}, input_type=dict]
    For further information visit https://errors.pydantic.dev/2.13/v/missing
reasoning_chain.causal_links.1.relation_type
  Field required [type=missing, input_value={'from': '华为智能汽...）的采购需求。'}, input_type=dict]
    For further information visit https://errors.pydantic.dev/2.13/v/missing
reasoning_chain.causal_links.2.from_concept
  Field required [type=missing, input_value={'from': '鸿蒙智行交...盈利拐点已至。'}, input_type=dict]
    For further information visit https://errors.pydantic.dev/2.13/v/missing
reasoning_chain.causal_links.2.to_concept
  Field required [type=missing, input_value={'from': '鸿蒙智行交...盈利拐点已至。'}, input_type=dict]
    For further information visit https://errors.pydantic.dev/2.13/v/missing
reasoning_chain.causal_links.2.relation_type
  Field required [type=missing, input_value={'from': '鸿蒙智行交...盈利拐点已至。'}, input_type=dict]
    For further information visit https://errors.pydantic.dev/2.13/v/missing
reasoning_chain.causal_links.3.from_concept
  Field required [type=missing, input_value={'from': '鸿蒙智行交...专属保险产品。'}, input_type=dict]
    For further information visit https://errors.pydantic.dev/2.13/v/missing
reasoning_chain.causal_links.3.to_concept
  Field required [type=missing, input_value={'from': '鸿蒙智行交...专属保险产品。'}, input_type=dict]
    For further information visit https://errors.pydantic.dev/2.13/v/missing
reasoning_chain.causal_links.3.relation_type
  Field required [type=missing, input_value={'from': '鸿蒙智行交...专属保险产品。'}, input_type=dict]
    For further information visit https://errors.pydantic.dev/2.13/v/missing
reasoning_chain.reasoning_stages
  Field required [type=missing, input_value={'chain_id': 'chain_d8bf7...verall_confidence': 0.8}, input_type=dict]
    For further information visit https://errors.pydantic.dev/2.13/v/missing
[M3] 查询历史隐性信号失败: 13 validation errors for ImplicitSignal
reasoning_chain.causal_links.0.from_concept
  Field required [type=missing, input_value={'from': '鸿蒙智行交...务费收入提升。'}, input_type=dict]
    For further information visit https://errors.pydantic.dev/2.13/v/missing
reasoning_chain.causal_links.0.to_concept
  Field required [type=missing, input_value={'from': '鸿蒙智行交...务费收入提升。'}, input_type=dict]
    For further information visit https://errors.pydantic.dev/2.13/v/missing
reasoning_chain.causal_links.0.relation_type
  Field required [type=missing, input_value={'from': '鸿蒙智行交...务费收入提升。'}, input_type=dict]
    For further information visit https://errors.pydantic.dev/2.13/v/missing
reasoning_chain.causal_links.1.from_concept
  Field required [type=missing, input_value={'from': '华为智能汽...）的采购需求。'}, input_type=dict]
    For further information visit https://errors.pydantic.dev/2.13/v/missing
reasoning_chain.causal_links.1.to_concept
  Field required [type=missing, input_value={'from': '华为智能汽...）的采购需求。'}, input_type=dict]
    For further information visit https://errors.pydantic.dev/2.13/v/missing
reasoning_chain.causal_links.1.relation_type
  Field required [type=missing, input_value={'from': '华为智能汽...）的采购需求。'}, input_type=dict]
    For further information visit https://errors.pydantic.dev/2.13/v/missing
reasoning_chain.causal_links.2.from_concept
  Field required [type=missing, input_value={'from': '鸿蒙智行交...盈利拐点已至。'}, input_type=dict]
    For further information visit https://errors.pydantic.dev/2.13/v/missing
reasoning_chain.causal_links.2.to_concept
  Field required [type=missing, input_value={'from': '鸿蒙智行交...盈利拐点已至。'}, input_type=dict]
    For further information visit https://errors.pydantic.dev/2.13/v/missing
reasoning_chain.causal_links.2.relation_type
  Field required [type=missing, input_value={'from': '鸿蒙智行交...盈利拐点已至。'}, input_type=dict]
    For further information visit https://errors.pydantic.dev/2.13/v/missing
reasoning_chain.causal_links.3.from_concept
  Field required [type=missing, input_value={'from': '鸿蒙智行交...专属保险产品。'}, input_type=dict]
    For further information visit https://errors.pydantic.dev/2.13/v/missing
reasoning_chain.causal_links.3.to_concept
  Field required [type=missing, input_value={'from': '鸿蒙智行交...专属保险产品。'}, input_type=dict]
    For further information visit https://errors.pydantic.dev/2.13/v/missing
reasoning_chain.causal_links.3.relation_type
  Field required [type=missing, input_value={'from': '鸿蒙智行交...专属保险产品。'}, input_type=dict]
    For further information visit https://errors.pydantic.dev/2.13/v/missing
reasoning_chain.reasoning_stages
  Field required [type=missing, input_value={'chain_id': 'chain_367e3...verall_confidence': 0.7}, input_type=dict]
    For further information visit https://errors.pydantic.dev/2.13/v/missing
[M3] 查询历史隐性信号失败: 13 validation errors for ImplicitSignal
reasoning_chain.causal_links.0.from_concept
  Field required [type=missing, input_value={'from': '鸿蒙智行交...务费收入提升。'}, input_type=dict]
    For further information visit https://errors.pydantic.dev/2.13/v/missing
reasoning_chain.causal_links.0.to_concept
  Field required [type=missing, input_value={'from': '鸿蒙智行交...务费收入提升。'}, input_type=dict]
    For further information visit https://errors.pydantic.dev/2.13/v/missing
reasoning_chain.causal_links.0.relation_type
  Field required [type=missing, input_value={'from': '鸿蒙智行交...务费收入提升。'}, input_type=dict]
    For further information visit https://errors.pydantic.dev/2.13/v/missing
reasoning_chain.causal_links.1.from_concept
  Field required [type=missing, input_value={'from': '华为智能汽...）的采购需求。'}, input_type=dict]
    For further information visit https://errors.pydantic.dev/2.13/v/missing
reasoning_chain.causal_links.1.to_concept
  Field required [type=missing, input_value={'from': '华为智能汽...）的采购需求。'}, input_type=dict]
    For further information visit https://errors.pydantic.dev/2.13/v/missing
reasoning_chain.causal_links.1.relation_type
  Field required [type=missing, input_value={'from': '华为智能汽...）的采购需求。'}, input_type=dict]
    For further information visit https://errors.pydantic.dev/2.13/v/missing
reasoning_chain.causal_links.2.from_concept
  Field required [type=missing, input_value={'from': '鸿蒙智行交...盈利拐点已至。'}, input_type=dict]
    For further information visit https://errors.pydantic.dev/2.13/v/missing
reasoning_chain.causal_links.2.to_concept
  Field required [type=missing, input_value={'from': '鸿蒙智行交...盈利拐点已至。'}, input_type=dict]
    For further information visit https://errors.pydantic.dev/2.13/v/missing
reasoning_chain.causal_links.2.relation_type
  Field required [type=missing, input_value={'from': '鸿蒙智行交...盈利拐点已至。'}, input_type=dict]
    For further information visit https://errors.pydantic.dev/2.13/v/missing
reasoning_chain.causal_links.3.from_concept
  Field required [type=missing, input_value={'from': '鸿蒙智行交...专属保险产品。'}, input_type=dict]
    For further information visit https://errors.pydantic.dev/2.13/v/missing
reasoning_chain.causal_links.3.to_concept
  Field required [type=missing, input_value={'from': '鸿蒙智行交...专属保险产品。'}, input_type=dict]
    For further information visit https://errors.pydantic.dev/2.13/v/missing
reasoning_chain.causal_links.3.relation_type
  Field required [type=missing, input_value={'from': '鸿蒙智行交...专属保险产品。'}, input_type=dict]
    For further information visit https://errors.pydantic.dev/2.13/v/missing
reasoning_chain.reasoning_stages
  Field required [type=missing, input_value={'chain_id': 'chain_367e3...verall_confidence': 0.7}, input_type=dict]
    For further information visit https://errors.pydantic.dev/2.13/v/missing
[M3] 查询历史隐性信号失败: 13 validation errors for ImplicitSignal
reasoning_chain.causal_links.0.from_concept
  Field required [type=missing, input_value={'from': '鸿蒙智行交...务费收入提升。'}, input_type=dict]
    For further information visit https://errors.pydantic.dev/2.13/v/missing
reasoning_chain.causal_links.0.to_concept
  Field required [type=missing, input_value={'from': '鸿蒙智行交...务费收入提升。'}, input_type=dict]
    For further information visit https://errors.pydantic.dev/2.13/v/missing
reasoning_chain.causal_links.0.relation_type
  Field required [type=missing, input_value={'from': '鸿蒙智行交...务费收入提升。'}, input_type=dict]
    For further information visit https://errors.pydantic.dev/2.13/v/missing
reasoning_chain.causal_links.1.from_concept
  Field required [type=missing, input_value={'from': '华为智能汽...）的采购需求。'}, input_type=dict]
    For further information visit https://errors.pydantic.dev/2.13/v/missing
reasoning_chain.causal_links.1.to_concept
  Field required [type=missing, input_value={'from': '华为智能汽...）的采购需求。'}, input_type=dict]
    For further information visit https://errors.pydantic.dev/2.13/v/missing
reasoning_chain.causal_links.1.relation_type
  Field required [type=missing, input_value={'from': '华为智能汽...）的采购需求。'}, input_type=dict]
    For further information visit https://errors.pydantic.dev/2.13/v/missing
reasoning_chain.causal_links.2.from_concept
  Field required [type=missing, input_value={'from': '鸿蒙智行交...盈利拐点已至。'}, input_type=dict]
    For further information visit https://errors.pydantic.dev/2.13/v/missing
reasoning_chain.causal_links.2.to_concept
  Field required [type=missing, input_value={'from': '鸿蒙智行交...盈利拐点已至。'}, input_type=dict]
    For further information visit https://errors.pydantic.dev/2.13/v/missing
reasoning_chain.causal_links.2.relation_type
  Field required [type=missing, input_value={'from': '鸿蒙智行交...盈利拐点已至。'}, input_type=dict]
    For further information visit https://errors.pydantic.dev/2.13/v/missing
reasoning_chain.causal_links.3.from_concept
  Field required [type=missing, input_value={'from': '鸿蒙智行交...专属保险产品。'}, input_type=dict]
    For further information visit https://errors.pydantic.dev/2.13/v/missing
reasoning_chain.causal_links.3.to_concept
  Field required [type=missing, input_value={'from': '鸿蒙智行交...专属保险产品。'}, input_type=dict]
    For further information visit https://errors.pydantic.dev/2.13/v/missing
reasoning_chain.causal_links.3.relation_type
  Field required [type=missing, input_value={'from': '鸿蒙智行交...专属保险产品。'}, input_type=dict]
    For further information visit https://errors.pydantic.dev/2.13/v/missing
reasoning_chain.reasoning_stages
  Field required [type=missing, input_value={'chain_id': 'chain_085be...erall_confidence': 0.65}, input_type=dict]
    For further information visit https://errors.pydantic.dev/2.13/v/missing
[M3] 查询历史隐性信号失败: 13 validation errors for ImplicitSignal
reasoning_chain.causal_links.0.from_concept
  Field required [type=missing, input_value={'from': '鸿蒙智行交...务费收入提升。'}, input_type=dict]
    For further information visit https://errors.pydantic.dev/2.13/v/missing
reasoning_chain.causal_links.0.to_concept
  Field required [type=missing, input_value={'from': '鸿蒙智行交...务费收入提升。'}, input_type=dict]
    For further information visit https://errors.pydantic.dev/2.13/v/missing
reasoning_chain.causal_links.0.relation_type
  Field required [type=missing, input_value={'from': '鸿蒙智行交...务费收入提升。'}, input_type=dict]
    For further information visit https://errors.pydantic.dev/2.13/v/missing
reasoning_chain.causal_links.1.from_concept
  Field required [type=missing, input_value={'from': '华为智能汽...）的采购需求。'}, input_type=dict]
    For further information visit https://errors.pydantic.dev/2.13/v/missing
reasoning_chain.causal_links.1.to_concept
  Field required [type=missing, input_value={'from': '华为智能汽...）的采购需求。'}, input_type=dict]
    For further information visit https://errors.pydantic.dev/2.13/v/missing
reasoning_chain.causal_links.1.relation_type
  Field required [type=missing, input_value={'from': '华为智能汽...）的采购需求。'}, input_type=dict]
    For further information visit https://errors.pydantic.dev/2.13/v/missing
reasoning_chain.causal_links.2.from_concept
  Field required [type=missing, input_value={'from': '鸿蒙智行交...盈利拐点已至。'}, input_type=dict]
    For further information visit https://errors.pydantic.dev/2.13/v/missing
reasoning_chain.causal_links.2.to_concept
  Field required [type=missing, input_value={'from': '鸿蒙智行交...盈利拐点已至。'}, input_type=dict]
    For further information visit https://errors.pydantic.dev/2.13/v/missing
reasoning_chain.causal_links.2.relation_type
  Field required [type=missing, input_value={'from': '鸿蒙智行交...盈利拐点已至。'}, input_type=dict]
    For further information visit https://errors.pydantic.dev/2.13/v/missing
reasoning_chain.causal_links.3.from_concept
  Field required [type=missing, input_value={'from': '鸿蒙智行交...专属保险产品。'}, input_type=dict]
    For further information visit https://errors.pydantic.dev/2.13/v/missing
reasoning_chain.causal_links.3.to_concept
  Field required [type=missing, input_value={'from': '鸿蒙智行交...专属保险产品。'}, input_type=dict]
    For further information visit https://errors.pydantic.dev/2.13/v/missing
reasoning_chain.causal_links.3.relation_type
  Field required [type=missing, input_value={'from': '鸿蒙智行交...专属保险产品。'}, input_type=dict]
    For further information visit https://errors.pydantic.dev/2.13/v/missing
reasoning_chain.reasoning_stages
  Field required [type=missing, input_value={'chain_id': 'chain_085be...erall_confidence': 0.65}, input_type=dict]
    For further information visit https://errors.pydantic.dev/2.13/v/missing
[M3] 查询历史隐性信号失败: 13 validation errors for ImplicitSignal
reasoning_chain.causal_links.0.from_concept
  Field required [type=missing, input_value={'from': '鸿蒙智行交...务费收入提升。'}, input_type=dict]
    For further information visit https://errors.pydantic.dev/2.13/v/missing
reasoning_chain.causal_links.0.to_concept
  Field required [type=missing, input_value={'from': '鸿蒙智行交...务费收入提升。'}, input_type=dict]
    For further information visit https://errors.pydantic.dev/2.13/v/missing
reasoning_chain.causal_links.0.relation_type
  Field required [type=missing, input_value={'from': '鸿蒙智行交...务费收入提升。'}, input_type=dict]
    For further information visit https://errors.pydantic.dev/2.13/v/missing
reasoning_chain.causal_links.1.from_concept
  Field required [type=missing, input_value={'from': '华为智能汽...）的采购需求。'}, input_type=dict]
    For further information visit https://errors.pydantic.dev/2.13/v/missing
reasoning_chain.causal_links.1.to_concept
  Field required [type=missing, input_value={'from': '华为智能汽...）的采购需求。'}, input_type=dict]
    For further information visit https://errors.pydantic.dev/2.13/v/missing
reasoning_chain.causal_links.1.relation_type
  Field required [type=missing, input_value={'from': '华为智能汽...）的采购需求。'}, input_type=dict]
    For further information visit https://errors.pydantic.dev/2.13/v/missing
reasoning_chain.causal_links.2.from_concept
  Field required [type=missing, input_value={'from': '鸿蒙智行交...盈利拐点已至。'}, input_type=dict]
    For further information visit https://errors.pydantic.dev/2.13/v/missing
reasoning_chain.causal_links.2.to_concept
  Field required [type=missing, input_value={'from': '鸿蒙智行交...盈利拐点已至。'}, input_type=dict]
    For further information visit https://errors.pydantic.dev/2.13/v/missing
reasoning_chain.causal_links.2.relation_type
  Field required [type=missing, input_value={'from': '鸿蒙智行交...盈利拐点已至。'}, input_type=dict]
    For further information visit https://errors.pydantic.dev/2.13/v/missing
reasoning_chain.causal_links.3.from_concept
  Field required [type=missing, input_value={'from': '鸿蒙智行交...专属保险产品。'}, input_type=dict]
    For further information visit https://errors.pydantic.dev/2.13/v/missing
reasoning_chain.causal_links.3.to_concept
  Field required [type=missing, input_value={'from': '鸿蒙智行交...专属保险产品。'}, input_type=dict]
    For further information visit https://errors.pydantic.dev/2.13/v/missing
reasoning_chain.causal_links.3.relation_type
  Field required [type=missing, input_value={'from': '鸿蒙智行交...专属保险产品。'}, input_type=dict]
    For further information visit https://errors.pydantic.dev/2.13/v/missing
reasoning_chain.reasoning_stages
  Field required [type=missing, input_value={'chain_id': 'chain_df2e1...verall_confidence': 0.6}, input_type=dict]
    For further information visit https://errors.pydantic.dev/2.13/v/missing
[M3] 查询历史隐性信号失败: 13 validation errors for ImplicitSignal
reasoning_chain.causal_links.0.from_concept
  Field required [type=missing, input_value={'from': '鸿蒙智行交...务费收入提升。'}, input_type=dict]
    For further information visit https://errors.pydantic.dev/2.13/v/missing
reasoning_chain.causal_links.0.to_concept
  Field required [type=missing, input_value={'from': '鸿蒙智行交...务费收入提升。'}, input_type=dict]
    For further information visit https://errors.pydantic.dev/2.13/v/missing
reasoning_chain.causal_links.0.relation_type
  Field required [type=missing, input_value={'from': '鸿蒙智行交...务费收入提升。'}, input_type=dict]
    For further information visit https://errors.pydantic.dev/2.13/v/missing
reasoning_chain.causal_links.1.from_concept
  Field required [type=missing, input_value={'from': '华为智能汽...）的采购需求。'}, input_type=dict]
    For further information visit https://errors.pydantic.dev/2.13/v/missing
reasoning_chain.causal_links.1.to_concept
  Field required [type=missing, input_value={'from': '华为智能汽...）的采购需求。'}, input_type=dict]
    For further information visit https://errors.pydantic.dev/2.13/v/missing
reasoning_chain.causal_links.1.relation_type
  Field required [type=missing, input_value={'from': '华为智能汽...）的采购需求。'}, input_type=dict]
    For further information visit https://errors.pydantic.dev/2.13/v/missing
reasoning_chain.causal_links.2.from_concept
  Field required [type=missing, input_value={'from': '鸿蒙智行交...盈利拐点已至。'}, input_type=dict]
    For further information visit https://errors.pydantic.dev/2.13/v/missing
reasoning_chain.causal_links.2.to_concept
  Field required [type=missing, input_value={'from': '鸿蒙智行交...盈利拐点已至。'}, input_type=dict]
    For further information visit https://errors.pydantic.dev/2.13/v/missing
reasoning_chain.causal_links.2.relation_type
  Field required [type=missing, input_value={'from': '鸿蒙智行交...盈利拐点已至。'}, input_type=dict]
    For further information visit https://errors.pydantic.dev/2.13/v/missing
reasoning_chain.causal_links.3.from_concept
  Field required [type=missing, input_value={'from': '鸿蒙智行交...专属保险产品。'}, input_type=dict]
    For further information visit https://errors.pydantic.dev/2.13/v/missing
reasoning_chain.causal_links.3.to_concept
  Field required [type=missing, input_value={'from': '鸿蒙智行交...专属保险产品。'}, input_type=dict]
    For further information visit https://errors.pydantic.dev/2.13/v/missing
reasoning_chain.causal_links.3.relation_type
  Field required [type=missing, input_value={'from': '鸿蒙智行交...专属保险产品。'}, input_type=dict]
    For further information visit https://errors.pydantic.dev/2.13/v/missing
reasoning_chain.reasoning_stages
  Field required [type=missing, input_value={'chain_id': 'chain_df2e1...verall_confidence': 0.6}, input_type=dict]
    For further information visit https://errors.pydantic.dev/2.13/v/missing
[M3] 查询历史隐性信号失败: 10 validation errors for ImplicitSignal
reasoning_chain.causal_links.0.from_concept
  Field required [type=missing, input_value={'from': '岚图汽车4...车向岚图转移。'}, input_type=dict]
    For further information visit https://errors.pydantic.dev/2.13/v/missing
reasoning_chain.causal_links.0.to_concept
  Field required [type=missing, input_value={'from': '岚图汽车4...车向岚图转移。'}, input_type=dict]
    For further information visit https://errors.pydantic.dev/2.13/v/missing
reasoning_chain.causal_links.0.relation_type
  Field required [type=missing, input_value={'from': '岚图汽车4...车向岚图转移。'}, input_type=dict]
    For further information visit https://errors.pydantic.dev/2.13/v/missing
reasoning_chain.causal_links.1.from_concept
  Field required [type=missing, input_value={'from': '岚图销量高...短期供应紧张。'}, input_type=dict]
    For further information visit https://errors.pydantic.dev/2.13/v/missing
reasoning_chain.causal_links.1.to_concept
  Field required [type=missing, input_value={'from': '岚图销量高...短期供应紧张。'}, input_type=dict]
    For further information visit https://errors.pydantic.dev/2.13/v/missing
reasoning_chain.causal_links.1.relation_type
  Field required [type=missing, input_value={'from': '岚图销量高...短期供应紧张。'}, input_type=dict]
    For further information visit https://errors.pydantic.dev/2.13/v/missing
reasoning_chain.causal_links.2.from_concept
  Field required [type=missing, input_value={'from': '岚图销量高...战或配置竞赛。'}, input_type=dict]
    For further information visit https://errors.pydantic.dev/2.13/v/missing
reasoning_chain.causal_links.2.to_concept
  Field required [type=missing, input_value={'from': '岚图销量高...战或配置竞赛。'}, input_type=dict]
    For further information visit https://errors.pydantic.dev/2.13/v/missing
reasoning_chain.causal_links.2.relation_type
  Field required [type=missing, input_value={'from': '岚图销量高...战或配置竞赛。'}, input_type=dict]
    For further information visit https://errors.pydantic.dev/2.13/v/missing
reasoning_chain.reasoning_stages
  Field required [type=missing, input_value={'chain_id': 'chain_9c95d...verall_confidence': 0.6}, input_type=dict]
    For further information visit https://errors.pydantic.dev/2.13/v/missing
[M3] 查询历史隐性信号失败: 10 validation errors for ImplicitSignal
reasoning_chain.causal_links.0.from_concept
  Field required [type=missing, input_value={'from': '岚图汽车4...车向岚图转移。'}, input_type=dict]
    For further information visit https://errors.pydantic.dev/2.13/v/missing
reasoning_chain.causal_links.0.to_concept
  Field required [type=missing, input_value={'from': '岚图汽车4...车向岚图转移。'}, input_type=dict]
    For further information visit https://errors.pydantic.dev/2.13/v/missing
reasoning_chain.causal_links.0.relation_type
  Field required [type=missing, input_value={'from': '岚图汽车4...车向岚图转移。'}, input_type=dict]
    For further information visit https://errors.pydantic.dev/2.13/v/missing
reasoning_chain.causal_links.1.from_concept
  Field required [type=missing, input_value={'from': '岚图销量高...短期供应紧张。'}, input_type=dict]
    For further information visit https://errors.pydantic.dev/2.13/v/missing
reasoning_chain.causal_links.1.to_concept
  Field required [type=missing, input_value={'from': '岚图销量高...短期供应紧张。'}, input_type=dict]
    For further information visit https://errors.pydantic.dev/2.13/v/missing
reasoning_chain.causal_links.1.relation_type
  Field required [type=missing, input_value={'from': '岚图销量高...短期供应紧张。'}, input_type=dict]
    For further information visit https://errors.pydantic.dev/2.13/v/missing
reasoning_chain.causal_links.2.from_concept
  Field required [type=missing, input_value={'from': '岚图销量高...战或配置竞赛。'}, input_type=dict]
    For further information visit https://errors.pydantic.dev/2.13/v/missing
reasoning_chain.causal_links.2.to_concept
  Field required [type=missing, input_value={'from': '岚图销量高...战或配置竞赛。'}, input_type=dict]
    For further information visit https://errors.pydantic.dev/2.13/v/missing
reasoning_chain.causal_links.2.relation_type
  Field required [type=missing, input_value={'from': '岚图销量高...战或配置竞赛。'}, input_type=dict]
    For further information visit https://errors.pydantic.dev/2.13/v/missing
reasoning_chain.reasoning_stages
  Field required [type=missing, input_value={'chain_id': 'chain_9c95d...verall_confidence': 0.6}, input_type=dict]
    For further information visit https://errors.pydantic.dev/2.13/v/missing
[M3] 查询历史隐性信号失败: 10 validation errors for ImplicitSignal
reasoning_chain.causal_links.0.from_concept
  Field required [type=missing, input_value={'from': '岚图汽车4...车向岚图转移。'}, input_type=dict]
    For further information visit https://errors.pydantic.dev/2.13/v/missing
reasoning_chain.causal_links.0.to_concept
  Field required [type=missing, input_value={'from': '岚图汽车4...车向岚图转移。'}, input_type=dict]
    For further information visit https://errors.pydantic.dev/2.13/v/missing
reasoning_chain.causal_links.0.relation_type
  Field required [type=missing, input_value={'from': '岚图汽车4...车向岚图转移。'}, input_type=dict]
    For further information visit https://errors.pydantic.dev/2.13/v/missing
reasoning_chain.causal_links.1.from_concept
  Field required [type=missing, input_value={'from': '岚图销量高...短期供应紧张。'}, input_type=dict]
    For further information visit https://errors.pydantic.dev/2.13/v/missing
reasoning_chain.causal_links.1.to_concept
  Field required [type=missing, input_value={'from': '岚图销量高...短期供应紧张。'}, input_type=dict]
    For further information visit https://errors.pydantic.dev/2.13/v/missing
reasoning_chain.causal_links.1.relation_type
  Field required [type=missing, input_value={'from': '岚图销量高...短期供应紧张。'}, input_type=dict]
    For further information visit https://errors.pydantic.dev/2.13/v/missing
reasoning_chain.causal_links.2.from_concept
  Field required [type=missing, input_value={'from': '岚图销量高...战或配置竞赛。'}, input_type=dict]
    For further information visit https://errors.pydantic.dev/2.13/v/missing
reasoning_chain.causal_links.2.to_concept
  Field required [type=missing, input_value={'from': '岚图销量高...战或配置竞赛。'}, input_type=dict]
    For further information visit https://errors.pydantic.dev/2.13/v/missing
reasoning_chain.causal_links.2.relation_type
  Field required [type=missing, input_value={'from': '岚图销量高...战或配置竞赛。'}, input_type=dict]
    For further information visit https://errors.pydantic.dev/2.13/v/missing
reasoning_chain.reasoning_stages
  Field required [type=missing, input_value={'chain_id': 'chain_3db0b...verall_confidence': 0.5}, input_type=dict]
    For further information visit https://errors.pydantic.dev/2.13/v/missing
[M3] 查询历史隐性信号失败: 10 validation errors for ImplicitSignal
reasoning_chain.causal_links.0.from_concept
  Field required [type=missing, input_value={'from': '岚图汽车4...车向岚图转移。'}, input_type=dict]
    For further information visit https://errors.pydantic.dev/2.13/v/missing
reasoning_chain.causal_links.0.to_concept
  Field required [type=missing, input_value={'from': '岚图汽车4...车向岚图转移。'}, input_type=dict]
    For further information visit https://errors.pydantic.dev/2.13/v/missing
reasoning_chain.causal_links.0.relation_type
  Field required [type=missing, input_value={'from': '岚图汽车4...车向岚图转移。'}, input_type=dict]
    For further information visit https://errors.pydantic.dev/2.13/v/missing
reasoning_chain.causal_links.1.from_concept
  Field required [type=missing, input_value={'from': '岚图销量高...短期供应紧张。'}, input_type=dict]
    For further information visit https://errors.pydantic.dev/2.13/v/missing
reasoning_chain.causal_links.1.to_concept
  Field required [type=missing, input_value={'from': '岚图销量高...短期供应紧张。'}, input_type=dict]
    For further information visit https://errors.pydantic.dev/2.13/v/missing
reasoning_chain.causal_links.1.relation_type
  Field required [type=missing, input_value={'from': '岚图销量高...短期供应紧张。'}, input_type=dict]
    For further information visit https://errors.pydantic.dev/2.13/v/missing
reasoning_chain.causal_links.2.from_concept
  Field required [type=missing, input_value={'from': '岚图销量高...战或配置竞赛。'}, input_type=dict]
    For further information visit https://errors.pydantic.dev/2.13/v/missing
reasoning_chain.causal_links.2.to_concept
  Field required [type=missing, input_value={'from': '岚图销量高...战或配置竞赛。'}, input_type=dict]
    For further information visit https://errors.pydantic.dev/2.13/v/missing
reasoning_chain.causal_links.2.relation_type
  Field required [type=missing, input_value={'from': '岚图销量高...战或配置竞赛。'}, input_type=dict]
    For further information visit https://errors.pydantic.dev/2.13/v/missing
reasoning_chain.reasoning_stages
  Field required [type=missing, input_value={'chain_id': 'chain_3db0b...verall_confidence': 0.5}, input_type=dict]
    For further information visit https://errors.pydantic.dev/2.13/v/missing
[M3] 查询历史隐性信号失败: 10 validation errors for ImplicitSignal
reasoning_chain.causal_links.0.from_concept
  Field required [type=missing, input_value={'from': '岚图汽车4...车向岚图转移。'}, input_type=dict]
    For further information visit https://errors.pydantic.dev/2.13/v/missing
reasoning_chain.causal_links.0.to_concept
  Field required [type=missing, input_value={'from': '岚图汽车4...车向岚图转移。'}, input_type=dict]
    For further information visit https://errors.pydantic.dev/2.13/v/missing
reasoning_chain.causal_links.0.relation_type
  Field required [type=missing, input_value={'from': '岚图汽车4...车向岚图转移。'}, input_type=dict]
    For further information visit https://errors.pydantic.dev/2.13/v/missing
reasoning_chain.causal_links.1.from_concept
  Field required [type=missing, input_value={'from': '岚图销量高...短期供应紧张。'}, input_type=dict]
    For further information visit https://errors.pydantic.dev/2.13/v/missing
reasoning_chain.causal_links.1.to_concept
  Field required [type=missing, input_value={'from': '岚图销量高...短期供应紧张。'}, input_type=dict]
    For further information visit https://errors.pydantic.dev/2.13/v/missing
reasoning_chain.causal_links.1.relation_type
  Field required [type=missing, input_value={'from': '岚图销量高...短期供应紧张。'}, input_type=dict]
    For further information visit https://errors.pydantic.dev/2.13/v/missing
reasoning_chain.causal_links.2.from_concept
  Field required [type=missing, input_value={'from': '岚图销量高...战或配置竞赛。'}, input_type=dict]
    For further information visit https://errors.pydantic.dev/2.13/v/missing
reasoning_chain.causal_links.2.to_concept
  Field required [type=missing, input_value={'from': '岚图销量高...战或配置竞赛。'}, input_type=dict]
    For further information visit https://errors.pydantic.dev/2.13/v/missing
reasoning_chain.causal_links.2.relation_type
  Field required [type=missing, input_value={'from': '岚图销量高...战或配置竞赛。'}, input_type=dict]
    For further information visit https://errors.pydantic.dev/2.13/v/missing
reasoning_chain.reasoning_stages
  Field required [type=missing, input_value={'chain_id': 'chain_d6e5c...verall_confidence': 0.7}, input_type=dict]
    For further information visit https://errors.pydantic.dev/2.13/v/missing
[M3] 查询历史隐性信号失败: 10 validation errors for ImplicitSignal
reasoning_chain.causal_links.0.from_concept
  Field required [type=missing, input_value={'from': '岚图汽车4...车向岚图转移。'}, input_type=dict]
    For further information visit https://errors.pydantic.dev/2.13/v/missing
reasoning_chain.causal_links.0.to_concept
  Field required [type=missing, input_value={'from': '岚图汽车4...车向岚图转移。'}, input_type=dict]
    For further information visit https://errors.pydantic.dev/2.13/v/missing
reasoning_chain.causal_links.0.relation_type
  Field required [type=missing, input_value={'from': '岚图汽车4...车向岚图转移。'}, input_type=dict]
    For further information visit https://errors.pydantic.dev/2.13/v/missing
reasoning_chain.causal_links.1.from_concept
  Field required [type=missing, input_value={'from': '岚图销量高...短期供应紧张。'}, input_type=dict]
    For further information visit https://errors.pydantic.dev/2.13/v/missing
reasoning_chain.causal_links.1.to_concept
  Field required [type=missing, input_value={'from': '岚图销量高...短期供应紧张。'}, input_type=dict]
    For further information visit https://errors.pydantic.dev/2.13/v/missing
reasoning_chain.causal_links.1.relation_type
  Field required [type=missing, input_value={'from': '岚图销量高...短期供应紧张。'}, input_type=dict]
    For further information visit https://errors.pydantic.dev/2.13/v/missing
reasoning_chain.causal_links.2.from_concept
  Field required [type=missing, input_value={'from': '岚图销量高...战或配置竞赛。'}, input_type=dict]
    For further information visit https://errors.pydantic.dev/2.13/v/missing
reasoning_chain.causal_links.2.to_concept
  Field required [type=missing, input_value={'from': '岚图销量高...战或配置竞赛。'}, input_type=dict]
    For further information visit https://errors.pydantic.dev/2.13/v/missing
reasoning_chain.causal_links.2.relation_type
  Field required [type=missing, input_value={'from': '岚图销量高...战或配置竞赛。'}, input_type=dict]
    For further information visit https://errors.pydantic.dev/2.13/v/missing
reasoning_chain.reasoning_stages
  Field required [type=missing, input_value={'chain_id': 'chain_d6e5c...verall_confidence': 0.7}, input_type=dict]
    For further information visit https://errors.pydantic.dev/2.13/v/missing
[M3] 查询历史隐性信号失败: 13 validation errors for ImplicitSignal
reasoning_chain.causal_links.0.from_concept
  Field required [type=missing, input_value={'from': '蔚来交付量...和入门级扩展。'}, input_type=dict]
    For further information visit https://errors.pydantic.dev/2.13/v/missing
reasoning_chain.causal_links.0.to_concept
  Field required [type=missing, input_value={'from': '蔚来交付量...和入门级扩展。'}, input_type=dict]
    For further information visit https://errors.pydantic.dev/2.13/v/missing
reasoning_chain.causal_links.0.relation_type
  Field required [type=missing, input_value={'from': '蔚来交付量...和入门级扩展。'}, input_type=dict]
    For further information visit https://errors.pydantic.dev/2.13/v/missing
reasoning_chain.causal_links.1.from_concept
  Field required [type=missing, input_value={'from': '蔚来多品牌...和产能上投入。'}, input_type=dict]
    For further information visit https://errors.pydantic.dev/2.13/v/missing
reasoning_chain.causal_links.1.to_concept
  Field required [type=missing, input_value={'from': '蔚来多品牌...和产能上投入。'}, input_type=dict]
    For further information visit https://errors.pydantic.dev/2.13/v/missing
reasoning_chain.causal_links.1.relation_type
  Field required [type=missing, input_value={'from': '蔚来多品牌...和产能上投入。'}, input_type=dict]
    For further information visit https://errors.pydantic.dev/2.13/v/missing
reasoning_chain.causal_links.2.from_concept
  Field required [type=missing, input_value={'from': '交付量持续...盈利拐点到来。'}, input_type=dict]
    For further information visit https://errors.pydantic.dev/2.13/v/missing
reasoning_chain.causal_links.2.to_concept
  Field required [type=missing, input_value={'from': '交付量持续...盈利拐点到来。'}, input_type=dict]
    For further information visit https://errors.pydantic.dev/2.13/v/missing
reasoning_chain.causal_links.2.relation_type
  Field required [type=missing, input_value={'from': '交付量持续...盈利拐点到来。'}, input_type=dict]
    For further information visit https://errors.pydantic.dev/2.13/v/missing
reasoning_chain.causal_links.3.from_concept
  Field required [type=missing, input_value={'from': '蔚来交付数...来供应链企业。'}, input_type=dict]
    For further information visit https://errors.pydantic.dev/2.13/v/missing
reasoning_chain.causal_links.3.to_concept
  Field required [type=missing, input_value={'from': '蔚来交付数...来供应链企业。'}, input_type=dict]
    For further information visit https://errors.pydantic.dev/2.13/v/missing
reasoning_chain.causal_links.3.relation_type
  Field required [type=missing, input_value={'from': '蔚来交付数...来供应链企业。'}, input_type=dict]
    For further information visit https://errors.pydantic.dev/2.13/v/missing
reasoning_chain.reasoning_stages
  Field required [type=missing, input_value={'chain_id': 'chain_27141...verall_confidence': 0.6}, input_type=dict]
    For further information visit https://errors.pydantic.dev/2.13/v/missing
[M3] 查询历史隐性信号失败: 13 validation errors for ImplicitSignal
reasoning_chain.causal_links.0.from_concept
  Field required [type=missing, input_value={'from': '蔚来交付量...和入门级扩展。'}, input_type=dict]
    For further information visit https://errors.pydantic.dev/2.13/v/missing
reasoning_chain.causal_links.0.to_concept
  Field required [type=missing, input_value={'from': '蔚来交付量...和入门级扩展。'}, input_type=dict]
    For further information visit https://errors.pydantic.dev/2.13/v/missing
reasoning_chain.causal_links.0.relation_type
  Field required [type=missing, input_value={'from': '蔚来交付量...和入门级扩展。'}, input_type=dict]
    For further information visit https://errors.pydantic.dev/2.13/v/missing
reasoning_chain.causal_links.1.from_concept
  Field required [type=missing, input_value={'from': '蔚来多品牌...和产能上投入。'}, input_type=dict]
    For further information visit https://errors.pydantic.dev/2.13/v/missing
reasoning_chain.causal_links.1.to_concept
  Field required [type=missing, input_value={'from': '蔚来多品牌...和产能上投入。'}, input_type=dict]
    For further information visit https://errors.pydantic.dev/2.13/v/missing
reasoning_chain.causal_links.1.relation_type
  Field required [type=missing, input_value={'from': '蔚来多品牌...和产能上投入。'}, input_type=dict]
    For further information visit https://errors.pydantic.dev/2.13/v/missing
reasoning_chain.causal_links.2.from_concept
  Field required [type=missing, input_value={'from': '交付量持续...盈利拐点到来。'}, input_type=dict]
    For further information visit https://errors.pydantic.dev/2.13/v/missing
reasoning_chain.causal_links.2.to_concept
  Field required [type=missing, input_value={'from': '交付量持续...盈利拐点到来。'}, input_type=dict]
    For further information visit https://errors.pydantic.dev/2.13/v/missing
reasoning_chain.causal_links.2.relation_type
  Field required [type=missing, input_value={'from': '交付量持续...盈利拐点到来。'}, input_type=dict]
    For further information visit https://errors.pydantic.dev/2.13/v/missing
reasoning_chain.causal_links.3.from_concept
  Field required [type=missing, input_value={'from': '蔚来交付数...来供应链企业。'}, input_type=dict]
    For further information visit https://errors.pydantic.dev/2.13/v/missing
reasoning_chain.causal_links.3.to_concept
  Field required [type=missing, input_value={'from': '蔚来交付数...来供应链企业。'}, input_type=dict]
    For further information visit https://errors.pydantic.dev/2.13/v/missing
reasoning_chain.causal_links.3.relation_type
  Field required [type=missing, input_value={'from': '蔚来交付数...来供应链企业。'}, input_type=dict]
    For further information visit https://errors.pydantic.dev/2.13/v/missing
reasoning_chain.reasoning_stages
  Field required [type=missing, input_value={'chain_id': 'chain_27141...verall_confidence': 0.6}, input_type=dict]
    For further information visit https://errors.pydantic.dev/2.13/v/missing
[M3] 查询历史隐性信号失败: 13 validation errors for ImplicitSignal
reasoning_chain.causal_links.0.from_concept
  Field required [type=missing, input_value={'from': '蔚来交付量...和入门级扩展。'}, input_type=dict]
    For further information visit https://errors.pydantic.dev/2.13/v/missing
reasoning_chain.causal_links.0.to_concept
  Field required [type=missing, input_value={'from': '蔚来交付量...和入门级扩展。'}, input_type=dict]
    For further information visit https://errors.pydantic.dev/2.13/v/missing
reasoning_chain.causal_links.0.relation_type
  Field required [type=missing, input_value={'from': '蔚来交付量...和入门级扩展。'}, input_type=dict]
    For further information visit https://errors.pydantic.dev/2.13/v/missing
reasoning_chain.causal_links.1.from_concept
  Field required [type=missing, input_value={'from': '蔚来多品牌...和产能上投入。'}, input_type=dict]
    For further information visit https://errors.pydantic.dev/2.13/v/missing
reasoning_chain.causal_links.1.to_concept
  Field required [type=missing, input_value={'from': '蔚来多品牌...和产能上投入。'}, input_type=dict]
    For further information visit https://errors.pydantic.dev/2.13/v/missing
reasoning_chain.causal_links.1.relation_type
  Field required [type=missing, input_value={'from': '蔚来多品牌...和产能上投入。'}, input_type=dict]
    For further information visit https://errors.pydantic.dev/2.13/v/missing
reasoning_chain.causal_links.2.from_concept
  Field required [type=missing, input_value={'from': '交付量持续...盈利拐点到来。'}, input_type=dict]
    For further information visit https://errors.pydantic.dev/2.13/v/missing
reasoning_chain.causal_links.2.to_concept
  Field required [type=missing, input_value={'from': '交付量持续...盈利拐点到来。'}, input_type=dict]
    For further information visit https://errors.pydantic.dev/2.13/v/missing
reasoning_chain.causal_links.2.relation_type
  Field required [type=missing, input_value={'from': '交付量持续...盈利拐点到来。'}, input_type=dict]
    For further information visit https://errors.pydantic.dev/2.13/v/missing
reasoning_chain.causal_links.3.from_concept
  Field required [type=missing, input_value={'from': '蔚来交付数...来供应链企业。'}, input_type=dict]
    For further information visit https://errors.pydantic.dev/2.13/v/missing
reasoning_chain.causal_links.3.to_concept
  Field required [type=missing, input_value={'from': '蔚来交付数...来供应链企业。'}, input_type=dict]
    For further information visit https://errors.pydantic.dev/2.13/v/missing
reasoning_chain.causal_links.3.relation_type
  Field required [type=missing, input_value={'from': '蔚来交付数...来供应链企业。'}, input_type=dict]
    For further information visit https://errors.pydantic.dev/2.13/v/missing
reasoning_chain.reasoning_stages
  Field required [type=missing, input_value={'chain_id': 'chain_c8f72...verall_confidence': 0.7}, input_type=dict]
    For further information visit https://errors.pydantic.dev/2.13/v/missing
[M3] 查询历史隐性信号失败: 13 validation errors for ImplicitSignal
reasoning_chain.causal_links.0.from_concept
  Field required [type=missing, input_value={'from': '蔚来交付量...和入门级扩展。'}, input_type=dict]
    For further information visit https://errors.pydantic.dev/2.13/v/missing
reasoning_chain.causal_links.0.to_concept
  Field required [type=missing, input_value={'from': '蔚来交付量...和入门级扩展。'}, input_type=dict]
    For further information visit https://errors.pydantic.dev/2.13/v/missing
reasoning_chain.causal_links.0.relation_type
  Field required [type=missing, input_value={'from': '蔚来交付量...和入门级扩展。'}, input_type=dict]
    For further information visit https://errors.pydantic.dev/2.13/v/missing
reasoning_chain.causal_links.1.from_concept
  Field required [type=missing, input_value={'from': '蔚来多品牌...和产能上投入。'}, input_type=dict]
    For further information visit https://errors.pydantic.dev/2.13/v/missing
reasoning_chain.causal_links.1.to_concept
  Field required [type=missing, input_value={'from': '蔚来多品牌...和产能上投入。'}, input_type=dict]
    For further information visit https://errors.pydantic.dev/2.13/v/missing
reasoning_chain.causal_links.1.relation_type
  Field required [type=missing, input_value={'from': '蔚来多品牌...和产能上投入。'}, input_type=dict]
    For further information visit https://errors.pydantic.dev/2.13/v/missing
reasoning_chain.causal_links.2.from_concept
  Field required [type=missing, input_value={'from': '交付量持续...盈利拐点到来。'}, input_type=dict]
    For further information visit https://errors.pydantic.dev/2.13/v/missing
reasoning_chain.causal_links.2.to_concept
  Field required [type=missing, input_value={'from': '交付量持续...盈利拐点到来。'}, input_type=dict]
    For further information visit https://errors.pydantic.dev/2.13/v/missing
reasoning_chain.causal_links.2.relation_type
  Field required [type=missing, input_value={'from': '交付量持续...盈利拐点到来。'}, input_type=dict]
    For further information visit https://errors.pydantic.dev/2.13/v/missing
reasoning_chain.causal_links.3.from_concept
  Field required [type=missing, input_value={'from': '蔚来交付数...来供应链企业。'}, input_type=dict]
    For further information visit https://errors.pydantic.dev/2.13/v/missing
reasoning_chain.causal_links.3.to_concept
  Field required [type=missing, input_value={'from': '蔚来交付数...来供应链企业。'}, input_type=dict]
    For further information visit https://errors.pydantic.dev/2.13/v/missing
reasoning_chain.causal_links.3.relation_type
  Field required [type=missing, input_value={'from': '蔚来交付数...来供应链企业。'}, input_type=dict]
    For further information visit https://errors.pydantic.dev/2.13/v/missing
reasoning_chain.reasoning_stages
  Field required [type=missing, input_value={'chain_id': 'chain_c8f72...verall_confidence': 0.7}, input_type=dict]
    For further information visit https://errors.pydantic.dev/2.13/v/missing
[M3] 查询历史隐性信号失败: 13 validation errors for ImplicitSignal
reasoning_chain.causal_links.0.from_concept
  Field required [type=missing, input_value={'from': '蔚来交付量...和入门级扩展。'}, input_type=dict]
    For further information visit https://errors.pydantic.dev/2.13/v/missing
reasoning_chain.causal_links.0.to_concept
  Field required [type=missing, input_value={'from': '蔚来交付量...和入门级扩展。'}, input_type=dict]
    For further information visit https://errors.pydantic.dev/2.13/v/missing
reasoning_chain.causal_links.0.relation_type
  Field required [type=missing, input_value={'from': '蔚来交付量...和入门级扩展。'}, input_type=dict]
    For further information visit https://errors.pydantic.dev/2.13/v/missing
reasoning_chain.causal_links.1.from_concept
  Field required [type=missing, input_value={'from': '蔚来多品牌...和产能上投入。'}, input_type=dict]
    For further information visit https://errors.pydantic.dev/2.13/v/missing
reasoning_chain.causal_links.1.to_concept
  Field required [type=missing, input_value={'from': '蔚来多品牌...和产能上投入。'}, input_type=dict]
    For further information visit https://errors.pydantic.dev/2.13/v/missing
reasoning_chain.causal_links.1.relation_type
  Field required [type=missing, input_value={'from': '蔚来多品牌...和产能上投入。'}, input_type=dict]
    For further information visit https://errors.pydantic.dev/2.13/v/missing
reasoning_chain.causal_links.2.from_concept
  Field required [type=missing, input_value={'from': '交付量持续...盈利拐点到来。'}, input_type=dict]
    For further information visit https://errors.pydantic.dev/2.13/v/missing
reasoning_chain.causal_links.2.to_concept
  Field required [type=missing, input_value={'from': '交付量持续...盈利拐点到来。'}, input_type=dict]
    For further information visit https://errors.pydantic.dev/2.13/v/missing
reasoning_chain.causal_links.2.relation_type
  Field required [type=missing, input_value={'from': '交付量持续...盈利拐点到来。'}, input_type=dict]
    For further information visit https://errors.pydantic.dev/2.13/v/missing
reasoning_chain.causal_links.3.from_concept
  Field required [type=missing, input_value={'from': '蔚来交付数...来供应链企业。'}, input_type=dict]
    For further information visit https://errors.pydantic.dev/2.13/v/missing
reasoning_chain.causal_links.3.to_concept
  Field required [type=missing, input_value={'from': '蔚来交付数...来供应链企业。'}, input_type=dict]
    For further information visit https://errors.pydantic.dev/2.13/v/missing
reasoning_chain.causal_links.3.relation_type
  Field required [type=missing, input_value={'from': '蔚来交付数...来供应链企业。'}, input_type=dict]
    For further information visit https://errors.pydantic.dev/2.13/v/missing
reasoning_chain.reasoning_stages
  Field required [type=missing, input_value={'chain_id': 'chain_9d5d6...verall_confidence': 0.5}, input_type=dict]
    For further information visit https://errors.pydantic.dev/2.13/v/missing
[M3] 查询历史隐性信号失败: 13 validation errors for ImplicitSignal
reasoning_chain.causal_links.0.from_concept
  Field required [type=missing, input_value={'from': '蔚来交付量...和入门级扩展。'}, input_type=dict]
    For further information visit https://errors.pydantic.dev/2.13/v/missing
reasoning_chain.causal_links.0.to_concept
  Field required [type=missing, input_value={'from': '蔚来交付量...和入门级扩展。'}, input_type=dict]
    For further information visit https://errors.pydantic.dev/2.13/v/missing
reasoning_chain.causal_links.0.relation_type
  Field required [type=missing, input_value={'from': '蔚来交付量...和入门级扩展。'}, input_type=dict]
    For further information visit https://errors.pydantic.dev/2.13/v/missing
reasoning_chain.causal_links.1.from_concept
  Field required [type=missing, input_value={'from': '蔚来多品牌...和产能上投入。'}, input_type=dict]
    For further information visit https://errors.pydantic.dev/2.13/v/missing
reasoning_chain.causal_links.1.to_concept
  Field required [type=missing, input_value={'from': '蔚来多品牌...和产能上投入。'}, input_type=dict]
    For further information visit https://errors.pydantic.dev/2.13/v/missing
reasoning_chain.causal_links.1.relation_type
  Field required [type=missing, input_value={'from': '蔚来多品牌...和产能上投入。'}, input_type=dict]
    For further information visit https://errors.pydantic.dev/2.13/v/missing
reasoning_chain.causal_links.2.from_concept
  Field required [type=missing, input_value={'from': '交付量持续...盈利拐点到来。'}, input_type=dict]
    For further information visit https://errors.pydantic.dev/2.13/v/missing
reasoning_chain.causal_links.2.to_concept
  Field required [type=missing, input_value={'from': '交付量持续...盈利拐点到来。'}, input_type=dict]
    For further information visit https://errors.pydantic.dev/2.13/v/missing
reasoning_chain.causal_links.2.relation_type
  Field required [type=missing, input_value={'from': '交付量持续...盈利拐点到来。'}, input_type=dict]
    For further information visit https://errors.pydantic.dev/2.13/v/missing
reasoning_chain.causal_links.3.from_concept
  Field required [type=missing, input_value={'from': '蔚来交付数...来供应链企业。'}, input_type=dict]
    For further information visit https://errors.pydantic.dev/2.13/v/missing
reasoning_chain.causal_links.3.to_concept
  Field required [type=missing, input_value={'from': '蔚来交付数...来供应链企业。'}, input_type=dict]
    For further information visit https://errors.pydantic.dev/2.13/v/missing
reasoning_chain.causal_links.3.relation_type
  Field required [type=missing, input_value={'from': '蔚来交付数...来供应链企业。'}, input_type=dict]
    For further information visit https://errors.pydantic.dev/2.13/v/missing
reasoning_chain.reasoning_stages
  Field required [type=missing, input_value={'chain_id': 'chain_9d5d6...verall_confidence': 0.5}, input_type=dict]
    For further information visit https://errors.pydantic.dev/2.13/v/missing
[M3] 查询历史隐性信号失败: 13 validation errors for ImplicitSignal
reasoning_chain.causal_links.0.from_concept
  Field required [type=missing, input_value={'from': '蔚来交付量...和入门级扩展。'}, input_type=dict]
    For further information visit https://errors.pydantic.dev/2.13/v/missing
reasoning_chain.causal_links.0.to_concept
  Field required [type=missing, input_value={'from': '蔚来交付量...和入门级扩展。'}, input_type=dict]
    For further information visit https://errors.pydantic.dev/2.13/v/missing
reasoning_chain.causal_links.0.relation_type
  Field required [type=missing, input_value={'from': '蔚来交付量...和入门级扩展。'}, input_type=dict]
    For further information visit https://errors.pydantic.dev/2.13/v/missing
reasoning_chain.causal_links.1.from_concept
  Field required [type=missing, input_value={'from': '蔚来多品牌...和产能上投入。'}, input_type=dict]
    For further information visit https://errors.pydantic.dev/2.13/v/missing
reasoning_chain.causal_links.1.to_concept
  Field required [type=missing, input_value={'from': '蔚来多品牌...和产能上投入。'}, input_type=dict]
    For further information visit https://errors.pydantic.dev/2.13/v/missing
reasoning_chain.causal_links.1.relation_type
  Field required [type=missing, input_value={'from': '蔚来多品牌...和产能上投入。'}, input_type=dict]
    For further information visit https://errors.pydantic.dev/2.13/v/missing
reasoning_chain.causal_links.2.from_concept
  Field required [type=missing, input_value={'from': '交付量持续...盈利拐点到来。'}, input_type=dict]
    For further information visit https://errors.pydantic.dev/2.13/v/missing
reasoning_chain.causal_links.2.to_concept
  Field required [type=missing, input_value={'from': '交付量持续...盈利拐点到来。'}, input_type=dict]
    For further information visit https://errors.pydantic.dev/2.13/v/missing
reasoning_chain.causal_links.2.relation_type
  Field required [type=missing, input_value={'from': '交付量持续...盈利拐点到来。'}, input_type=dict]
    For further information visit https://errors.pydantic.dev/2.13/v/missing
reasoning_chain.causal_links.3.from_concept
  Field required [type=missing, input_value={'from': '蔚来交付数...来供应链企业。'}, input_type=dict]
    For further information visit https://errors.pydantic.dev/2.13/v/missing
reasoning_chain.causal_links.3.to_concept
  Field required [type=missing, input_value={'from': '蔚来交付数...来供应链企业。'}, input_type=dict]
    For further information visit https://errors.pydantic.dev/2.13/v/missing
reasoning_chain.causal_links.3.relation_type
  Field required [type=missing, input_value={'from': '蔚来交付数...来供应链企业。'}, input_type=dict]
    For further information visit https://errors.pydantic.dev/2.13/v/missing
reasoning_chain.reasoning_stages
  Field required [type=missing, input_value={'chain_id': 'chain_e25bb...verall_confidence': 0.4}, input_type=dict]
    For further information visit https://errors.pydantic.dev/2.13/v/missing
[M3] 查询历史隐性信号失败: 13 validation errors for ImplicitSignal
reasoning_chain.causal_links.0.from_concept
  Field required [type=missing, input_value={'from': '蔚来交付量...和入门级扩展。'}, input_type=dict]
    For further information visit https://errors.pydantic.dev/2.13/v/missing
reasoning_chain.causal_links.0.to_concept
  Field required [type=missing, input_value={'from': '蔚来交付量...和入门级扩展。'}, input_type=dict]
    For further information visit https://errors.pydantic.dev/2.13/v/missing
reasoning_chain.causal_links.0.relation_type
  Field required [type=missing, input_value={'from': '蔚来交付量...和入门级扩展。'}, input_type=dict]
    For further information visit https://errors.pydantic.dev/2.13/v/missing
reasoning_chain.causal_links.1.from_concept
  Field required [type=missing, input_value={'from': '蔚来多品牌...和产能上投入。'}, input_type=dict]
    For further information visit https://errors.pydantic.dev/2.13/v/missing
reasoning_chain.causal_links.1.to_concept
  Field required [type=missing, input_value={'from': '蔚来多品牌...和产能上投入。'}, input_type=dict]
    For further information visit https://errors.pydantic.dev/2.13/v/missing
reasoning_chain.causal_links.1.relation_type
  Field required [type=missing, input_value={'from': '蔚来多品牌...和产能上投入。'}, input_type=dict]
    For further information visit https://errors.pydantic.dev/2.13/v/missing
reasoning_chain.causal_links.2.from_concept
  Field required [type=missing, input_value={'from': '交付量持续...盈利拐点到来。'}, input_type=dict]
    For further information visit https://errors.pydantic.dev/2.13/v/missing
reasoning_chain.causal_links.2.to_concept
  Field required [type=missing, input_value={'from': '交付量持续...盈利拐点到来。'}, input_type=dict]
    For further information visit https://errors.pydantic.dev/2.13/v/missing
reasoning_chain.causal_links.2.relation_type
  Field required [type=missing, input_value={'from': '交付量持续...盈利拐点到来。'}, input_type=dict]
    For further information visit https://errors.pydantic.dev/2.13/v/missing
reasoning_chain.causal_links.3.from_concept
  Field required [type=missing, input_value={'from': '蔚来交付数...来供应链企业。'}, input_type=dict]
    For further information visit https://errors.pydantic.dev/2.13/v/missing
reasoning_chain.causal_links.3.to_concept
  Field required [type=missing, input_value={'from': '蔚来交付数...来供应链企业。'}, input_type=dict]
    For further information visit https://errors.pydantic.dev/2.13/v/missing
reasoning_chain.causal_links.3.relation_type
  Field required [type=missing, input_value={'from': '蔚来交付数...来供应链企业。'}, input_type=dict]
    For further information visit https://errors.pydantic.dev/2.13/v/missing
reasoning_chain.reasoning_stages
  Field required [type=missing, input_value={'chain_id': 'chain_e25bb...verall_confidence': 0.4}, input_type=dict]
    For further information visit https://errors.pydantic.dev/2.13/v/missing
[M3] 查询历史隐性信号失败: 13 validation errors for ImplicitSignal
reasoning_chain.causal_links.0.from_concept
  Field required [type=missing, input_value={'from': '天工Omni机...转向订单预期。'}, input_type=dict]
    For further information visit https://errors.pydantic.dev/2.13/v/missing
reasoning_chain.causal_links.0.to_concept
  Field required [type=missing, input_value={'from': '天工Omni机...转向订单预期。'}, input_type=dict]
    For further information visit https://errors.pydantic.dev/2.13/v/missing
reasoning_chain.causal_links.0.relation_type
  Field required [type=missing, input_value={'from': '天工Omni机...转向订单预期。'}, input_type=dict]
    For further information visit https://errors.pydantic.dev/2.13/v/missing
reasoning_chain.causal_links.1.from_concept
  Field required [type=missing, input_value={'from': '人形机器人...进口的供应商。'}, input_type=dict]
    For further information visit https://errors.pydantic.dev/2.13/v/missing
reasoning_chain.causal_links.1.to_concept
  Field required [type=missing, input_value={'from': '人形机器人...进口的供应商。'}, input_type=dict]
    For further information visit https://errors.pydantic.dev/2.13/v/missing
reasoning_chain.causal_links.1.relation_type
  Field required [type=missing, input_value={'from': '人形机器人...进口的供应商。'}, input_type=dict]
    For further information visit https://errors.pydantic.dev/2.13/v/missing
reasoning_chain.causal_links.2.from_concept
  Field required [type=missing, input_value={'from': '天工Omni发...国性政策催化。'}, input_type=dict]
    For further information visit https://errors.pydantic.dev/2.13/v/missing
reasoning_chain.causal_links.2.to_concept
  Field required [type=missing, input_value={'from': '天工Omni发...国性政策催化。'}, input_type=dict]
    For further information visit https://errors.pydantic.dev/2.13/v/missing
reasoning_chain.causal_links.2.relation_type
  Field required [type=missing, input_value={'from': '天工Omni发...国性政策催化。'}, input_type=dict]
    For further information visit https://errors.pydantic.dev/2.13/v/missing
reasoning_chain.causal_links.3.from_concept
  Field required [type=missing, input_value={'from': '人形机器人...场景开发需求。'}, input_type=dict]
    For further information visit https://errors.pydantic.dev/2.13/v/missing
reasoning_chain.causal_links.3.to_concept
  Field required [type=missing, input_value={'from': '人形机器人...场景开发需求。'}, input_type=dict]
    For further information visit https://errors.pydantic.dev/2.13/v/missing
reasoning_chain.causal_links.3.relation_type
  Field required [type=missing, input_value={'from': '人形机器人...场景开发需求。'}, input_type=dict]
    For further information visit https://errors.pydantic.dev/2.13/v/missing
reasoning_chain.reasoning_stages
  Field required [type=missing, input_value={'chain_id': 'chain_7e27c...erall_confidence': 0.65}, input_type=dict]
    For further information visit https://errors.pydantic.dev/2.13/v/missing
[M3] 查询历史隐性信号失败: 13 validation errors for ImplicitSignal
reasoning_chain.causal_links.0.from_concept
  Field required [type=missing, input_value={'from': '天工Omni机...转向订单预期。'}, input_type=dict]
    For further information visit https://errors.pydantic.dev/2.13/v/missing
reasoning_chain.causal_links.0.to_concept
  Field required [type=missing, input_value={'from': '天工Omni机...转向订单预期。'}, input_type=dict]
    For further information visit https://errors.pydantic.dev/2.13/v/missing
reasoning_chain.causal_links.0.relation_type
  Field required [type=missing, input_value={'from': '天工Omni机...转向订单预期。'}, input_type=dict]
    For further information visit https://errors.pydantic.dev/2.13/v/missing
reasoning_chain.causal_links.1.from_concept
  Field required [type=missing, input_value={'from': '人形机器人...进口的供应商。'}, input_type=dict]
    For further information visit https://errors.pydantic.dev/2.13/v/missing
reasoning_chain.causal_links.1.to_concept
  Field required [type=missing, input_value={'from': '人形机器人...进口的供应商。'}, input_type=dict]
    For further information visit https://errors.pydantic.dev/2.13/v/missing
reasoning_chain.causal_links.1.relation_type
  Field required [type=missing, input_value={'from': '人形机器人...进口的供应商。'}, input_type=dict]
    For further information visit https://errors.pydantic.dev/2.13/v/missing
reasoning_chain.causal_links.2.from_concept
  Field required [type=missing, input_value={'from': '天工Omni发...国性政策催化。'}, input_type=dict]
    For further information visit https://errors.pydantic.dev/2.13/v/missing
reasoning_chain.causal_links.2.to_concept
  Field required [type=missing, input_value={'from': '天工Omni发...国性政策催化。'}, input_type=dict]
    For further information visit https://errors.pydantic.dev/2.13/v/missing
reasoning_chain.causal_links.2.relation_type
  Field required [type=missing, input_value={'from': '天工Omni发...国性政策催化。'}, input_type=dict]
    For further information visit https://errors.pydantic.dev/2.13/v/missing
reasoning_chain.causal_links.3.from_concept
  Field required [type=missing, input_value={'from': '人形机器人...场景开发需求。'}, input_type=dict]
    For further information visit https://errors.pydantic.dev/2.13/v/missing
reasoning_chain.causal_links.3.to_concept
  Field required [type=missing, input_value={'from': '人形机器人...场景开发需求。'}, input_type=dict]
    For further information visit https://errors.pydantic.dev/2.13/v/missing
reasoning_chain.causal_links.3.relation_type
  Field required [type=missing, input_value={'from': '人形机器人...场景开发需求。'}, input_type=dict]
    For further information visit https://errors.pydantic.dev/2.13/v/missing
reasoning_chain.reasoning_stages
  Field required [type=missing, input_value={'chain_id': 'chain_7e27c...erall_confidence': 0.65}, input_type=dict]
    For further information visit https://errors.pydantic.dev/2.13/v/missing
[M3] 查询历史隐性信号失败: 13 validation errors for ImplicitSignal
reasoning_chain.causal_links.0.from_concept
  Field required [type=missing, input_value={'from': '天工Omni机...转向订单预期。'}, input_type=dict]
    For further information visit https://errors.pydantic.dev/2.13/v/missing
reasoning_chain.causal_links.0.to_concept
  Field required [type=missing, input_value={'from': '天工Omni机...转向订单预期。'}, input_type=dict]
    For further information visit https://errors.pydantic.dev/2.13/v/missing
reasoning_chain.causal_links.0.relation_type
  Field required [type=missing, input_value={'from': '天工Omni机...转向订单预期。'}, input_type=dict]
    For further information visit https://errors.pydantic.dev/2.13/v/missing
reasoning_chain.causal_links.1.from_concept
  Field required [type=missing, input_value={'from': '人形机器人...进口的供应商。'}, input_type=dict]
    For further information visit https://errors.pydantic.dev/2.13/v/missing
reasoning_chain.causal_links.1.to_concept
  Field required [type=missing, input_value={'from': '人形机器人...进口的供应商。'}, input_type=dict]
    For further information visit https://errors.pydantic.dev/2.13/v/missing
reasoning_chain.causal_links.1.relation_type
  Field required [type=missing, input_value={'from': '人形机器人...进口的供应商。'}, input_type=dict]
    For further information visit https://errors.pydantic.dev/2.13/v/missing
reasoning_chain.causal_links.2.from_concept
  Field required [type=missing, input_value={'from': '天工Omni发...国性政策催化。'}, input_type=dict]
    For further information visit https://errors.pydantic.dev/2.13/v/missing
reasoning_chain.causal_links.2.to_concept
  Field required [type=missing, input_value={'from': '天工Omni发...国性政策催化。'}, input_type=dict]
    For further information visit https://errors.pydantic.dev/2.13/v/missing
reasoning_chain.causal_links.2.relation_type
  Field required [type=missing, input_value={'from': '天工Omni发...国性政策催化。'}, input_type=dict]
    For further information visit https://errors.pydantic.dev/2.13/v/missing
reasoning_chain.causal_links.3.from_concept
  Field required [type=missing, input_value={'from': '人形机器人...场景开发需求。'}, input_type=dict]
    For further information visit https://errors.pydantic.dev/2.13/v/missing
reasoning_chain.causal_links.3.to_concept
  Field required [type=missing, input_value={'from': '人形机器人...场景开发需求。'}, input_type=dict]
    For further information visit https://errors.pydantic.dev/2.13/v/missing
reasoning_chain.causal_links.3.relation_type
  Field required [type=missing, input_value={'from': '人形机器人...场景开发需求。'}, input_type=dict]
    For further information visit https://errors.pydantic.dev/2.13/v/missing
reasoning_chain.reasoning_stages
  Field required [type=missing, input_value={'chain_id': 'chain_c684b...erall_confidence': 0.55}, input_type=dict]
    For further information visit https://errors.pydantic.dev/2.13/v/missing
[M3] 查询历史隐性信号失败: 13 validation errors for ImplicitSignal
reasoning_chain.causal_links.0.from_concept
  Field required [type=missing, input_value={'from': '天工Omni机...转向订单预期。'}, input_type=dict]
    For further information visit https://errors.pydantic.dev/2.13/v/missing
reasoning_chain.causal_links.0.to_concept
  Field required [type=missing, input_value={'from': '天工Omni机...转向订单预期。'}, input_type=dict]
    For further information visit https://errors.pydantic.dev/2.13/v/missing
reasoning_chain.causal_links.0.relation_type
  Field required [type=missing, input_value={'from': '天工Omni机...转向订单预期。'}, input_type=dict]
    For further information visit https://errors.pydantic.dev/2.13/v/missing
reasoning_chain.causal_links.1.from_concept
  Field required [type=missing, input_value={'from': '人形机器人...进口的供应商。'}, input_type=dict]
    For further information visit https://errors.pydantic.dev/2.13/v/missing
reasoning_chain.causal_links.1.to_concept
  Field required [type=missing, input_value={'from': '人形机器人...进口的供应商。'}, input_type=dict]
    For further information visit https://errors.pydantic.dev/2.13/v/missing
reasoning_chain.causal_links.1.relation_type
  Field required [type=missing, input_value={'from': '人形机器人...进口的供应商。'}, input_type=dict]
    For further information visit https://errors.pydantic.dev/2.13/v/missing
reasoning_chain.causal_links.2.from_concept
  Field required [type=missing, input_value={'from': '天工Omni发...国性政策催化。'}, input_type=dict]
    For further information visit https://errors.pydantic.dev/2.13/v/missing
reasoning_chain.causal_links.2.to_concept
  Field required [type=missing, input_value={'from': '天工Omni发...国性政策催化。'}, input_type=dict]
    For further information visit https://errors.pydantic.dev/2.13/v/missing
reasoning_chain.causal_links.2.relation_type
  Field required [type=missing, input_value={'from': '天工Omni发...国性政策催化。'}, input_type=dict]
    For further information visit https://errors.pydantic.dev/2.13/v/missing
reasoning_chain.causal_links.3.from_concept
  Field required [type=missing, input_value={'from': '人形机器人...场景开发需求。'}, input_type=dict]
    For further information visit https://errors.pydantic.dev/2.13/v/missing
reasoning_chain.causal_links.3.to_concept
  Field required [type=missing, input_value={'from': '人形机器人...场景开发需求。'}, input_type=dict]
    For further information visit https://errors.pydantic.dev/2.13/v/missing
reasoning_chain.causal_links.3.relation_type
  Field required [type=missing, input_value={'from': '人形机器人...场景开发需求。'}, input_type=dict]
    For further information visit https://errors.pydantic.dev/2.13/v/missing
reasoning_chain.reasoning_stages
  Field required [type=missing, input_value={'chain_id': 'chain_c684b...erall_confidence': 0.55}, input_type=dict]
    For further information visit https://errors.pydantic.dev/2.13/v/missing
[M3] 查询历史隐性信号失败: 13 validation errors for ImplicitSignal
reasoning_chain.causal_links.0.from_concept
  Field required [type=missing, input_value={'from': '天工Omni机...转向订单预期。'}, input_type=dict]
    For further information visit https://errors.pydantic.dev/2.13/v/missing
reasoning_chain.causal_links.0.to_concept
  Field required [type=missing, input_value={'from': '天工Omni机...转向订单预期。'}, input_type=dict]
    For further information visit https://errors.pydantic.dev/2.13/v/missing
reasoning_chain.causal_links.0.relation_type
  Field required [type=missing, input_value={'from': '天工Omni机...转向订单预期。'}, input_type=dict]
    For further information visit https://errors.pydantic.dev/2.13/v/missing
reasoning_chain.causal_links.1.from_concept
  Field required [type=missing, input_value={'from': '人形机器人...进口的供应商。'}, input_type=dict]
    For further information visit https://errors.pydantic.dev/2.13/v/missing
reasoning_chain.causal_links.1.to_concept
  Field required [type=missing, input_value={'from': '人形机器人...进口的供应商。'}, input_type=dict]
    For further information visit https://errors.pydantic.dev/2.13/v/missing
reasoning_chain.causal_links.1.relation_type
  Field required [type=missing, input_value={'from': '人形机器人...进口的供应商。'}, input_type=dict]
    For further information visit https://errors.pydantic.dev/2.13/v/missing
reasoning_chain.causal_links.2.from_concept
  Field required [type=missing, input_value={'from': '天工Omni发...国性政策催化。'}, input_type=dict]
    For further information visit https://errors.pydantic.dev/2.13/v/missing
reasoning_chain.causal_links.2.to_concept
  Field required [type=missing, input_value={'from': '天工Omni发...国性政策催化。'}, input_type=dict]
    For further information visit https://errors.pydantic.dev/2.13/v/missing
reasoning_chain.causal_links.2.relation_type
  Field required [type=missing, input_value={'from': '天工Omni发...国性政策催化。'}, input_type=dict]
    For further information visit https://errors.pydantic.dev/2.13/v/missing
reasoning_chain.causal_links.3.from_concept
  Field required [type=missing, input_value={'from': '人形机器人...场景开发需求。'}, input_type=dict]
    For further information visit https://errors.pydantic.dev/2.13/v/missing
reasoning_chain.causal_links.3.to_concept
  Field required [type=missing, input_value={'from': '人形机器人...场景开发需求。'}, input_type=dict]
    For further information visit https://errors.pydantic.dev/2.13/v/missing
reasoning_chain.causal_links.3.relation_type
  Field required [type=missing, input_value={'from': '人形机器人...场景开发需求。'}, input_type=dict]
    For further information visit https://errors.pydantic.dev/2.13/v/missing
reasoning_chain.reasoning_stages
  Field required [type=missing, input_value={'chain_id': 'chain_5506c...verall_confidence': 0.5}, input_type=dict]
    For further information visit https://errors.pydantic.dev/2.13/v/missing
[M3] 查询历史隐性信号失败: 13 validation errors for ImplicitSignal
reasoning_chain.causal_links.0.from_concept
  Field required [type=missing, input_value={'from': '天工Omni机...转向订单预期。'}, input_type=dict]
    For further information visit https://errors.pydantic.dev/2.13/v/missing
reasoning_chain.causal_links.0.to_concept
  Field required [type=missing, input_value={'from': '天工Omni机...转向订单预期。'}, input_type=dict]
    For further information visit https://errors.pydantic.dev/2.13/v/missing
reasoning_chain.causal_links.0.relation_type
  Field required [type=missing, input_value={'from': '天工Omni机...转向订单预期。'}, input_type=dict]
    For further information visit https://errors.pydantic.dev/2.13/v/missing
reasoning_chain.causal_links.1.from_concept
  Field required [type=missing, input_value={'from': '人形机器人...进口的供应商。'}, input_type=dict]
    For further information visit https://errors.pydantic.dev/2.13/v/missing
reasoning_chain.causal_links.1.to_concept
  Field required [type=missing, input_value={'from': '人形机器人...进口的供应商。'}, input_type=dict]
    For further information visit https://errors.pydantic.dev/2.13/v/missing
reasoning_chain.causal_links.1.relation_type
  Field required [type=missing, input_value={'from': '人形机器人...进口的供应商。'}, input_type=dict]
    For further information visit https://errors.pydantic.dev/2.13/v/missing
reasoning_chain.causal_links.2.from_concept
  Field required [type=missing, input_value={'from': '天工Omni发...国性政策催化。'}, input_type=dict]
    For further information visit https://errors.pydantic.dev/2.13/v/missing
reasoning_chain.causal_links.2.to_concept
  Field required [type=missing, input_value={'from': '天工Omni发...国性政策催化。'}, input_type=dict]
    For further information visit https://errors.pydantic.dev/2.13/v/missing
reasoning_chain.causal_links.2.relation_type
  Field required [type=missing, input_value={'from': '天工Omni发...国性政策催化。'}, input_type=dict]
    For further information visit https://errors.pydantic.dev/2.13/v/missing
reasoning_chain.causal_links.3.from_concept
  Field required [type=missing, input_value={'from': '人形机器人...场景开发需求。'}, input_type=dict]
    For further information visit https://errors.pydantic.dev/2.13/v/missing
reasoning_chain.causal_links.3.to_concept
  Field required [type=missing, input_value={'from': '人形机器人...场景开发需求。'}, input_type=dict]
    For further information visit https://errors.pydantic.dev/2.13/v/missing
reasoning_chain.causal_links.3.relation_type
  Field required [type=missing, input_value={'from': '人形机器人...场景开发需求。'}, input_type=dict]
    For further information visit https://errors.pydantic.dev/2.13/v/missing
reasoning_chain.reasoning_stages
  Field required [type=missing, input_value={'chain_id': 'chain_5506c...verall_confidence': 0.5}, input_type=dict]
    For further information visit https://errors.pydantic.dev/2.13/v/missing
[M3] 查询历史隐性信号失败: 13 validation errors for ImplicitSignal
reasoning_chain.causal_links.0.from_concept
  Field required [type=missing, input_value={'from': '天工Omni机...转向订单预期。'}, input_type=dict]
    For further information visit https://errors.pydantic.dev/2.13/v/missing
reasoning_chain.causal_links.0.to_concept
  Field required [type=missing, input_value={'from': '天工Omni机...转向订单预期。'}, input_type=dict]
    For further information visit https://errors.pydantic.dev/2.13/v/missing
reasoning_chain.causal_links.0.relation_type
  Field required [type=missing, input_value={'from': '天工Omni机...转向订单预期。'}, input_type=dict]
    For further information visit https://errors.pydantic.dev/2.13/v/missing
reasoning_chain.causal_links.1.from_concept
  Field required [type=missing, input_value={'from': '人形机器人...进口的供应商。'}, input_type=dict]
    For further information visit https://errors.pydantic.dev/2.13/v/missing
reasoning_chain.causal_links.1.to_concept
  Field required [type=missing, input_value={'from': '人形机器人...进口的供应商。'}, input_type=dict]
    For further information visit https://errors.pydantic.dev/2.13/v/missing
reasoning_chain.causal_links.1.relation_type
  Field required [type=missing, input_value={'from': '人形机器人...进口的供应商。'}, input_type=dict]
    For further information visit https://errors.pydantic.dev/2.13/v/missing
reasoning_chain.causal_links.2.from_concept
  Field required [type=missing, input_value={'from': '天工Omni发...国性政策催化。'}, input_type=dict]
    For further information visit https://errors.pydantic.dev/2.13/v/missing
reasoning_chain.causal_links.2.to_concept
  Field required [type=missing, input_value={'from': '天工Omni发...国性政策催化。'}, input_type=dict]
    For further information visit https://errors.pydantic.dev/2.13/v/missing
reasoning_chain.causal_links.2.relation_type
  Field required [type=missing, input_value={'from': '天工Omni发...国性政策催化。'}, input_type=dict]
    For further information visit https://errors.pydantic.dev/2.13/v/missing
reasoning_chain.causal_links.3.from_concept
  Field required [type=missing, input_value={'from': '人形机器人...场景开发需求。'}, input_type=dict]
    For further information visit https://errors.pydantic.dev/2.13/v/missing
reasoning_chain.causal_links.3.to_concept
  Field required [type=missing, input_value={'from': '人形机器人...场景开发需求。'}, input_type=dict]
    For further information visit https://errors.pydantic.dev/2.13/v/missing
reasoning_chain.causal_links.3.relation_type
  Field required [type=missing, input_value={'from': '人形机器人...场景开发需求。'}, input_type=dict]
    For further information visit https://errors.pydantic.dev/2.13/v/missing
reasoning_chain.reasoning_stages
  Field required [type=missing, input_value={'chain_id': 'chain_eb7a8...erall_confidence': 0.45}, input_type=dict]
    For further information visit https://errors.pydantic.dev/2.13/v/missing
[M3] 查询历史隐性信号失败: 13 validation errors for ImplicitSignal
reasoning_chain.causal_links.0.from_concept
  Field required [type=missing, input_value={'from': '天工Omni机...转向订单预期。'}, input_type=dict]
    For further information visit https://errors.pydantic.dev/2.13/v/missing
reasoning_chain.causal_links.0.to_concept
  Field required [type=missing, input_value={'from': '天工Omni机...转向订单预期。'}, input_type=dict]
    For further information visit https://errors.pydantic.dev/2.13/v/missing
reasoning_chain.causal_links.0.relation_type
  Field required [type=missing, input_value={'from': '天工Omni机...转向订单预期。'}, input_type=dict]
    For further information visit https://errors.pydantic.dev/2.13/v/missing
reasoning_chain.causal_links.1.from_concept
  Field required [type=missing, input_value={'from': '人形机器人...进口的供应商。'}, input_type=dict]
    For further information visit https://errors.pydantic.dev/2.13/v/missing
reasoning_chain.causal_links.1.to_concept
  Field required [type=missing, input_value={'from': '人形机器人...进口的供应商。'}, input_type=dict]
    For further information visit https://errors.pydantic.dev/2.13/v/missing
reasoning_chain.causal_links.1.relation_type
  Field required [type=missing, input_value={'from': '人形机器人...进口的供应商。'}, input_type=dict]
    For further information visit https://errors.pydantic.dev/2.13/v/missing
reasoning_chain.causal_links.2.from_concept
  Field required [type=missing, input_value={'from': '天工Omni发...国性政策催化。'}, input_type=dict]
    For further information visit https://errors.pydantic.dev/2.13/v/missing
reasoning_chain.causal_links.2.to_concept
  Field required [type=missing, input_value={'from': '天工Omni发...国性政策催化。'}, input_type=dict]
    For further information visit https://errors.pydantic.dev/2.13/v/missing
reasoning_chain.causal_links.2.relation_type
  Field required [type=missing, input_value={'from': '天工Omni发...国性政策催化。'}, input_type=dict]
    For further information visit https://errors.pydantic.dev/2.13/v/missing
reasoning_chain.causal_links.3.from_concept
  Field required [type=missing, input_value={'from': '人形机器人...场景开发需求。'}, input_type=dict]
    For further information visit https://errors.pydantic.dev/2.13/v/missing
reasoning_chain.causal_links.3.to_concept
  Field required [type=missing, input_value={'from': '人形机器人...场景开发需求。'}, input_type=dict]
    For further information visit https://errors.pydantic.dev/2.13/v/missing
reasoning_chain.causal_links.3.relation_type
  Field required [type=missing, input_value={'from': '人形机器人...场景开发需求。'}, input_type=dict]
    For further information visit https://errors.pydantic.dev/2.13/v/missing
reasoning_chain.reasoning_stages
  Field required [type=missing, input_value={'chain_id': 'chain_eb7a8...erall_confidence': 0.45}, input_type=dict]
    For further information visit https://errors.pydantic.dev/2.13/v/missing
[M3] 查询历史隐性信号失败: 13 validation errors for ImplicitSignal
reasoning_chain.causal_links.0.from_concept
  Field required [type=missing, input_value={'from': '腾讯增持游...创意干涉风险。'}, input_type=dict]
    For further information visit https://errors.pydantic.dev/2.13/v/missing
reasoning_chain.causal_links.0.to_concept
  Field required [type=missing, input_value={'from': '腾讯增持游...创意干涉风险。'}, input_type=dict]
    For further information visit https://errors.pydantic.dev/2.13/v/missing
reasoning_chain.causal_links.0.relation_type
  Field required [type=missing, input_value={'from': '腾讯增持游...创意干涉风险。'}, input_type=dict]
    For further information visit https://errors.pydantic.dev/2.13/v/missing
reasoning_chain.causal_links.1.from_concept
  Field required [type=missing, input_value={'from': '游戏科学获...缩短产品周期。'}, input_type=dict]
    For further information visit https://errors.pydantic.dev/2.13/v/missing
reasoning_chain.causal_links.1.to_concept
  Field required [type=missing, input_value={'from': '游戏科学获...缩短产品周期。'}, input_type=dict]
    For further information visit https://errors.pydantic.dev/2.13/v/missing
reasoning_chain.causal_links.1.relation_type
  Field required [type=missing, input_value={'from': '游戏科学获...缩短产品周期。'}, input_type=dict]
    For further information visit https://errors.pydantic.dev/2.13/v/missing
reasoning_chain.causal_links.2.from_concept
  Field required [type=missing, input_value={'from': '英雄游戏退...行投资或孵化。'}, input_type=dict]
    For further information visit https://errors.pydantic.dev/2.13/v/missing
reasoning_chain.causal_links.2.to_concept
  Field required [type=missing, input_value={'from': '英雄游戏退...行投资或孵化。'}, input_type=dict]
    For further information visit https://errors.pydantic.dev/2.13/v/missing
reasoning_chain.causal_links.2.relation_type
  Field required [type=missing, input_value={'from': '英雄游戏退...行投资或孵化。'}, input_type=dict]
    For further information visit https://errors.pydantic.dev/2.13/v/missing
reasoning_chain.causal_links.3.from_concept
  Field required [type=missing, input_value={'from': '腾讯在单机...升的趋势一致。'}, input_type=dict]
    For further information visit https://errors.pydantic.dev/2.13/v/missing
reasoning_chain.causal_links.3.to_concept
  Field required [type=missing, input_value={'from': '腾讯在单机...升的趋势一致。'}, input_type=dict]
    For further information visit https://errors.pydantic.dev/2.13/v/missing
reasoning_chain.causal_links.3.relation_type
  Field required [type=missing, input_value={'from': '腾讯在单机...升的趋势一致。'}, input_type=dict]
    For further information visit https://errors.pydantic.dev/2.13/v/missing
reasoning_chain.reasoning_stages
  Field required [type=missing, input_value={'chain_id': 'chain_eb1e5...erall_confidence': 0.85}, input_type=dict]
    For further information visit https://errors.pydantic.dev/2.13/v/missing
[M3] 查询历史隐性信号失败: 13 validation errors for ImplicitSignal
reasoning_chain.causal_links.0.from_concept
  Field required [type=missing, input_value={'from': '腾讯增持游...创意干涉风险。'}, input_type=dict]
    For further information visit https://errors.pydantic.dev/2.13/v/missing
reasoning_chain.causal_links.0.to_concept
  Field required [type=missing, input_value={'from': '腾讯增持游...创意干涉风险。'}, input_type=dict]
    For further information visit https://errors.pydantic.dev/2.13/v/missing
reasoning_chain.causal_links.0.relation_type
  Field required [type=missing, input_value={'from': '腾讯增持游...创意干涉风险。'}, input_type=dict]
    For further information visit https://errors.pydantic.dev/2.13/v/missing
reasoning_chain.causal_links.1.from_concept
  Field required [type=missing, input_value={'from': '游戏科学获...缩短产品周期。'}, input_type=dict]
    For further information visit https://errors.pydantic.dev/2.13/v/missing
reasoning_chain.causal_links.1.to_concept
  Field required [type=missing, input_value={'from': '游戏科学获...缩短产品周期。'}, input_type=dict]
    For further information visit https://errors.pydantic.dev/2.13/v/missing
reasoning_chain.causal_links.1.relation_type
  Field required [type=missing, input_value={'from': '游戏科学获...缩短产品周期。'}, input_type=dict]
    For further information visit https://errors.pydantic.dev/2.13/v/missing
reasoning_chain.causal_links.2.from_concept
  Field required [type=missing, input_value={'from': '英雄游戏退...行投资或孵化。'}, input_type=dict]
    For further information visit https://errors.pydantic.dev/2.13/v/missing
reasoning_chain.causal_links.2.to_concept
  Field required [type=missing, input_value={'from': '英雄游戏退...行投资或孵化。'}, input_type=dict]
    For further information visit https://errors.pydantic.dev/2.13/v/missing
reasoning_chain.causal_links.2.relation_type
  Field required [type=missing, input_value={'from': '英雄游戏退...行投资或孵化。'}, input_type=dict]
    For further information visit https://errors.pydantic.dev/2.13/v/missing
reasoning_chain.causal_links.3.from_concept
  Field required [type=missing, input_value={'from': '腾讯在单机...升的趋势一致。'}, input_type=dict]
    For further information visit https://errors.pydantic.dev/2.13/v/missing
reasoning_chain.causal_links.3.to_concept
  Field required [type=missing, input_value={'from': '腾讯在单机...升的趋势一致。'}, input_type=dict]
    For further information visit https://errors.pydantic.dev/2.13/v/missing
reasoning_chain.causal_links.3.relation_type
  Field required [type=missing, input_value={'from': '腾讯在单机...升的趋势一致。'}, input_type=dict]
    For further information visit https://errors.pydantic.dev/2.13/v/missing
reasoning_chain.reasoning_stages
  Field required [type=missing, input_value={'chain_id': 'chain_eb1e5...erall_confidence': 0.85}, input_type=dict]
    For further information visit https://errors.pydantic.dev/2.13/v/missing
[M3] 查询历史隐性信号失败: 13 validation errors for ImplicitSignal
reasoning_chain.causal_links.0.from_concept
  Field required [type=missing, input_value={'from': '腾讯增持游...创意干涉风险。'}, input_type=dict]
    For further information visit https://errors.pydantic.dev/2.13/v/missing
reasoning_chain.causal_links.0.to_concept
  Field required [type=missing, input_value={'from': '腾讯增持游...创意干涉风险。'}, input_type=dict]
    For further information visit https://errors.pydantic.dev/2.13/v/missing
reasoning_chain.causal_links.0.relation_type
  Field required [type=missing, input_value={'from': '腾讯增持游...创意干涉风险。'}, input_type=dict]
    For further information visit https://errors.pydantic.dev/2.13/v/missing
reasoning_chain.causal_links.1.from_concept
  Field required [type=missing, input_value={'from': '游戏科学获...缩短产品周期。'}, input_type=dict]
    For further information visit https://errors.pydantic.dev/2.13/v/missing
reasoning_chain.causal_links.1.to_concept
  Field required [type=missing, input_value={'from': '游戏科学获...缩短产品周期。'}, input_type=dict]
    For further information visit https://errors.pydantic.dev/2.13/v/missing
reasoning_chain.causal_links.1.relation_type
  Field required [type=missing, input_value={'from': '游戏科学获...缩短产品周期。'}, input_type=dict]
    For further information visit https://errors.pydantic.dev/2.13/v/missing
reasoning_chain.causal_links.2.from_concept
  Field required [type=missing, input_value={'from': '英雄游戏退...行投资或孵化。'}, input_type=dict]
    For further information visit https://errors.pydantic.dev/2.13/v/missing
reasoning_chain.causal_links.2.to_concept
  Field required [type=missing, input_value={'from': '英雄游戏退...行投资或孵化。'}, input_type=dict]
    For further information visit https://errors.pydantic.dev/2.13/v/missing
reasoning_chain.causal_links.2.relation_type
  Field required [type=missing, input_value={'from': '英雄游戏退...行投资或孵化。'}, input_type=dict]
    For further information visit https://errors.pydantic.dev/2.13/v/missing
reasoning_chain.causal_links.3.from_concept
  Field required [type=missing, input_value={'from': '腾讯在单机...升的趋势一致。'}, input_type=dict]
    For further information visit https://errors.pydantic.dev/2.13/v/missing
reasoning_chain.causal_links.3.to_concept
  Field required [type=missing, input_value={'from': '腾讯在单机...升的趋势一致。'}, input_type=dict]
    For further information visit https://errors.pydantic.dev/2.13/v/missing
reasoning_chain.causal_links.3.relation_type
  Field required [type=missing, input_value={'from': '腾讯在单机...升的趋势一致。'}, input_type=dict]
    For further information visit https://errors.pydantic.dev/2.13/v/missing
reasoning_chain.reasoning_stages
  Field required [type=missing, input_value={'chain_id': 'chain_746e4...verall_confidence': 0.5}, input_type=dict]
    For further information visit https://errors.pydantic.dev/2.13/v/missing
[M3] 查询历史隐性信号失败: 13 validation errors for ImplicitSignal
reasoning_chain.causal_links.0.from_concept
  Field required [type=missing, input_value={'from': '腾讯增持游...创意干涉风险。'}, input_type=dict]
    For further information visit https://errors.pydantic.dev/2.13/v/missing
reasoning_chain.causal_links.0.to_concept
  Field required [type=missing, input_value={'from': '腾讯增持游...创意干涉风险。'}, input_type=dict]
    For further information visit https://errors.pydantic.dev/2.13/v/missing
reasoning_chain.causal_links.0.relation_type
  Field required [type=missing, input_value={'from': '腾讯增持游...创意干涉风险。'}, input_type=dict]
    For further information visit https://errors.pydantic.dev/2.13/v/missing
reasoning_chain.causal_links.1.from_concept
  Field required [type=missing, input_value={'from': '游戏科学获...缩短产品周期。'}, input_type=dict]
    For further information visit https://errors.pydantic.dev/2.13/v/missing
reasoning_chain.causal_links.1.to_concept
  Field required [type=missing, input_value={'from': '游戏科学获...缩短产品周期。'}, input_type=dict]
    For further information visit https://errors.pydantic.dev/2.13/v/missing
reasoning_chain.causal_links.1.relation_type
  Field required [type=missing, input_value={'from': '游戏科学获...缩短产品周期。'}, input_type=dict]
    For further information visit https://errors.pydantic.dev/2.13/v/missing
reasoning_chain.causal_links.2.from_concept
  Field required [type=missing, input_value={'from': '英雄游戏退...行投资或孵化。'}, input_type=dict]
    For further information visit https://errors.pydantic.dev/2.13/v/missing
reasoning_chain.causal_links.2.to_concept
  Field required [type=missing, input_value={'from': '英雄游戏退...行投资或孵化。'}, input_type=dict]
    For further information visit https://errors.pydantic.dev/2.13/v/missing
reasoning_chain.causal_links.2.relation_type
  Field required [type=missing, input_value={'from': '英雄游戏退...行投资或孵化。'}, input_type=dict]
    For further information visit https://errors.pydantic.dev/2.13/v/missing
reasoning_chain.causal_links.3.from_concept
  Field required [type=missing, input_value={'from': '腾讯在单机...升的趋势一致。'}, input_type=dict]
    For further information visit https://errors.pydantic.dev/2.13/v/missing
reasoning_chain.causal_links.3.to_concept
  Field required [type=missing, input_value={'from': '腾讯在单机...升的趋势一致。'}, input_type=dict]
    For further information visit https://errors.pydantic.dev/2.13/v/missing
reasoning_chain.causal_links.3.relation_type
  Field required [type=missing, input_value={'from': '腾讯在单机...升的趋势一致。'}, input_type=dict]
    For further information visit https://errors.pydantic.dev/2.13/v/missing
reasoning_chain.reasoning_stages
  Field required [type=missing, input_value={'chain_id': 'chain_746e4...verall_confidence': 0.5}, input_type=dict]
    For further information visit https://errors.pydantic.dev/2.13/v/missing
[M3] 查询历史隐性信号失败: 13 validation errors for ImplicitSignal
reasoning_chain.causal_links.0.from_concept
  Field required [type=missing, input_value={'from': '腾讯增持游...创意干涉风险。'}, input_type=dict]
    For further information visit https://errors.pydantic.dev/2.13/v/missing
reasoning_chain.causal_links.0.to_concept
  Field required [type=missing, input_value={'from': '腾讯增持游...创意干涉风险。'}, input_type=dict]
    For further information visit https://errors.pydantic.dev/2.13/v/missing
reasoning_chain.causal_links.0.relation_type
  Field required [type=missing, input_value={'from': '腾讯增持游...创意干涉风险。'}, input_type=dict]
    For further information visit https://errors.pydantic.dev/2.13/v/missing
reasoning_chain.causal_links.1.from_concept
  Field required [type=missing, input_value={'from': '游戏科学获...缩短产品周期。'}, input_type=dict]
    For further information visit https://errors.pydantic.dev/2.13/v/missing
reasoning_chain.causal_links.1.to_concept
  Field required [type=missing, input_value={'from': '游戏科学获...缩短产品周期。'}, input_type=dict]
    For further information visit https://errors.pydantic.dev/2.13/v/missing
reasoning_chain.causal_links.1.relation_type
  Field required [type=missing, input_value={'from': '游戏科学获...缩短产品周期。'}, input_type=dict]
    For further information visit https://errors.pydantic.dev/2.13/v/missing
reasoning_chain.causal_links.2.from_concept
  Field required [type=missing, input_value={'from': '英雄游戏退...行投资或孵化。'}, input_type=dict]
    For further information visit https://errors.pydantic.dev/2.13/v/missing
reasoning_chain.causal_links.2.to_concept
  Field required [type=missing, input_value={'from': '英雄游戏退...行投资或孵化。'}, input_type=dict]
    For further information visit https://errors.pydantic.dev/2.13/v/missing
reasoning_chain.causal_links.2.relation_type
  Field required [type=missing, input_value={'from': '英雄游戏退...行投资或孵化。'}, input_type=dict]
    For further information visit https://errors.pydantic.dev/2.13/v/missing
reasoning_chain.causal_links.3.from_concept
  Field required [type=missing, input_value={'from': '腾讯在单机...升的趋势一致。'}, input_type=dict]
    For further information visit https://errors.pydantic.dev/2.13/v/missing
reasoning_chain.causal_links.3.to_concept
  Field required [type=missing, input_value={'from': '腾讯在单机...升的趋势一致。'}, input_type=dict]
    For further information visit https://errors.pydantic.dev/2.13/v/missing
reasoning_chain.causal_links.3.relation_type
  Field required [type=missing, input_value={'from': '腾讯在单机...升的趋势一致。'}, input_type=dict]
    For further information visit https://errors.pydantic.dev/2.13/v/missing
reasoning_chain.reasoning_stages
  Field required [type=missing, input_value={'chain_id': 'chain_b7d93...verall_confidence': 0.6}, input_type=dict]
    For further information visit https://errors.pydantic.dev/2.13/v/missing
[M3] 查询历史隐性信号失败: 13 validation errors for ImplicitSignal
reasoning_chain.causal_links.0.from_concept
  Field required [type=missing, input_value={'from': '腾讯增持游...创意干涉风险。'}, input_type=dict]
    For further information visit https://errors.pydantic.dev/2.13/v/missing
reasoning_chain.causal_links.0.to_concept
  Field required [type=missing, input_value={'from': '腾讯增持游...创意干涉风险。'}, input_type=dict]
    For further information visit https://errors.pydantic.dev/2.13/v/missing
reasoning_chain.causal_links.0.relation_type
  Field required [type=missing, input_value={'from': '腾讯增持游...创意干涉风险。'}, input_type=dict]
    For further information visit https://errors.pydantic.dev/2.13/v/missing
reasoning_chain.causal_links.1.from_concept
  Field required [type=missing, input_value={'from': '游戏科学获...缩短产品周期。'}, input_type=dict]
    For further information visit https://errors.pydantic.dev/2.13/v/missing
reasoning_chain.causal_links.1.to_concept
  Field required [type=missing, input_value={'from': '游戏科学获...缩短产品周期。'}, input_type=dict]
    For further information visit https://errors.pydantic.dev/2.13/v/missing
reasoning_chain.causal_links.1.relation_type
  Field required [type=missing, input_value={'from': '游戏科学获...缩短产品周期。'}, input_type=dict]
    For further information visit https://errors.pydantic.dev/2.13/v/missing
reasoning_chain.causal_links.2.from_concept
  Field required [type=missing, input_value={'from': '英雄游戏退...行投资或孵化。'}, input_type=dict]
    For further information visit https://errors.pydantic.dev/2.13/v/missing
reasoning_chain.causal_links.2.to_concept
  Field required [type=missing, input_value={'from': '英雄游戏退...行投资或孵化。'}, input_type=dict]
    For further information visit https://errors.pydantic.dev/2.13/v/missing
reasoning_chain.causal_links.2.relation_type
  Field required [type=missing, input_value={'from': '英雄游戏退...行投资或孵化。'}, input_type=dict]
    For further information visit https://errors.pydantic.dev/2.13/v/missing
reasoning_chain.causal_links.3.from_concept
  Field required [type=missing, input_value={'from': '腾讯在单机...升的趋势一致。'}, input_type=dict]
    For further information visit https://errors.pydantic.dev/2.13/v/missing
reasoning_chain.causal_links.3.to_concept
  Field required [type=missing, input_value={'from': '腾讯在单机...升的趋势一致。'}, input_type=dict]
    For further information visit https://errors.pydantic.dev/2.13/v/missing
reasoning_chain.causal_links.3.relation_type
  Field required [type=missing, input_value={'from': '腾讯在单机...升的趋势一致。'}, input_type=dict]
    For further information visit https://errors.pydantic.dev/2.13/v/missing
reasoning_chain.reasoning_stages
  Field required [type=missing, input_value={'chain_id': 'chain_b7d93...verall_confidence': 0.6}, input_type=dict]
    For further information visit https://errors.pydantic.dev/2.13/v/missing
[M3] 查询历史隐性信号失败: 13 validation errors for ImplicitSignal
reasoning_chain.causal_links.0.from_concept
  Field required [type=missing, input_value={'from': '宁德时代上...源及供应格局。'}, input_type=dict]
    For further information visit https://errors.pydantic.dev/2.13/v/missing
reasoning_chain.causal_links.0.to_concept
  Field required [type=missing, input_value={'from': '宁德时代上...源及供应格局。'}, input_type=dict]
    For further information visit https://errors.pydantic.dev/2.13/v/missing
reasoning_chain.causal_links.0.relation_type
  Field required [type=missing, input_value={'from': '宁德时代上...源及供应格局。'}, input_type=dict]
    For further information visit https://errors.pydantic.dev/2.13/v/missing
reasoning_chain.causal_links.1.from_concept
  Field required [type=missing, input_value={'from': '电池供应链...的市场控制力。'}, input_type=dict]
    For further information visit https://errors.pydantic.dev/2.13/v/missing
reasoning_chain.causal_links.1.to_concept
  Field required [type=missing, input_value={'from': '电池供应链...的市场控制力。'}, input_type=dict]
    For further information visit https://errors.pydantic.dev/2.13/v/missing
reasoning_chain.causal_links.1.relation_type
  Field required [type=missing, input_value={'from': '电池供应链...的市场控制力。'}, input_type=dict]
    For further information visit https://errors.pydantic.dev/2.13/v/missing
reasoning_chain.causal_links.2.from_concept
  Field required [type=missing, input_value={'from': '市场重新定...户的独家合作。'}, input_type=dict]
    For further information visit https://errors.pydantic.dev/2.13/v/missing
reasoning_chain.causal_links.2.to_concept
  Field required [type=missing, input_value={'from': '市场重新定...户的独家合作。'}, input_type=dict]
    For further information visit https://errors.pydantic.dev/2.13/v/missing
reasoning_chain.causal_links.2.relation_type
  Field required [type=missing, input_value={'from': '市场重新定...户的独家合作。'}, input_type=dict]
    For further information visit https://errors.pydantic.dev/2.13/v/missing
reasoning_chain.causal_links.3.from_concept
  Field required [type=missing, input_value={'from': '车企供应链...累的二线厂商。'}, input_type=dict]
    For further information visit https://errors.pydantic.dev/2.13/v/missing
reasoning_chain.causal_links.3.to_concept
  Field required [type=missing, input_value={'from': '车企供应链...累的二线厂商。'}, input_type=dict]
    For further information visit https://errors.pydantic.dev/2.13/v/missing
reasoning_chain.causal_links.3.relation_type
  Field required [type=missing, input_value={'from': '车企供应链...累的二线厂商。'}, input_type=dict]
    For further information visit https://errors.pydantic.dev/2.13/v/missing
reasoning_chain.reasoning_stages
  Field required [type=missing, input_value={'chain_id': 'chain_9658a...verall_confidence': 0.7}, input_type=dict]
    For further information visit https://errors.pydantic.dev/2.13/v/missing
[M3] 查询历史隐性信号失败: 13 validation errors for ImplicitSignal
reasoning_chain.causal_links.0.from_concept
  Field required [type=missing, input_value={'from': '宁德时代上...源及供应格局。'}, input_type=dict]
    For further information visit https://errors.pydantic.dev/2.13/v/missing
reasoning_chain.causal_links.0.to_concept
  Field required [type=missing, input_value={'from': '宁德时代上...源及供应格局。'}, input_type=dict]
    For further information visit https://errors.pydantic.dev/2.13/v/missing
reasoning_chain.causal_links.0.relation_type
  Field required [type=missing, input_value={'from': '宁德时代上...源及供应格局。'}, input_type=dict]
    For further information visit https://errors.pydantic.dev/2.13/v/missing
reasoning_chain.causal_links.1.from_concept
  Field required [type=missing, input_value={'from': '电池供应链...的市场控制力。'}, input_type=dict]
    For further information visit https://errors.pydantic.dev/2.13/v/missing
reasoning_chain.causal_links.1.to_concept
  Field required [type=missing, input_value={'from': '电池供应链...的市场控制力。'}, input_type=dict]
    For further information visit https://errors.pydantic.dev/2.13/v/missing
reasoning_chain.causal_links.1.relation_type
  Field required [type=missing, input_value={'from': '电池供应链...的市场控制力。'}, input_type=dict]
    For further information visit https://errors.pydantic.dev/2.13/v/missing
reasoning_chain.causal_links.2.from_concept
  Field required [type=missing, input_value={'from': '市场重新定...户的独家合作。'}, input_type=dict]
    For further information visit https://errors.pydantic.dev/2.13/v/missing
reasoning_chain.causal_links.2.to_concept
  Field required [type=missing, input_value={'from': '市场重新定...户的独家合作。'}, input_type=dict]
    For further information visit https://errors.pydantic.dev/2.13/v/missing
reasoning_chain.causal_links.2.relation_type
  Field required [type=missing, input_value={'from': '市场重新定...户的独家合作。'}, input_type=dict]
    For further information visit https://errors.pydantic.dev/2.13/v/missing
reasoning_chain.causal_links.3.from_concept
  Field required [type=missing, input_value={'from': '车企供应链...累的二线厂商。'}, input_type=dict]
    For further information visit https://errors.pydantic.dev/2.13/v/missing
reasoning_chain.causal_links.3.to_concept
  Field required [type=missing, input_value={'from': '车企供应链...累的二线厂商。'}, input_type=dict]
    For further information visit https://errors.pydantic.dev/2.13/v/missing
reasoning_chain.causal_links.3.relation_type
  Field required [type=missing, input_value={'from': '车企供应链...累的二线厂商。'}, input_type=dict]
    For further information visit https://errors.pydantic.dev/2.13/v/missing
reasoning_chain.reasoning_stages
  Field required [type=missing, input_value={'chain_id': 'chain_9658a...verall_confidence': 0.7}, input_type=dict]
    For further information visit https://errors.pydantic.dev/2.13/v/missing
[M3] 查询历史隐性信号失败: 13 validation errors for ImplicitSignal
reasoning_chain.causal_links.0.from_concept
  Field required [type=missing, input_value={'from': '宁德时代上...源及供应格局。'}, input_type=dict]
    For further information visit https://errors.pydantic.dev/2.13/v/missing
reasoning_chain.causal_links.0.to_concept
  Field required [type=missing, input_value={'from': '宁德时代上...源及供应格局。'}, input_type=dict]
    For further information visit https://errors.pydantic.dev/2.13/v/missing
reasoning_chain.causal_links.0.relation_type
  Field required [type=missing, input_value={'from': '宁德时代上...源及供应格局。'}, input_type=dict]
    For further information visit https://errors.pydantic.dev/2.13/v/missing
reasoning_chain.causal_links.1.from_concept
  Field required [type=missing, input_value={'from': '电池供应链...的市场控制力。'}, input_type=dict]
    For further information visit https://errors.pydantic.dev/2.13/v/missing
reasoning_chain.causal_links.1.to_concept
  Field required [type=missing, input_value={'from': '电池供应链...的市场控制力。'}, input_type=dict]
    For further information visit https://errors.pydantic.dev/2.13/v/missing
reasoning_chain.causal_links.1.relation_type
  Field required [type=missing, input_value={'from': '电池供应链...的市场控制力。'}, input_type=dict]
    For further information visit https://errors.pydantic.dev/2.13/v/missing
reasoning_chain.causal_links.2.from_concept
  Field required [type=missing, input_value={'from': '市场重新定...户的独家合作。'}, input_type=dict]
    For further information visit https://errors.pydantic.dev/2.13/v/missing
reasoning_chain.causal_links.2.to_concept
  Field required [type=missing, input_value={'from': '市场重新定...户的独家合作。'}, input_type=dict]
    For further information visit https://errors.pydantic.dev/2.13/v/missing
reasoning_chain.causal_links.2.relation_type
  Field required [type=missing, input_value={'from': '市场重新定...户的独家合作。'}, input_type=dict]
    For further information visit https://errors.pydantic.dev/2.13/v/missing
reasoning_chain.causal_links.3.from_concept
  Field required [type=missing, input_value={'from': '车企供应链...累的二线厂商。'}, input_type=dict]
    For further information visit https://errors.pydantic.dev/2.13/v/missing
reasoning_chain.causal_links.3.to_concept
  Field required [type=missing, input_value={'from': '车企供应链...累的二线厂商。'}, input_type=dict]
    For further information visit https://errors.pydantic.dev/2.13/v/missing
reasoning_chain.causal_links.3.relation_type
  Field required [type=missing, input_value={'from': '车企供应链...累的二线厂商。'}, input_type=dict]
    For further information visit https://errors.pydantic.dev/2.13/v/missing
reasoning_chain.reasoning_stages
  Field required [type=missing, input_value={'chain_id': 'chain_3a2c7...verall_confidence': 0.6}, input_type=dict]
    For further information visit https://errors.pydantic.dev/2.13/v/missing
[M3] 查询历史隐性信号失败: 13 validation errors for ImplicitSignal
reasoning_chain.causal_links.0.from_concept
  Field required [type=missing, input_value={'from': '宁德时代上...源及供应格局。'}, input_type=dict]
    For further information visit https://errors.pydantic.dev/2.13/v/missing
reasoning_chain.causal_links.0.to_concept
  Field required [type=missing, input_value={'from': '宁德时代上...源及供应格局。'}, input_type=dict]
    For further information visit https://errors.pydantic.dev/2.13/v/missing
reasoning_chain.causal_links.0.relation_type
  Field required [type=missing, input_value={'from': '宁德时代上...源及供应格局。'}, input_type=dict]
    For further information visit https://errors.pydantic.dev/2.13/v/missing
reasoning_chain.causal_links.1.from_concept
  Field required [type=missing, input_value={'from': '电池供应链...的市场控制力。'}, input_type=dict]
    For further information visit https://errors.pydantic.dev/2.13/v/missing
reasoning_chain.causal_links.1.to_concept
  Field required [type=missing, input_value={'from': '电池供应链...的市场控制力。'}, input_type=dict]
    For further information visit https://errors.pydantic.dev/2.13/v/missing
reasoning_chain.causal_links.1.relation_type
  Field required [type=missing, input_value={'from': '电池供应链...的市场控制力。'}, input_type=dict]
    For further information visit https://errors.pydantic.dev/2.13/v/missing
reasoning_chain.causal_links.2.from_concept
  Field required [type=missing, input_value={'from': '市场重新定...户的独家合作。'}, input_type=dict]
    For further information visit https://errors.pydantic.dev/2.13/v/missing
reasoning_chain.causal_links.2.to_concept
  Field required [type=missing, input_value={'from': '市场重新定...户的独家合作。'}, input_type=dict]
    For further information visit https://errors.pydantic.dev/2.13/v/missing
reasoning_chain.causal_links.2.relation_type
  Field required [type=missing, input_value={'from': '市场重新定...户的独家合作。'}, input_type=dict]
    For further information visit https://errors.pydantic.dev/2.13/v/missing
reasoning_chain.causal_links.3.from_concept
  Field required [type=missing, input_value={'from': '车企供应链...累的二线厂商。'}, input_type=dict]
    For further information visit https://errors.pydantic.dev/2.13/v/missing
reasoning_chain.causal_links.3.to_concept
  Field required [type=missing, input_value={'from': '车企供应链...累的二线厂商。'}, input_type=dict]
    For further information visit https://errors.pydantic.dev/2.13/v/missing
reasoning_chain.causal_links.3.relation_type
  Field required [type=missing, input_value={'from': '车企供应链...累的二线厂商。'}, input_type=dict]
    For further information visit https://errors.pydantic.dev/2.13/v/missing
reasoning_chain.reasoning_stages
  Field required [type=missing, input_value={'chain_id': 'chain_3a2c7...verall_confidence': 0.6}, input_type=dict]
    For further information visit https://errors.pydantic.dev/2.13/v/missing
[M3] 查询历史隐性信号失败: 13 validation errors for ImplicitSignal
reasoning_chain.causal_links.0.from_concept
  Field required [type=missing, input_value={'from': '宁德时代上...源及供应格局。'}, input_type=dict]
    For further information visit https://errors.pydantic.dev/2.13/v/missing
reasoning_chain.causal_links.0.to_concept
  Field required [type=missing, input_value={'from': '宁德时代上...源及供应格局。'}, input_type=dict]
    For further information visit https://errors.pydantic.dev/2.13/v/missing
reasoning_chain.causal_links.0.relation_type
  Field required [type=missing, input_value={'from': '宁德时代上...源及供应格局。'}, input_type=dict]
    For further information visit https://errors.pydantic.dev/2.13/v/missing
reasoning_chain.causal_links.1.from_concept
  Field required [type=missing, input_value={'from': '电池供应链...的市场控制力。'}, input_type=dict]
    For further information visit https://errors.pydantic.dev/2.13/v/missing
reasoning_chain.causal_links.1.to_concept
  Field required [type=missing, input_value={'from': '电池供应链...的市场控制力。'}, input_type=dict]
    For further information visit https://errors.pydantic.dev/2.13/v/missing
reasoning_chain.causal_links.1.relation_type
  Field required [type=missing, input_value={'from': '电池供应链...的市场控制力。'}, input_type=dict]
    For further information visit https://errors.pydantic.dev/2.13/v/missing
reasoning_chain.causal_links.2.from_concept
  Field required [type=missing, input_value={'from': '市场重新定...户的独家合作。'}, input_type=dict]
    For further information visit https://errors.pydantic.dev/2.13/v/missing
reasoning_chain.causal_links.2.to_concept
  Field required [type=missing, input_value={'from': '市场重新定...户的独家合作。'}, input_type=dict]
    For further information visit https://errors.pydantic.dev/2.13/v/missing
reasoning_chain.causal_links.2.relation_type
  Field required [type=missing, input_value={'from': '市场重新定...户的独家合作。'}, input_type=dict]
    For further information visit https://errors.pydantic.dev/2.13/v/missing
reasoning_chain.causal_links.3.from_concept
  Field required [type=missing, input_value={'from': '车企供应链...累的二线厂商。'}, input_type=dict]
    For further information visit https://errors.pydantic.dev/2.13/v/missing
reasoning_chain.causal_links.3.to_concept
  Field required [type=missing, input_value={'from': '车企供应链...累的二线厂商。'}, input_type=dict]
    For further information visit https://errors.pydantic.dev/2.13/v/missing
reasoning_chain.causal_links.3.relation_type
  Field required [type=missing, input_value={'from': '车企供应链...累的二线厂商。'}, input_type=dict]
    For further information visit https://errors.pydantic.dev/2.13/v/missing
reasoning_chain.reasoning_stages
  Field required [type=missing, input_value={'chain_id': 'chain_d8ce6...verall_confidence': 0.4}, input_type=dict]
    For further information visit https://errors.pydantic.dev/2.13/v/missing
[M3] 查询历史隐性信号失败: 13 validation errors for ImplicitSignal
reasoning_chain.causal_links.0.from_concept
  Field required [type=missing, input_value={'from': '宁德时代上...源及供应格局。'}, input_type=dict]
    For further information visit https://errors.pydantic.dev/2.13/v/missing
reasoning_chain.causal_links.0.to_concept
  Field required [type=missing, input_value={'from': '宁德时代上...源及供应格局。'}, input_type=dict]
    For further information visit https://errors.pydantic.dev/2.13/v/missing
reasoning_chain.causal_links.0.relation_type
  Field required [type=missing, input_value={'from': '宁德时代上...源及供应格局。'}, input_type=dict]
    For further information visit https://errors.pydantic.dev/2.13/v/missing
reasoning_chain.causal_links.1.from_concept
  Field required [type=missing, input_value={'from': '电池供应链...的市场控制力。'}, input_type=dict]
    For further information visit https://errors.pydantic.dev/2.13/v/missing
reasoning_chain.causal_links.1.to_concept
  Field required [type=missing, input_value={'from': '电池供应链...的市场控制力。'}, input_type=dict]
    For further information visit https://errors.pydantic.dev/2.13/v/missing
reasoning_chain.causal_links.1.relation_type
  Field required [type=missing, input_value={'from': '电池供应链...的市场控制力。'}, input_type=dict]
    For further information visit https://errors.pydantic.dev/2.13/v/missing
reasoning_chain.causal_links.2.from_concept
  Field required [type=missing, input_value={'from': '市场重新定...户的独家合作。'}, input_type=dict]
    For further information visit https://errors.pydantic.dev/2.13/v/missing
reasoning_chain.causal_links.2.to_concept
  Field required [type=missing, input_value={'from': '市场重新定...户的独家合作。'}, input_type=dict]
    For further information visit https://errors.pydantic.dev/2.13/v/missing
reasoning_chain.causal_links.2.relation_type
  Field required [type=missing, input_value={'from': '市场重新定...户的独家合作。'}, input_type=dict]
    For further information visit https://errors.pydantic.dev/2.13/v/missing
reasoning_chain.causal_links.3.from_concept
  Field required [type=missing, input_value={'from': '车企供应链...累的二线厂商。'}, input_type=dict]
    For further information visit https://errors.pydantic.dev/2.13/v/missing
reasoning_chain.causal_links.3.to_concept
  Field required [type=missing, input_value={'from': '车企供应链...累的二线厂商。'}, input_type=dict]
    For further information visit https://errors.pydantic.dev/2.13/v/missing
reasoning_chain.causal_links.3.relation_type
  Field required [type=missing, input_value={'from': '车企供应链...累的二线厂商。'}, input_type=dict]
    For further information visit https://errors.pydantic.dev/2.13/v/missing
reasoning_chain.reasoning_stages
  Field required [type=missing, input_value={'chain_id': 'chain_d8ce6...verall_confidence': 0.4}, input_type=dict]
    For further information visit https://errors.pydantic.dev/2.13/v/missing
[M3] 查询历史隐性信号失败: 16 validation errors for ImplicitSignal
reasoning_chain.causal_links.0.from_concept
  Field required [type=missing, input_value={'from': '2026年票房...至激发了需求。'}, input_type=dict]
    For further information visit https://errors.pydantic.dev/2.13/v/missing
reasoning_chain.causal_links.0.to_concept
  Field required [type=missing, input_value={'from': '2026年票房...至激发了需求。'}, input_type=dict]
    For further information visit https://errors.pydantic.dev/2.13/v/missing
reasoning_chain.causal_links.0.relation_type
  Field required [type=missing, input_value={'from': '2026年票房...至激发了需求。'}, input_type=dict]
    For further information visit https://errors.pydantic.dev/2.13/v/missing
reasoning_chain.causal_links.1.from_concept
  Field required [type=missing, input_value={'from': '票房快速突...环节订单增长。'}, input_type=dict]
    For further information visit https://errors.pydantic.dev/2.13/v/missing
reasoning_chain.causal_links.1.to_concept
  Field required [type=missing, input_value={'from': '票房快速突...环节订单增长。'}, input_type=dict]
    For further information visit https://errors.pydantic.dev/2.13/v/missing
reasoning_chain.causal_links.1.relation_type
  Field required [type=missing, input_value={'from': '票房快速突...环节订单增长。'}, input_type=dict]
    For further information visit https://errors.pydantic.dev/2.13/v/missing
reasoning_chain.causal_links.2.from_concept
  Field required [type=missing, input_value={'from': '票房突破130...IP衍生品消费。'}, input_type=dict]
    For further information visit https://errors.pydantic.dev/2.13/v/missing
reasoning_chain.causal_links.2.to_concept
  Field required [type=missing, input_value={'from': '票房突破130...IP衍生品消费。'}, input_type=dict]
    For further information visit https://errors.pydantic.dev/2.13/v/missing
reasoning_chain.causal_links.2.relation_type
  Field required [type=missing, input_value={'from': '票房突破130...IP衍生品消费。'}, input_type=dict]
    For further information visit https://errors.pydantic.dev/2.13/v/missing
reasoning_chain.causal_links.3.from_concept
  Field required [type=missing, input_value={'from': '票房突破130...地游客量增加。'}, input_type=dict]
    For further information visit https://errors.pydantic.dev/2.13/v/missing
reasoning_chain.causal_links.3.to_concept
  Field required [type=missing, input_value={'from': '票房突破130...地游客量增加。'}, input_type=dict]
    For further information visit https://errors.pydantic.dev/2.13/v/missing
reasoning_chain.causal_links.3.relation_type
  Field required [type=missing, input_value={'from': '票房突破130...地游客量增加。'}, input_type=dict]
    For further information visit https://errors.pydantic.dev/2.13/v/missing
reasoning_chain.causal_links.4.from_concept
  Field required [type=missing, input_value={'from': '票房突破130...需求同步上升。'}, input_type=dict]
    For further information visit https://errors.pydantic.dev/2.13/v/missing
reasoning_chain.causal_links.4.to_concept
  Field required [type=missing, input_value={'from': '票房突破130...需求同步上升。'}, input_type=dict]
    For further information visit https://errors.pydantic.dev/2.13/v/missing
reasoning_chain.causal_links.4.relation_type
  Field required [type=missing, input_value={'from': '票房突破130...需求同步上升。'}, input_type=dict]
    For further information visit https://errors.pydantic.dev/2.13/v/missing
reasoning_chain.reasoning_stages
  Field required [type=missing, input_value={'chain_id': 'chain_87443...erall_confidence': 0.75}, input_type=dict]
    For further information visit https://errors.pydantic.dev/2.13/v/missing
[M3] 查询历史隐性信号失败: 16 validation errors for ImplicitSignal
reasoning_chain.causal_links.0.from_concept
  Field required [type=missing, input_value={'from': '2026年票房...至激发了需求。'}, input_type=dict]
    For further information visit https://errors.pydantic.dev/2.13/v/missing
reasoning_chain.causal_links.0.to_concept
  Field required [type=missing, input_value={'from': '2026年票房...至激发了需求。'}, input_type=dict]
    For further information visit https://errors.pydantic.dev/2.13/v/missing
reasoning_chain.causal_links.0.relation_type
  Field required [type=missing, input_value={'from': '2026年票房...至激发了需求。'}, input_type=dict]
    For further information visit https://errors.pydantic.dev/2.13/v/missing
reasoning_chain.causal_links.1.from_concept
  Field required [type=missing, input_value={'from': '票房快速突...环节订单增长。'}, input_type=dict]
    For further information visit https://errors.pydantic.dev/2.13/v/missing
reasoning_chain.causal_links.1.to_concept
  Field required [type=missing, input_value={'from': '票房快速突...环节订单增长。'}, input_type=dict]
    For further information visit https://errors.pydantic.dev/2.13/v/missing
reasoning_chain.causal_links.1.relation_type
  Field required [type=missing, input_value={'from': '票房快速突...环节订单增长。'}, input_type=dict]
    For further information visit https://errors.pydantic.dev/2.13/v/missing
reasoning_chain.causal_links.2.from_concept
  Field required [type=missing, input_value={'from': '票房突破130...IP衍生品消费。'}, input_type=dict]
    For further information visit https://errors.pydantic.dev/2.13/v/missing
reasoning_chain.causal_links.2.to_concept
  Field required [type=missing, input_value={'from': '票房突破130...IP衍生品消费。'}, input_type=dict]
    For further information visit https://errors.pydantic.dev/2.13/v/missing
reasoning_chain.causal_links.2.relation_type
  Field required [type=missing, input_value={'from': '票房突破130...IP衍生品消费。'}, input_type=dict]
    For further information visit https://errors.pydantic.dev/2.13/v/missing
reasoning_chain.causal_links.3.from_concept
  Field required [type=missing, input_value={'from': '票房突破130...地游客量增加。'}, input_type=dict]
    For further information visit https://errors.pydantic.dev/2.13/v/missing
reasoning_chain.causal_links.3.to_concept
  Field required [type=missing, input_value={'from': '票房突破130...地游客量增加。'}, input_type=dict]
    For further information visit https://errors.pydantic.dev/2.13/v/missing
reasoning_chain.causal_links.3.relation_type
  Field required [type=missing, input_value={'from': '票房突破130...地游客量增加。'}, input_type=dict]
    For further information visit https://errors.pydantic.dev/2.13/v/missing
reasoning_chain.causal_links.4.from_concept
  Field required [type=missing, input_value={'from': '票房突破130...需求同步上升。'}, input_type=dict]
    For further information visit https://errors.pydantic.dev/2.13/v/missing
reasoning_chain.causal_links.4.to_concept
  Field required [type=missing, input_value={'from': '票房突破130...需求同步上升。'}, input_type=dict]
    For further information visit https://errors.pydantic.dev/2.13/v/missing
reasoning_chain.causal_links.4.relation_type
  Field required [type=missing, input_value={'from': '票房突破130...需求同步上升。'}, input_type=dict]
    For further information visit https://errors.pydantic.dev/2.13/v/missing
reasoning_chain.reasoning_stages
  Field required [type=missing, input_value={'chain_id': 'chain_87443...erall_confidence': 0.75}, input_type=dict]
    For further information visit https://errors.pydantic.dev/2.13/v/missing
[M3] 查询历史隐性信号失败: 16 validation errors for ImplicitSignal
reasoning_chain.causal_links.0.from_concept
  Field required [type=missing, input_value={'from': '2026年票房...至激发了需求。'}, input_type=dict]
    For further information visit https://errors.pydantic.dev/2.13/v/missing
reasoning_chain.causal_links.0.to_concept
  Field required [type=missing, input_value={'from': '2026年票房...至激发了需求。'}, input_type=dict]
    For further information visit https://errors.pydantic.dev/2.13/v/missing
reasoning_chain.causal_links.0.relation_type
  Field required [type=missing, input_value={'from': '2026年票房...至激发了需求。'}, input_type=dict]
    For further information visit https://errors.pydantic.dev/2.13/v/missing
reasoning_chain.causal_links.1.from_concept
  Field required [type=missing, input_value={'from': '票房快速突...环节订单增长。'}, input_type=dict]
    For further information visit https://errors.pydantic.dev/2.13/v/missing
reasoning_chain.causal_links.1.to_concept
  Field required [type=missing, input_value={'from': '票房快速突...环节订单增长。'}, input_type=dict]
    For further information visit https://errors.pydantic.dev/2.13/v/missing
reasoning_chain.causal_links.1.relation_type
  Field required [type=missing, input_value={'from': '票房快速突...环节订单增长。'}, input_type=dict]
    For further information visit https://errors.pydantic.dev/2.13/v/missing
reasoning_chain.causal_links.2.from_concept
  Field required [type=missing, input_value={'from': '票房突破130...IP衍生品消费。'}, input_type=dict]
    For further information visit https://errors.pydantic.dev/2.13/v/missing
reasoning_chain.causal_links.2.to_concept
  Field required [type=missing, input_value={'from': '票房突破130...IP衍生品消费。'}, input_type=dict]
    For further information visit https://errors.pydantic.dev/2.13/v/missing
reasoning_chain.causal_links.2.relation_type
  Field required [type=missing, input_value={'from': '票房突破130...IP衍生品消费。'}, input_type=dict]
    For further information visit https://errors.pydantic.dev/2.13/v/missing
reasoning_chain.causal_links.3.from_concept
  Field required [type=missing, input_value={'from': '票房突破130...地游客量增加。'}, input_type=dict]
    For further information visit https://errors.pydantic.dev/2.13/v/missing
reasoning_chain.causal_links.3.to_concept
  Field required [type=missing, input_value={'from': '票房突破130...地游客量增加。'}, input_type=dict]
    For further information visit https://errors.pydantic.dev/2.13/v/missing
reasoning_chain.causal_links.3.relation_type
  Field required [type=missing, input_value={'from': '票房突破130...地游客量增加。'}, input_type=dict]
    For further information visit https://errors.pydantic.dev/2.13/v/missing
reasoning_chain.causal_links.4.from_concept
  Field required [type=missing, input_value={'from': '票房突破130...需求同步上升。'}, input_type=dict]
    For further information visit https://errors.pydantic.dev/2.13/v/missing
reasoning_chain.causal_links.4.to_concept
  Field required [type=missing, input_value={'from': '票房突破130...需求同步上升。'}, input_type=dict]
    For further information visit https://errors.pydantic.dev/2.13/v/missing
reasoning_chain.causal_links.4.relation_type
  Field required [type=missing, input_value={'from': '票房突破130...需求同步上升。'}, input_type=dict]
    For further information visit https://errors.pydantic.dev/2.13/v/missing
reasoning_chain.reasoning_stages
  Field required [type=missing, input_value={'chain_id': 'chain_43266...verall_confidence': 0.7}, input_type=dict]
    For further information visit https://errors.pydantic.dev/2.13/v/missing
[M3] 查询历史隐性信号失败: 16 validation errors for ImplicitSignal
reasoning_chain.causal_links.0.from_concept
  Field required [type=missing, input_value={'from': '2026年票房...至激发了需求。'}, input_type=dict]
    For further information visit https://errors.pydantic.dev/2.13/v/missing
reasoning_chain.causal_links.0.to_concept
  Field required [type=missing, input_value={'from': '2026年票房...至激发了需求。'}, input_type=dict]
    For further information visit https://errors.pydantic.dev/2.13/v/missing
reasoning_chain.causal_links.0.relation_type
  Field required [type=missing, input_value={'from': '2026年票房...至激发了需求。'}, input_type=dict]
    For further information visit https://errors.pydantic.dev/2.13/v/missing
reasoning_chain.causal_links.1.from_concept
  Field required [type=missing, input_value={'from': '票房快速突...环节订单增长。'}, input_type=dict]
    For further information visit https://errors.pydantic.dev/2.13/v/missing
reasoning_chain.causal_links.1.to_concept
  Field required [type=missing, input_value={'from': '票房快速突...环节订单增长。'}, input_type=dict]
    For further information visit https://errors.pydantic.dev/2.13/v/missing
reasoning_chain.causal_links.1.relation_type
  Field required [type=missing, input_value={'from': '票房快速突...环节订单增长。'}, input_type=dict]
    For further information visit https://errors.pydantic.dev/2.13/v/missing
reasoning_chain.causal_links.2.from_concept
  Field required [type=missing, input_value={'from': '票房突破130...IP衍生品消费。'}, input_type=dict]
    For further information visit https://errors.pydantic.dev/2.13/v/missing
reasoning_chain.causal_links.2.to_concept
  Field required [type=missing, input_value={'from': '票房突破130...IP衍生品消费。'}, input_type=dict]
    For further information visit https://errors.pydantic.dev/2.13/v/missing
reasoning_chain.causal_links.2.relation_type
  Field required [type=missing, input_value={'from': '票房突破130...IP衍生品消费。'}, input_type=dict]
    For further information visit https://errors.pydantic.dev/2.13/v/missing
reasoning_chain.causal_links.3.from_concept
  Field required [type=missing, input_value={'from': '票房突破130...地游客量增加。'}, input_type=dict]
    For further information visit https://errors.pydantic.dev/2.13/v/missing
reasoning_chain.causal_links.3.to_concept
  Field required [type=missing, input_value={'from': '票房突破130...地游客量增加。'}, input_type=dict]
    For further information visit https://errors.pydantic.dev/2.13/v/missing
reasoning_chain.causal_links.3.relation_type
  Field required [type=missing, input_value={'from': '票房突破130...地游客量增加。'}, input_type=dict]
    For further information visit https://errors.pydantic.dev/2.13/v/missing
reasoning_chain.causal_links.4.from_concept
  Field required [type=missing, input_value={'from': '票房突破130...需求同步上升。'}, input_type=dict]
    For further information visit https://errors.pydantic.dev/2.13/v/missing
reasoning_chain.causal_links.4.to_concept
  Field required [type=missing, input_value={'from': '票房突破130...需求同步上升。'}, input_type=dict]
    For further information visit https://errors.pydantic.dev/2.13/v/missing
reasoning_chain.causal_links.4.relation_type
  Field required [type=missing, input_value={'from': '票房突破130...需求同步上升。'}, input_type=dict]
    For further information visit https://errors.pydantic.dev/2.13/v/missing
reasoning_chain.reasoning_stages
  Field required [type=missing, input_value={'chain_id': 'chain_43266...verall_confidence': 0.7}, input_type=dict]
    For further information visit https://errors.pydantic.dev/2.13/v/missing
[M3] 查询历史隐性信号失败: 16 validation errors for ImplicitSignal
reasoning_chain.causal_links.0.from_concept
  Field required [type=missing, input_value={'from': '2026年票房...至激发了需求。'}, input_type=dict]
    For further information visit https://errors.pydantic.dev/2.13/v/missing
reasoning_chain.causal_links.0.to_concept
  Field required [type=missing, input_value={'from': '2026年票房...至激发了需求。'}, input_type=dict]
    For further information visit https://errors.pydantic.dev/2.13/v/missing
reasoning_chain.causal_links.0.relation_type
  Field required [type=missing, input_value={'from': '2026年票房...至激发了需求。'}, input_type=dict]
    For further information visit https://errors.pydantic.dev/2.13/v/missing
reasoning_chain.causal_links.1.from_concept
  Field required [type=missing, input_value={'from': '票房快速突...环节订单增长。'}, input_type=dict]
    For further information visit https://errors.pydantic.dev/2.13/v/missing
reasoning_chain.causal_links.1.to_concept
  Field required [type=missing, input_value={'from': '票房快速突...环节订单增长。'}, input_type=dict]
    For further information visit https://errors.pydantic.dev/2.13/v/missing
reasoning_chain.causal_links.1.relation_type
  Field required [type=missing, input_value={'from': '票房快速突...环节订单增长。'}, input_type=dict]
    For further information visit https://errors.pydantic.dev/2.13/v/missing
reasoning_chain.causal_links.2.from_concept
  Field required [type=missing, input_value={'from': '票房突破130...IP衍生品消费。'}, input_type=dict]
    For further information visit https://errors.pydantic.dev/2.13/v/missing
reasoning_chain.causal_links.2.to_concept
  Field required [type=missing, input_value={'from': '票房突破130...IP衍生品消费。'}, input_type=dict]
    For further information visit https://errors.pydantic.dev/2.13/v/missing
reasoning_chain.causal_links.2.relation_type
  Field required [type=missing, input_value={'from': '票房突破130...IP衍生品消费。'}, input_type=dict]
    For further information visit https://errors.pydantic.dev/2.13/v/missing
reasoning_chain.causal_links.3.from_concept
  Field required [type=missing, input_value={'from': '票房突破130...地游客量增加。'}, input_type=dict]
    For further information visit https://errors.pydantic.dev/2.13/v/missing
reasoning_chain.causal_links.3.to_concept
  Field required [type=missing, input_value={'from': '票房突破130...地游客量增加。'}, input_type=dict]
    For further information visit https://errors.pydantic.dev/2.13/v/missing
reasoning_chain.causal_links.3.relation_type
  Field required [type=missing, input_value={'from': '票房突破130...地游客量增加。'}, input_type=dict]
    For further information visit https://errors.pydantic.dev/2.13/v/missing
reasoning_chain.causal_links.4.from_concept
  Field required [type=missing, input_value={'from': '票房突破130...需求同步上升。'}, input_type=dict]
    For further information visit https://errors.pydantic.dev/2.13/v/missing
reasoning_chain.causal_links.4.to_concept
  Field required [type=missing, input_value={'from': '票房突破130...需求同步上升。'}, input_type=dict]
    For further information visit https://errors.pydantic.dev/2.13/v/missing
reasoning_chain.causal_links.4.relation_type
  Field required [type=missing, input_value={'from': '票房突破130...需求同步上升。'}, input_type=dict]
    For further information visit https://errors.pydantic.dev/2.13/v/missing
reasoning_chain.reasoning_stages
  Field required [type=missing, input_value={'chain_id': 'chain_62a97...verall_confidence': 0.7}, input_type=dict]
    For further information visit https://errors.pydantic.dev/2.13/v/missing
[M3] 查询历史隐性信号失败: 16 validation errors for ImplicitSignal
reasoning_chain.causal_links.0.from_concept
  Field required [type=missing, input_value={'from': '2026年票房...至激发了需求。'}, input_type=dict]
    For further information visit https://errors.pydantic.dev/2.13/v/missing
reasoning_chain.causal_links.0.to_concept
  Field required [type=missing, input_value={'from': '2026年票房...至激发了需求。'}, input_type=dict]
    For further information visit https://errors.pydantic.dev/2.13/v/missing
reasoning_chain.causal_links.0.relation_type
  Field required [type=missing, input_value={'from': '2026年票房...至激发了需求。'}, input_type=dict]
    For further information visit https://errors.pydantic.dev/2.13/v/missing
reasoning_chain.causal_links.1.from_concept
  Field required [type=missing, input_value={'from': '票房快速突...环节订单增长。'}, input_type=dict]
    For further information visit https://errors.pydantic.dev/2.13/v/missing
reasoning_chain.causal_links.1.to_concept
  Field required [type=missing, input_value={'from': '票房快速突...环节订单增长。'}, input_type=dict]
    For further information visit https://errors.pydantic.dev/2.13/v/missing
reasoning_chain.causal_links.1.relation_type
  Field required [type=missing, input_value={'from': '票房快速突...环节订单增长。'}, input_type=dict]
    For further information visit https://errors.pydantic.dev/2.13/v/missing
reasoning_chain.causal_links.2.from_concept
  Field required [type=missing, input_value={'from': '票房突破130...IP衍生品消费。'}, input_type=dict]
    For further information visit https://errors.pydantic.dev/2.13/v/missing
reasoning_chain.causal_links.2.to_concept
  Field required [type=missing, input_value={'from': '票房突破130...IP衍生品消费。'}, input_type=dict]
    For further information visit https://errors.pydantic.dev/2.13/v/missing
reasoning_chain.causal_links.2.relation_type
  Field required [type=missing, input_value={'from': '票房突破130...IP衍生品消费。'}, input_type=dict]
    For further information visit https://errors.pydantic.dev/2.13/v/missing
reasoning_chain.causal_links.3.from_concept
  Field required [type=missing, input_value={'from': '票房突破130...地游客量增加。'}, input_type=dict]
    For further information visit https://errors.pydantic.dev/2.13/v/missing
reasoning_chain.causal_links.3.to_concept
  Field required [type=missing, input_value={'from': '票房突破130...地游客量增加。'}, input_type=dict]
    For further information visit https://errors.pydantic.dev/2.13/v/missing
reasoning_chain.causal_links.3.relation_type
  Field required [type=missing, input_value={'from': '票房突破130...地游客量增加。'}, input_type=dict]
    For further information visit https://errors.pydantic.dev/2.13/v/missing
reasoning_chain.causal_links.4.from_concept
  Field required [type=missing, input_value={'from': '票房突破130...需求同步上升。'}, input_type=dict]
    For further information visit https://errors.pydantic.dev/2.13/v/missing
reasoning_chain.causal_links.4.to_concept
  Field required [type=missing, input_value={'from': '票房突破130...需求同步上升。'}, input_type=dict]
    For further information visit https://errors.pydantic.dev/2.13/v/missing
reasoning_chain.causal_links.4.relation_type
  Field required [type=missing, input_value={'from': '票房突破130...需求同步上升。'}, input_type=dict]
    For further information visit https://errors.pydantic.dev/2.13/v/missing
reasoning_chain.reasoning_stages
  Field required [type=missing, input_value={'chain_id': 'chain_62a97...verall_confidence': 0.7}, input_type=dict]
    For further information visit https://errors.pydantic.dev/2.13/v/missing
[M3] 查询历史隐性信号失败: 10 validation errors for ImplicitSignal
reasoning_chain.causal_links.0.from_concept
  Field required [type=missing, input_value={'from': '摩尔线程完...孱弱’的瓶颈。'}, input_type=dict]
    For further information visit https://errors.pydantic.dev/2.13/v/missing
reasoning_chain.causal_links.0.to_concept
  Field required [type=missing, input_value={'from': '摩尔线程完...孱弱’的瓶颈。'}, input_type=dict]
    For further information visit https://errors.pydantic.dev/2.13/v/missing
reasoning_chain.causal_links.0.relation_type
  Field required [type=missing, input_value={'from': '摩尔线程完...孱弱’的瓶颈。'}, input_type=dict]
    For further information visit https://errors.pydantic.dev/2.13/v/missing
reasoning_chain.causal_links.1.from_concept
  Field required [type=missing, input_value={'from': '国产GPU生态...全栈解决方案。'}, input_type=dict]
    For further information visit https://errors.pydantic.dev/2.13/v/missing
reasoning_chain.causal_links.1.to_concept
  Field required [type=missing, input_value={'from': '国产GPU生态...全栈解决方案。'}, input_type=dict]
    For further information visit https://errors.pydantic.dev/2.13/v/missing
reasoning_chain.causal_links.1.relation_type
  Field required [type=missing, input_value={'from': '国产GPU生态...全栈解决方案。'}, input_type=dict]
    For further information visit https://errors.pydantic.dev/2.13/v/missing
reasoning_chain.causal_links.2.from_concept
  Field required [type=missing, input_value={'from': '全栈能力提...的国产化进程。'}, input_type=dict]
    For further information visit https://errors.pydantic.dev/2.13/v/missing
reasoning_chain.causal_links.2.to_concept
  Field required [type=missing, input_value={'from': '全栈能力提...的国产化进程。'}, input_type=dict]
    For further information visit https://errors.pydantic.dev/2.13/v/missing
reasoning_chain.causal_links.2.relation_type
  Field required [type=missing, input_value={'from': '全栈能力提...的国产化进程。'}, input_type=dict]
    For further information visit https://errors.pydantic.dev/2.13/v/missing
reasoning_chain.reasoning_stages
  Field required [type=missing, input_value={'chain_id': 'chain_f3558...erall_confidence': 0.75}, input_type=dict]
    For further information visit https://errors.pydantic.dev/2.13/v/missing
[M3] 查询历史隐性信号失败: 10 validation errors for ImplicitSignal
reasoning_chain.causal_links.0.from_concept
  Field required [type=missing, input_value={'from': '摩尔线程完...孱弱’的瓶颈。'}, input_type=dict]
    For further information visit https://errors.pydantic.dev/2.13/v/missing
reasoning_chain.causal_links.0.to_concept
  Field required [type=missing, input_value={'from': '摩尔线程完...孱弱’的瓶颈。'}, input_type=dict]
    For further information visit https://errors.pydantic.dev/2.13/v/missing
reasoning_chain.causal_links.0.relation_type
  Field required [type=missing, input_value={'from': '摩尔线程完...孱弱’的瓶颈。'}, input_type=dict]
    For further information visit https://errors.pydantic.dev/2.13/v/missing
reasoning_chain.causal_links.1.from_concept
  Field required [type=missing, input_value={'from': '国产GPU生态...全栈解决方案。'}, input_type=dict]
    For further information visit https://errors.pydantic.dev/2.13/v/missing
reasoning_chain.causal_links.1.to_concept
  Field required [type=missing, input_value={'from': '国产GPU生态...全栈解决方案。'}, input_type=dict]
    For further information visit https://errors.pydantic.dev/2.13/v/missing
reasoning_chain.causal_links.1.relation_type
  Field required [type=missing, input_value={'from': '国产GPU生态...全栈解决方案。'}, input_type=dict]
    For further information visit https://errors.pydantic.dev/2.13/v/missing
reasoning_chain.causal_links.2.from_concept
  Field required [type=missing, input_value={'from': '全栈能力提...的国产化进程。'}, input_type=dict]
    For further information visit https://errors.pydantic.dev/2.13/v/missing
reasoning_chain.causal_links.2.to_concept
  Field required [type=missing, input_value={'from': '全栈能力提...的国产化进程。'}, input_type=dict]
    For further information visit https://errors.pydantic.dev/2.13/v/missing
reasoning_chain.causal_links.2.relation_type
  Field required [type=missing, input_value={'from': '全栈能力提...的国产化进程。'}, input_type=dict]
    For further information visit https://errors.pydantic.dev/2.13/v/missing
reasoning_chain.reasoning_stages
  Field required [type=missing, input_value={'chain_id': 'chain_f3558...erall_confidence': 0.75}, input_type=dict]
    For further information visit https://errors.pydantic.dev/2.13/v/missing
[M3] 查询历史隐性信号失败: 10 validation errors for ImplicitSignal
reasoning_chain.causal_links.0.from_concept
  Field required [type=missing, input_value={'from': '摩尔线程完...孱弱’的瓶颈。'}, input_type=dict]
    For further information visit https://errors.pydantic.dev/2.13/v/missing
reasoning_chain.causal_links.0.to_concept
  Field required [type=missing, input_value={'from': '摩尔线程完...孱弱’的瓶颈。'}, input_type=dict]
    For further information visit https://errors.pydantic.dev/2.13/v/missing
reasoning_chain.causal_links.0.relation_type
  Field required [type=missing, input_value={'from': '摩尔线程完...孱弱’的瓶颈。'}, input_type=dict]
    For further information visit https://errors.pydantic.dev/2.13/v/missing
reasoning_chain.causal_links.1.from_concept
  Field required [type=missing, input_value={'from': '国产GPU生态...全栈解决方案。'}, input_type=dict]
    For further information visit https://errors.pydantic.dev/2.13/v/missing
reasoning_chain.causal_links.1.to_concept
  Field required [type=missing, input_value={'from': '国产GPU生态...全栈解决方案。'}, input_type=dict]
    For further information visit https://errors.pydantic.dev/2.13/v/missing
reasoning_chain.causal_links.1.relation_type
  Field required [type=missing, input_value={'from': '国产GPU生态...全栈解决方案。'}, input_type=dict]
    For further information visit https://errors.pydantic.dev/2.13/v/missing
reasoning_chain.causal_links.2.from_concept
  Field required [type=missing, input_value={'from': '全栈能力提...的国产化进程。'}, input_type=dict]
    For further information visit https://errors.pydantic.dev/2.13/v/missing
reasoning_chain.causal_links.2.to_concept
  Field required [type=missing, input_value={'from': '全栈能力提...的国产化进程。'}, input_type=dict]
    For further information visit https://errors.pydantic.dev/2.13/v/missing
reasoning_chain.causal_links.2.relation_type
  Field required [type=missing, input_value={'from': '全栈能力提...的国产化进程。'}, input_type=dict]
    For further information visit https://errors.pydantic.dev/2.13/v/missing
reasoning_chain.reasoning_stages
  Field required [type=missing, input_value={'chain_id': 'chain_c6159...verall_confidence': 0.7}, input_type=dict]
    For further information visit https://errors.pydantic.dev/2.13/v/missing
[M3] 查询历史隐性信号失败: 10 validation errors for ImplicitSignal
reasoning_chain.causal_links.0.from_concept
  Field required [type=missing, input_value={'from': '摩尔线程完...孱弱’的瓶颈。'}, input_type=dict]
    For further information visit https://errors.pydantic.dev/2.13/v/missing
reasoning_chain.causal_links.0.to_concept
  Field required [type=missing, input_value={'from': '摩尔线程完...孱弱’的瓶颈。'}, input_type=dict]
    For further information visit https://errors.pydantic.dev/2.13/v/missing
reasoning_chain.causal_links.0.relation_type
  Field required [type=missing, input_value={'from': '摩尔线程完...孱弱’的瓶颈。'}, input_type=dict]
    For further information visit https://errors.pydantic.dev/2.13/v/missing
reasoning_chain.causal_links.1.from_concept
  Field required [type=missing, input_value={'from': '国产GPU生态...全栈解决方案。'}, input_type=dict]
    For further information visit https://errors.pydantic.dev/2.13/v/missing
reasoning_chain.causal_links.1.to_concept
  Field required [type=missing, input_value={'from': '国产GPU生态...全栈解决方案。'}, input_type=dict]
    For further information visit https://errors.pydantic.dev/2.13/v/missing
reasoning_chain.causal_links.1.relation_type
  Field required [type=missing, input_value={'from': '国产GPU生态...全栈解决方案。'}, input_type=dict]
    For further information visit https://errors.pydantic.dev/2.13/v/missing
reasoning_chain.causal_links.2.from_concept
  Field required [type=missing, input_value={'from': '全栈能力提...的国产化进程。'}, input_type=dict]
    For further information visit https://errors.pydantic.dev/2.13/v/missing
reasoning_chain.causal_links.2.to_concept
  Field required [type=missing, input_value={'from': '全栈能力提...的国产化进程。'}, input_type=dict]
    For further information visit https://errors.pydantic.dev/2.13/v/missing
reasoning_chain.causal_links.2.relation_type
  Field required [type=missing, input_value={'from': '全栈能力提...的国产化进程。'}, input_type=dict]
    For further information visit https://errors.pydantic.dev/2.13/v/missing
reasoning_chain.reasoning_stages
  Field required [type=missing, input_value={'chain_id': 'chain_c6159...verall_confidence': 0.7}, input_type=dict]
    For further information visit https://errors.pydantic.dev/2.13/v/missing
[M3] 查询历史隐性信号失败: 10 validation errors for ImplicitSignal
reasoning_chain.causal_links.0.from_concept
  Field required [type=missing, input_value={'from': '摩尔线程完...孱弱’的瓶颈。'}, input_type=dict]
    For further information visit https://errors.pydantic.dev/2.13/v/missing
reasoning_chain.causal_links.0.to_concept
  Field required [type=missing, input_value={'from': '摩尔线程完...孱弱’的瓶颈。'}, input_type=dict]
    For further information visit https://errors.pydantic.dev/2.13/v/missing
reasoning_chain.causal_links.0.relation_type
  Field required [type=missing, input_value={'from': '摩尔线程完...孱弱’的瓶颈。'}, input_type=dict]
    For further information visit https://errors.pydantic.dev/2.13/v/missing
reasoning_chain.causal_links.1.from_concept
  Field required [type=missing, input_value={'from': '国产GPU生态...全栈解决方案。'}, input_type=dict]
    For further information visit https://errors.pydantic.dev/2.13/v/missing
reasoning_chain.causal_links.1.to_concept
  Field required [type=missing, input_value={'from': '国产GPU生态...全栈解决方案。'}, input_type=dict]
    For further information visit https://errors.pydantic.dev/2.13/v/missing
reasoning_chain.causal_links.1.relation_type
  Field required [type=missing, input_value={'from': '国产GPU生态...全栈解决方案。'}, input_type=dict]
    For further information visit https://errors.pydantic.dev/2.13/v/missing
reasoning_chain.causal_links.2.from_concept
  Field required [type=missing, input_value={'from': '全栈能力提...的国产化进程。'}, input_type=dict]
    For further information visit https://errors.pydantic.dev/2.13/v/missing
reasoning_chain.causal_links.2.to_concept
  Field required [type=missing, input_value={'from': '全栈能力提...的国产化进程。'}, input_type=dict]
    For further information visit https://errors.pydantic.dev/2.13/v/missing
reasoning_chain.causal_links.2.relation_type
  Field required [type=missing, input_value={'from': '全栈能力提...的国产化进程。'}, input_type=dict]
    For further information visit https://errors.pydantic.dev/2.13/v/missing
reasoning_chain.reasoning_stages
  Field required [type=missing, input_value={'chain_id': 'chain_8edda...verall_confidence': 0.6}, input_type=dict]
    For further information visit https://errors.pydantic.dev/2.13/v/missing
[M3] 查询历史隐性信号失败: 10 validation errors for ImplicitSignal
reasoning_chain.causal_links.0.from_concept
  Field required [type=missing, input_value={'from': '摩尔线程完...孱弱’的瓶颈。'}, input_type=dict]
    For further information visit https://errors.pydantic.dev/2.13/v/missing
reasoning_chain.causal_links.0.to_concept
  Field required [type=missing, input_value={'from': '摩尔线程完...孱弱’的瓶颈。'}, input_type=dict]
    For further information visit https://errors.pydantic.dev/2.13/v/missing
reasoning_chain.causal_links.0.relation_type
  Field required [type=missing, input_value={'from': '摩尔线程完...孱弱’的瓶颈。'}, input_type=dict]
    For further information visit https://errors.pydantic.dev/2.13/v/missing
reasoning_chain.causal_links.1.from_concept
  Field required [type=missing, input_value={'from': '国产GPU生态...全栈解决方案。'}, input_type=dict]
    For further information visit https://errors.pydantic.dev/2.13/v/missing
reasoning_chain.causal_links.1.to_concept
  Field required [type=missing, input_value={'from': '国产GPU生态...全栈解决方案。'}, input_type=dict]
    For further information visit https://errors.pydantic.dev/2.13/v/missing
reasoning_chain.causal_links.1.relation_type
  Field required [type=missing, input_value={'from': '国产GPU生态...全栈解决方案。'}, input_type=dict]
    For further information visit https://errors.pydantic.dev/2.13/v/missing
reasoning_chain.causal_links.2.from_concept
  Field required [type=missing, input_value={'from': '全栈能力提...的国产化进程。'}, input_type=dict]
    For further information visit https://errors.pydantic.dev/2.13/v/missing
reasoning_chain.causal_links.2.to_concept
  Field required [type=missing, input_value={'from': '全栈能力提...的国产化进程。'}, input_type=dict]
    For further information visit https://errors.pydantic.dev/2.13/v/missing
reasoning_chain.causal_links.2.relation_type
  Field required [type=missing, input_value={'from': '全栈能力提...的国产化进程。'}, input_type=dict]
    For further information visit https://errors.pydantic.dev/2.13/v/missing
reasoning_chain.reasoning_stages
  Field required [type=missing, input_value={'chain_id': 'chain_8edda...verall_confidence': 0.6}, input_type=dict]
    For further information visit https://errors.pydantic.dev/2.13/v/missing
[M3] 查询历史隐性信号失败: 13 validation errors for ImplicitSignal
reasoning_chain.causal_links.0.from_concept
  Field required [type=missing, input_value={'from': 'TCL与索尼成...务的转型方向。'}, input_type=dict]
    For further information visit https://errors.pydantic.dev/2.13/v/missing
reasoning_chain.causal_links.0.to_concept
  Field required [type=missing, input_value={'from': 'TCL与索尼成...务的转型方向。'}, input_type=dict]
    For further information visit https://errors.pydantic.dev/2.13/v/missing
reasoning_chain.causal_links.0.relation_type
  Field required [type=missing, input_value={'from': 'TCL与索尼成...务的转型方向。'}, input_type=dict]
    For further information visit https://errors.pydantic.dev/2.13/v/missing
reasoning_chain.causal_links.1.from_concept
  Field required [type=missing, input_value={'from': '合资公司整...成差异化竞争。'}, input_type=dict]
    For further information visit https://errors.pydantic.dev/2.13/v/missing
reasoning_chain.causal_links.1.to_concept
  Field required [type=missing, input_value={'from': '合资公司整...成差异化竞争。'}, input_type=dict]
    For further information visit https://errors.pydantic.dev/2.13/v/missing
reasoning_chain.causal_links.1.relation_type
  Field required [type=missing, input_value={'from': '合资公司整...成差异化竞争。'}, input_type=dict]
    For further information visit https://errors.pydantic.dev/2.13/v/missing
reasoning_chain.causal_links.2.from_concept
  Field required [type=missing, input_value={'from': '合资公司中...组件上的需求。'}, input_type=dict]
    For further information visit https://errors.pydantic.dev/2.13/v/missing
reasoning_chain.causal_links.2.to_concept
  Field required [type=missing, input_value={'from': '合资公司中...组件上的需求。'}, input_type=dict]
    For further information visit https://errors.pydantic.dev/2.13/v/missing
reasoning_chain.causal_links.2.relation_type
  Field required [type=missing, input_value={'from': '合资公司中...组件上的需求。'}, input_type=dict]
    For further information visit https://errors.pydantic.dev/2.13/v/missing
reasoning_chain.causal_links.3.from_concept
  Field required [type=missing, input_value={'from': '合资公司规...）可被TCL复用。'}, input_type=dict]
    For further information visit https://errors.pydantic.dev/2.13/v/missing
reasoning_chain.causal_links.3.to_concept
  Field required [type=missing, input_value={'from': '合资公司规...）可被TCL复用。'}, input_type=dict]
    For further information visit https://errors.pydantic.dev/2.13/v/missing
reasoning_chain.causal_links.3.relation_type
  Field required [type=missing, input_value={'from': '合资公司规...）可被TCL复用。'}, input_type=dict]
    For further information visit https://errors.pydantic.dev/2.13/v/missing
reasoning_chain.reasoning_stages
  Field required [type=missing, input_value={'chain_id': 'chain_28e98...verall_confidence': 0.8}, input_type=dict]
    For further information visit https://errors.pydantic.dev/2.13/v/missing
[M3] 查询历史隐性信号失败: 13 validation errors for ImplicitSignal
reasoning_chain.causal_links.0.from_concept
  Field required [type=missing, input_value={'from': 'TCL与索尼成...务的转型方向。'}, input_type=dict]
    For further information visit https://errors.pydantic.dev/2.13/v/missing
reasoning_chain.causal_links.0.to_concept
  Field required [type=missing, input_value={'from': 'TCL与索尼成...务的转型方向。'}, input_type=dict]
    For further information visit https://errors.pydantic.dev/2.13/v/missing
reasoning_chain.causal_links.0.relation_type
  Field required [type=missing, input_value={'from': 'TCL与索尼成...务的转型方向。'}, input_type=dict]
    For further information visit https://errors.pydantic.dev/2.13/v/missing
reasoning_chain.causal_links.1.from_concept
  Field required [type=missing, input_value={'from': '合资公司整...成差异化竞争。'}, input_type=dict]
    For further information visit https://errors.pydantic.dev/2.13/v/missing
reasoning_chain.causal_links.1.to_concept
  Field required [type=missing, input_value={'from': '合资公司整...成差异化竞争。'}, input_type=dict]
    For further information visit https://errors.pydantic.dev/2.13/v/missing
reasoning_chain.causal_links.1.relation_type
  Field required [type=missing, input_value={'from': '合资公司整...成差异化竞争。'}, input_type=dict]
    For further information visit https://errors.pydantic.dev/2.13/v/missing
reasoning_chain.causal_links.2.from_concept
  Field required [type=missing, input_value={'from': '合资公司中...组件上的需求。'}, input_type=dict]
    For further information visit https://errors.pydantic.dev/2.13/v/missing
reasoning_chain.causal_links.2.to_concept
  Field required [type=missing, input_value={'from': '合资公司中...组件上的需求。'}, input_type=dict]
    For further information visit https://errors.pydantic.dev/2.13/v/missing
reasoning_chain.causal_links.2.relation_type
  Field required [type=missing, input_value={'from': '合资公司中...组件上的需求。'}, input_type=dict]
    For further information visit https://errors.pydantic.dev/2.13/v/missing
reasoning_chain.causal_links.3.from_concept
  Field required [type=missing, input_value={'from': '合资公司规...）可被TCL复用。'}, input_type=dict]
    For further information visit https://errors.pydantic.dev/2.13/v/missing
reasoning_chain.causal_links.3.to_concept
  Field required [type=missing, input_value={'from': '合资公司规...）可被TCL复用。'}, input_type=dict]
    For further information visit https://errors.pydantic.dev/2.13/v/missing
reasoning_chain.causal_links.3.relation_type
  Field required [type=missing, input_value={'from': '合资公司规...）可被TCL复用。'}, input_type=dict]
    For further information visit https://errors.pydantic.dev/2.13/v/missing
reasoning_chain.reasoning_stages
  Field required [type=missing, input_value={'chain_id': 'chain_28e98...verall_confidence': 0.8}, input_type=dict]
    For further information visit https://errors.pydantic.dev/2.13/v/missing
[M3] 查询历史隐性信号失败: 13 validation errors for ImplicitSignal
reasoning_chain.causal_links.0.from_concept
  Field required [type=missing, input_value={'from': 'TCL与索尼成...务的转型方向。'}, input_type=dict]
    For further information visit https://errors.pydantic.dev/2.13/v/missing
reasoning_chain.causal_links.0.to_concept
  Field required [type=missing, input_value={'from': 'TCL与索尼成...务的转型方向。'}, input_type=dict]
    For further information visit https://errors.pydantic.dev/2.13/v/missing
reasoning_chain.causal_links.0.relation_type
  Field required [type=missing, input_value={'from': 'TCL与索尼成...务的转型方向。'}, input_type=dict]
    For further information visit https://errors.pydantic.dev/2.13/v/missing
reasoning_chain.causal_links.1.from_concept
  Field required [type=missing, input_value={'from': '合资公司整...成差异化竞争。'}, input_type=dict]
    For further information visit https://errors.pydantic.dev/2.13/v/missing
reasoning_chain.causal_links.1.to_concept
  Field required [type=missing, input_value={'from': '合资公司整...成差异化竞争。'}, input_type=dict]
    For further information visit https://errors.pydantic.dev/2.13/v/missing
reasoning_chain.causal_links.1.relation_type
  Field required [type=missing, input_value={'from': '合资公司整...成差异化竞争。'}, input_type=dict]
    For further information visit https://errors.pydantic.dev/2.13/v/missing
reasoning_chain.causal_links.2.from_concept
  Field required [type=missing, input_value={'from': '合资公司中...组件上的需求。'}, input_type=dict]
    For further information visit https://errors.pydantic.dev/2.13/v/missing
reasoning_chain.causal_links.2.to_concept
  Field required [type=missing, input_value={'from': '合资公司中...组件上的需求。'}, input_type=dict]
    For further information visit https://errors.pydantic.dev/2.13/v/missing
reasoning_chain.causal_links.2.relation_type
  Field required [type=missing, input_value={'from': '合资公司中...组件上的需求。'}, input_type=dict]
    For further information visit https://errors.pydantic.dev/2.13/v/missing
reasoning_chain.causal_links.3.from_concept
  Field required [type=missing, input_value={'from': '合资公司规...）可被TCL复用。'}, input_type=dict]
    For further information visit https://errors.pydantic.dev/2.13/v/missing
reasoning_chain.causal_links.3.to_concept
  Field required [type=missing, input_value={'from': '合资公司规...）可被TCL复用。'}, input_type=dict]
    For further information visit https://errors.pydantic.dev/2.13/v/missing
reasoning_chain.causal_links.3.relation_type
  Field required [type=missing, input_value={'from': '合资公司规...）可被TCL复用。'}, input_type=dict]
    For further information visit https://errors.pydantic.dev/2.13/v/missing
reasoning_chain.reasoning_stages
  Field required [type=missing, input_value={'chain_id': 'chain_f10b7...verall_confidence': 0.5}, input_type=dict]
    For further information visit https://errors.pydantic.dev/2.13/v/missing
[M3] 查询历史隐性信号失败: 13 validation errors for ImplicitSignal
reasoning_chain.causal_links.0.from_concept
  Field required [type=missing, input_value={'from': 'TCL与索尼成...务的转型方向。'}, input_type=dict]
    For further information visit https://errors.pydantic.dev/2.13/v/missing
reasoning_chain.causal_links.0.to_concept
  Field required [type=missing, input_value={'from': 'TCL与索尼成...务的转型方向。'}, input_type=dict]
    For further information visit https://errors.pydantic.dev/2.13/v/missing
reasoning_chain.causal_links.0.relation_type
  Field required [type=missing, input_value={'from': 'TCL与索尼成...务的转型方向。'}, input_type=dict]
    For further information visit https://errors.pydantic.dev/2.13/v/missing
reasoning_chain.causal_links.1.from_concept
  Field required [type=missing, input_value={'from': '合资公司整...成差异化竞争。'}, input_type=dict]
    For further information visit https://errors.pydantic.dev/2.13/v/missing
reasoning_chain.causal_links.1.to_concept
  Field required [type=missing, input_value={'from': '合资公司整...成差异化竞争。'}, input_type=dict]
    For further information visit https://errors.pydantic.dev/2.13/v/missing
reasoning_chain.causal_links.1.relation_type
  Field required [type=missing, input_value={'from': '合资公司整...成差异化竞争。'}, input_type=dict]
    For further information visit https://errors.pydantic.dev/2.13/v/missing
reasoning_chain.causal_links.2.from_concept
  Field required [type=missing, input_value={'from': '合资公司中...组件上的需求。'}, input_type=dict]
    For further information visit https://errors.pydantic.dev/2.13/v/missing
reasoning_chain.causal_links.2.to_concept
  Field required [type=missing, input_value={'from': '合资公司中...组件上的需求。'}, input_type=dict]
    For further information visit https://errors.pydantic.dev/2.13/v/missing
reasoning_chain.causal_links.2.relation_type
  Field required [type=missing, input_value={'from': '合资公司中...组件上的需求。'}, input_type=dict]
    For further information visit https://errors.pydantic.dev/2.13/v/missing
reasoning_chain.causal_links.3.from_concept
  Field required [type=missing, input_value={'from': '合资公司规...）可被TCL复用。'}, input_type=dict]
    For further information visit https://errors.pydantic.dev/2.13/v/missing
reasoning_chain.causal_links.3.to_concept
  Field required [type=missing, input_value={'from': '合资公司规...）可被TCL复用。'}, input_type=dict]
    For further information visit https://errors.pydantic.dev/2.13/v/missing
reasoning_chain.causal_links.3.relation_type
  Field required [type=missing, input_value={'from': '合资公司规...）可被TCL复用。'}, input_type=dict]
    For further information visit https://errors.pydantic.dev/2.13/v/missing
reasoning_chain.reasoning_stages
  Field required [type=missing, input_value={'chain_id': 'chain_f10b7...verall_confidence': 0.5}, input_type=dict]
    For further information visit https://errors.pydantic.dev/2.13/v/missing
[M3] 查询历史隐性信号失败: 13 validation errors for ImplicitSignal
reasoning_chain.causal_links.0.from_concept
  Field required [type=missing, input_value={'from': 'TCL与索尼成...务的转型方向。'}, input_type=dict]
    For further information visit https://errors.pydantic.dev/2.13/v/missing
reasoning_chain.causal_links.0.to_concept
  Field required [type=missing, input_value={'from': 'TCL与索尼成...务的转型方向。'}, input_type=dict]
    For further information visit https://errors.pydantic.dev/2.13/v/missing
reasoning_chain.causal_links.0.relation_type
  Field required [type=missing, input_value={'from': 'TCL与索尼成...务的转型方向。'}, input_type=dict]
    For further information visit https://errors.pydantic.dev/2.13/v/missing
reasoning_chain.causal_links.1.from_concept
  Field required [type=missing, input_value={'from': '合资公司整...成差异化竞争。'}, input_type=dict]
    For further information visit https://errors.pydantic.dev/2.13/v/missing
reasoning_chain.causal_links.1.to_concept
  Field required [type=missing, input_value={'from': '合资公司整...成差异化竞争。'}, input_type=dict]
    For further information visit https://errors.pydantic.dev/2.13/v/missing
reasoning_chain.causal_links.1.relation_type
  Field required [type=missing, input_value={'from': '合资公司整...成差异化竞争。'}, input_type=dict]
    For further information visit https://errors.pydantic.dev/2.13/v/missing
reasoning_chain.causal_links.2.from_concept
  Field required [type=missing, input_value={'from': '合资公司中...组件上的需求。'}, input_type=dict]
    For further information visit https://errors.pydantic.dev/2.13/v/missing
reasoning_chain.causal_links.2.to_concept
  Field required [type=missing, input_value={'from': '合资公司中...组件上的需求。'}, input_type=dict]
    For further information visit https://errors.pydantic.dev/2.13/v/missing
reasoning_chain.causal_links.2.relation_type
  Field required [type=missing, input_value={'from': '合资公司中...组件上的需求。'}, input_type=dict]
    For further information visit https://errors.pydantic.dev/2.13/v/missing
reasoning_chain.causal_links.3.from_concept
  Field required [type=missing, input_value={'from': '合资公司规...）可被TCL复用。'}, input_type=dict]
    For further information visit https://errors.pydantic.dev/2.13/v/missing
reasoning_chain.causal_links.3.to_concept
  Field required [type=missing, input_value={'from': '合资公司规...）可被TCL复用。'}, input_type=dict]
    For further information visit https://errors.pydantic.dev/2.13/v/missing
reasoning_chain.causal_links.3.relation_type
  Field required [type=missing, input_value={'from': '合资公司规...）可被TCL复用。'}, input_type=dict]
    For further information visit https://errors.pydantic.dev/2.13/v/missing
reasoning_chain.reasoning_stages
  Field required [type=missing, input_value={'chain_id': 'chain_8433f...verall_confidence': 0.4}, input_type=dict]
    For further information visit https://errors.pydantic.dev/2.13/v/missing
[M3] 查询历史隐性信号失败: 13 validation errors for ImplicitSignal
reasoning_chain.causal_links.0.from_concept
  Field required [type=missing, input_value={'from': 'TCL与索尼成...务的转型方向。'}, input_type=dict]
    For further information visit https://errors.pydantic.dev/2.13/v/missing
reasoning_chain.causal_links.0.to_concept
  Field required [type=missing, input_value={'from': 'TCL与索尼成...务的转型方向。'}, input_type=dict]
    For further information visit https://errors.pydantic.dev/2.13/v/missing
reasoning_chain.causal_links.0.relation_type
  Field required [type=missing, input_value={'from': 'TCL与索尼成...务的转型方向。'}, input_type=dict]
    For further information visit https://errors.pydantic.dev/2.13/v/missing
reasoning_chain.causal_links.1.from_concept
  Field required [type=missing, input_value={'from': '合资公司整...成差异化竞争。'}, input_type=dict]
    For further information visit https://errors.pydantic.dev/2.13/v/missing
reasoning_chain.causal_links.1.to_concept
  Field required [type=missing, input_value={'from': '合资公司整...成差异化竞争。'}, input_type=dict]
    For further information visit https://errors.pydantic.dev/2.13/v/missing
reasoning_chain.causal_links.1.relation_type
  Field required [type=missing, input_value={'from': '合资公司整...成差异化竞争。'}, input_type=dict]
    For further information visit https://errors.pydantic.dev/2.13/v/missing
reasoning_chain.causal_links.2.from_concept
  Field required [type=missing, input_value={'from': '合资公司中...组件上的需求。'}, input_type=dict]
    For further information visit https://errors.pydantic.dev/2.13/v/missing
reasoning_chain.causal_links.2.to_concept
  Field required [type=missing, input_value={'from': '合资公司中...组件上的需求。'}, input_type=dict]
    For further information visit https://errors.pydantic.dev/2.13/v/missing
reasoning_chain.causal_links.2.relation_type
  Field required [type=missing, input_value={'from': '合资公司中...组件上的需求。'}, input_type=dict]
    For further information visit https://errors.pydantic.dev/2.13/v/missing
reasoning_chain.causal_links.3.from_concept
  Field required [type=missing, input_value={'from': '合资公司规...）可被TCL复用。'}, input_type=dict]
    For further information visit https://errors.pydantic.dev/2.13/v/missing
reasoning_chain.causal_links.3.to_concept
  Field required [type=missing, input_value={'from': '合资公司规...）可被TCL复用。'}, input_type=dict]
    For further information visit https://errors.pydantic.dev/2.13/v/missing
reasoning_chain.causal_links.3.relation_type
  Field required [type=missing, input_value={'from': '合资公司规...）可被TCL复用。'}, input_type=dict]
    For further information visit https://errors.pydantic.dev/2.13/v/missing
reasoning_chain.reasoning_stages
  Field required [type=missing, input_value={'chain_id': 'chain_8433f...verall_confidence': 0.4}, input_type=dict]
    For further information visit https://errors.pydantic.dev/2.13/v/missing
[M3 Step A] LLM 调用失败: 'OpenAIClient' object has no attribute 'chat_completion'

    未识别到信号

  [19/20] 摩尔线程完成DeepSeek-V4全链路工程化适配...
    识别到 3 个信号
    - 国产GPU芯片: 摩尔线程适配DeepSeek-V4证明国产GPU已具备主流大模型推理能力，将提振...
      置信度: 0.849 -> 0.849 (+0.000)
      标的: 688256.SH, 300661.SZ
    - AI服务器与算力系统集成: 国产GPU+DeepSeek组合将催生新的国产AI服务器需求，浪潮信息、中科曙光...
      置信度: 0.849 -> 0.849 (+0.000)
      标的: 000977.SZ, 603019.SH
    - AI应用/模型服务: DeepSeek-V4作为开源模型，其国产化推理部署成本降低将利好使用该模型的应...
      置信度: 0.849 -> 0.849 (+0.000)
      标的: 300418.SZ, 688111.SH

  [20/20] TCL李东生拜访索尼集团：合资公司已就中长期战略方向形成初步规划...
    识别到 3 个信号
    - 电视/显示面板: TCL电子将直接受益于合资公司带来的出货量增长和品牌溢价，华星光电作为面板供应商...
      置信度: 0.723 -> 0.723 (+0.000)
      标的: TCL电子 (1070.HK), 华星光电（TCL科技 000100.SZ）
    - 消费电子代工/供应链: 若合资公司扩大产能，可能将部分中低端型号外包给专业代工厂，兆驰股份等电视ODM厂...
      置信度: 0.723 -> 0.723 (+0.000)
      标的: 兆驰股份 (002429.SZ), 深康佳A (000016.SZ)
    - 半导体显示材料/设备: 面板需求增长将带动偏光片、驱动IC等上游材料需求，但京东方与TCL/索尼存在直接...
      置信度: 0.723 -> 0.723 (+0.000)
      标的: 三利谱 (002876.SZ), 京东方A (000725.SZ)

[推理] 共生成 61 个隐性信号


[M2存储] 保存 122 个隐性信号到数据库...
[M2存储] 成功保存 122/122 个信号

[M3判断] 开始评估 122 个隐性信号...
[M3判断] 识别出 0/0 个高质量机会

[警告] 无高质量机会，跳过行动设计和交易
[报告] 已保存到 live_validation/report_2026-05-01.json

================================================================================
每日信号摘要 - 2026-05-01
================================================================================
新闻数量: 20
信号数量: 61
高置信度信号(>=0.7): 43

信号类型分布:
  - social_trend: 30
  - policy_driven: 17
  - demand_shifts: 4
  - tech_breakthrough: 7
  - diplomatic_event: 3

产业板块分布:
  - 机器人核心零部件: 2
  - 汽车金融/消费信贷: 1
  - 新能源汽车零部件（轻量化/智能化）: 1
  - 二手车交易平台: 1
  - 印度本土科技公司（应用商店、支付）: 1
  - 全球反垄断法律与合规服务: 1
  - 印度移动应用开发者工具（跨平台开发）: 1
  - 社交媒体/内容平台: 1
  - 财经媒体/数据服务: 1
  - 内容合规与舆情管理: 1
  - 广告营销: 1
  - 石油石化: 1
  - 黄金珠宝零售: 1
  - 食品加工: 1
  - 医药诊断: 1
  - 银行（高股息代表）: 1
  - 红利ETF及指数基金: 1
  - 能源与公用事业: 1
  - 券商（财富管理及衍生品）: 1
  - 影院及院线: 1
  - 影视制作与发行: 1
  - 在线票务平台: 1
  - 具身智能机器人整机及系统集成: 1
  - 工业软件与AI芯片: 1
  - 铁路客运服务: 1
  - 铁路信息化与智能调度: 1
  - 旅游目的地消费: 1
  - 汽车整车制造: 1
  - 动力电池: 1
  - 汽车电子/智能驾驶: 1
  - 汽车后市场（轮胎）: 1
  - 整车制造（华为智选车合作方）: 1
  - 华为汽车电子供应商: 1
  - 功率半导体（SiC/IGBT）: 1
  - 智能驾驶软件与测试服务: 1
  - 新能源汽车供应链（电池/材料）: 1
  - 汽车零部件（智能驾驶/座舱）: 1
  - 东风集团产业链（港股/关联公司）: 1
  - 换电站设备与运营: 1
  - 动力电池供应商（尤其LFP电池）: 1
  - 汽车铝合金及轻量化材料: 1
  - 充电桩及换电设备制造: 1
  - 传感器与执行器: 1
  - AI芯片与边缘计算: 1
  - 人形机器人研发/集成企业: 1
  - 游戏研发与发行（A股/港股）: 1
  - 游戏产业链上游（美术/动捕/音频外包）: 1
  - 游戏硬件（PC/主机/外设）: 1
  - 动力电池制造（二线厂商）: 1
  - 新能源汽车整车制造（低依赖宁德时代车企）: 1
  - 电池回收及检测服务: 1
  - 影院运营: 1
  - 电影制作与发行: 1
  - 在线票务与宣发平台: 1
  - 国产GPU芯片: 1
  - AI服务器与算力系统集成: 1
  - AI应用/模型服务: 1
  - 电视/显示面板: 1
  - 消费电子代工/供应链: 1
  - 半导体显示材料/设备: 1

高置信度信号详情:

  [1] 摩尔线程适配DeepSeek-V4证明国产GPU已具备主流大模型推理能力，将提振市场对国产GPU替代前景的信心，利好已上...
      来源: 36氪 - 摩尔线程完成DeepSeek-V4全链路工程化适配...
      板块: 国产GPU芯片
      置信度: 0.849
      标的: 688256.SH, 300661.SZ
      时间框架: short_term

  [2] 国产GPU+DeepSeek组合将催生新的国产AI服务器需求，浪潮信息、中科曙光等服务器厂商可推出基于摩尔线程的国产AI...
      来源: 36氪 - 摩尔线程完成DeepSeek-V4全链路工程化适配...
      板块: AI服务器与算力系统集成
      置信度: 0.849
      标的: 000977.SZ, 603019.SH
      时间框架: short_term

  [3] DeepSeek-V4作为开源模型，其国产化推理部署成本降低将利好使用该模型的应用开发商，如昆仑万维（布局AI社交/游戏...
      来源: 36氪 - 摩尔线程完成DeepSeek-V4全链路工程化适配...
      板块: AI应用/模型服务
      置信度: 0.849
      标的: 300418.SZ, 688111.SH
      时间框架: short_term

  [4] 铁路客运高峰直接提升铁路上市公司（如京沪高铁）的票务收入，同时铁路物流（如铁龙物流）可能受益于假期物资调运需求。...
      来源: 36氪 - 今日铁路运输迎高峰，预计97万人次出京...
      板块: 铁路客运服务
      置信度: 0.809
      标的: 601816.SH, 600125.SH
      时间框架: immediate

  [5] 假期高负荷运行暴露调度瓶颈，推动铁路部门加速采购智能调度系统、信号监测设备。...
      来源: 36氪 - 今日铁路运输迎高峰，预计97万人次出京...
      板块: 铁路信息化与智能调度
      置信度: 0.809
      标的: 688568.SH, 300150.SZ
      时间框架: immediate
================================================================================

