╭──────────────────────────────────────────────────────────────────────────────╮
│ M7 调度器启动                                                                │
│ 任务数: 14 | tick: 30s                                                       │
│ Ctrl+C 停止                                                                  │
╰──────────────────────────────────────────────────────────────────────────────╯
                                   已注册任务                                   
                                                                                
  任务名                     间隔   时段          状态   描述                   
 ━━━━━━━━━━━━━━━━━━━━━━━━━━━━━━━━━━━━━━━━━━━━━━━━━━━━━━━━━━━━━━━━━━━━━━━━━━━━━━ 
  signal_pipeline           30min   全天          启用   M0收集→M1解码→M2存储…  
                                                         data/incomin           
  price_update              10min   09:25~15:05   启用   M9模拟仓价格更新（盘…  
  daily_review            1440min   15:30~23:59   启用   M6收盘复盘归因→M8写 …  
  news_collect              15min   全天          启用   M0                     
                                                         AKShare新闻拉取（东 …  
  sentiment_collect         30min   09:00~22:00   启用   M10情绪采集：恐贪指 …  
                                                         → 写入 SQLite + 注入   
  m12_a_share_scan          10min   09:30~15:00   启用   M12                    
                                                         A股轨道：全景价格扫 …  
  m12_hk_scan               10min   09:30~16:00   启用   M12                    
                                                         港股轨道：全景价格扫…  
  m12_us_scan               10min   21:30~04:00   启用   M12                    
                                                         美股轨道：全景价格扫…  
  m12_premarket_a_share   1440min   09:00~09:00   启用   M12                    
                                                         A股盘前扫描：隔夜信 …  
  m12_premarket_hk        1440min   09:00~09:00   启用   M12                    
                                                         港股盘前扫描：隔夜信…  
  m12_premarket_us        1440min   21:00~21:00   启用   M12                    
                                                         美股盘前扫描：隔夜信…  
  m12_postmarket_a_sha…   1440min   15:30~15:30   启用   M12                    
                                                         A股盘后扫描：全量价 …  
  m12_postmarket_hk       1440min   16:30~16:30   启用   M12                    
                                                         港股盘后扫描：全量价…  
  m12_postmarket_us       1440min   05:00~05:00   启用   M12                    
                                                         美股盘后扫描：全量价…  
                                                                                
  0%|          | 0/11 [00:00<?, ?it/s]  9%|▉         | 1/11 [00:00<00:02,  4.28it/s] 18%|█▊        | 2/11 [00:00<00:02,  4.43it/s] 27%|██▋       | 3/11 [00:00<00:01,  4.63it/s] 36%|███▋      | 4/11 [00:00<00:01,  4.86it/s] 45%|████▌     | 5/11 [00:01<00:01,  4.62it/s] 55%|█████▍    | 6/11 [00:01<00:01,  4.66it/s] 64%|██████▎   | 7/11 [00:01<00:01,  3.51it/s] 73%|███████▎  | 8/11 [00:01<00:00,  3.79it/s] 82%|████████▏ | 9/11 [00:02<00:00,  3.32it/s] 91%|█████████ | 10/11 [00:02<00:00,  3.79it/s]100%|██████████| 11/11 [00:02<00:00,  3.01it/s]                                               [AKShareNewsProvider] 东方财富新闻获取失败: Invalid regular expression: invalid escape sequence: \u
[AKShareNewsProvider] 财联社快讯获取失败: module 'akshare' has no attribute 'stock_zh_a_alerts_cls'
2026-05-04 12:34:33,218 | 1347762 | 140259607924864 | [open_context_base.py:410] _init_connect_sync: New connect ready: conn=7456924204129846687(1) context=<futu.quote.open_quote_context.OpenQuoteContext object at 0x7f9057a1ac00>
2026-05-04 12:34:47,699 | 1347762 | 140257915287232 | [open_context_base.py:518] on_disconnect: Disconnected: conn=0(1) reason=CallClose
[YFinanceFeed] realtime failed 0001.HK: Too Many Requests. Rate limited. Try after a while.
[YFinanceFeed] realtime failed 0002.HK: Too Many Requests. Rate limited. Try after a while.
[YFinanceFeed] realtime failed 0003.HK: Too Many Requests. Rate limited. Try after a while.
[YFinanceFeed] realtime failed 0004.HK: Too Many Requests. Rate limited. Try after a while.
[YFinanceFeed] realtime failed 0005.HK: Too Many Requests. Rate limited. Try after a while.
[YFinanceFeed] realtime failed 0006.HK: Too Many Requests. Rate limited. Try after a while.
[YFinanceFeed] realtime failed 0008.HK: Too Many Requests. Rate limited. Try after a while.
[YFinanceFeed] realtime failed 0010.HK: Too Many Requests. Rate limited. Try after a while.
[YFinanceFeed] realtime failed 0012.HK: Too Many Requests. Rate limited. Try after a while.
[YFinanceFeed] realtime failed 0013.HK: Too Many Requests. Rate limited. Try after a while.
[YFinanceFeed] realtime failed 0014.HK: Too Many Requests. Rate limited. Try after a while.
[YFinanceFeed] realtime failed 0016.HK: Too Many Requests. Rate limited. Try after a while.
[YFinanceFeed] realtime failed 0017.HK: Too Many Requests. Rate limited. Try after a while.
[YFinanceFeed] realtime failed 0018.HK: Too Many Requests. Rate limited. Try after a while.
[YFinanceFeed] realtime failed 0019.HK: Too Many Requests. Rate limited. Try after a while.
[YFinanceFeed] realtime failed 0020.HK: Too Many Requests. Rate limited. Try after a while.
[YFinanceFeed] realtime failed 0021.HK: Too Many Requests. Rate limited. Try after a while.
[YFinanceFeed] realtime failed 0022.HK: Too Many Requests. Rate limited. Try after a while.
[YFinanceFeed] realtime failed 0023.HK: Too Many Requests. Rate limited. Try after a while.
[YFinanceFeed] realtime failed 0027.HK: Too Many Requests. Rate limited. Try after a while.
[YFinanceFeed] realtime failed 0031.HK: Too Many Requests. Rate limited. Try after a while.
[YFinanceFeed] realtime failed 0034.HK: Too Many Requests. Rate limited. Try after a while.
[YFinanceFeed] realtime failed 0035.HK: Too Many Requests. Rate limited. Try after a while.
[YFinanceFeed] realtime failed 0038.HK: Too Many Requests. Rate limited. Try after a while.
[YFinanceFeed] realtime failed 0041.HK: Too Many Requests. Rate limited. Try after a while.
[YFinanceFeed] realtime failed 0042.HK: Too Many Requests. Rate limited. Try after a while.
[YFinanceFeed] realtime failed 0045.HK: Too Many Requests. Rate limited. Try after a while.
[YFinanceFeed] realtime failed 0062.HK: Too Many Requests. Rate limited. Try after a while.
[YFinanceFeed] realtime failed 0066.HK: Too Many Requests. Rate limited. Try after a while.
[YFinanceFeed] realtime failed 0068.HK: Too Many Requests. Rate limited. Try after a while.
[YFinanceFeed] realtime failed 0069.HK: Too Many Requests. Rate limited. Try after a while.
[YFinanceFeed] realtime failed 0076.HK: Too Many Requests. Rate limited. Try after a while.
[YFinanceFeed] realtime failed 0080.HK: Too Many Requests. Rate limited. Try after a while.
[YFinanceFeed] realtime failed 0081.HK: Too Many Requests. Rate limited. Try after a while.
[YFinanceFeed] realtime failed 0082.HK: Too Many Requests. Rate limited. Try after a while.
[YFinanceFeed] realtime failed 0083.HK: Too Many Requests. Rate limited. Try after a while.
[YFinanceFeed] realtime failed 0085.HK: Too Many Requests. Rate limited. Try after a while.
[YFinanceFeed] realtime failed 0086.HK: Too Many Requests. Rate limited. Try after a while.
[YFinanceFeed] realtime failed 0087.HK: Too Many Requests. Rate limited. Try after a while.
[YFinanceFeed] realtime failed 0095.HK: Too Many Requests. Rate limited. Try after a while.
[YFinanceFeed] realtime failed 0097.HK: Too Many Requests. Rate limited. Try after a while.
[YFinanceFeed] realtime failed 0100.HK: Too Many Requests. Rate limited. Try after a while.
[YFinanceFeed] realtime failed 0101.HK: Too Many Requests. Rate limited. Try after a while.
[YFinanceFeed] realtime failed 0103.HK: Too Many Requests. Rate limited. Try after a while.
[YFinanceFeed] realtime failed 0107.HK: Too Many Requests. Rate limited. Try after a while.
[YFinanceFeed] realtime failed 0108.HK: Too Many Requests. Rate limited. Try after a while.
[YFinanceFeed] realtime failed 0111.HK: Too Many Requests. Rate limited. Try after a while.
[YFinanceFeed] realtime failed 0116.HK: Too Many Requests. Rate limited. Try after a while.
[YFinanceFeed] realtime failed 0117.HK: Too Many Requests. Rate limited. Try after a while.
[YFinanceFeed] realtime failed 0119.HK: Too Many Requests. Rate limited. Try after a while.
[YFinanceFeed] realtime failed 0120.HK: Too Many Requests. Rate limited. Try after a while.
[YFinanceFeed] realtime failed 0123.HK: Too Many Requests. Rate limited. Try after a while.
[YFinanceFeed] realtime failed 0124.HK: Too Many Requests. Rate limited. Try after a while.
[YFinanceFeed] realtime failed 0130.HK: Too Many Requests. Rate limited. Try after a while.
[YFinanceFeed] realtime failed 0131.HK: Too Many Requests. Rate limited. Try after a while.
[YFinanceFeed] realtime failed 0133.HK: Too Many Requests. Rate limited. Try after a while.
[YFinanceFeed] realtime failed 0135.HK: Too Many Requests. Rate limited. Try after a while.
[YFinanceFeed] realtime failed 0136.HK: Too Many Requests. Rate limited. Try after a while.
[YFinanceFeed] realtime failed 0139.HK: Too Many Requests. Rate limited. Try after a while.
[YFinanceFeed] realtime failed 0142.HK: Too Many Requests. Rate limited. Try after a while.
[YFinanceFeed] realtime failed 0144.HK: Too Many Requests. Rate limited. Try after a while.
[YFinanceFeed] realtime failed 0145.HK: Too Many Requests. Rate limited. Try after a while.
[YFinanceFeed] realtime failed 0146.HK: Too Many Requests. Rate limited. Try after a while.
[YFinanceFeed] realtime failed 0147.HK: Too Many Requests. Rate limited. Try after a while.
[YFinanceFeed] realtime failed 0148.HK: Too Many Requests. Rate limited. Try after a while.
[YFinanceFeed] realtime failed 0150.HK: Too Many Requests. Rate limited. Try after a while.
[YFinanceFeed] realtime failed 0151.HK: Too Many Requests. Rate limited. Try after a while.
[YFinanceFeed] realtime failed 0152.HK: Too Many Requests. Rate limited. Try after a while.
[YFinanceFeed] realtime failed 0154.HK: Too Many Requests. Rate limited. Try after a while.
[YFinanceFeed] realtime failed 0164.HK: Too Many Requests. Rate limited. Try after a while.
[YFinanceFeed] realtime failed 0165.HK: Too Many Requests. Rate limited. Try after a while.
[YFinanceFeed] realtime failed 0168.HK: Too Many Requests. Rate limited. Try after a while.
[YFinanceFeed] realtime failed 0169.HK: Too Many Requests. Rate limited. Try after a while.
[YFinanceFeed] realtime failed 0171.HK: Too Many Requests. Rate limited. Try after a while.
[YFinanceFeed] realtime failed 0173.HK: Too Many Requests. Rate limited. Try after a while.
[YFinanceFeed] realtime failed 0175.HK: Too Many Requests. Rate limited. Try after a while.
[YFinanceFeed] realtime failed 0177.HK: Too Many Requests. Rate limited. Try after a while.
[YFinanceFeed] realtime failed 0178.HK: Too Many Requests. Rate limited. Try after a while.
[YFinanceFeed] realtime failed 0179.HK: Too Many Requests. Rate limited. Try after a while.
[YFinanceFeed] realtime failed 0182.HK: Too Many Requests. Rate limited. Try after a while.
[YFinanceFeed] realtime failed 0189.HK: Too Many Requests. Rate limited. Try after a while.
[YFinanceFeed] realtime failed 0193.HK: Too Many Requests. Rate limited. Try after a while.
[YFinanceFeed] realtime failed 0196.HK: Too Many Requests. Rate limited. Try after a while.
[YFinanceFeed] realtime failed 0199.HK: Too Many Requests. Rate limited. Try after a while.
[YFinanceFeed] realtime failed 0200.HK: Too Many Requests. Rate limited. Try after a while.
[YFinanceFeed] realtime failed 0204.HK: Too Many Requests. Rate limited. Try after a while.
[YFinanceFeed] realtime failed 0206.HK: Too Many Requests. Rate limited. Try after a while.
[YFinanceFeed] realtime failed 0209.HK: Too Many Requests. Rate limited. Try after a while.
[YFinanceFeed] realtime failed 0210.HK: Too Many Requests. Rate limited. Try after a while.
[YFinanceFeed] realtime failed 0215.HK: Too Many Requests. Rate limited. Try after a while.
[YFinanceFeed] realtime failed 0218.HK: Too Many Requests. Rate limited. Try after a while.
[YFinanceFeed] realtime failed 0220.HK: Too Many Requests. Rate limited. Try after a while.
[YFinanceFeed] realtime failed 0223.HK: Too Many Requests. Rate limited. Try after a while.
[YFinanceFeed] realtime failed 0227.HK: Too Many Requests. Rate limited. Try after a while.
[YFinanceFeed] realtime failed 0229.HK: Too Many Requests. Rate limited. Try after a while.
[YFinanceFeed] realtime failed 0232.HK: Too Many Requests. Rate limited. Try after a while.
[YFinanceFeed] realtime failed 0234.HK: Too Many Requests. Rate limited. Try after a while.
[YFinanceFeed] realtime failed 0235.HK: Too Many Requests. Rate limited. Try after a while.
[YFinanceFeed] realtime failed 0240.HK: Too Many Requests. Rate limited. Try after a while.
[YFinanceFeed] realtime failed 0241.HK: Too Many Requests. Rate limited. Try after a while.
[YFinanceFeed] realtime failed 0242.HK: Too Many Requests. Rate limited. Try after a while.
[YFinanceFeed] realtime failed 0256.HK: Too Many Requests. Rate limited. Try after a while.
[YFinanceFeed] realtime failed 0257.HK: Too Many Requests. Rate limited. Try after a while.
[YFinanceFeed] realtime failed 0258.HK: Too Many Requests. Rate limited. Try after a while.
[YFinanceFeed] realtime failed 0259.HK: Too Many Requests. Rate limited. Try after a while.
[YFinanceFeed] realtime failed 0261.HK: Too Many Requests. Rate limited. Try after a while.
[YFinanceFeed] realtime failed 0262.HK: Too Many Requests. Rate limited. Try after a while.
[YFinanceFeed] realtime failed 0264.HK: Too Many Requests. Rate limited. Try after a while.
[YFinanceFeed] realtime failed 0267.HK: Too Many Requests. Rate limited. Try after a while.
[YFinanceFeed] realtime failed 0268.HK: Too Many Requests. Rate limited. Try after a while.
[YFinanceFeed] realtime failed 0269.HK: Too Many Requests. Rate limited. Try after a while.
[YFinanceFeed] realtime failed 0270.HK: Too Many Requests. Rate limited. Try after a while.
[YFinanceFeed] realtime failed 0272.HK: Too Many Requests. Rate limited. Try after a while.
[YFinanceFeed] realtime failed 0276.HK: Too Many Requests. Rate limited. Try after a while.
[YFinanceFeed] realtime failed 0279.HK: Too Many Requests. Rate limited. Try after a while.
[YFinanceFeed] realtime failed 0285.HK: Too Many Requests. Rate limited. Try after a while.
[YFinanceFeed] realtime failed 0288.HK: Too Many Requests. Rate limited. Try after a while.
[YFinanceFeed] realtime failed 0290.HK: Too Many Requests. Rate limited. Try after a while.
[YFinanceFeed] realtime failed 0291.HK: Too Many Requests. Rate limited. Try after a while.
[YFinanceFeed] realtime failed 0293.HK: Too Many Requests. Rate limited. Try after a while.
[YFinanceFeed] realtime failed 0297.HK: Too Many Requests. Rate limited. Try after a while.
[YFinanceFeed] realtime failed 0300.HK: Too Many Requests. Rate limited. Try after a while.
[YFinanceFeed] realtime failed 0302.HK: Too Many Requests. Rate limited. Try after a while.
[YFinanceFeed] realtime failed 0303.HK: Too Many Requests. Rate limited. Try after a while.
[YFinanceFeed] realtime failed 0305.HK: Too Many Requests. Rate limited. Try after a while.
[YFinanceFeed] realtime failed 0308.HK: Too Many Requests. Rate limited. Try after a while.
[YFinanceFeed] realtime failed 0315.HK: Too Many Requests. Rate limited. Try after a while.
[YFinanceFeed] realtime failed 0316.HK: Too Many Requests. Rate limited. Try after a while.
[YFinanceFeed] realtime failed 0317.HK: Too Many Requests. Rate limited. Try after a while.
[YFinanceFeed] realtime failed 0318.HK: Too Many Requests. Rate limited. Try after a while.
[YFinanceFeed] realtime failed 0321.HK: Too Many Requests. Rate limited. Try after a while.
[YFinanceFeed] realtime failed 0322.HK: Too Many Requests. Rate limited. Try after a while.
[YFinanceFeed] realtime failed 0323.HK: Too Many Requests. Rate limited. Try after a while.
[YFinanceFeed] realtime failed 0326.HK: Too Many Requests. Rate limited. Try after a while.
[YFinanceFeed] realtime failed 0327.HK: Too Many Requests. Rate limited. Try after a while.
[YFinanceFeed] realtime failed 0329.HK: Too Many Requests. Rate limited. Try after a while.
[YFinanceFeed] realtime failed 0332.HK: Too Many Requests. Rate limited. Try after a while.
[YFinanceFeed] realtime failed 0334.HK: Too Many Requests. Rate limited. Try after a while.
[YFinanceFeed] realtime failed 0336.HK: Too Many Requests. Rate limited. Try after a while.
[YFinanceFeed] realtime failed 0337.HK: Too Many Requests. Rate limited. Try after a while.
[YFinanceFeed] realtime failed 0338.HK: Too Many Requests. Rate limited. Try after a while.
[YFinanceFeed] realtime failed 0340.HK: Too Many Requests. Rate limited. Try after a while.
[YFinanceFeed] realtime failed 0341.HK: Too Many Requests. Rate limited. Try after a while.
[YFinanceFeed] realtime failed 0343.HK: Too Many Requests. Rate limited. Try after a while.
[YFinanceFeed] realtime failed 0345.HK: Too Many Requests. Rate limited. Try after a while.
[YFinanceFeed] realtime failed 0346.HK: Too Many Requests. Rate limited. Try after a while.
[YFinanceFeed] realtime failed 0347.HK: Too Many Requests. Rate limited. Try after a while.
[YFinanceFeed] realtime failed 0353.HK: Too Many Requests. Rate limited. Try after a while.
[YFinanceFeed] realtime failed 0354.HK: Too Many Requests. Rate limited. Try after a while.
[YFinanceFeed] realtime failed 0355.HK: Too Many Requests. Rate limited. Try after a while.
[YFinanceFeed] realtime failed 0356.HK: Too Many Requests. Rate limited. Try after a while.
[YFinanceFeed] realtime failed 0357.HK: Too Many Requests. Rate limited. Try after a while.
[YFinanceFeed] realtime failed 0358.HK: Too Many Requests. Rate limited. Try after a while.
[YFinanceFeed] realtime failed 0360.HK: Too Many Requests. Rate limited. Try after a while.
[YFinanceFeed] realtime failed 0361.HK: Too Many Requests. Rate limited. Try after a while.
[YFinanceFeed] realtime failed 0363.HK: Too Many Requests. Rate limited. Try after a while.
[YFinanceFeed] realtime failed 0365.HK: Too Many Requests. Rate limited. Try after a while.
[YFinanceFeed] realtime failed 0368.HK: Too Many Requests. Rate limited. Try after a while.
[YFinanceFeed] realtime failed 0370.HK: Too Many Requests. Rate limited. Try after a while.
[YFinanceFeed] realtime failed 0371.HK: Too Many Requests. Rate limited. Try after a while.
[YFinanceFeed] realtime failed 0373.HK: Too Many Requests. Rate limited. Try after a while.
[YFinanceFeed] realtime failed 0376.HK: Too Many Requests. Rate limited. Try after a while.
[YFinanceFeed] realtime failed 0379.HK: Too Many Requests. Rate limited. Try after a while.
[YFinanceFeed] realtime failed 0380.HK: Too Many Requests. Rate limited. Try after a while.
[YFinanceFeed] realtime failed 0381.HK: Too Many Requests. Rate limited. Try after a while.
[YFinanceFeed] realtime failed 0382.HK: Too Many Requests. Rate limited. Try after a while.
[YFinanceFeed] realtime failed 0384.HK: Too Many Requests. Rate limited. Try after a while.
[YFinanceFeed] realtime failed 0386.HK: Too Many Requests. Rate limited. Try after a while.
[YFinanceFeed] realtime failed 0388.HK: Too Many Requests. Rate limited. Try after a while.
[YFinanceFeed] realtime failed 0390.HK: Too Many Requests. Rate limited. Try after a while.
[YFinanceFeed] realtime failed 0391.HK: Too Many Requests. Rate limited. Try after a while.
[YFinanceFeed] realtime failed 0392.HK: Too Many Requests. Rate limited. Try after a while.
[YFinanceFeed] realtime failed 0396.HK: Too Many Requests. Rate limited. Try after a while.
[YFinanceFeed] realtime failed 0397.HK: Too Many Requests. Rate limited. Try after a while.
[YFinanceFeed] realtime failed 0398.HK: Too Many Requests. Rate limited. Try after a while.
[YFinanceFeed] realtime failed 0399.HK: Too Many Requests. Rate limited. Try after a while.
[YFinanceFeed] realtime failed 0400.HK: Too Many Requests. Rate limited. Try after a while.
[YFinanceFeed] realtime failed 0410.HK: Too Many Requests. Rate limited. Try after a while.
[YFinanceFeed] realtime failed 0412.HK: Too Many Requests. Rate limited. Try after a while.
[YFinanceFeed] realtime failed 0419.HK: Too Many Requests. Rate limited. Try after a while.
[YFinanceFeed] realtime failed 0422.HK: Too Many Requests. Rate limited. Try after a while.
[YFinanceFeed] realtime failed 0423.HK: Too Many Requests. Rate limited. Try after a while.
[YFinanceFeed] realtime failed 0425.HK: Too Many Requests. Rate limited. Try after a while.
[YFinanceFeed] realtime failed 0432.HK: Too Many Requests. Rate limited. Try after a while.
[YFinanceFeed] realtime failed 0433.HK: Too Many Requests. Rate limited. Try after a while.
[YFinanceFeed] realtime failed 0434.HK: Too Many Requests. Rate limited. Try after a while.
[YFinanceFeed] realtime failed 0436.HK: Too Many Requests. Rate limited. Try after a while.
[YFinanceFeed] realtime failed 0451.HK: Too Many Requests. Rate limited. Try after a while.
[YFinanceFeed] realtime failed 0460.HK: Too Many Requests. Rate limited. Try after a while.
[YFinanceFeed] realtime failed 0464.HK: Too Many Requests. Rate limited. Try after a while.
[YFinanceFeed] realtime failed 0465.HK: Too Many Requests. Rate limited. Try after a while.
[YFinanceFeed] realtime failed 0467.HK: Too Many Requests. Rate limited. Try after a while.
[YFinanceFeed] realtime failed 0470.HK: Too Many Requests. Rate limited. Try after a while.
[YFinanceFeed] realtime failed 0471.HK: Too Many Requests. Rate limited. Try after a while.
[YFinanceFeed] realtime failed 0472.HK: Too Many Requests. Rate limited. Try after a while.
[YFinanceFeed] realtime failed 0486.HK: Too Many Requests. Rate limited. Try after a while.
[YFinanceFeed] realtime failed 0491.HK: Too Many Requests. Rate limited. Try after a while.
[YFinanceFeed] realtime failed 0493.HK: Too Many Requests. Rate limited. Try after a while.
[YFinanceFeed] realtime failed 0500.HK: Too Many Requests. Rate limited. Try after a while.
[YFinanceFeed] realtime failed 0501.HK: Too Many Requests. Rate limited. Try after a while.
[YFinanceFeed] realtime failed 0506.HK: Too Many Requests. Rate limited. Try after a while.
[YFinanceFeed] realtime failed 0508.HK: Too Many Requests. Rate limited. Try after a while.
[YFinanceFeed] realtime failed 0511.HK: Too Many Requests. Rate limited. Try after a while.
[YFinanceFeed] realtime failed 0512.HK: Too Many Requests. Rate limited. Try after a while.
[YFinanceFeed] realtime failed 0517.HK: Too Many Requests. Rate limited. Try after a while.
[YFinanceFeed] realtime failed 0519.HK: Too Many Requests. Rate limited. Try after a while.
[YFinanceFeed] realtime failed 0520.HK: Too Many Requests. Rate limited. Try after a while.
[YFinanceFeed] realtime failed 0521.HK: Too Many Requests. Rate limited. Try after a while.
[YFinanceFeed] realtime failed 0522.HK: Too Many Requests. Rate limited. Try after a while.
[YFinanceFeed] realtime failed 0524.HK: Too Many Requests. Rate limited. Try after a while.
[YFinanceFeed] realtime failed 0525.HK: Too Many Requests. Rate limited. Try after a while.
[YFinanceFeed] realtime failed 0526.HK: Too Many Requests. Rate limited. Try after a while.
[YFinanceFeed] realtime failed 0527.HK: Too Many Requests. Rate limited. Try after a while.
[YFinanceFeed] realtime failed 0532.HK: Too Many Requests. Rate limited. Try after a while.
[YFinanceFeed] realtime failed 0535.HK: Too Many Requests. Rate limited. Try after a while.
[YFinanceFeed] realtime failed 0536.HK: Too Many Requests. Rate limited. Try after a while.
[YFinanceFeed] realtime failed 0538.HK: Too Many Requests. Rate limited. Try after a while.
[YFinanceFeed] realtime failed 0542.HK: Too Many Requests. Rate limited. Try after a while.
[YFinanceFeed] realtime failed 0546.HK: Too Many Requests. Rate limited. Try after a while.
[YFinanceFeed] realtime failed 0547.HK: Too Many Requests. Rate limited. Try after a while.
[YFinanceFeed] realtime failed 0550.HK: Too Many Requests. Rate limited. Try after a while.
[YFinanceFeed] realtime failed 0551.HK: Too Many Requests. Rate limited. Try after a while.
[YFinanceFeed] realtime failed 0552.HK: Too Many Requests. Rate limited. Try after a while.
[YFinanceFeed] realtime failed 0556.HK: Too Many Requests. Rate limited. Try after a while.
[YFinanceFeed] realtime failed 0558.HK: Too Many Requests. Rate limited. Try after a while.
[YFinanceFeed] realtime failed 0563.HK: Too Many Requests. Rate limited. Try after a while.
[YFinanceFeed] realtime failed 0564.HK: Too Many Requests. Rate limited. Try after a while.
[YFinanceFeed] realtime failed 0565.HK: Too Many Requests. Rate limited. Try after a while.
[YFinanceFeed] realtime failed 0567.HK: Too Many Requests. Rate limited. Try after a while.
[YFinanceFeed] realtime failed 0568.HK: Too Many Requests. Rate limited. Try after a while.
[YFinanceFeed] realtime failed 0570.HK: Too Many Requests. Rate limited. Try after a while.
[YFinanceFeed] realtime failed 0574.HK: Too Many Requests. Rate limited. Try after a while.
[YFinanceFeed] realtime failed 0576.HK: Too Many Requests. Rate limited. Try after a while.
[YFinanceFeed] realtime failed 0579.HK: Too Many Requests. Rate limited. Try after a while.
[YFinanceFeed] realtime failed 0580.HK: Too Many Requests. Rate limited. Try after a while.
[YFinanceFeed] realtime failed 0581.HK: Too Many Requests. Rate limited. Try after a while.
[YFinanceFeed] realtime failed 0582.HK: Too Many Requests. Rate limited. Try after a while.
[YFinanceFeed] realtime failed 0585.HK: Too Many Requests. Rate limited. Try after a while.
[YFinanceFeed] realtime failed 0586.HK: Too Many Requests. Rate limited. Try after a while.
[YFinanceFeed] realtime failed 0587.HK: Too Many Requests. Rate limited. Try after a while.
[YFinanceFeed] realtime failed 0588.HK: Too Many Requests. Rate limited. Try after a while.
[YFinanceFeed] realtime failed 0590.HK: Too Many Requests. Rate limited. Try after a while.
[YFinanceFeed] realtime failed 0591.HK: Too Many Requests. Rate limited. Try after a while.
[YFinanceFeed] realtime failed 0595.HK: Too Many Requests. Rate limited. Try after a while.
[YFinanceFeed] realtime failed 0596.HK: Too Many Requests. Rate limited. Try after a while.
[YFinanceFeed] realtime failed 0598.HK: Too Many Requests. Rate limited. Try after a while.
[YFinanceFeed] realtime failed 0599.HK: Too Many Requests. Rate limited. Try after a while.
[YFinanceFeed] realtime failed 0600.HK: Too Many Requests. Rate limited. Try after a while.
[YFinanceFeed] realtime failed 0601.HK: Too Many Requests. Rate limited. Try after a while.
[YFinanceFeed] realtime failed 0603.HK: Too Many Requests. Rate limited. Try after a while.
[YFinanceFeed] realtime failed 0604.HK: Too Many Requests. Rate limited. Try after a while.
[YFinanceFeed] realtime failed 0609.HK: Too Many Requests. Rate limited. Try after a while.
[YFinanceFeed] realtime failed 0611.HK: Too Many Requests. Rate limited. Try after a while.
[YFinanceFeed] realtime failed 0616.HK: Too Many Requests. Rate limited. Try after a while.
[YFinanceFeed] realtime failed 0617.HK: Too Many Requests. Rate limited. Try after a while.
[YFinanceFeed] realtime failed 0618.HK: Too Many Requests. Rate limited. Try after a while.
[YFinanceFeed] realtime failed 0620.HK: Too Many Requests. Rate limited. Try after a while.
[YFinanceFeed] realtime failed 0621.HK: Too Many Requests. Rate limited. Try after a while.
[YFinanceFeed] realtime failed 0622.HK: Too Many Requests. Rate limited. Try after a while.
[YFinanceFeed] realtime failed 0623.HK: Too Many Requests. Rate limited. Try after a while.
[YFinanceFeed] realtime failed 0628.HK: Too Many Requests. Rate limited. Try after a while.
[YFinanceFeed] realtime failed 0631.HK: Too Many Requests. Rate limited. Try after a while.
[YFinanceFeed] realtime failed 0632.HK: Too Many Requests. Rate limited. Try after a while.
[YFinanceFeed] realtime failed 0635.HK: Too Many Requests. Rate limited. Try after a while.
[YFinanceFeed] realtime failed 0637.HK: Too Many Requests. Rate limited. Try after a while.
[YFinanceFeed] realtime failed 0639.HK: Too Many Requests. Rate limited. Try after a while.
[YFinanceFeed] realtime failed 0643.HK: Too Many Requests. Rate limited. Try after a while.
[YFinanceFeed] realtime failed 0648.HK: Too Many Requests. Rate limited. Try after a while.
[YFinanceFeed] realtime failed 0650.HK: Too Many Requests. Rate limited. Try after a while.
[YFinanceFeed] realtime failed 0653.HK: Too Many Requests. Rate limited. Try after a while.
[YFinanceFeed] realtime failed 0655.HK: Too Many Requests. Rate limited. Try after a while.
[YFinanceFeed] realtime failed 0656.HK: Too Many Requests. Rate limited. Try after a while.
[YFinanceFeed] realtime failed 0659.HK: Too Many Requests. Rate limited. Try after a while.
[YFinanceFeed] realtime failed 0660.HK: Too Many Requests. Rate limited. Try after a while.
[YFinanceFeed] realtime failed 0661.HK: Too Many Requests. Rate limited. Try after a while.
[YFinanceFeed] realtime failed 0666.HK: Too Many Requests. Rate limited. Try after a while.
[YFinanceFeed] realtime failed 0667.HK: Too Many Requests. Rate limited. Try after a while.
[YFinanceFeed] realtime failed 0669.HK: Too Many Requests. Rate limited. Try after a while.
[YFinanceFeed] realtime failed 0670.HK: Too Many Requests. Rate limited. Try after a while.
[YFinanceFeed] realtime failed 0672.HK: Too Many Requests. Rate limited. Try after a while.
[YFinanceFeed] realtime failed 0679.HK: Too Many Requests. Rate limited. Try after a while.
[YFinanceFeed] realtime failed 0682.HK: Too Many Requests. Rate limited. Try after a while.
[YFinanceFeed] realtime failed 0683.HK: Too Many Requests. Rate limited. Try after a while.
[YFinanceFeed] realtime failed 0684.HK: Too Many Requests. Rate limited. Try after a while.
[YFinanceFeed] realtime failed 0687.HK: Too Many Requests. Rate limited. Try after a while.
[YFinanceFeed] realtime failed 0688.HK: Too Many Requests. Rate limited. Try after a while.
[YFinanceFeed] realtime failed 0689.HK: Too Many Requests. Rate limited. Try after a while.
[YFinanceFeed] realtime failed 0690.HK: Too Many Requests. Rate limited. Try after a while.
[YFinanceFeed] realtime failed 0694.HK: Too Many Requests. Rate limited. Try after a while.
[YFinanceFeed] realtime failed 0695.HK: Too Many Requests. Rate limited. Try after a while.
[YFinanceFeed] realtime failed 0696.HK: Too Many Requests. Rate limited. Try after a while.
[YFinanceFeed] realtime failed 0697.HK: Too Many Requests. Rate limited. Try after a while.
[YFinanceFeed] realtime failed 0699.HK: Too Many Requests. Rate limited. Try after a while.
[YFinanceFeed] realtime failed 0700.HK: Too Many Requests. Rate limited. Try after a while.
[YFinanceFeed] realtime failed 0709.HK: Too Many Requests. Rate limited. Try after a while.
[YFinanceFeed] realtime failed 0710.HK: Too Many Requests. Rate limited. Try after a while.
[YFinanceFeed] realtime failed 0716.HK: Too Many Requests. Rate limited. Try after a while.
[YFinanceFeed] realtime failed 0717.HK: Too Many Requests. Rate limited. Try after a while.
[YFinanceFeed] realtime failed 0720.HK: Too Many Requests. Rate limited. Try after a while.
[YFinanceFeed] realtime failed 0723.HK: Too Many Requests. Rate limited. Try after a while.
[YFinanceFeed] realtime failed 0728.HK: Too Many Requests. Rate limited. Try after a while.
[YFinanceFeed] realtime failed 0731.HK: Too Many Requests. Rate limited. Try after a while.
[YFinanceFeed] realtime failed 0732.HK: Too Many Requests. Rate limited. Try after a while.
[YFinanceFeed] realtime failed 0737.HK: Too Many Requests. Rate limited. Try after a while.
[YFinanceFeed] realtime failed 0743.HK: Too Many Requests. Rate limited. Try after a while.
[YFinanceFeed] realtime failed 0745.HK: Too Many Requests. Rate limited. Try after a while.
[YFinanceFeed] realtime failed 0751.HK: Too Many Requests. Rate limited. Try after a while.
[YFinanceFeed] realtime failed 0752.HK: Too Many Requests. Rate limited. Try after a while.
[YFinanceFeed] realtime failed 0753.HK: Too Many Requests. Rate limited. Try after a while.
[YFinanceFeed] realtime failed 0757.HK: Too Many Requests. Rate limited. Try after a while.
[YFinanceFeed] realtime failed 0759.HK: Too Many Requests. Rate limited. Try after a while.
[YFinanceFeed] realtime failed 0762.HK: Too Many Requests. Rate limited. Try after a while.
[YFinanceFeed] realtime failed 0763.HK: Too Many Requests. Rate limited. Try after a while.
[YFinanceFeed] realtime failed 0767.HK: Too Many Requests. Rate limited. Try after a while.
[YFinanceFeed] realtime failed 0768.HK: Too Many Requests. Rate limited. Try after a while.
[YFinanceFeed] realtime failed 0772.HK: Too Many Requests. Rate limited. Try after a while.
[YFinanceFeed] realtime failed 0775.HK: Too Many Requests. Rate limited. Try after a while.
[YFinanceFeed] realtime failed 0777.HK: Too Many Requests. Rate limited. Try after a while.
[YFinanceFeed] realtime failed 0780.HK: Too Many Requests. Rate limited. Try after a while.
[YFinanceFeed] realtime failed 0784.HK: Too Many Requests. Rate limited. Try after a while.
[YFinanceFeed] realtime failed 0788.HK: Too Many Requests. Rate limited. Try after a while.
[YFinanceFeed] realtime failed 0789.HK: Too Many Requests. Rate limited. Try after a while.
[YFinanceFeed] realtime failed 0798.HK: Too Many Requests. Rate limited. Try after a while.
[YFinanceFeed] realtime failed 0799.HK: Too Many Requests. Rate limited. Try after a while.
[YFinanceFeed] realtime failed 0800.HK: Too Many Requests. Rate limited. Try after a while.
[YFinanceFeed] realtime failed 0805.HK: Too Many Requests. Rate limited. Try after a while.
[YFinanceFeed] realtime failed 0806.HK: Too Many Requests. Rate limited. Try after a while.
[YFinanceFeed] realtime failed 0807.HK: Too Many Requests. Rate limited. Try after a while.
[YFinanceFeed] realtime failed 0809.HK: Too Many Requests. Rate limited. Try after a while.
[YFinanceFeed] realtime failed 0810.HK: Too Many Requests. Rate limited. Try after a while.
[YFinanceFeed] realtime failed 0811.HK: Too Many Requests. Rate limited. Try after a while.
[YFinanceFeed] realtime failed 0813.HK: Too Many Requests. Rate limited. Try after a while.
[YFinanceFeed] realtime failed 0815.HK: Too Many Requests. Rate limited. Try after a while.
[YFinanceFeed] realtime failed 0816.HK: Too Many Requests. Rate limited. Try after a while.
[YFinanceFeed] realtime failed 0817.HK: Too Many Requests. Rate limited. Try after a while.
[YFinanceFeed] realtime failed 0819.HK: Too Many Requests. Rate limited. Try after a while.
[YFinanceFeed] realtime failed 0821.HK: Too Many Requests. Rate limited. Try after a while.
[YFinanceFeed] realtime failed 0822.HK: Too Many Requests. Rate limited. Try after a while.
[YFinanceFeed] realtime failed 0826.HK: Too Many Requests. Rate limited. Try after a while.
[YFinanceFeed] realtime failed 0827.HK: Too Many Requests. Rate limited. Try after a while.
[YFinanceFeed] realtime failed 0829.HK: Too Many Requests. Rate limited. Try after a while.
[YFinanceFeed] realtime failed 0830.HK: Too Many Requests. Rate limited. Try after a while.
[YFinanceFeed] realtime failed 0836.HK: Too Many Requests. Rate limited. Try after a while.
[YFinanceFeed] realtime failed 0838.HK: Too Many Requests. Rate limited. Try after a while.
[YFinanceFeed] realtime failed 0839.HK: Too Many Requests. Rate limited. Try after a while.
[YFinanceFeed] realtime failed 0842.HK: Too Many Requests. Rate limited. Try after a while.
[YFinanceFeed] realtime failed 0848.HK: Too Many Requests. Rate limited. Try after a while.
[YFinanceFeed] realtime failed 0853.HK: Too Many Requests. Rate limited. Try after a while.
[YFinanceFeed] realtime failed 0855.HK: Too Many Requests. Rate limited. Try after a while.
[YFinanceFeed] realtime failed 0856.HK: Too Many Requests. Rate limited. Try after a while.
[YFinanceFeed] realtime failed 0857.HK: Too Many Requests. Rate limited. Try after a while.
[YFinanceFeed] realtime failed 0858.HK: Too Many Requests. Rate limited. Try after a while.
[YFinanceFeed] realtime failed 0861.HK: Too Many Requests. Rate limited. Try after a while.
[YFinanceFeed] realtime failed 0863.HK: Too Many Requests. Rate limited. Try after a while.
[YFinanceFeed] realtime failed 0866.HK: Too Many Requests. Rate limited. Try after a while.
[YFinanceFeed] realtime failed 0867.HK: Too Many Requests. Rate limited. Try after a while.
[YFinanceFeed] realtime failed 0868.HK: Too Many Requests. Rate limited. Try after a while.
[YFinanceFeed] realtime failed 0869.HK: Too Many Requests. Rate limited. Try after a while.
[YFinanceFeed] realtime failed 0874.HK: Too Many Requests. Rate limited. Try after a while.
[YFinanceFeed] realtime failed 0875.HK: Too Many Requests. Rate limited. Try after a while.
[YFinanceFeed] realtime failed 0876.HK: Too Many Requests. Rate limited. Try after a while.
[YFinanceFeed] realtime failed 0878.HK: Too Many Requests. Rate limited. Try after a while.
[YFinanceFeed] realtime failed 0880.HK: Too Many Requests. Rate limited. Try after a while.
[YFinanceFeed] realtime failed 0881.HK: Too Many Requests. Rate limited. Try after a while.
[YFinanceFeed] realtime failed 0882.HK: Too Many Requests. Rate limited. Try after a while.
[YFinanceFeed] realtime failed 0883.HK: Too Many Requests. Rate limited. Try after a while.
[YFinanceFeed] realtime failed 0884.HK: Too Many Requests. Rate limited. Try after a while.
[YFinanceFeed] realtime failed 0887.HK: Too Many Requests. Rate limited. Try after a while.
[YFinanceFeed] realtime failed 0888.HK: Too Many Requests. Rate limited. Try after a while.
[YFinanceFeed] realtime failed 0889.HK: Too Many Requests. Rate limited. Try after a while.
[YFinanceFeed] realtime failed 0894.HK: Too Many Requests. Rate limited. Try after a while.
[YFinanceFeed] realtime failed 0902.HK: Too Many Requests. Rate limited. Try after a while.
[YFinanceFeed] realtime failed 0905.HK: Too Many Requests. Rate limited. Try after a while.
[YFinanceFeed] realtime failed 0909.HK: Too Many Requests. Rate limited. Try after a while.
[YFinanceFeed] realtime failed 0911.HK: Too Many Requests. Rate limited. Try after a while.
[YFinanceFeed] realtime failed 0914.HK: Too Many Requests. Rate limited. Try after a while.
[YFinanceFeed] realtime failed 0916.HK: Too Many Requests. Rate limited. Try after a while.
[YFinanceFeed] realtime failed 0917.HK: Too Many Requests. Rate limited. Try after a while.
[YFinanceFeed] realtime failed 0918.HK: Too Many Requests. Rate limited. Try after a while.
[YFinanceFeed] realtime failed 0921.HK: Too Many Requests. Rate limited. Try after a while.
[YFinanceFeed] realtime failed 0922.HK: Too Many Requests. Rate limited. Try after a while.
[YFinanceFeed] realtime failed 0928.HK: Too Many Requests. Rate limited. Try after a while.
[YFinanceFeed] realtime failed 0929.HK: Too Many Requests. Rate limited. Try after a while.
[YFinanceFeed] realtime failed 0931.HK: Too Many Requests. Rate limited. Try after a while.
[YFinanceFeed] realtime failed 0932.HK: Too Many Requests. Rate limited. Try after a while.
[YFinanceFeed] realtime failed 0934.HK: Too Many Requests. Rate limited. Try after a while.
[YFinanceFeed] realtime failed 0938.HK: Too Many Requests. Rate limited. Try after a while.
[YFinanceFeed] realtime failed 0939.HK: Too Many Requests. Rate limited. Try after a while.
[YFinanceFeed] realtime failed 0941.HK: Too Many Requests. Rate limited. Try after a while.
[YFinanceFeed] realtime failed 0947.HK: Too Many Requests. Rate limited. Try after a while.
[YFinanceFeed] realtime failed 0948.HK: Too Many Requests. Rate limited. Try after a while.
[YFinanceFeed] realtime failed 0950.HK: Too Many Requests. Rate limited. Try after a while.
[YFinanceFeed] realtime failed 0951.HK: Too Many Requests. Rate limited. Try after a while.
[YFinanceFeed] realtime failed 0953.HK: Too Many Requests. Rate limited. Try after a while.
[YFinanceFeed] realtime failed 0956.HK: Too Many Requests. Rate limited. Try after a while.
[YFinanceFeed] realtime failed 0960.HK: Too Many Requests. Rate limited. Try after a while.
[YFinanceFeed] realtime failed 0966.HK: Too Many Requests. Rate limited. Try after a while.
[YFinanceFeed] realtime failed 0968.HK: Too Many Requests. Rate limited. Try after a while.
[YFinanceFeed] realtime failed 0975.HK: Too Many Requests. Rate limited. Try after a while.
[YFinanceFeed] realtime failed 0978.HK: Too Many Requests. Rate limited. Try after a while.
[YFinanceFeed] realtime failed 0980.HK: Too Many Requests. Rate limited. Try after a while.
[YFinanceFeed] realtime failed 0981.HK: Too Many Requests. Rate limited. Try after a while.
[YFinanceFeed] realtime failed 0987.HK: Too Many Requests. Rate limited. Try after a while.
[YFinanceFeed] realtime failed 0990.HK: Too Many Requests. Rate limited. Try after a while.
[YFinanceFeed] realtime failed 0991.HK: Too Many Requests. Rate limited. Try after a while.
[YFinanceFeed] realtime failed 0992.HK: Too Many Requests. Rate limited. Try after a while.
[YFinanceFeed] realtime failed 0993.HK: Too Many Requests. Rate limited. Try after a while.
[YFinanceFeed] realtime failed 0994.HK: Too Many Requests. Rate limited. Try after a while.
[YFinanceFeed] realtime failed 0998.HK: Too Many Requests. Rate limited. Try after a while.
[YFinanceFeed] realtime failed 0999.HK: Too Many Requests. Rate limited. Try after a while.
[YFinanceFeed] realtime failed 1010.HK: Too Many Requests. Rate limited. Try after a while.
[YFinanceFeed] realtime failed 1020.HK: Too Many Requests. Rate limited. Try after a while.
[YFinanceFeed] realtime failed 1021.HK: Too Many Requests. Rate limited. Try after a while.
[YFinanceFeed] realtime failed 1023.HK: Too Many Requests. Rate limited. Try after a while.
[YFinanceFeed] realtime failed 1024.HK: Too Many Requests. Rate limited. Try after a while.
[YFinanceFeed] realtime failed 1028.HK: Too Many Requests. Rate limited. Try after a while.
[YFinanceFeed] realtime failed 1030.HK: Too Many Requests. Rate limited. Try after a while.
[YFinanceFeed] realtime failed 1033.HK: Too Many Requests. Rate limited. Try after a while.
[YFinanceFeed] realtime failed 1037.HK: Too Many Requests. Rate limited. Try after a while.
[YFinanceFeed] realtime failed 1038.HK: Too Many Requests. Rate limited. Try after a while.
[YFinanceFeed] realtime failed 1044.HK: Too Many Requests. Rate limited. Try after a while.
[YFinanceFeed] realtime failed 1045.HK: Too Many Requests. Rate limited. Try after a while.
[YFinanceFeed] realtime failed 1049.HK: Too Many Requests. Rate limited. Try after a while.
[YFinanceFeed] realtime failed 1050.HK: Too Many Requests. Rate limited. Try after a while.
[YFinanceFeed] realtime failed 1052.HK: Too Many Requests. Rate limited. Try after a while.
[YFinanceFeed] realtime failed 1053.HK: Too Many Requests. Rate limited. Try after a while.
[YFinanceFeed] realtime failed 1055.HK: Too Many Requests. Rate limited. Try after a while.
[YFinanceFeed] realtime failed 1057.HK: Too Many Requests. Rate limited. Try after a while.
[YFinanceFeed] realtime failed 1060.HK: Too Many Requests. Rate limited. Try after a while.
[YFinanceFeed] realtime failed 1061.HK: Too Many Requests. Rate limited. Try after a while.
[YFinanceFeed] realtime failed 1062.HK: Too Many Requests. Rate limited. Try after a while.
[YFinanceFeed] realtime failed 1064.HK: Too Many Requests. Rate limited. Try after a while.
[YFinanceFeed] realtime failed 1066.HK: Too Many Requests. Rate limited. Try after a while.
[YFinanceFeed] realtime failed 1068.HK: Too Many Requests. Rate limited. Try after a while.
[YFinanceFeed] realtime failed 1070.HK: Too Many Requests. Rate limited. Try after a while.
[YFinanceFeed] realtime failed 1071.HK: Too Many Requests. Rate limited. Try after a while.
[YFinanceFeed] realtime failed 1072.HK: Too Many Requests. Rate limited. Try after a while.
[YFinanceFeed] realtime failed 1079.HK: Too Many Requests. Rate limited. Try after a while.
[YFinanceFeed] realtime failed 1080.HK: Too Many Requests. Rate limited. Try after a while.
[YFinanceFeed] realtime failed 1083.HK: Too Many Requests. Rate limited. Try after a while.
[YFinanceFeed] realtime failed 1086.HK: Too Many Requests. Rate limited. Try after a while.
[YFinanceFeed] realtime failed 1088.HK: Too Many Requests. Rate limited. Try after a while.
[YFinanceFeed] realtime failed 1091.HK: Too Many Requests. Rate limited. Try after a while.
[YFinanceFeed] realtime failed 1093.HK: Too Many Requests. Rate limited. Try after a while.
[YFinanceFeed] realtime failed 1097.HK: Too Many Requests. Rate limited. Try after a while.
[YFinanceFeed] realtime failed 1099.HK: Too Many Requests. Rate limited. Try after a while.
[YFinanceFeed] realtime failed 1102.HK: Too Many Requests. Rate limited. Try after a while.
[YFinanceFeed] realtime failed 1104.HK: Too Many Requests. Rate limited. Try after a while.
[YFinanceFeed] realtime failed 1108.HK: Too Many Requests. Rate limited. Try after a while.
[YFinanceFeed] realtime failed 1109.HK: Too Many Requests. Rate limited. Try after a while.
[YFinanceFeed] realtime failed 1110.HK: Too Many Requests. Rate limited. Try after a while.
[YFinanceFeed] realtime failed 1111.HK: Too Many Requests. Rate limited. Try after a while.
[YFinanceFeed] realtime failed 1112.HK: Too Many Requests. Rate limited. Try after a while.
[YFinanceFeed] realtime failed 1113.HK: Too Many Requests. Rate limited. Try after a while.
[YFinanceFeed] realtime failed 1114.HK: Too Many Requests. Rate limited. Try after a while.
[YFinanceFeed] realtime failed 1115.HK: Too Many Requests. Rate limited. Try after a while.
[YFinanceFeed] realtime failed 1116.HK: Too Many Requests. Rate limited. Try after a while.
[YFinanceFeed] realtime failed 1117.HK: Too Many Requests. Rate limited. Try after a while.
[YFinanceFeed] realtime failed 1119.HK: Too Many Requests. Rate limited. Try after a while.
[YFinanceFeed] realtime failed 1122.HK: Too Many Requests. Rate limited. Try after a while.
[YFinanceFeed] realtime failed 1124.HK: Too Many Requests. Rate limited. Try after a while.
[YFinanceFeed] realtime failed 1126.HK: Too Many Requests. Rate limited. Try after a while.
[YFinanceFeed] realtime failed 1127.HK: Too Many Requests. Rate limited. Try after a while.
[YFinanceFeed] realtime failed 1128.HK: Too Many Requests. Rate limited. Try after a while.
[YFinanceFeed] realtime failed 1130.HK: Too Many Requests. Rate limited. Try after a while.
[YFinanceFeed] realtime failed 1132.HK: Too Many Requests. Rate limited. Try after a while.
[YFinanceFeed] realtime failed 1133.HK: Too Many Requests. Rate limited. Try after a while.
[YFinanceFeed] realtime failed 1137.HK: Too Many Requests. Rate limited. Try after a while.
[YFinanceFeed] realtime failed 1138.HK: Too Many Requests. Rate limited. Try after a while.
[YFinanceFeed] realtime failed 1140.HK: Too Many Requests. Rate limited. Try after a while.
[YFinanceFeed] realtime failed 1141.HK: Too Many Requests. Rate limited. Try after a while.
[YFinanceFeed] realtime failed 1142.HK: Too Many Requests. Rate limited. Try after a while.
[YFinanceFeed] realtime failed 1143.HK: Too Many Requests. Rate limited. Try after a while.
[YFinanceFeed] realtime failed 1145.HK: Too Many Requests. Rate limited. Try after a while.
[YFinanceFeed] realtime failed 1146.HK: Too Many Requests. Rate limited. Try after a while.
[YFinanceFeed] realtime failed 1147.HK: Too Many Requests. Rate limited. Try after a while.
[YFinanceFeed] realtime failed 1152.HK: Too Many Requests. Rate limited. Try after a while.
[YFinanceFeed] realtime failed 1157.HK: Too Many Requests. Rate limited. Try after a while.
[YFinanceFeed] realtime failed 1161.HK: Too Many Requests. Rate limited. Try after a while.
[YFinanceFeed] realtime failed 1162.HK: Too Many Requests. Rate limited. Try after a while.
[YFinanceFeed] realtime failed 1163.HK: Too Many Requests. Rate limited. Try after a while.
[YFinanceFeed] realtime failed 1164.HK: Too Many Requests. Rate limited. Try after a while.
[YFinanceFeed] realtime failed 1166.HK: Too Many Requests. Rate limited. Try after a while.
[YFinanceFeed] realtime failed 1167.HK: Too Many Requests. Rate limited. Try after a while.
[YFinanceFeed] realtime failed 1171.HK: Too Many Requests. Rate limited. Try after a while.
[YFinanceFeed] realtime failed 1172.HK: Too Many Requests. Rate limited. Try after a while.
[YFinanceFeed] realtime failed 1177.HK: Too Many Requests. Rate limited. Try after a while.
[YFinanceFeed] realtime failed 1179.HK: Too Many Requests. Rate limited. Try after a while.
[YFinanceFeed] realtime failed 1180.HK: Too Many Requests. Rate limited. Try after a while.
[YFinanceFeed] realtime failed 1183.HK: Too Many Requests. Rate limited. Try after a while.
[YFinanceFeed] realtime failed 1186.HK: Too Many Requests. Rate limited. Try after a while.
[YFinanceFeed] realtime failed 1193.HK: Too Many Requests. Rate limited. Try after a while.
[YFinanceFeed] realtime failed 1195.HK: Too Many Requests. Rate limited. Try after a while.
[YFinanceFeed] realtime failed 1196.HK: Too Many Requests. Rate limited. Try after a while.
[YFinanceFeed] realtime failed 1199.HK: Too Many Requests. Rate limited. Try after a while.
[YFinanceFeed] realtime failed 1200.HK: Too Many Requests. Rate limited. Try after a while.
[YFinanceFeed] realtime failed 1201.HK: Too Many Requests. Rate limited. Try after a while.
[YFinanceFeed] realtime failed 1202.HK: Too Many Requests. Rate limited. Try after a while.
[YFinanceFeed] realtime failed 1205.HK: Too Many Requests. Rate limited. Try after a while.
[YFinanceFeed] realtime failed 1208.HK: Too Many Requests. Rate limited. Try after a while.
[YFinanceFeed] realtime failed 1209.HK: Too Many Requests. Rate limited. Try after a while.
[YFinanceFeed] realtime failed 1211.HK: Too Many Requests. Rate limited. Try after a while.
[YFinanceFeed] realtime failed 1215.HK: Too Many Requests. Rate limited. Try after a while.
[YFinanceFeed] realtime failed 1216.HK: Too Many Requests. Rate limited. Try after a while.
[YFinanceFeed] realtime failed 1217.HK: Too Many Requests. Rate limited. Try after a while.
[YFinanceFeed] realtime failed 1223.HK: Too Many Requests. Rate limited. Try after a while.
[YFinanceFeed] realtime failed 1225.HK: Too Many Requests. Rate limited. Try after a while.
[YFinanceFeed] realtime failed 1228.HK: Too Many Requests. Rate limited. Try after a while.
[YFinanceFeed] realtime failed 1233.HK: Too Many Requests. Rate limited. Try after a while.
[YFinanceFeed] realtime failed 1234.HK: Too Many Requests. Rate limited. Try after a while.
[YFinanceFeed] realtime failed 1239.HK: Too Many Requests. Rate limited. Try after a while.
[YFinanceFeed] realtime failed 1251.HK: Too Many Requests. Rate limited. Try after a while.
[YFinanceFeed] realtime failed 1257.HK: Too Many Requests. Rate limited. Try after a while.
[YFinanceFeed] realtime failed 1258.HK: Too Many Requests. Rate limited. Try after a while.
[YFinanceFeed] realtime failed 1260.HK: Too Many Requests. Rate limited. Try after a while.
[YFinanceFeed] realtime failed 1268.HK: Too Many Requests. Rate limited. Try after a while.
[YFinanceFeed] realtime failed 1269.HK: Too Many Requests. Rate limited. Try after a while.
[YFinanceFeed] realtime failed 1270.HK: Too Many Requests. Rate limited. Try after a while.
[YFinanceFeed] realtime failed 1271.HK: Too Many Requests. Rate limited. Try after a while.
[YFinanceFeed] realtime failed 1272.HK: Too Many Requests. Rate limited. Try after a while.
[YFinanceFeed] realtime failed 1276.HK: Too Many Requests. Rate limited. Try after a while.
[YFinanceFeed] realtime failed 1277.HK: Too Many Requests. Rate limited. Try after a while.
[YFinanceFeed] realtime failed 1278.HK: Too Many Requests. Rate limited. Try after a while.
[YFinanceFeed] realtime failed 1280.HK: Too Many Requests. Rate limited. Try after a while.
[YFinanceFeed] realtime failed 1282.HK: Too Many Requests. Rate limited. Try after a while.
[YFinanceFeed] realtime failed 1283.HK: Too Many Requests. Rate limited. Try after a while.
[YFinanceFeed] realtime failed 1286.HK: Too Many Requests. Rate limited. Try after a while.
[YFinanceFeed] realtime failed 1288.HK: Too Many Requests. Rate limited. Try after a while.
[YFinanceFeed] realtime failed 1299.HK: Too Many Requests. Rate limited. Try after a while.
[YFinanceFeed] realtime failed 1300.HK: Too Many Requests. Rate limited. Try after a while.
[YFinanceFeed] realtime failed 1302.HK: Too Many Requests. Rate limited. Try after a while.
[YFinanceFeed] realtime failed 1305.HK: Too Many Requests. Rate limited. Try after a while.
[YFinanceFeed] realtime failed 1308.HK: Too Many Requests. Rate limited. Try after a while.
[YFinanceFeed] realtime failed 1310.HK: Too Many Requests. Rate limited. Try after a while.
[YFinanceFeed] realtime failed 1313.HK: Too Many Requests. Rate limited. Try after a while.
[YFinanceFeed] realtime failed 1315.HK: Too Many Requests. Rate limited. Try after a while.
[YFinanceFeed] realtime failed 1316.HK: Too Many Requests. Rate limited. Try after a while.
[YFinanceFeed] realtime failed 1317.HK: Too Many Requests. Rate limited. Try after a while.
[YFinanceFeed] realtime failed 1318.HK: Too Many Requests. Rate limited. Try after a while.
[YFinanceFeed] realtime failed 1319.HK: Too Many Requests. Rate limited. Try after a while.
[YFinanceFeed] realtime failed 1328.HK: Too Many Requests. Rate limited. Try after a while.
[YFinanceFeed] realtime failed 1330.HK: Too Many Requests. Rate limited. Try after a while.
[YFinanceFeed] realtime failed 1332.HK: Too Many Requests. Rate limited. Try after a while.
[YFinanceFeed] realtime failed 1333.HK: Too Many Requests. Rate limited. Try after a while.
[YFinanceFeed] realtime failed 1334.HK: Too Many Requests. Rate limited. Try after a while.
[YFinanceFeed] realtime failed 1335.HK: Too Many Requests. Rate limited. Try after a while.
[YFinanceFeed] realtime failed 1336.HK: Too Many Requests. Rate limited. Try after a while.
[YFinanceFeed] realtime failed 1338.HK: Too Many Requests. Rate limited. Try after a while.
[YFinanceFeed] realtime failed 1339.HK: Too Many Requests. Rate limited. Try after a while.
[YFinanceFeed] realtime failed 1341.HK: Too Many Requests. Rate limited. Try after a while.
[YFinanceFeed] realtime failed 1343.HK: Too Many Requests. Rate limited. Try after a while.
[YFinanceFeed] realtime failed 1347.HK: Too Many Requests. Rate limited. Try after a while.
[YFinanceFeed] realtime failed 1348.HK: Too Many Requests. Rate limited. Try after a while.
[YFinanceFeed] realtime failed 1351.HK: Too Many Requests. Rate limited. Try after a while.
[YFinanceFeed] realtime failed 1357.HK: Too Many Requests. Rate limited. Try after a while.
[YFinanceFeed] realtime failed 1358.HK: Too Many Requests. Rate limited. Try after a while.
[YFinanceFeed] realtime failed 1359.HK: Too Many Requests. Rate limited. Try after a while.
[YFinanceFeed] realtime failed 1361.HK: Too Many Requests. Rate limited. Try after a while.
[YFinanceFeed] realtime failed 1364.HK: Too Many Requests. Rate limited. Try after a while.
[YFinanceFeed] realtime failed 1368.HK: Too Many Requests. Rate limited. Try after a while.
[YFinanceFeed] realtime failed 1373.HK: Too Many Requests. Rate limited. Try after a while.
[YFinanceFeed] realtime failed 1375.HK: Too Many Requests. Rate limited. Try after a while.
[YFinanceFeed] realtime failed 1378.HK: Too Many Requests. Rate limited. Try after a while.
[YFinanceFeed] realtime failed 1380.HK: Too Many Requests. Rate limited. Try after a while.
[YFinanceFeed] realtime failed 1382.HK: Too Many Requests. Rate limited. Try after a while.
[YFinanceFeed] realtime failed 1384.HK: Too Many Requests. Rate limited. Try after a while.
[YFinanceFeed] realtime failed 1385.HK: Too Many Requests. Rate limited. Try after a while.
[YFinanceFeed] realtime failed 1393.HK: Too Many Requests. Rate limited. Try after a while.
[YFinanceFeed] realtime failed 1396.HK: Too Many Requests. Rate limited. Try after a while.
[YFinanceFeed] realtime failed 1398.HK: Too Many Requests. Rate limited. Try after a while.
[YFinanceFeed] realtime failed 1399.HK: Too Many Requests. Rate limited. Try after a while.
[YFinanceFeed] realtime failed 1401.HK: Too Many Requests. Rate limited. Try after a while.
[YFinanceFeed] realtime failed 1402.HK: Too Many Requests. Rate limited. Try after a while.
[YFinanceFeed] realtime failed 1410.HK: Too Many Requests. Rate limited. Try after a while.
[YFinanceFeed] realtime failed 1413.HK: Too Many Requests. Rate limited. Try after a while.
[YFinanceFeed] realtime failed 1415.HK: Too Many Requests. Rate limited. Try after a while.
[YFinanceFeed] realtime failed 1416.HK: Too Many Requests. Rate limited. Try after a while.
[YFinanceFeed] realtime failed 1418.HK: Too Many Requests. Rate limited. Try after a while.
[YFinanceFeed] realtime failed 1420.HK: Too Many Requests. Rate limited. Try after a while.
[YFinanceFeed] realtime failed 1421.HK: Too Many Requests. Rate limited. Try after a while.
[YFinanceFeed] realtime failed 1427.HK: Too Many Requests. Rate limited. Try after a while.
[YFinanceFeed] realtime failed 1428.HK: Too Many Requests. Rate limited. Try after a while.
[YFinanceFeed] realtime failed 1429.HK: Too Many Requests. Rate limited. Try after a while.
[YFinanceFeed] realtime failed 1432.HK: Too Many Requests. Rate limited. Try after a while.
[YFinanceFeed] realtime failed 1440.HK: Too Many Requests. Rate limited. Try after a while.
[YFinanceFeed] realtime failed 1443.HK: Too Many Requests. Rate limited. Try after a while.
[YFinanceFeed] realtime failed 1450.HK: Too Many Requests. Rate limited. Try after a while.
[YFinanceFeed] realtime failed 1452.HK: Too Many Requests. Rate limited. Try after a while.
[YFinanceFeed] realtime failed 1458.HK: Too Many Requests. Rate limited. Try after a while.
[YFinanceFeed] realtime failed 1459.HK: Too Many Requests. Rate limited. Try after a while.
[YFinanceFeed] realtime failed 1468.HK: Too Many Requests. Rate limited. Try after a while.
[YFinanceFeed] realtime failed 1470.HK: Too Many Requests. Rate limited. Try after a while.
[YFinanceFeed] realtime failed 1472.HK: Too Many Requests. Rate limited. Try after a while.
[YFinanceFeed] realtime failed 1473.HK: Too Many Requests. Rate limited. Try after a while.
[YFinanceFeed] realtime failed 1476.HK: Too Many Requests. Rate limited. Try after a while.
[YFinanceFeed] realtime failed 1477.HK: Too Many Requests. Rate limited. Try after a while.
[YFinanceFeed] realtime failed 1478.HK: Too Many Requests. Rate limited. Try after a while.
[YFinanceFeed] realtime failed 1483.HK: Too Many Requests. Rate limited. Try after a while.
[YFinanceFeed] realtime failed 1489.HK: Too Many Requests. Rate limited. Try after a while.
[YFinanceFeed] realtime failed 1490.HK: Too Many Requests. Rate limited. Try after a while.
[YFinanceFeed] realtime failed 1496.HK: Too Many Requests. Rate limited. Try after a while.
[YFinanceFeed] realtime failed 1499.HK: Too Many Requests. Rate limited. Try after a while.
[YFinanceFeed] realtime failed 1508.HK: Too Many Requests. Rate limited. Try after a while.
[YFinanceFeed] realtime failed 1515.HK: Too Many Requests. Rate limited. Try after a while.
[YFinanceFeed] realtime failed 1516.HK: Too Many Requests. Rate limited. Try after a while.
[YFinanceFeed] realtime failed 1519.HK: Too Many Requests. Rate limited. Try after a while.
[YFinanceFeed] realtime failed 1522.HK: Too Many Requests. Rate limited. Try after a while.
[YFinanceFeed] realtime failed 1523.HK: Too Many Requests. Rate limited. Try after a while.
[YFinanceFeed] realtime failed 1525.HK: Too Many Requests. Rate limited. Try after a while.
[YFinanceFeed] realtime failed 1526.HK: Too Many Requests. Rate limited. Try after a while.
[YFinanceFeed] realtime failed 1528.HK: Too Many Requests. Rate limited. Try after a while.
[YFinanceFeed] realtime failed 1530.HK: Too Many Requests. Rate limited. Try after a while.
[YFinanceFeed] realtime failed 1532.HK: Too Many Requests. Rate limited. Try after a while.
[YFinanceFeed] realtime failed 1538.HK: Too Many Requests. Rate limited. Try after a while.
[YFinanceFeed] realtime failed 1539.HK: Too Many Requests. Rate limited. Try after a while.
[YFinanceFeed] realtime failed 1541.HK: Too Many Requests. Rate limited. Try after a while.
[YFinanceFeed] realtime failed 1546.HK: Too Many Requests. Rate limited. Try after a while.
[YFinanceFeed] realtime failed 1548.HK: Too Many Requests. Rate limited. Try after a while.
[YFinanceFeed] realtime failed 1549.HK: Too Many Requests. Rate limited. Try after a while.
[YFinanceFeed] realtime failed 1555.HK: Too Many Requests. Rate limited. Try after a while.
[YFinanceFeed] realtime failed 1556.HK: Too Many Requests. Rate limited. Try after a while.
[YFinanceFeed] realtime failed 1563.HK: Too Many Requests. Rate limited. Try after a while.
[YFinanceFeed] realtime failed 1568.HK: Too Many Requests. Rate limited. Try after a while.
[YFinanceFeed] realtime failed 1570.HK: Too Many Requests. Rate limited. Try after a while.
[YFinanceFeed] realtime failed 1571.HK: Too Many Requests. Rate limited. Try after a while.
[YFinanceFeed] realtime failed 1575.HK: Too Many Requests. Rate limited. Try after a while.
[YFinanceFeed] realtime failed 1578.HK: Too Many Requests. Rate limited. Try after a while.
[YFinanceFeed] realtime failed 1579.HK: Too Many Requests. Rate limited. Try after a while.
[YFinanceFeed] realtime failed 1581.HK: Too Many Requests. Rate limited. Try after a while.
[YFinanceFeed] realtime failed 1585.HK: Too Many Requests. Rate limited. Try after a while.
[YFinanceFeed] realtime failed 1591.HK: Too Many Requests. Rate limited. Try after a while.
[YFinanceFeed] realtime failed 1592.HK: Too Many Requests. Rate limited. Try after a while.
[YFinanceFeed] realtime failed 1597.HK: Too Many Requests. Rate limited. Try after a while.
[YFinanceFeed] realtime failed 1600.HK: Too Many Requests. Rate limited. Try after a while.
[YFinanceFeed] realtime failed 1601.HK: Too Many Requests. Rate limited. Try after a while.
[YFinanceFeed] realtime failed 1606.HK: Too Many Requests. Rate limited. Try after a while.
[YFinanceFeed] realtime failed 1610.HK: Too Many Requests. Rate limited. Try after a while.
[YFinanceFeed] realtime failed 1611.HK: Too Many Requests. Rate limited. Try after a while.
[YFinanceFeed] realtime failed 1612.HK: Too Many Requests. Rate limited. Try after a while.
[YFinanceFeed] realtime failed 1617.HK: Too Many Requests. Rate limited. Try after a while.
[YFinanceFeed] realtime failed 1618.HK: Too Many Requests. Rate limited. Try after a while.
[YFinanceFeed] realtime failed 1621.HK: Too Many Requests. Rate limited. Try after a while.
[YFinanceFeed] realtime failed 1622.HK: Too Many Requests. Rate limited. Try after a while.
[YFinanceFeed] realtime failed 1623.HK: Too Many Requests. Rate limited. Try after a while.
[YFinanceFeed] realtime failed 1626.HK: Too Many Requests. Rate limited. Try after a while.
[YFinanceFeed] realtime failed 1628.HK: Too Many Requests. Rate limited. Try after a while.
[YFinanceFeed] realtime failed 1630.HK: Too Many Requests. Rate limited. Try after a while.
[YFinanceFeed] realtime failed 1633.HK: Too Many Requests. Rate limited. Try after a while.
[YFinanceFeed] realtime failed 1635.HK: Too Many Requests. Rate limited. Try after a while.
[YFinanceFeed] realtime failed 1638.HK: Too Many Requests. Rate limited. Try after a while.
[YFinanceFeed] realtime failed 1643.HK: Too Many Requests. Rate limited. Try after a while.
[YFinanceFeed] realtime failed 1645.HK: Too Many Requests. Rate limited. Try after a while.
[YFinanceFeed] realtime failed 1647.HK: Too Many Requests. Rate limited. Try after a while.
[YFinanceFeed] realtime failed 1650.HK: Too Many Requests. Rate limited. Try after a while.
[YFinanceFeed] realtime failed 1651.HK: Too Many Requests. Rate limited. Try after a while.
[YFinanceFeed] realtime failed 1653.HK: Too Many Requests. Rate limited. Try after a while.
[YFinanceFeed] realtime failed 1658.HK: Too Many Requests. Rate limited. Try after a while.
[YFinanceFeed] realtime failed 1660.HK: Too Many Requests. Rate limited. Try after a while.
[YFinanceFeed] realtime failed 1662.HK: Too Many Requests. Rate limited. Try after a while.
[YFinanceFeed] realtime failed 1666.HK: Too Many Requests. Rate limited. Try after a while.
[YFinanceFeed] realtime failed 1672.HK: Too Many Requests. Rate limited. Try after a while.
[YFinanceFeed] realtime failed 1675.HK: Too Many Requests. Rate limited. Try after a while.
[YFinanceFeed] realtime failed 1676.HK: Too Many Requests. Rate limited. Try after a while.
[YFinanceFeed] realtime failed 1679.HK: Too Many Requests. Rate limited. Try after a while.
[YFinanceFeed] realtime failed 1681.HK: Too Many Requests. Rate limited. Try after a while.
[YFinanceFeed] realtime failed 1682.HK: Too Many Requests. Rate limited. Try after a while.
[YFinanceFeed] realtime failed 1685.HK: Too Many Requests. Rate limited. Try after a while.
[YFinanceFeed] realtime failed 1686.HK: Too Many Requests. Rate limited. Try after a while.
[YFinanceFeed] realtime failed 1689.HK: Too Many Requests. Rate limited. Try after a while.
[YFinanceFeed] realtime failed 1690.HK: Too Many Requests. Rate limited. Try after a while.
[YFinanceFeed] realtime failed 1695.HK: Too Many Requests. Rate limited. Try after a while.
[YFinanceFeed] realtime failed 1696.HK: Too Many Requests. Rate limited. Try after a while.
[YFinanceFeed] realtime failed 1697.HK: Too Many Requests. Rate limited. Try after a while.
[YFinanceFeed] realtime failed 1698.HK: Too Many Requests. Rate limited. Try after a while.
[YFinanceFeed] realtime failed 1709.HK: Too Many Requests. Rate limited. Try after a while.
[YFinanceFeed] realtime failed 1710.HK: Too Many Requests. Rate limited. Try after a while.
[YFinanceFeed] realtime failed 1712.HK: Too Many Requests. Rate limited. Try after a while.
[YFinanceFeed] realtime failed 1715.HK: Too Many Requests. Rate limited. Try after a while.
[YFinanceFeed] realtime failed 1716.HK: Too Many Requests. Rate limited. Try after a while.
[YFinanceFeed] realtime failed 1720.HK: Too Many Requests. Rate limited. Try after a while.
[YFinanceFeed] realtime failed 1722.HK: Too Many Requests. Rate limited. Try after a while.
[YFinanceFeed] realtime failed 1725.HK: Too Many Requests. Rate limited. Try after a while.
[YFinanceFeed] realtime failed 1729.HK: Too Many Requests. Rate limited. Try after a while.
[YFinanceFeed] realtime failed 1733.HK: Too Many Requests. Rate limited. Try after a while.
[YFinanceFeed] realtime failed 1735.HK: Too Many Requests. Rate limited. Try after a while.
[YFinanceFeed] realtime failed 1738.HK: Too Many Requests. Rate limited. Try after a while.
[YFinanceFeed] realtime failed 1742.HK: Too Many Requests. Rate limited. Try after a while.
[YFinanceFeed] realtime failed 1745.HK: Too Many Requests. Rate limited. Try after a while.
[YFinanceFeed] realtime failed 1746.HK: Too Many Requests. Rate limited. Try after a while.
[YFinanceFeed] realtime failed 1750.HK: Too Many Requests. Rate limited. Try after a while.
[YFinanceFeed] realtime failed 1751.HK: Too Many Requests. Rate limited. Try after a while.
[YFinanceFeed] realtime failed 1753.HK: Too Many Requests. Rate limited. Try after a while.
[YFinanceFeed] realtime failed 1757.HK: Too Many Requests. Rate limited. Try after a while.
[YFinanceFeed] realtime failed 1760.HK: Too Many Requests. Rate limited. Try after a while.
[YFinanceFeed] realtime failed 1762.HK: Too Many Requests. Rate limited. Try after a while.
[YFinanceFeed] realtime failed 1765.HK: Too Many Requests. Rate limited. Try after a while.
[YFinanceFeed] realtime failed 1766.HK: Too Many Requests. Rate limited. Try after a while.
[YFinanceFeed] realtime failed 1767.HK: Too Many Requests. Rate limited. Try after a while.
[YFinanceFeed] realtime failed 1772.HK: Too Many Requests. Rate limited. Try after a while.
[YFinanceFeed] realtime failed 1773.HK: Too Many Requests. Rate limited. Try after a while.
[YFinanceFeed] realtime failed 1776.HK: Too Many Requests. Rate limited. Try after a while.
[YFinanceFeed] realtime failed 1777.HK: Too Many Requests. Rate limited. Try after a while.
[YFinanceFeed] realtime failed 1783.HK: Too Many Requests. Rate limited. Try after a while.
[YFinanceFeed] realtime failed 1787.HK: Too Many Requests. Rate limited. Try after a while.
[YFinanceFeed] realtime failed 1788.HK: Too Many Requests. Rate limited. Try after a while.
[YFinanceFeed] realtime failed 1789.HK: Too Many Requests. Rate limited. Try after a while.
[YFinanceFeed] realtime failed 1793.HK: Too Many Requests. Rate limited. Try after a while.
[YFinanceFeed] realtime failed 1795.HK: Too Many Requests. Rate limited. Try after a while.
[YFinanceFeed] realtime failed 1797.HK: Too Many Requests. Rate limited. Try after a while.
[YFinanceFeed] realtime failed 1798.HK: Too Many Requests. Rate limited. Try after a while.
[YFinanceFeed] realtime failed 1799.HK: Too Many Requests. Rate limited. Try after a while.
[YFinanceFeed] realtime failed 1800.HK: Too Many Requests. Rate limited. Try after a while.
[YFinanceFeed] realtime failed 1801.HK: Too Many Requests. Rate limited. Try after a while.
[YFinanceFeed] realtime failed 1810.HK: Too Many Requests. Rate limited. Try after a while.
[YFinanceFeed] realtime failed 1811.HK: Too Many Requests. Rate limited. Try after a while.
[YFinanceFeed] realtime failed 1812.HK: Too Many Requests. Rate limited. Try after a while.
[YFinanceFeed] realtime failed 1815.HK: Too Many Requests. Rate limited. Try after a while.
[YFinanceFeed] realtime failed 1816.HK: Too Many Requests. Rate limited. Try after a while.
[YFinanceFeed] realtime failed 1818.HK: Too Many Requests. Rate limited. Try after a while.
[YFinanceFeed] realtime failed 1822.HK: Too Many Requests. Rate limited. Try after a while.
[YFinanceFeed] realtime failed 1828.HK: Too Many Requests. Rate limited. Try after a while.
[YFinanceFeed] realtime failed 1830.HK: Too Many Requests. Rate limited. Try after a while.
[YFinanceFeed] realtime failed 1831.HK: Too Many Requests. Rate limited. Try after a while.
[YFinanceFeed] realtime failed 1833.HK: Too Many Requests. Rate limited. Try after a while.
[YFinanceFeed] realtime failed 1836.HK: Too Many Requests. Rate limited. Try after a while.
[YFinanceFeed] realtime failed 1837.HK: Too Many Requests. Rate limited. Try after a while.
[YFinanceFeed] realtime failed 1843.HK: Too Many Requests. Rate limited. Try after a while.
[YFinanceFeed] realtime failed 1850.HK: Too Many Requests. Rate limited. Try after a while.
[YFinanceFeed] realtime failed 1851.HK: Too Many Requests. Rate limited. Try after a while.
[YFinanceFeed] realtime failed 1857.HK: Too Many Requests. Rate limited. Try after a while.
[YFinanceFeed] realtime failed 1858.HK: Too Many Requests. Rate limited. Try after a while.
[YFinanceFeed] realtime failed 1860.HK: Too Many Requests. Rate limited. Try after a while.
[YFinanceFeed] realtime failed 1865.HK: Too Many Requests. Rate limited. Try after a while.
[YFinanceFeed] realtime failed 1866.HK: Too Many Requests. Rate limited. Try after a while.
[YFinanceFeed] realtime failed 1870.HK: Too Many Requests. Rate limited. Try after a while.
[YFinanceFeed] realtime failed 1871.HK: Too Many Requests. Rate limited. Try after a while.
[YFinanceFeed] realtime failed 1872.HK: Too Many Requests. Rate limited. Try after a while.
[YFinanceFeed] realtime failed 1873.HK: Too Many Requests. Rate limited. Try after a while.
[YFinanceFeed] realtime failed 1875.HK: Too Many Requests. Rate limited. Try after a while.
[YFinanceFeed] realtime failed 1876.HK: Too Many Requests. Rate limited. Try after a while.
[YFinanceFeed] realtime failed 1877.HK: Too Many Requests. Rate limited. Try after a while.
[YFinanceFeed] realtime failed 1879.HK: Too Many Requests. Rate limited. Try after a while.
[YFinanceFeed] realtime failed 1880.HK: Too Many Requests. Rate limited. Try after a while.
[YFinanceFeed] realtime failed 1882.HK: Too Many Requests. Rate limited. Try after a while.
[YFinanceFeed] realtime failed 1883.HK: Too Many Requests. Rate limited. Try after a while.
[YFinanceFeed] realtime failed 1888.HK: Too Many Requests. Rate limited. Try after a while.
[YFinanceFeed] realtime failed 1890.HK: Too Many Requests. Rate limited. Try after a while.
[YFinanceFeed] realtime failed 1891.HK: Too Many Requests. Rate limited. Try after a while.
[YFinanceFeed] realtime failed 1894.HK: Too Many Requests. Rate limited. Try after a while.
[YFinanceFeed] realtime failed 1896.HK: Too Many Requests. Rate limited. Try after a while.
[YFinanceFeed] realtime failed 1898.HK: Too Many Requests. Rate limited. Try after a while.
[YFinanceFeed] realtime failed 1901.HK: Too Many Requests. Rate limited. Try after a while.
[YFinanceFeed] realtime failed 1905.HK: Too Many Requests. Rate limited. Try after a while.
[YFinanceFeed] realtime failed 1906.HK: Too Many Requests. Rate limited. Try after a while.
[YFinanceFeed] realtime failed 1907.HK: Too Many Requests. Rate limited. Try after a while.
[YFinanceFeed] realtime failed 1908.HK: Too Many Requests. Rate limited. Try after a while.
[YFinanceFeed] realtime failed 1910.HK: Too Many Requests. Rate limited. Try after a while.
[YFinanceFeed] realtime failed 1911.HK: Too Many Requests. Rate limited. Try after a while.
[YFinanceFeed] realtime failed 1912.HK: Too Many Requests. Rate limited. Try after a while.
[YFinanceFeed] realtime failed 1913.HK: Too Many Requests. Rate limited. Try after a while.
[YFinanceFeed] realtime failed 1918.HK: Too Many Requests. Rate limited. Try after a while.
[YFinanceFeed] realtime failed 1919.HK: Too Many Requests. Rate limited. Try after a while.
[YFinanceFeed] realtime failed 1920.HK: Too Many Requests. Rate limited. Try after a while.
[YFinanceFeed] realtime failed 1921.HK: Too Many Requests. Rate limited. Try after a while.
[YFinanceFeed] realtime failed 1928.HK: Too Many Requests. Rate limited. Try after a while.
[YFinanceFeed] realtime failed 1929.HK: Too Many Requests. Rate limited. Try after a while.
[YFinanceFeed] realtime failed 1931.HK: Too Many Requests. Rate limited. Try after a while.
[YFinanceFeed] realtime failed 1932.HK: Too Many Requests. Rate limited. Try after a while.
[YFinanceFeed] realtime failed 1937.HK: Too Many Requests. Rate limited. Try after a while.
[YFinanceFeed] realtime failed 1939.HK: Too Many Requests. Rate limited. Try after a while.
[YFinanceFeed] realtime failed 1940.HK: Too Many Requests. Rate limited. Try after a while.
[YFinanceFeed] realtime failed 1941.HK: Too Many Requests. Rate limited. Try after a while.
[YFinanceFeed] realtime failed 1942.HK: Too Many Requests. Rate limited. Try after a while.
[YFinanceFeed] realtime failed 1943.HK: Too Many Requests. Rate limited. Try after a while.
[YFinanceFeed] realtime failed 1945.HK: Too Many Requests. Rate limited. Try after a while.
[YFinanceFeed] realtime failed 1950.HK: Too Many Requests. Rate limited. Try after a while.
[YFinanceFeed] realtime failed 1951.HK: Too Many Requests. Rate limited. Try after a while.
[YFinanceFeed] realtime failed 1952.HK: Too Many Requests. Rate limited. Try after a while.
[YFinanceFeed] realtime failed 1953.HK: Too Many Requests. Rate limited. Try after a while.
[YFinanceFeed] realtime failed 1957.HK: Too Many Requests. Rate limited. Try after a while.
[YFinanceFeed] realtime failed 1958.HK: Too Many Requests. Rate limited. Try after a while.
[YFinanceFeed] realtime failed 1959.HK: Too Many Requests. Rate limited. Try after a while.
[YFinanceFeed] realtime failed 1963.HK: Too Many Requests. Rate limited. Try after a while.
[YFinanceFeed] realtime failed 1966.HK: Too Many Requests. Rate limited. Try after a while.
[YFinanceFeed] realtime failed 1969.HK: Too Many Requests. Rate limited. Try after a while.
[YFinanceFeed] realtime failed 1972.HK: Too Many Requests. Rate limited. Try after a while.
[YFinanceFeed] realtime failed 1979.HK: Too Many Requests. Rate limited. Try after a while.
[YFinanceFeed] realtime failed 1980.HK: Too Many Requests. Rate limited. Try after a while.
[YFinanceFeed] realtime failed 1982.HK: Too Many Requests. Rate limited. Try after a while.
[YFinanceFeed] realtime failed 1986.HK: Too Many Requests. Rate limited. Try after a while.
[YFinanceFeed] realtime failed 1988.HK: Too Many Requests. Rate limited. Try after a while.
[YFinanceFeed] realtime failed 1989.HK: Too Many Requests. Rate limited. Try after a while.
[YFinanceFeed] realtime failed 1995.HK: Too Many Requests. Rate limited. Try after a while.
[YFinanceFeed] realtime failed 1997.HK: Too Many Requests. Rate limited. Try after a while.
[YFinanceFeed] realtime failed 1999.HK: Too Many Requests. Rate limited. Try after a while.
[YFinanceFeed] realtime failed 2001.HK: Too Many Requests. Rate limited. Try after a while.
[YFinanceFeed] realtime failed 2003.HK: Too Many Requests. Rate limited. Try after a while.
[YFinanceFeed] realtime failed 2005.HK: Too Many Requests. Rate limited. Try after a while.
[YFinanceFeed] realtime failed 2007.HK: Too Many Requests. Rate limited. Try after a while.
[YFinanceFeed] realtime failed 2009.HK: Too Many Requests. Rate limited. Try after a while.
[YFinanceFeed] realtime failed 2012.HK: Too Many Requests. Rate limited. Try after a while.
[YFinanceFeed] realtime failed 2013.HK: Too Many Requests. Rate limited. Try after a while.
[YFinanceFeed] realtime failed 2015.HK: Too Many Requests. Rate limited. Try after a while.
[YFinanceFeed] realtime failed 2016.HK: Too Many Requests. Rate limited. Try after a while.
[YFinanceFeed] realtime failed 2018.HK: Too Many Requests. Rate limited. Try after a while.
[YFinanceFeed] realtime failed 2020.HK: Too Many Requests. Rate limited. Try after a while.
[YFinanceFeed] realtime failed 2025.HK: Too Many Requests. Rate limited. Try after a while.
[YFinanceFeed] realtime failed 2026.HK: Too Many Requests. Rate limited. Try after a while.
[YFinanceFeed] realtime failed 2038.HK: Too Many Requests. Rate limited. Try after a while.
[YFinanceFeed] realtime failed 2039.HK: Too Many Requests. Rate limited. Try after a while.
[YFinanceFeed] realtime failed 2050.HK: Too Many Requests. Rate limited. Try after a while.
[YFinanceFeed] realtime failed 2051.HK: Too Many Requests. Rate limited. Try after a while.
[YFinanceFeed] realtime failed 2057.HK: Too Many Requests. Rate limited. Try after a while.
[YFinanceFeed] realtime failed 2068.HK: Too Many Requests. Rate limited. Try after a while.
[YFinanceFeed] realtime failed 2096.HK: Too Many Requests. Rate limited. Try after a while.
[YFinanceFeed] realtime failed 2098.HK: Too Many Requests. Rate limited. Try after a while.
[YFinanceFeed] realtime failed 2099.HK: Too Many Requests. Rate limited. Try after a while.
[YFinanceFeed] realtime failed 2100.HK: Too Many Requests. Rate limited. Try after a while.
[YFinanceFeed] realtime failed 2102.HK: Too Many Requests. Rate limited. Try after a while.
[YFinanceFeed] realtime failed 2105.HK: Too Many Requests. Rate limited. Try after a while.
[YFinanceFeed] realtime failed 2107.HK: Too Many Requests. Rate limited. Try after a while.
[YFinanceFeed] realtime failed 2110.HK: Too Many Requests. Rate limited. Try after a while.
[YFinanceFeed] realtime failed 2111.HK: Too Many Requests. Rate limited. Try after a while.
[YFinanceFeed] realtime failed 2112.HK: Too Many Requests. Rate limited. Try after a while.
[YFinanceFeed] realtime failed 2119.HK: Too Many Requests. Rate limited. Try after a while.
[YFinanceFeed] realtime failed 2121.HK: Too Many Requests. Rate limited. Try after a while.
[YFinanceFeed] realtime failed 2122.HK: Too Many Requests. Rate limited. Try after a while.
[YFinanceFeed] realtime failed 2126.HK: Too Many Requests. Rate limited. Try after a while.
[YFinanceFeed] realtime failed 2128.HK: Too Many Requests. Rate limited. Try after a while.
[YFinanceFeed] realtime failed 2137.HK: Too Many Requests. Rate limited. Try after a while.
[YFinanceFeed] realtime failed 2139.HK: Too Many Requests. Rate limited. Try after a while.
[YFinanceFeed] realtime failed 2142.HK: Too Many Requests. Rate limited. Try after a while.
[YFinanceFeed] realtime failed 2145.HK: Too Many Requests. Rate limited. Try after a while.
[YFinanceFeed] realtime failed 2150.HK: Too Many Requests. Rate limited. Try after a while.
[YFinanceFeed] realtime failed 2155.HK: Too Many Requests. Rate limited. Try after a while.
[YFinanceFeed] realtime failed 2156.HK: Too Many Requests. Rate limited. Try after a while.
[YFinanceFeed] realtime failed 2157.HK: Too Many Requests. Rate limited. Try after a while.
[YFinanceFeed] realtime failed 2158.HK: Too Many Requests. Rate limited. Try after a while.
[YFinanceFeed] realtime failed 2160.HK: Too Many Requests. Rate limited. Try after a while.
[YFinanceFeed] realtime failed 2162.HK: Too Many Requests. Rate limited. Try after a while.
[YFinanceFeed] realtime failed 2166.HK: Too Many Requests. Rate limited. Try after a while.
[YFinanceFeed] realtime failed 2170.HK: Too Many Requests. Rate limited. Try after a while.
[YFinanceFeed] realtime failed 2171.HK: Too Many Requests. Rate limited. Try after a while.
[YFinanceFeed] realtime failed 2175.HK: Too Many Requests. Rate limited. Try after a while.
[YFinanceFeed] realtime failed 2176.HK: Too Many Requests. Rate limited. Try after a while.
[YFinanceFeed] realtime failed 2178.HK: Too Many Requests. Rate limited. Try after a while.
[YFinanceFeed] realtime failed 2185.HK: Too Many Requests. Rate limited. Try after a while.
[YFinanceFeed] realtime failed 2186.HK: Too Many Requests. Rate limited. Try after a while.
[YFinanceFeed] realtime failed 2190.HK: Too Many Requests. Rate limited. Try after a while.
[YFinanceFeed] realtime failed 2196.HK: Too Many Requests. Rate limited. Try after a while.
[YFinanceFeed] realtime failed 2197.HK: Too Many Requests. Rate limited. Try after a while.
[YFinanceFeed] realtime failed 2198.HK: Too Many Requests. Rate limited. Try after a while.
[YFinanceFeed] realtime failed 2202.HK: Too Many Requests. Rate limited. Try after a while.
[YFinanceFeed] realtime failed 2203.HK: Too Many Requests. Rate limited. Try after a while.
[YFinanceFeed] realtime failed 2208.HK: Too Many Requests. Rate limited. Try after a while.
[YFinanceFeed] realtime failed 2209.HK: Too Many Requests. Rate limited. Try after a while.
[YFinanceFeed] realtime failed 2216.HK: Too Many Requests. Rate limited. Try after a while.
[YFinanceFeed] realtime failed 2219.HK: Too Many Requests. Rate limited. Try after a while.
[YFinanceFeed] realtime failed 2225.HK: Too Many Requests. Rate limited. Try after a while.
[YFinanceFeed] realtime failed 2227.HK: Too Many Requests. Rate limited. Try after a while.
[YFinanceFeed] realtime failed 2228.HK: Too Many Requests. Rate limited. Try after a while.
[YFinanceFeed] realtime failed 2230.HK: Too Many Requests. Rate limited. Try after a while.
[YFinanceFeed] realtime failed 2231.HK: Too Many Requests. Rate limited. Try after a while.
[YFinanceFeed] realtime failed 2232.HK: Too Many Requests. Rate limited. Try after a while.
[YFinanceFeed] realtime failed 2233.HK: Too Many Requests. Rate limited. Try after a while.
[YFinanceFeed] realtime failed 2235.HK: Too Many Requests. Rate limited. Try after a while.
[YFinanceFeed] realtime failed 2236.HK: Too Many Requests. Rate limited. Try after a while.
[YFinanceFeed] realtime failed 2238.HK: Too Many Requests. Rate limited. Try after a while.
[YFinanceFeed] realtime failed 2245.HK: Too Many Requests. Rate limited. Try after a while.
[YFinanceFeed] realtime failed 2252.HK: Too Many Requests. Rate limited. Try after a while.
[YFinanceFeed] realtime failed 2255.HK: Too Many Requests. Rate limited. Try after a while.
[YFinanceFeed] realtime failed 2256.HK: Too Many Requests. Rate limited. Try after a while.
[YFinanceFeed] realtime failed 2259.HK: Too Many Requests. Rate limited. Try after a while.
[YFinanceFeed] realtime failed 2265.HK: Too Many Requests. Rate limited. Try after a while.
[YFinanceFeed] realtime failed 2266.HK: Too Many Requests. Rate limited. Try after a while.
[YFinanceFeed] realtime failed 2268.HK: Too Many Requests. Rate limited. Try after a while.
[YFinanceFeed] realtime failed 2269.HK: Too Many Requests. Rate limited. Try after a while.
[YFinanceFeed] realtime failed 2276.HK: Too Many Requests. Rate limited. Try after a while.
[YFinanceFeed] realtime failed 2282.HK: Too Many Requests. Rate limited. Try after a while.
[YFinanceFeed] realtime failed 2283.HK: Too Many Requests. Rate limited. Try after a while.
[YFinanceFeed] realtime failed 2302.HK: Too Many Requests. Rate limited. Try after a while.
[YFinanceFeed] realtime failed 2309.HK: Too Many Requests. Rate limited. Try after a while.
[YFinanceFeed] realtime failed 2310.HK: Too Many Requests. Rate limited. Try after a while.
[YFinanceFeed] realtime failed 2312.HK: Too Many Requests. Rate limited. Try after a while.
[YFinanceFeed] realtime failed 2313.HK: Too Many Requests. Rate limited. Try after a while.
[YFinanceFeed] realtime failed 2314.HK: Too Many Requests. Rate limited. Try after a while.
[YFinanceFeed] realtime failed 2315.HK: Too Many Requests. Rate limited. Try after a while.
[YFinanceFeed] realtime failed 2317.HK: Too Many Requests. Rate limited. Try after a while.
[YFinanceFeed] realtime failed 2318.HK: Too Many Requests. Rate limited. Try after a while.
[YFinanceFeed] realtime failed 2319.HK: Too Many Requests. Rate limited. Try after a while.
[YFinanceFeed] realtime failed 2322.HK: Too Many Requests. Rate limited. Try after a while.
[YFinanceFeed] realtime failed 2327.HK: Too Many Requests. Rate limited. Try after a while.
[YFinanceFeed] realtime failed 2328.HK: Too Many Requests. Rate limited. Try after a while.
[YFinanceFeed] realtime failed 2330.HK: Too Many Requests. Rate limited. Try after a while.
[YFinanceFeed] realtime failed 2331.HK: Too Many Requests. Rate limited. Try after a while.
[YFinanceFeed] realtime failed 2333.HK: Too Many Requests. Rate limited. Try after a while.
[YFinanceFeed] realtime failed 2337.HK: Too Many Requests. Rate limited. Try after a while.
[YFinanceFeed] realtime failed 2338.HK: Too Many Requests. Rate limited. Try after a while.
[YFinanceFeed] realtime failed 2342.HK: Too Many Requests. Rate limited. Try after a while.
[YFinanceFeed] realtime failed 2343.HK: Too Many Requests. Rate limited. Try after a while.
[YFinanceFeed] realtime failed 2349.HK: Too Many Requests. Rate limited. Try after a while.
[YFinanceFeed] realtime failed 2350.HK: Too Many Requests. Rate limited. Try after a while.
[YFinanceFeed] realtime failed 2356.HK: Too Many Requests. Rate limited. Try after a while.
[YFinanceFeed] realtime failed 2357.HK: Too Many Requests. Rate limited. Try after a while.
[YFinanceFeed] realtime failed 2359.HK: Too Many Requests. Rate limited. Try after a while.
[YFinanceFeed] realtime failed 2360.HK: Too Many Requests. Rate limited. Try after a while.
[YFinanceFeed] realtime failed 2367.HK: Too Many Requests. Rate limited. Try after a while.
[YFinanceFeed] realtime failed 2380.HK: Too Many Requests. Rate limited. Try after a while.
[YFinanceFeed] realtime failed 2381.HK: Too Many Requests. Rate limited. Try after a while.
[YFinanceFeed] realtime failed 2382.HK: Too Many Requests. Rate limited. Try after a while.
[YFinanceFeed] realtime failed 2385.HK: Too Many Requests. Rate limited. Try after a while.
[YFinanceFeed] realtime failed 2386.HK: Too Many Requests. Rate limited. Try after a while.
[YFinanceFeed] realtime failed 2388.HK: Too Many Requests. Rate limited. Try after a while.
[YFinanceFeed] realtime failed 2389.HK: Too Many Requests. Rate limited. Try after a while.
[YFinanceFeed] realtime failed 2399.HK: Too Many Requests. Rate limited. Try after a while.
[YFinanceFeed] realtime failed 2400.HK: Too Many Requests. Rate limited. Try after a while.
[YFinanceFeed] realtime failed 2402.HK: Too Many Requests. Rate limited. Try after a while.
[YFinanceFeed] realtime failed 2416.HK: Too Many Requests. Rate limited. Try after a while.
[YFinanceFeed] realtime failed 2418.HK: Too Many Requests. Rate limited. Try after a while.
[YFinanceFeed] realtime failed 2423.HK: Too Many Requests. Rate limited. Try after a while.
[YFinanceFeed] realtime failed 2427.HK: Too Many Requests. Rate limited. Try after a while.
[YFinanceFeed] realtime failed 2431.HK: Too Many Requests. Rate limited. Try after a while.
[YFinanceFeed] realtime failed 2432.HK: Too Many Requests. Rate limited. Try after a while.
[YFinanceFeed] realtime failed 2436.HK: Too Many Requests. Rate limited. Try after a while.
[YFinanceFeed] realtime failed 2438.HK: Too Many Requests. Rate limited. Try after a while.
[YFinanceFeed] realtime failed 2439.HK: Too Many Requests. Rate limited. Try after a while.
[YFinanceFeed] realtime failed 2440.HK: Too Many Requests. Rate limited. Try after a while.
[YFinanceFeed] realtime failed 2442.HK: Too Many Requests. Rate limited. Try after a while.
[YFinanceFeed] realtime failed 2443.HK: Too Many Requests. Rate limited. Try after a while.
[YFinanceFeed] realtime failed 2453.HK: Too Many Requests. Rate limited. Try after a while.
[YFinanceFeed] realtime failed 2457.HK: Too Many Requests. Rate limited. Try after a while.
[YFinanceFeed] realtime failed 2459.HK: Too Many Requests. Rate limited. Try after a while.
[YFinanceFeed] realtime failed 2460.HK: Too Many Requests. Rate limited. Try after a while.
[YFinanceFeed] realtime failed 2465.HK: Too Many Requests. Rate limited. Try after a while.
[YFinanceFeed] realtime failed 2469.HK: Too Many Requests. Rate limited. Try after a while.
[YFinanceFeed] realtime failed 2473.HK: Too Many Requests. Rate limited. Try after a while.
[YFinanceFeed] realtime failed 2476.HK: Too Many Requests. Rate limited. Try after a while.
[YFinanceFeed] realtime failed 2488.HK: Too Many Requests. Rate limited. Try after a while.
[YFinanceFeed] realtime failed 2489.HK: Too Many Requests. Rate limited. Try after a while.
[YFinanceFeed] realtime failed 2490.HK: Too Many Requests. Rate limited. Try after a while.
[YFinanceFeed] realtime failed 2493.HK: Too Many Requests. Rate limited. Try after a while.
[YFinanceFeed] realtime failed 2498.HK: Too Many Requests. Rate limited. Try after a while.
[YFinanceFeed] realtime failed 2500.HK: Too Many Requests. Rate limited. Try after a while.
[YFinanceFeed] realtime failed 2501.HK: Too Many Requests. Rate limited. Try after a while.
[YFinanceFeed] realtime failed 2502.HK: Too Many Requests. Rate limited. Try after a while.
[YFinanceFeed] realtime failed 2503.HK: Too Many Requests. Rate limited. Try after a while.
[YFinanceFeed] realtime failed 2505.HK: Too Many Requests. Rate limited. Try after a while.
[YFinanceFeed] realtime failed 2507.HK: Too Many Requests. Rate limited. Try after a while.
[YFinanceFeed] realtime failed 2508.HK: Too Many Requests. Rate limited. Try after a while.
[YFinanceFeed] realtime failed 2509.HK: Too Many Requests. Rate limited. Try after a while.
[YFinanceFeed] realtime failed 2510.HK: Too Many Requests. Rate limited. Try after a while.
[YFinanceFeed] realtime failed 2511.HK: Too Many Requests. Rate limited. Try after a while.
[YFinanceFeed] realtime failed 2513.HK: Too Many Requests. Rate limited. Try after a while.
[YFinanceFeed] realtime failed 2516.HK: Too Many Requests. Rate limited. Try after a while.
[YFinanceFeed] realtime failed 2517.HK: Too Many Requests. Rate limited. Try after a while.
[YFinanceFeed] realtime failed 2519.HK: Too Many Requests. Rate limited. Try after a while.
[YFinanceFeed] realtime failed 2521.HK: Too Many Requests. Rate limited. Try after a while.
[YFinanceFeed] realtime failed 2522.HK: Too Many Requests. Rate limited. Try after a while.
[YFinanceFeed] realtime failed 2525.HK: Too Many Requests. Rate limited. Try after a while.
[YFinanceFeed] realtime failed 2526.HK: Too Many Requests. Rate limited. Try after a while.
[YFinanceFeed] realtime failed 2528.HK: Too Many Requests. Rate limited. Try after a while.
[YFinanceFeed] realtime failed 2533.HK: Too Many Requests. Rate limited. Try after a while.
[YFinanceFeed] realtime failed 2535.HK: Too Many Requests. Rate limited. Try after a while.
[YFinanceFeed] realtime failed 2539.HK: Too Many Requests. Rate limited. Try after a while.
[YFinanceFeed] realtime failed 2540.HK: Too Many Requests. Rate limited. Try after a while.
[YFinanceFeed] realtime failed 2546.HK: Too Many Requests. Rate limited. Try after a while.
[YFinanceFeed] realtime failed 2549.HK: Too Many Requests. Rate limited. Try after a while.
[YFinanceFeed] realtime failed 2550.HK: Too Many Requests. Rate limited. Try after a while.
[YFinanceFeed] realtime failed 2552.HK: Too Many Requests. Rate limited. Try after a while.
[YFinanceFeed] realtime failed 2556.HK: Too Many Requests. Rate limited. Try after a while.
[YFinanceFeed] realtime failed 2562.HK: Too Many Requests. Rate limited. Try after a while.
[YFinanceFeed] realtime failed 2567.HK: Too Many Requests. Rate limited. Try after a while.
[YFinanceFeed] realtime failed 2569.HK: Too Many Requests. Rate limited. Try after a while.
[YFinanceFeed] realtime failed 2575.HK: Too Many Requests. Rate limited. Try after a while.
[YFinanceFeed] realtime failed 2576.HK: Too Many Requests. Rate limited. Try after a while.
[YFinanceFeed] realtime failed 2577.HK: Too Many Requests. Rate limited. Try after a while.
[YFinanceFeed] realtime failed 2579.HK: Too Many Requests. Rate limited. Try after a while.
[YFinanceFeed] realtime failed 2580.HK: Too Many Requests. Rate limited. Try after a while.
[YFinanceFeed] realtime failed 2582.HK: Too Many Requests. Rate limited. Try after a while.
[YFinanceFeed] realtime failed 2586.HK: Too Many Requests. Rate limited. Try after a while.
[YFinanceFeed] realtime failed 2587.HK: Too Many Requests. Rate limited. Try after a while.
[YFinanceFeed] realtime failed 2588.HK: Too Many Requests. Rate limited. Try after a while.
[YFinanceFeed] realtime failed 2590.HK: Too Many Requests. Rate limited. Try after a while.
[YFinanceFeed] realtime failed 2592.HK: Too Many Requests. Rate limited. Try after a while.
[YFinanceFeed] realtime failed 2595.HK: Too Many Requests. Rate limited. Try after a while.
[YFinanceFeed] realtime failed 2598.HK: Too Many Requests. Rate limited. Try after a while.
[YFinanceFeed] realtime failed 2600.HK: Too Many Requests. Rate limited. Try after a while.
[YFinanceFeed] realtime failed 2601.HK: Too Many Requests. Rate limited. Try after a while.
[YFinanceFeed] realtime failed 2602.HK: Too Many Requests. Rate limited. Try after a while.
[YFinanceFeed] realtime failed 2603.HK: Too Many Requests. Rate limited. Try after a while.
[YFinanceFeed] realtime failed 2607.HK: Too Many Requests. Rate limited. Try after a while.
[YFinanceFeed] realtime failed 2609.HK: Too Many Requests. Rate limited. Try after a while.
[YFinanceFeed] realtime failed 2610.HK: Too Many Requests. Rate limited. Try after a while.
[YFinanceFeed] realtime failed 2611.HK: Too Many Requests. Rate limited. Try after a while.
[YFinanceFeed] realtime failed 2616.HK: Too Many Requests. Rate limited. Try after a while.
[YFinanceFeed] realtime failed 2618.HK: Too Many Requests. Rate limited. Try after a while.
[YFinanceFeed] realtime failed 2623.HK: Too Many Requests. Rate limited. Try after a while.
[YFinanceFeed] realtime failed 2628.HK: Too Many Requests. Rate limited. Try after a while.
[YFinanceFeed] realtime failed 2631.HK: Too Many Requests. Rate limited. Try after a while.
[YFinanceFeed] realtime failed 2635.HK: Too Many Requests. Rate limited. Try after a while.
[YFinanceFeed] realtime failed 2638.HK: Too Many Requests. Rate limited. Try after a while.
[YFinanceFeed] realtime failed 2650.HK: Too Many Requests. Rate limited. Try after a while.
[YFinanceFeed] realtime failed 2655.HK: Too Many Requests. Rate limited. Try after a while.
[YFinanceFeed] realtime failed 2656.HK: Too Many Requests. Rate limited. Try after a while.
[YFinanceFeed] realtime failed 2659.HK: Too Many Requests. Rate limited. Try after a while.
[YFinanceFeed] realtime failed 2660.HK: Too Many Requests. Rate limited. Try after a while.
[YFinanceFeed] realtime failed 2661.HK: Too Many Requests. Rate limited. Try after a while.
[YFinanceFeed] realtime failed 2665.HK: Too Many Requests. Rate limited. Try after a while.
[YFinanceFeed] realtime failed 2666.HK: Too Many Requests. Rate limited. Try after a while.
[YFinanceFeed] realtime failed 2668.HK: Too Many Requests. Rate limited. Try after a while.
[YFinanceFeed] realtime failed 2669.HK: Too Many Requests. Rate limited. Try after a while.
[YFinanceFeed] realtime failed 2678.HK: Too Many Requests. Rate limited. Try after a while.
[YFinanceFeed] realtime failed 2685.HK: Too Many Requests. Rate limited. Try after a while.
[YFinanceFeed] realtime failed 2687.HK: Too Many Requests. Rate limited. Try after a while.
[YFinanceFeed] realtime failed 2688.HK: Too Many Requests. Rate limited. Try after a while.
[YFinanceFeed] realtime failed 2689.HK: Too Many Requests. Rate limited. Try after a while.
[YFinanceFeed] realtime failed 2696.HK: Too Many Requests. Rate limited. Try after a while.
[YFinanceFeed] realtime failed 2698.HK: Too Many Requests. Rate limited. Try after a while.
[YFinanceFeed] realtime failed 2699.HK: Too Many Requests. Rate limited. Try after a while.
[YFinanceFeed] realtime failed 2701.HK: Too Many Requests. Rate limited. Try after a while.
[YFinanceFeed] realtime failed 2706.HK: Too Many Requests. Rate limited. Try after a while.
[YFinanceFeed] realtime failed 2714.HK: Too Many Requests. Rate limited. Try after a while.
[YFinanceFeed] realtime failed 2715.HK: Too Many Requests. Rate limited. Try after a while.
[YFinanceFeed] realtime failed 2722.HK: Too Many Requests. Rate limited. Try after a while.
[YFinanceFeed] realtime failed 2726.HK: Too Many Requests. Rate limited. Try after a while.
[YFinanceFeed] realtime failed 2727.HK: Too Many Requests. Rate limited. Try after a while.
[YFinanceFeed] realtime failed 2729.HK: Too Many Requests. Rate limited. Try after a while.
[YFinanceFeed] realtime failed 2772.HK: Too Many Requests. Rate limited. Try after a while.
[YFinanceFeed] realtime failed 2777.HK: Too Many Requests. Rate limited. Try after a while.
[YFinanceFeed] realtime failed 2788.HK: Too Many Requests. Rate limited. Try after a while.
[YFinanceFeed] realtime failed 2789.HK: Too Many Requests. Rate limited. Try after a while.
[YFinanceFeed] realtime failed 2798.HK: Too Many Requests. Rate limited. Try after a while.
[YFinanceFeed] realtime failed 2799.HK: Too Many Requests. Rate limited. Try after a while.
[YFinanceFeed] realtime failed 2858.HK: Too Many Requests. Rate limited. Try after a while.
[YFinanceFeed] realtime failed 2863.HK: Too Many Requests. Rate limited. Try after a while.
[YFinanceFeed] realtime failed 2865.HK: Too Many Requests. Rate limited. Try after a while.
[YFinanceFeed] realtime failed 2866.HK: Too Many Requests. Rate limited. Try after a while.
[YFinanceFeed] realtime failed 2869.HK: Too Many Requests. Rate limited. Try after a while.
[YFinanceFeed] realtime failed 2877.HK: Too Many Requests. Rate limited. Try after a while.
[YFinanceFeed] realtime failed 2878.HK: Too Many Requests. Rate limited. Try after a while.
[YFinanceFeed] realtime failed 2883.HK: Too Many Requests. Rate limited. Try after a while.
[YFinanceFeed] realtime failed 2885.HK: Too Many Requests. Rate limited. Try after a while.
[YFinanceFeed] realtime failed 2888.HK: Too Many Requests. Rate limited. Try after a while.
[YFinanceFeed] realtime failed 2899.HK: Too Many Requests. Rate limited. Try after a while.
[YFinanceFeed] realtime failed 2936.HK: Too Many Requests. Rate limited. Try after a while.
[YFinanceFeed] realtime failed 2940.HK: Too Many Requests. Rate limited. Try after a while.
[YFinanceFeed] realtime failed 2944.HK: Too Many Requests. Rate limited. Try after a while.
[YFinanceFeed] realtime failed 3200.HK: Too Many Requests. Rate limited. Try after a while.
[YFinanceFeed] realtime failed 3268.HK: Too Many Requests. Rate limited. Try after a while.
[YFinanceFeed] realtime failed 3277.HK: Too Many Requests. Rate limited. Try after a while.
[YFinanceFeed] realtime failed 3288.HK: Too Many Requests. Rate limited. Try after a while.
[YFinanceFeed] realtime failed 3296.HK: Too Many Requests. Rate limited. Try after a while.
[YFinanceFeed] realtime failed 3300.HK: Too Many Requests. Rate limited. Try after a while.
[YFinanceFeed] realtime failed 3301.HK: Too Many Requests. Rate limited. Try after a while.
[YFinanceFeed] realtime failed 3302.HK: Too Many Requests. Rate limited. Try after a while.
[YFinanceFeed] realtime failed 3303.HK: Too Many Requests. Rate limited. Try after a while.
[YFinanceFeed] realtime failed 3311.HK: Too Many Requests. Rate limited. Try after a while.
[YFinanceFeed] realtime failed 3313.HK: Too Many Requests. Rate limited. Try after a while.
[YFinanceFeed] realtime failed 3317.HK: Too Many Requests. Rate limited. Try after a while.
[YFinanceFeed] realtime failed 3319.HK: Too Many Requests. Rate limited. Try after a while.
[YFinanceFeed] realtime failed 3320.HK: Too Many Requests. Rate limited. Try after a while.
[YFinanceFeed] realtime failed 3323.HK: Too Many Requests. Rate limited. Try after a while.
[YFinanceFeed] realtime failed 3328.HK: Too Many Requests. Rate limited. Try after a while.
[YFinanceFeed] realtime failed 3329.HK: Too Many Requests. Rate limited. Try after a while.
[YFinanceFeed] realtime failed 3330.HK: Too Many Requests. Rate limited. Try after a while.
[YFinanceFeed] realtime failed 3337.HK: Too Many Requests. Rate limited. Try after a while.
[YFinanceFeed] realtime failed 3339.HK: Too Many Requests. Rate limited. Try after a while.
[YFinanceFeed] realtime failed 3347.HK: Too Many Requests. Rate limited. Try after a while.
[YFinanceFeed] realtime failed 3355.HK: Too Many Requests. Rate limited. Try after a while.
[YFinanceFeed] realtime failed 3360.HK: Too Many Requests. Rate limited. Try after a while.
[YFinanceFeed] realtime failed 3368.HK: Too Many Requests. Rate limited. Try after a while.
[YFinanceFeed] realtime failed 3377.HK: Too Many Requests. Rate limited. Try after a while.
[YFinanceFeed] realtime failed 3380.HK: Too Many Requests. Rate limited. Try after a while.
[YFinanceFeed] realtime failed 3382.HK: Too Many Requests. Rate limited. Try after a while.
[YFinanceFeed] realtime failed 3383.HK: Too Many Requests. Rate limited. Try after a while.
[YFinanceFeed] realtime failed 3389.HK: Too Many Requests. Rate limited. Try after a while.
[YFinanceFeed] realtime failed 3390.HK: Too Many Requests. Rate limited. Try after a while.
[YFinanceFeed] realtime failed 3393.HK: Too Many Requests. Rate limited. Try after a while.
[YFinanceFeed] realtime failed 3396.HK: Too Many Requests. Rate limited. Try after a while.
[YFinanceFeed] realtime failed 3603.HK: Too Many Requests. Rate limited. Try after a while.
[YFinanceFeed] realtime failed 3606.HK: Too Many Requests. Rate limited. Try after a while.
[YFinanceFeed] realtime failed 3613.HK: Too Many Requests. Rate limited. Try after a while.
[YFinanceFeed] realtime failed 3618.HK: Too Many Requests. Rate limited. Try after a while.
[YFinanceFeed] realtime failed 3625.HK: Too Many Requests. Rate limited. Try after a while.
[YFinanceFeed] realtime failed 3633.HK: Too Many Requests. Rate limited. Try after a while.
[YFinanceFeed] realtime failed 3650.HK: Too Many Requests. Rate limited. Try after a while.
[YFinanceFeed] realtime failed 3658.HK: Too Many Requests. Rate limited. Try after a while.
[YFinanceFeed] realtime failed 3662.HK: Too Many Requests. Rate limited. Try after a while.
[YFinanceFeed] realtime failed 3668.HK: Too Many Requests. Rate limited. Try after a while.
[YFinanceFeed] realtime failed 3669.HK: Too Many Requests. Rate limited. Try after a while.
[YFinanceFeed] realtime failed 3677.HK: Too Many Requests. Rate limited. Try after a while.
[YFinanceFeed] realtime failed 3678.HK: Too Many Requests. Rate limited. Try after a while.
[YFinanceFeed] realtime failed 3680.HK: Too Many Requests. Rate limited. Try after a while.
[YFinanceFeed] realtime failed 3681.HK: Too Many Requests. Rate limited. Try after a while.
[YFinanceFeed] realtime failed 3686.HK: Too Many Requests. Rate limited. Try after a while.
[YFinanceFeed] realtime failed 3690.HK: Too Many Requests. Rate limited. Try after a while.
[YFinanceFeed] realtime failed 3692.HK: Too Many Requests. Rate limited. Try after a while.
[YFinanceFeed] realtime failed 3696.HK: Too Many Requests. Rate limited. Try after a while.
[YFinanceFeed] realtime failed 3698.HK: Too Many Requests. Rate limited. Try after a while.
[YFinanceFeed] realtime failed 3700.HK: Too Many Requests. Rate limited. Try after a while.
[YFinanceFeed] realtime failed 3708.HK: Too Many Requests. Rate limited. Try after a while.
[YFinanceFeed] realtime failed 3709.HK: Too Many Requests. Rate limited. Try after a while.
[YFinanceFeed] realtime failed 3718.HK: Too Many Requests. Rate limited. Try after a while.
[YFinanceFeed] realtime failed 3737.HK: Too Many Requests. Rate limited. Try after a while.
[YFinanceFeed] realtime failed 3738.HK: Too Many Requests. Rate limited. Try after a while.
[YFinanceFeed] realtime failed 3750.HK: Too Many Requests. Rate limited. Try after a while.
[YFinanceFeed] realtime failed 3759.HK: Too Many Requests. Rate limited. Try after a while.
[YFinanceFeed] realtime failed 3788.HK: Too Many Requests. Rate limited. Try after a while.
[YFinanceFeed] realtime failed 3800.HK: Too Many Requests. Rate limited. Try after a while.
[YFinanceFeed] realtime failed 3808.HK: Too Many Requests. Rate limited. Try after a while.
[YFinanceFeed] realtime failed 3813.HK: Too Many Requests. Rate limited. Try after a while.
[YFinanceFeed] realtime failed 3816.HK: Too Many Requests. Rate limited. Try after a while.
[YFinanceFeed] realtime failed 3818.HK: Too Many Requests. Rate limited. Try after a while.
[YFinanceFeed] realtime failed 3828.HK: Too Many Requests. Rate limited. Try after a while.
[YFinanceFeed] realtime failed 3833.HK: Too Many Requests. Rate limited. Try after a while.
[YFinanceFeed] realtime failed 3836.HK: Too Many Requests. Rate limited. Try after a while.
[YFinanceFeed] realtime failed 3838.HK: Too Many Requests. Rate limited. Try after a while.
[YFinanceFeed] realtime failed 3848.HK: Too Many Requests. Rate limited. Try after a while.
[YFinanceFeed] realtime failed 3858.HK: Too Many Requests. Rate limited. Try after a while.
[YFinanceFeed] realtime failed 3866.HK: Too Many Requests. Rate limited. Try after a while.
[YFinanceFeed] realtime failed 3868.HK: Too Many Requests. Rate limited. Try after a while.
[YFinanceFeed] realtime failed 3877.HK: Too Many Requests. Rate limited. Try after a while.
[YFinanceFeed] realtime failed 3881.HK: Too Many Requests. Rate limited. Try after a while.
[YFinanceFeed] realtime failed 3883.HK: Too Many Requests. Rate limited. Try after a while.
[YFinanceFeed] realtime failed 3887.HK: Too Many Requests. Rate limited. Try after a while.
[YFinanceFeed] realtime failed 3888.HK: Too Many Requests. Rate limited. Try after a while.
[YFinanceFeed] realtime failed 3896.HK: Too Many Requests. Rate limited. Try after a while.
[YFinanceFeed] realtime failed 3898.HK: Too Many Requests. Rate limited. Try after a while.
[YFinanceFeed] realtime failed 3899.HK: Too Many Requests. Rate limited. Try after a while.
[YFinanceFeed] realtime failed 3900.HK: Too Many Requests. Rate limited. Try after a while.
[YFinanceFeed] realtime failed 3908.HK: Too Many Requests. Rate limited. Try after a while.
[YFinanceFeed] realtime failed 3913.HK: Too Many Requests. Rate limited. Try after a while.
[YFinanceFeed] realtime failed 3918.HK: Too Many Requests. Rate limited. Try after a while.
[YFinanceFeed] realtime failed 3928.HK: Too Many Requests. Rate limited. Try after a while.
[YFinanceFeed] realtime failed 3931.HK: Too Many Requests. Rate limited. Try after a while.
[YFinanceFeed] realtime failed 3933.HK: Too Many Requests. Rate limited. Try after a while.
[YFinanceFeed] realtime failed 3939.HK: Too Many Requests. Rate limited. Try after a while.
[YFinanceFeed] realtime failed 3958.HK: Too Many Requests. Rate limited. Try after a while.
[YFinanceFeed] realtime failed 3968.HK: Too Many Requests. Rate limited. Try after a while.
[YFinanceFeed] realtime failed 3969.HK: Too Many Requests. Rate limited. Try after a while.
[YFinanceFeed] realtime failed 3978.HK: Too Many Requests. Rate limited. Try after a while.
[YFinanceFeed] realtime failed 3983.HK: Too Many Requests. Rate limited. Try after a while.
[YFinanceFeed] realtime failed 3986.HK: Too Many Requests. Rate limited. Try after a while.
[YFinanceFeed] realtime failed 3988.HK: Too Many Requests. Rate limited. Try after a while.
[YFinanceFeed] realtime failed 3989.HK: Too Many Requests. Rate limited. Try after a while.
[YFinanceFeed] realtime failed 3990.HK: Too Many Requests. Rate limited. Try after a while.
[YFinanceFeed] realtime failed 3991.HK: Too Many Requests. Rate limited. Try after a while.
[YFinanceFeed] realtime failed 3993.HK: Too Many Requests. Rate limited. Try after a while.
[YFinanceFeed] realtime failed 3996.HK: Too Many Requests. Rate limited. Try after a while.
[YFinanceFeed] realtime failed 3997.HK: Too Many Requests. Rate limited. Try after a while.
[YFinanceFeed] realtime failed 3998.HK: Too Many Requests. Rate limited. Try after a while.
[YFinanceFeed] realtime failed 6030.HK: Too Many Requests. Rate limited. Try after a while.
[YFinanceFeed] realtime failed 6031.HK: Too Many Requests. Rate limited. Try after a while.
[YFinanceFeed] realtime failed 6036.HK: Too Many Requests. Rate limited. Try after a while.
[YFinanceFeed] realtime failed 6049.HK: Too Many Requests. Rate limited. Try after a while.
[YFinanceFeed] realtime failed 6051.HK: Too Many Requests. Rate limited. Try after a while.
[YFinanceFeed] realtime failed 6055.HK: Too Many Requests. Rate limited. Try after a while.
[YFinanceFeed] realtime failed 6058.HK: Too Many Requests. Rate limited. Try after a while.
[YFinanceFeed] realtime failed 6060.HK: Too Many Requests. Rate limited. Try after a while.
[YFinanceFeed] realtime failed 6063.HK: Too Many Requests. Rate limited. Try after a while.
[YFinanceFeed] realtime failed 6066.HK: Too Many Requests. Rate limited. Try after a while.
[YFinanceFeed] realtime failed 6069.HK: Too Many Requests. Rate limited. Try after a while.
[YFinanceFeed] realtime failed 6078.HK: Too Many Requests. Rate limited. Try after a while.
[YFinanceFeed] realtime failed 6080.HK: Too Many Requests. Rate limited. Try after a while.
[YFinanceFeed] realtime failed 6082.HK: Too Many Requests. Rate limited. Try after a while.
[YFinanceFeed] realtime failed 6088.HK: Too Many Requests. Rate limited. Try after a while.
[YFinanceFeed] realtime failed 6090.HK: Too Many Requests. Rate limited. Try after a while.
[YFinanceFeed] realtime failed 6098.HK: Too Many Requests. Rate limited. Try after a while.
[YFinanceFeed] realtime failed 6099.HK: Too Many Requests. Rate limited. Try after a while.
[YFinanceFeed] realtime failed 6100.HK: Too Many Requests. Rate limited. Try after a while.
[YFinanceFeed] realtime failed 6110.HK: Too Many Requests. Rate limited. Try after a while.
[YFinanceFeed] realtime failed 6117.HK: Too Many Requests. Rate limited. Try after a while.
[YFinanceFeed] realtime failed 6127.HK: Too Many Requests. Rate limited. Try after a while.
[YFinanceFeed] realtime failed 6128.HK: Too Many Requests. Rate limited. Try after a while.
[YFinanceFeed] realtime failed 6138.HK: Too Many Requests. Rate limited. Try after a while.
[YFinanceFeed] realtime failed 6158.HK: Too Many Requests. Rate limited. Try after a while.
[YFinanceFeed] realtime failed 6160.HK: Too Many Requests. Rate limited. Try after a while.
[YFinanceFeed] realtime failed 6162.HK: Too Many Requests. Rate limited. Try after a while.
[YFinanceFeed] realtime failed 6166.HK: Too Many Requests. Rate limited. Try after a while.
[YFinanceFeed] realtime failed 6169.HK: Too Many Requests. Rate limited. Try after a while.
[YFinanceFeed] realtime failed 6178.HK: Too Many Requests. Rate limited. Try after a while.
[YFinanceFeed] realtime failed 6181.HK: Too Many Requests. Rate limited. Try after a while.
[YFinanceFeed] realtime failed 6185.HK: Too Many Requests. Rate limited. Try after a while.
[YFinanceFeed] realtime failed 6186.HK: Too Many Requests. Rate limited. Try after a while.
[YFinanceFeed] realtime failed 6196.HK: Too Many Requests. Rate limited. Try after a while.
[YFinanceFeed] realtime failed 6198.HK: Too Many Requests. Rate limited. Try after a while.
[YFinanceFeed] realtime failed 6601.HK: Too Many Requests. Rate limited. Try after a while.
[YFinanceFeed] realtime failed 6608.HK: Too Many Requests. Rate limited. Try after a while.
[YFinanceFeed] realtime failed 6610.HK: Too Many Requests. Rate limited. Try after a while.
[YFinanceFeed] realtime failed 6613.HK: Too Many Requests. Rate limited. Try after a while.
[YFinanceFeed] realtime failed 6616.HK: Too Many Requests. Rate limited. Try after a while.
[YFinanceFeed] realtime failed 6618.HK: Too Many Requests. Rate limited. Try after a while.
[YFinanceFeed] realtime failed 6626.HK: Too Many Requests. Rate limited. Try after a while.
[YFinanceFeed] realtime failed 6628.HK: Too Many Requests. Rate limited. Try after a while.
[YFinanceFeed] realtime failed 6636.HK: Too Many Requests. Rate limited. Try after a while.
[YFinanceFeed] realtime failed 6651.HK: Too Many Requests. Rate limited. Try after a while.
[YFinanceFeed] realtime failed 6655.HK: Too Many Requests. Rate limited. Try after a while.
[YFinanceFeed] realtime failed 6656.HK: Too Many Requests. Rate limited. Try after a while.
[YFinanceFeed] realtime failed 6666.HK: Too Many Requests. Rate limited. Try after a while.
[YFinanceFeed] realtime failed 6669.HK: Too Many Requests. Rate limited. Try after a while.
[YFinanceFeed] realtime failed 6676.HK: Too Many Requests. Rate limited. Try after a while.
[YFinanceFeed] realtime failed 6680.HK: Too Many Requests. Rate limited. Try after a while.
[YFinanceFeed] realtime failed 6681.HK: Too Many Requests. Rate limited. Try after a while.
[YFinanceFeed] realtime failed 6682.HK: Too Many Requests. Rate limited. Try after a while.
[YFinanceFeed] realtime failed 6683.HK: Too Many Requests. Rate limited. Try after a while.
[YFinanceFeed] realtime failed 6687.HK: Too Many Requests. Rate limited. Try after a while.
[YFinanceFeed] realtime failed 6690.HK: Too Many Requests. Rate limited. Try after a while.
[YFinanceFeed] realtime failed 6693.HK: Too Many Requests. Rate limited. Try after a while.
[YFinanceFeed] realtime failed 6806.HK: Too Many Requests. Rate limited. Try after a while.
[YFinanceFeed] realtime failed 6808.HK: Too Many Requests. Rate limited. Try after a while.
[YFinanceFeed] realtime failed 6809.HK: Too Many Requests. Rate limited. Try after a while.
[YFinanceFeed] realtime failed 6810.HK: Too Many Requests. Rate limited. Try after a while.
[YFinanceFeed] realtime failed 6811.HK: Too Many Requests. Rate limited. Try after a while.
[YFinanceFeed] realtime failed 6818.HK: Too Many Requests. Rate limited. Try after a while.
[YFinanceFeed] realtime failed 6823.HK: Too Many Requests. Rate limited. Try after a while.
[YFinanceFeed] realtime failed 6828.HK: Too Many Requests. Rate limited. Try after a while.
[YFinanceFeed] realtime failed 6831.HK: Too Many Requests. Rate limited. Try after a while.
[YFinanceFeed] realtime failed 6833.HK: Too Many Requests. Rate limited. Try after a while.
[YFinanceFeed] realtime failed 6838.HK: Too Many Requests. Rate limited. Try after a while.
[YFinanceFeed] realtime failed 6839.HK: Too Many Requests. Rate limited. Try after a while.
[YFinanceFeed] realtime failed 6855.HK: Too Many Requests. Rate limited. Try after a while.
[YFinanceFeed] realtime failed 6860.HK: Too Many Requests. Rate limited. Try after a while.
[YFinanceFeed] realtime failed 6862.HK: Too Many Requests. Rate limited. Try after a while.
[YFinanceFeed] realtime failed 6865.HK: Too Many Requests. Rate limited. Try after a while.
[YFinanceFeed] realtime failed 6869.HK: Too Many Requests. Rate limited. Try after a while.
[YFinanceFeed] realtime failed 6877.HK: Too Many Requests. Rate limited. Try after a while.
[YFinanceFeed] realtime failed 6881.HK: Too Many Requests. Rate limited. Try after a while.
[YFinanceFeed] realtime failed 6885.HK: Too Many Requests. Rate limited. Try after a while.
[YFinanceFeed] realtime failed 6886.HK: Too Many Requests. Rate limited. Try after a while.
[YFinanceFeed] realtime failed 6887.HK: Too Many Requests. Rate limited. Try after a while.
[YFinanceFeed] realtime failed 6893.HK: Too Many Requests. Rate limited. Try after a while.
[YFinanceFeed] realtime failed 6908.HK: Too Many Requests. Rate limited. Try after a while.
[YFinanceFeed] realtime failed 6913.HK: Too Many Requests. Rate limited. Try after a while.
[YFinanceFeed] realtime failed 6918.HK: Too Many Requests. Rate limited. Try after a while.
[YFinanceFeed] realtime failed 6933.HK: Too Many Requests. Rate limited. Try after a while.
[YFinanceFeed] realtime failed 6936.HK: Too Many Requests. Rate limited. Try after a while.
[YFinanceFeed] realtime failed 6938.HK: Too Many Requests. Rate limited. Try after a while.
[YFinanceFeed] realtime failed 6939.HK: Too Many Requests. Rate limited. Try after a while.
[YFinanceFeed] realtime failed 6960.HK: Too Many Requests. Rate limited. Try after a while.
[YFinanceFeed] realtime failed 6963.HK: Too Many Requests. Rate limited. Try after a while.
[YFinanceFeed] realtime failed 6968.HK: Too Many Requests. Rate limited. Try after a while.
[YFinanceFeed] realtime failed 6969.HK: Too Many Requests. Rate limited. Try after a while.
[YFinanceFeed] realtime failed 6978.HK: Too Many Requests. Rate limited. Try after a while.
[YFinanceFeed] realtime failed 6979.HK: Too Many Requests. Rate limited. Try after a while.
[YFinanceFeed] realtime failed 6988.HK: Too Many Requests. Rate limited. Try after a while.
[YFinanceFeed] realtime failed 6993.HK: Too Many Requests. Rate limited. Try after a while.
[YFinanceFeed] realtime failed 6996.HK: Too Many Requests. Rate limited. Try after a while.
[YFinanceFeed] realtime failed 6998.HK: Too Many Requests. Rate limited. Try after a while.
[YFinanceFeed] realtime failed 7489.HK: Too Many Requests. Rate limited. Try after a while.
[YFinanceFeed] realtime failed 7618.HK: Too Many Requests. Rate limited. Try after a while.
[YFinanceFeed] realtime failed 8007.HK: Too Many Requests. Rate limited. Try after a while.
[YFinanceFeed] realtime failed 8017.HK: Too Many Requests. Rate limited. Try after a while.
[YFinanceFeed] realtime failed 8021.HK: Too Many Requests. Rate limited. Try after a while.
[YFinanceFeed] realtime failed 8027.HK: Too Many Requests. Rate limited. Try after a while.
[YFinanceFeed] realtime failed 8030.HK: Too Many Requests. Rate limited. Try after a while.
[YFinanceFeed] realtime failed 8031.HK: Too Many Requests. Rate limited. Try after a while.
[YFinanceFeed] realtime failed 8033.HK: Too Many Requests. Rate limited. Try after a while.
[YFinanceFeed] realtime failed 8036.HK: Too Many Requests. Rate limited. Try after a while.
[YFinanceFeed] realtime failed 8037.HK: Too Many Requests. Rate limited. Try after a while.
[YFinanceFeed] realtime failed 8041.HK: Too Many Requests. Rate limited. Try after a while.
[YFinanceFeed] realtime failed 8042.HK: Too Many Requests. Rate limited. Try after a while.
[YFinanceFeed] realtime failed 8056.HK: Too Many Requests. Rate limited. Try after a while.
[YFinanceFeed] realtime failed 8065.HK: Too Many Requests. Rate limited. Try after a while.
[YFinanceFeed] realtime failed 8069.HK: Too Many Requests. Rate limited. Try after a while.
[YFinanceFeed] realtime failed 8072.HK: Too Many Requests. Rate limited. Try after a while.
[YFinanceFeed] realtime failed 8081.HK: Too Many Requests. Rate limited. Try after a while.
[YFinanceFeed] realtime failed 8095.HK: Too Many Requests. Rate limited. Try after a while.
[YFinanceFeed] realtime failed 8096.HK: Too Many Requests. Rate limited. Try after a while.
[YFinanceFeed] realtime failed 8125.HK: Too Many Requests. Rate limited. Try after a while.
[YFinanceFeed] realtime failed 8131.HK: Too Many Requests. Rate limited. Try after a while.
[YFinanceFeed] realtime failed 8137.HK: Too Many Requests. Rate limited. Try after a while.
[YFinanceFeed] realtime failed 8146.HK: Too Many Requests. Rate limited. Try after a while.
[YFinanceFeed] realtime failed 8147.HK: Too Many Requests. Rate limited. Try after a while.
[YFinanceFeed] realtime failed 8152.HK: Too Many Requests. Rate limited. Try after a while.
[YFinanceFeed] realtime failed 8153.HK: Too Many Requests. Rate limited. Try after a while.
[YFinanceFeed] realtime failed 8162.HK: Too Many Requests. Rate limited. Try after a while.
[YFinanceFeed] realtime failed 8168.HK: Too Many Requests. Rate limited. Try after a while.
[YFinanceFeed] realtime failed 8173.HK: Too Many Requests. Rate limited. Try after a while.
[YFinanceFeed] realtime failed 8179.HK: Too Many Requests. Rate limited. Try after a while.
[YFinanceFeed] realtime failed 8188.HK: Too Many Requests. Rate limited. Try after a while.
[YFinanceFeed] realtime failed 8191.HK: Too Many Requests. Rate limited. Try after a while.
[YFinanceFeed] realtime failed 8193.HK: Too Many Requests. Rate limited. Try after a while.
[YFinanceFeed] realtime failed 8196.HK: Too Many Requests. Rate limited. Try after a while.
[YFinanceFeed] realtime failed 8203.HK: Too Many Requests. Rate limited. Try after a while.
[YFinanceFeed] realtime failed 8208.HK: Too Many Requests. Rate limited. Try after a while.
[YFinanceFeed] realtime failed 8219.HK: Too Many Requests. Rate limited. Try after a while.
[YFinanceFeed] realtime failed 8223.HK: Too Many Requests. Rate limited. Try after a while.
[YFinanceFeed] realtime failed 8226.HK: Too Many Requests. Rate limited. Try after a while.
[YFinanceFeed] realtime failed 8227.HK: Too Many Requests. Rate limited. Try after a while.
[YFinanceFeed] realtime failed 8237.HK: Too Many Requests. Rate limited. Try after a while.
[YFinanceFeed] realtime failed 8245.HK: Too Many Requests. Rate limited. Try after a while.
[YFinanceFeed] realtime failed 8267.HK: Too Many Requests. Rate limited. Try after a while.
[YFinanceFeed] realtime failed 8269.HK: Too Many Requests. Rate limited. Try after a while.
[YFinanceFeed] realtime failed 8279.HK: Too Many Requests. Rate limited. Try after a while.
[YFinanceFeed] realtime failed 8281.HK: Too Many Requests. Rate limited. Try after a while.
[YFinanceFeed] realtime failed 8292.HK: Too Many Requests. Rate limited. Try after a while.
[YFinanceFeed] realtime failed 8299.HK: Too Many Requests. Rate limited. Try after a while.
[YFinanceFeed] realtime failed 8300.HK: Too Many Requests. Rate limited. Try after a while.
[YFinanceFeed] realtime failed 8305.HK: Too Many Requests. Rate limited. Try after a while.
[YFinanceFeed] realtime failed 8311.HK: Too Many Requests. Rate limited. Try after a while.
[YFinanceFeed] realtime failed 8316.HK: Too Many Requests. Rate limited. Try after a while.
[YFinanceFeed] realtime failed 8320.HK: Too Many Requests. Rate limited. Try after a while.
[YFinanceFeed] realtime failed 8326.HK: Too Many Requests. Rate limited. Try after a while.
[YFinanceFeed] realtime failed 8329.HK: Too Many Requests. Rate limited. Try after a while.
[YFinanceFeed] realtime failed 8356.HK: Too Many Requests. Rate limited. Try after a while.
[YFinanceFeed] realtime failed 8360.HK: Too Many Requests. Rate limited. Try after a while.
[YFinanceFeed] realtime failed 8365.HK: Too Many Requests. Rate limited. Try after a while.
[YFinanceFeed] realtime failed 8379.HK: Too Many Requests. Rate limited. Try after a while.
[YFinanceFeed] realtime failed 8391.HK: Too Many Requests. Rate limited. Try after a while.
[YFinanceFeed] realtime failed 8392.HK: Too Many Requests. Rate limited. Try after a while.
[YFinanceFeed] realtime failed 8395.HK: Too Many Requests. Rate limited. Try after a while.
[YFinanceFeed] realtime failed 8400.HK: Too Many Requests. Rate limited. Try after a while.
[YFinanceFeed] realtime failed 8413.HK: Too Many Requests. Rate limited. Try after a while.
[YFinanceFeed] realtime failed 8416.HK: Too Many Requests. Rate limited. Try after a while.
[YFinanceFeed] realtime failed 8420.HK: Too Many Requests. Rate limited. Try after a while.
[YFinanceFeed] realtime failed 8423.HK: Too Many Requests. Rate limited. Try after a while.
[YFinanceFeed] realtime failed 8431.HK: Too Many Requests. Rate limited. Try after a while.
[YFinanceFeed] realtime failed 8432.HK: Too Many Requests. Rate limited. Try after a while.
[YFinanceFeed] realtime failed 8436.HK: Too Many Requests. Rate limited. Try after a while.
[YFinanceFeed] realtime failed 8446.HK: Too Many Requests. Rate limited. Try after a while.
[YFinanceFeed] realtime failed 8447.HK: Too Many Requests. Rate limited. Try after a while.
[YFinanceFeed] realtime failed 8450.HK: Too Many Requests. Rate limited. Try after a while.
[YFinanceFeed] realtime failed 8452.HK: Too Many Requests. Rate limited. Try after a while.
[YFinanceFeed] realtime failed 8460.HK: Too Many Requests. Rate limited. Try after a while.
[YFinanceFeed] realtime failed 8471.HK: Too Many Requests. Rate limited. Try after a while.
[YFinanceFeed] realtime failed 8472.HK: Too Many Requests. Rate limited. Try after a while.
[YFinanceFeed] realtime failed 8473.HK: Too Many Requests. Rate limited. Try after a while.
[YFinanceFeed] realtime failed 8483.HK: Too Many Requests. Rate limited. Try after a while.
[YFinanceFeed] realtime failed 8487.HK: Too Many Requests. Rate limited. Try after a while.
[YFinanceFeed] realtime failed 8489.HK: Too Many Requests. Rate limited. Try after a while.
[YFinanceFeed] realtime failed 8490.HK: Too Many Requests. Rate limited. Try after a while.
[YFinanceFeed] realtime failed 8502.HK: Too Many Requests. Rate limited. Try after a while.
[YFinanceFeed] realtime failed 8507.HK: Too Many Requests. Rate limited. Try after a while.
[YFinanceFeed] realtime failed 8510.HK: Too Many Requests. Rate limited. Try after a while.
[YFinanceFeed] realtime failed 8512.HK: Too Many Requests. Rate limited. Try after a while.
[YFinanceFeed] realtime failed 8529.HK: Too Many Requests. Rate limited. Try after a while.
[YFinanceFeed] realtime failed 8537.HK: Too Many Requests. Rate limited. Try after a while.
[YFinanceFeed] realtime failed 8540.HK: Too Many Requests. Rate limited. Try after a while.
[YFinanceFeed] realtime failed 8547.HK: Too Many Requests. Rate limited. Try after a while.
[YFinanceFeed] realtime failed 8549.HK: Too Many Requests. Rate limited. Try after a while.
[YFinanceFeed] realtime failed 8600.HK: Too Many Requests. Rate limited. Try after a while.
[YFinanceFeed] realtime failed 8603.HK: Too Many Requests. Rate limited. Try after a while.
[YFinanceFeed] realtime failed 8610.HK: Too Many Requests. Rate limited. Try after a while.
[YFinanceFeed] realtime failed 8611.HK: Too Many Requests. Rate limited. Try after a while.
[YFinanceFeed] realtime failed 8612.HK: Too Many Requests. Rate limited. Try after a while.
[YFinanceFeed] realtime failed 8613.HK: Too Many Requests. Rate limited. Try after a while.
[YFinanceFeed] realtime failed 8620.HK: Too Many Requests. Rate limited. Try after a while.
[YFinanceFeed] realtime failed 8621.HK: Too Many Requests. Rate limited. Try after a while.
[YFinanceFeed] realtime failed 8627.HK: Too Many Requests. Rate limited. Try after a while.
[YFinanceFeed] realtime failed 8635.HK: Too Many Requests. Rate limited. Try after a while.
[YFinanceFeed] realtime failed 8637.HK: Too Many Requests. Rate limited. Try after a while.
[YFinanceFeed] realtime failed 8659.HK: Too Many Requests. Rate limited. Try after a while.
[YFinanceFeed] realtime failed 9600.HK: Too Many Requests. Rate limited. Try after a while.
[YFinanceFeed] realtime failed 9611.HK: Too Many Requests. Rate limited. Try after a while.
[YFinanceFeed] realtime failed 9618.HK: Too Many Requests. Rate limited. Try after a while.
[YFinanceFeed] realtime failed 9626.HK: Too Many Requests. Rate limited. Try after a while.
[YFinanceFeed] realtime failed 9633.HK: Too Many Requests. Rate limited. Try after a while.
[YFinanceFeed] realtime failed 9636.HK: Too Many Requests. Rate limited. Try after a while.
[YFinanceFeed] realtime failed 9660.HK: Too Many Requests. Rate limited. Try after a while.
[YFinanceFeed] realtime failed 9668.HK: Too Many Requests. Rate limited. Try after a while.
[YFinanceFeed] realtime failed 9669.HK: Too Many Requests. Rate limited. Try after a while.
[YFinanceFeed] realtime failed 9676.HK: Too Many Requests. Rate limited. Try after a while.
[YFinanceFeed] realtime failed 9688.HK: Too Many Requests. Rate limited. Try after a while.
[YFinanceFeed] realtime failed 9690.HK: Too Many Requests. Rate limited. Try after a while.
[YFinanceFeed] realtime failed 9696.HK: Too Many Requests. Rate limited. Try after a while.
[YFinanceFeed] realtime failed 9698.HK: Too Many Requests. Rate limited. Try after a while.
[YFinanceFeed] realtime failed 9699.HK: Too Many Requests. Rate limited. Try after a while.
[YFinanceFeed] realtime failed 9858.HK: Too Many Requests. Rate limited. Try after a while.
[YFinanceFeed] realtime failed 9860.HK: Too Many Requests. Rate limited. Try after a while.
[YFinanceFeed] realtime failed 9863.HK: Too Many Requests. Rate limited. Try after a while.
[YFinanceFeed] realtime failed 9866.HK: Too Many Requests. Rate limited. Try after a while.
[YFinanceFeed] realtime failed 9868.HK: Too Many Requests. Rate limited. Try after a while.
[YFinanceFeed] realtime failed 9869.HK: Too Many Requests. Rate limited. Try after a while.
[YFinanceFeed] realtime failed 9879.HK: Too Many Requests. Rate limited. Try after a while.
[YFinanceFeed] realtime failed 9880.HK: Too Many Requests. Rate limited. Try after a while.
[YFinanceFeed] realtime failed 9882.HK: Too Many Requests. Rate limited. Try after a while.
[YFinanceFeed] realtime failed 9885.HK: Too Many Requests. Rate limited. Try after a while.
[YFinanceFeed] realtime failed 9887.HK: Too Many Requests. Rate limited. Try after a while.
[YFinanceFeed] realtime failed 9888.HK: Too Many Requests. Rate limited. Try after a while.
[YFinanceFeed] realtime failed 9890.HK: Too Many Requests. Rate limited. Try after a while.
[YFinanceFeed] realtime failed 9893.HK: Too Many Requests. Rate limited. Try after a while.
[YFinanceFeed] realtime failed 9896.HK: Too Many Requests. Rate limited. Try after a while.
[YFinanceFeed] realtime failed 9898.HK: Too Many Requests. Rate limited. Try after a while.
[YFinanceFeed] realtime failed 9899.HK: Too Many Requests. Rate limited. Try after a while.
[YFinanceFeed] realtime failed 9900.HK: Too Many Requests. Rate limited. Try after a while.
[YFinanceFeed] realtime failed 9901.HK: Too Many Requests. Rate limited. Try after a while.
[YFinanceFeed] realtime failed 9903.HK: Too Many Requests. Rate limited. Try after a while.
[YFinanceFeed] realtime failed 9911.HK: Too Many Requests. Rate limited. Try after a while.
[YFinanceFeed] realtime failed 9913.HK: Too Many Requests. Rate limited. Try after a while.
[YFinanceFeed] realtime failed 9922.HK: Too Many Requests. Rate limited. Try after a while.
[YFinanceFeed] realtime failed 9923.HK: Too Many Requests. Rate limited. Try after a while.
[YFinanceFeed] realtime failed 9926.HK: Too Many Requests. Rate limited. Try after a while.
[YFinanceFeed] realtime failed 9927.HK: Too Many Requests. Rate limited. Try after a while.
[YFinanceFeed] realtime failed 9929.HK: Too Many Requests. Rate limited. Try after a while.
[YFinanceFeed] realtime failed 9933.HK: Too Many Requests. Rate limited. Try after a while.
[YFinanceFeed] realtime failed 9936.HK: Too Many Requests. Rate limited. Try after a while.
[YFinanceFeed] realtime failed 9938.HK: Too Many Requests. Rate limited. Try after a while.
[YFinanceFeed] realtime failed 9939.HK: Too Many Requests. Rate limited. Try after a while.
[YFinanceFeed] realtime failed 9958.HK: Too Many Requests. Rate limited. Try after a while.
[YFinanceFeed] realtime failed 9959.HK: Too Many Requests. Rate limited. Try after a while.
[YFinanceFeed] realtime failed 9961.HK: Too Many Requests. Rate limited. Try after a while.
[YFinanceFeed] realtime failed 9963.HK: Too Many Requests. Rate limited. Try after a while.
[YFinanceFeed] realtime failed 9966.HK: Too Many Requests. Rate limited. Try after a while.
[YFinanceFeed] realtime failed 9969.HK: Too Many Requests. Rate limited. Try after a while.
[YFinanceFeed] realtime failed 9973.HK: Too Many Requests. Rate limited. Try after a while.
[YFinanceFeed] realtime failed 9979.HK: Too Many Requests. Rate limited. Try after a while.
[YFinanceFeed] realtime failed 9981.HK: Too Many Requests. Rate limited. Try after a while.
[YFinanceFeed] realtime failed 9982.HK: Too Many Requests. Rate limited. Try after a while.
[YFinanceFeed] realtime failed 9983.HK: Too Many Requests. Rate limited. Try after a while.
[YFinanceFeed] realtime failed 9985.HK: Too Many Requests. Rate limited. Try after a while.
[YFinanceFeed] realtime failed 9987.HK: Too Many Requests. Rate limited. Try after a while.
[YFinanceFeed] realtime failed 9988.HK: Too Many Requests. Rate limited. Try after a while.
[YFinanceFeed] realtime failed 9990.HK: Too Many Requests. Rate limited. Try after a while.
[YFinanceFeed] realtime failed 9992.HK: Too Many Requests. Rate limited. Try after a while.
[YFinanceFeed] realtime failed 9993.HK: Too Many Requests. Rate limited. Try after a while.
[YFinanceFeed] realtime failed 9995.HK: Too Many Requests. Rate limited. Try after a while.
[YFinanceFeed] realtime failed 9996.HK: Too Many Requests. Rate limited. Try after a while.
[YFinanceFeed] realtime failed 9999.HK: Too Many Requests. Rate limited. Try after a while.
[YFinanceFeed] realtime failed 80020.HK: Too Many Requests. Rate limited. Try after a while.
[YFinanceFeed] realtime failed 81810.HK: Too Many Requests. Rate limited. Try after a while.
[AKShareNewsProvider] 东方财富新闻获取失败: Invalid regular expression: invalid escape sequence: \u
[AKShareNewsProvider] 财联社快讯获取失败: module 'akshare' has no attribute 'stock_zh_a_alerts_cls'
  0%|          | 0/11 [00:00<?, ?it/s]  9%|▉         | 1/11 [00:00<00:01,  8.35it/s] 18%|█▊        | 2/11 [00:00<00:01,  7.93it/s] 27%|██▋       | 3/11 [00:00<00:01,  7.34it/s] 36%|███▋      | 4/11 [00:00<00:01,  6.84it/s] 45%|████▌     | 5/11 [00:00<00:00,  7.11it/s] 55%|█████▍    | 6/11 [00:00<00:00,  6.76it/s] 64%|██████▎   | 7/11 [00:01<00:00,  6.10it/s] 73%|███████▎  | 8/11 [00:01<00:00,  5.13it/s] 82%|████████▏ | 9/11 [00:01<00:00,  5.47it/s] 91%|█████████ | 10/11 [00:01<00:00,  5.52it/s]100%|██████████| 11/11 [00:02<00:00,  3.40it/s]                                               [YFinanceFeed] realtime failed 0001.HK: Too Many Requests. Rate limited. Try after a while.
[YFinanceFeed] realtime failed 0002.HK: Too Many Requests. Rate limited. Try after a while.
[YFinanceFeed] realtime failed 0003.HK: Too Many Requests. Rate limited. Try after a while.
[YFinanceFeed] realtime failed 0004.HK: Too Many Requests. Rate limited. Try after a while.
[YFinanceFeed] realtime failed 0005.HK: Too Many Requests. Rate limited. Try after a while.
[YFinanceFeed] realtime failed 0006.HK: Too Many Requests. Rate limited. Try after a while.
[YFinanceFeed] realtime failed 0008.HK: Too Many Requests. Rate limited. Try after a while.
[YFinanceFeed] realtime failed 0010.HK: Too Many Requests. Rate limited. Try after a while.
[YFinanceFeed] realtime failed 0012.HK: Too Many Requests. Rate limited. Try after a while.
[YFinanceFeed] realtime failed 0013.HK: Too Many Requests. Rate limited. Try after a while.
[YFinanceFeed] realtime failed 0014.HK: Too Many Requests. Rate limited. Try after a while.
[YFinanceFeed] realtime failed 0016.HK: Too Many Requests. Rate limited. Try after a while.
[YFinanceFeed] realtime failed 0017.HK: Too Many Requests. Rate limited. Try after a while.
[YFinanceFeed] realtime failed 0018.HK: Too Many Requests. Rate limited. Try after a while.
[YFinanceFeed] realtime failed 0019.HK: Too Many Requests. Rate limited. Try after a while.
[YFinanceFeed] realtime failed 0020.HK: Too Many Requests. Rate limited. Try after a while.
[YFinanceFeed] realtime failed 0021.HK: Too Many Requests. Rate limited. Try after a while.
[YFinanceFeed] realtime failed 0022.HK: Too Many Requests. Rate limited. Try after a while.
[YFinanceFeed] realtime failed 0023.HK: Too Many Requests. Rate limited. Try after a while.
[YFinanceFeed] realtime failed 0027.HK: Too Many Requests. Rate limited. Try after a while.
[YFinanceFeed] realtime failed 0031.HK: Too Many Requests. Rate limited. Try after a while.
[YFinanceFeed] realtime failed 0034.HK: Too Many Requests. Rate limited. Try after a while.
[YFinanceFeed] realtime failed 0035.HK: Too Many Requests. Rate limited. Try after a while.
[YFinanceFeed] realtime failed 0038.HK: Too Many Requests. Rate limited. Try after a while.
[YFinanceFeed] realtime failed 0041.HK: Too Many Requests. Rate limited. Try after a while.
[YFinanceFeed] realtime failed 0042.HK: Too Many Requests. Rate limited. Try after a while.
[YFinanceFeed] realtime failed 0045.HK: Too Many Requests. Rate limited. Try after a while.
[YFinanceFeed] realtime failed 0062.HK: Too Many Requests. Rate limited. Try after a while.
[YFinanceFeed] realtime failed 0066.HK: Too Many Requests. Rate limited. Try after a while.
[YFinanceFeed] realtime failed 0068.HK: Too Many Requests. Rate limited. Try after a while.
[YFinanceFeed] realtime failed 0069.HK: Too Many Requests. Rate limited. Try after a while.
[YFinanceFeed] realtime failed 0076.HK: Too Many Requests. Rate limited. Try after a while.
[YFinanceFeed] realtime failed 0080.HK: Too Many Requests. Rate limited. Try after a while.
[YFinanceFeed] realtime failed 0081.HK: Too Many Requests. Rate limited. Try after a while.
[YFinanceFeed] realtime failed 0082.HK: Too Many Requests. Rate limited. Try after a while.
[YFinanceFeed] realtime failed 0083.HK: Too Many Requests. Rate limited. Try after a while.
[YFinanceFeed] realtime failed 0085.HK: Too Many Requests. Rate limited. Try after a while.
[YFinanceFeed] realtime failed 0086.HK: Too Many Requests. Rate limited. Try after a while.
[YFinanceFeed] realtime failed 0087.HK: Too Many Requests. Rate limited. Try after a while.
[YFinanceFeed] realtime failed 0095.HK: Too Many Requests. Rate limited. Try after a while.
[YFinanceFeed] realtime failed 0097.HK: Too Many Requests. Rate limited. Try after a while.
[YFinanceFeed] realtime failed 0100.HK: Too Many Requests. Rate limited. Try after a while.
[YFinanceFeed] realtime failed 0101.HK: Too Many Requests. Rate limited. Try after a while.
[YFinanceFeed] realtime failed 0103.HK: Too Many Requests. Rate limited. Try after a while.
[YFinanceFeed] realtime failed 0107.HK: Too Many Requests. Rate limited. Try after a while.
[YFinanceFeed] realtime failed 0108.HK: Too Many Requests. Rate limited. Try after a while.
[YFinanceFeed] realtime failed 0111.HK: Too Many Requests. Rate limited. Try after a while.
[YFinanceFeed] realtime failed 0116.HK: Too Many Requests. Rate limited. Try after a while.
[YFinanceFeed] realtime failed 0117.HK: Too Many Requests. Rate limited. Try after a while.
[YFinanceFeed] realtime failed 0119.HK: Too Many Requests. Rate limited. Try after a while.
[YFinanceFeed] realtime failed 0120.HK: Too Many Requests. Rate limited. Try after a while.
[YFinanceFeed] realtime failed 0123.HK: Too Many Requests. Rate limited. Try after a while.
[YFinanceFeed] realtime failed 0124.HK: Too Many Requests. Rate limited. Try after a while.
[YFinanceFeed] realtime failed 0130.HK: Too Many Requests. Rate limited. Try after a while.
[YFinanceFeed] realtime failed 0131.HK: Too Many Requests. Rate limited. Try after a while.
[YFinanceFeed] realtime failed 0133.HK: Too Many Requests. Rate limited. Try after a while.
[YFinanceFeed] realtime failed 0135.HK: Too Many Requests. Rate limited. Try after a while.
[YFinanceFeed] realtime failed 0136.HK: Too Many Requests. Rate limited. Try after a while.
[YFinanceFeed] realtime failed 0139.HK: Too Many Requests. Rate limited. Try after a while.
[YFinanceFeed] realtime failed 0142.HK: Too Many Requests. Rate limited. Try after a while.
[YFinanceFeed] realtime failed 0144.HK: Too Many Requests. Rate limited. Try after a while.
[YFinanceFeed] realtime failed 0145.HK: Too Many Requests. Rate limited. Try after a while.
[YFinanceFeed] realtime failed 0146.HK: Too Many Requests. Rate limited. Try after a while.
[YFinanceFeed] realtime failed 0147.HK: Too Many Requests. Rate limited. Try after a while.
[YFinanceFeed] realtime failed 0148.HK: Too Many Requests. Rate limited. Try after a while.
[YFinanceFeed] realtime failed 0150.HK: Too Many Requests. Rate limited. Try after a while.
[YFinanceFeed] realtime failed 0151.HK: Too Many Requests. Rate limited. Try after a while.
[YFinanceFeed] realtime failed 0152.HK: Too Many Requests. Rate limited. Try after a while.
[YFinanceFeed] realtime failed 0154.HK: Too Many Requests. Rate limited. Try after a while.
[YFinanceFeed] realtime failed 0164.HK: Too Many Requests. Rate limited. Try after a while.
[YFinanceFeed] realtime failed 0165.HK: Too Many Requests. Rate limited. Try after a while.
[YFinanceFeed] realtime failed 0168.HK: Too Many Requests. Rate limited. Try after a while.
[YFinanceFeed] realtime failed 0169.HK: Too Many Requests. Rate limited. Try after a while.
[YFinanceFeed] realtime failed 0171.HK: Too Many Requests. Rate limited. Try after a while.
[YFinanceFeed] realtime failed 0173.HK: Too Many Requests. Rate limited. Try after a while.
[YFinanceFeed] realtime failed 0175.HK: Too Many Requests. Rate limited. Try after a while.
[YFinanceFeed] realtime failed 0177.HK: Too Many Requests. Rate limited. Try after a while.
[YFinanceFeed] realtime failed 0178.HK: Too Many Requests. Rate limited. Try after a while.
[YFinanceFeed] realtime failed 0179.HK: Too Many Requests. Rate limited. Try after a while.
[YFinanceFeed] realtime failed 0182.HK: Too Many Requests. Rate limited. Try after a while.
[YFinanceFeed] realtime failed 0189.HK: Too Many Requests. Rate limited. Try after a while.
[YFinanceFeed] realtime failed 0193.HK: Too Many Requests. Rate limited. Try after a while.
[YFinanceFeed] realtime failed 0196.HK: Too Many Requests. Rate limited. Try after a while.
[YFinanceFeed] realtime failed 0199.HK: Too Many Requests. Rate limited. Try after a while.
[YFinanceFeed] realtime failed 0200.HK: Too Many Requests. Rate limited. Try after a while.
[YFinanceFeed] realtime failed 0204.HK: Too Many Requests. Rate limited. Try after a while.
[YFinanceFeed] realtime failed 0206.HK: Too Many Requests. Rate limited. Try after a while.
[YFinanceFeed] realtime failed 0209.HK: Too Many Requests. Rate limited. Try after a while.
[YFinanceFeed] realtime failed 0210.HK: Too Many Requests. Rate limited. Try after a while.
[YFinanceFeed] realtime failed 0215.HK: Too Many Requests. Rate limited. Try after a while.
[YFinanceFeed] realtime failed 0218.HK: Too Many Requests. Rate limited. Try after a while.
[YFinanceFeed] realtime failed 0220.HK: Too Many Requests. Rate limited. Try after a while.
[YFinanceFeed] realtime failed 0223.HK: Too Many Requests. Rate limited. Try after a while.
[YFinanceFeed] realtime failed 0227.HK: Too Many Requests. Rate limited. Try after a while.
[YFinanceFeed] realtime failed 0229.HK: Too Many Requests. Rate limited. Try after a while.
[YFinanceFeed] realtime failed 0232.HK: Too Many Requests. Rate limited. Try after a while.
[YFinanceFeed] realtime failed 0234.HK: Too Many Requests. Rate limited. Try after a while.
[YFinanceFeed] realtime failed 0235.HK: Too Many Requests. Rate limited. Try after a while.
[YFinanceFeed] realtime failed 0240.HK: Too Many Requests. Rate limited. Try after a while.
[YFinanceFeed] realtime failed 0241.HK: Too Many Requests. Rate limited. Try after a while.
[YFinanceFeed] realtime failed 0242.HK: Too Many Requests. Rate limited. Try after a while.
[YFinanceFeed] realtime failed 0256.HK: Too Many Requests. Rate limited. Try after a while.
[YFinanceFeed] realtime failed 0257.HK: Too Many Requests. Rate limited. Try after a while.
[YFinanceFeed] realtime failed 0258.HK: Too Many Requests. Rate limited. Try after a while.
[YFinanceFeed] realtime failed 0259.HK: Too Many Requests. Rate limited. Try after a while.
[YFinanceFeed] realtime failed 0261.HK: Too Many Requests. Rate limited. Try after a while.
[YFinanceFeed] realtime failed 0262.HK: Too Many Requests. Rate limited. Try after a while.
[YFinanceFeed] realtime failed 0264.HK: Too Many Requests. Rate limited. Try after a while.
[YFinanceFeed] realtime failed 0267.HK: Too Many Requests. Rate limited. Try after a while.
[YFinanceFeed] realtime failed 0268.HK: Too Many Requests. Rate limited. Try after a while.
[YFinanceFeed] realtime failed 0269.HK: Too Many Requests. Rate limited. Try after a while.
[YFinanceFeed] realtime failed 0270.HK: Too Many Requests. Rate limited. Try after a while.
[YFinanceFeed] realtime failed 0272.HK: Too Many Requests. Rate limited. Try after a while.
[YFinanceFeed] realtime failed 0276.HK: Too Many Requests. Rate limited. Try after a while.
[YFinanceFeed] realtime failed 0279.HK: Too Many Requests. Rate limited. Try after a while.
[YFinanceFeed] realtime failed 0285.HK: Too Many Requests. Rate limited. Try after a while.
[YFinanceFeed] realtime failed 0288.HK: Too Many Requests. Rate limited. Try after a while.
[YFinanceFeed] realtime failed 0290.HK: Too Many Requests. Rate limited. Try after a while.
[YFinanceFeed] realtime failed 0291.HK: Too Many Requests. Rate limited. Try after a while.
[YFinanceFeed] realtime failed 0293.HK: Too Many Requests. Rate limited. Try after a while.
[YFinanceFeed] realtime failed 0297.HK: Too Many Requests. Rate limited. Try after a while.
[YFinanceFeed] realtime failed 0300.HK: Too Many Requests. Rate limited. Try after a while.
[YFinanceFeed] realtime failed 0302.HK: Too Many Requests. Rate limited. Try after a while.
[YFinanceFeed] realtime failed 0303.HK: Too Many Requests. Rate limited. Try after a while.
[YFinanceFeed] realtime failed 0305.HK: Too Many Requests. Rate limited. Try after a while.
[YFinanceFeed] realtime failed 0308.HK: Too Many Requests. Rate limited. Try after a while.
[YFinanceFeed] realtime failed 0315.HK: Too Many Requests. Rate limited. Try after a while.
[YFinanceFeed] realtime failed 0316.HK: Too Many Requests. Rate limited. Try after a while.
[YFinanceFeed] realtime failed 0317.HK: Too Many Requests. Rate limited. Try after a while.
[YFinanceFeed] realtime failed 0318.HK: Too Many Requests. Rate limited. Try after a while.
[YFinanceFeed] realtime failed 0321.HK: Too Many Requests. Rate limited. Try after a while.
[YFinanceFeed] realtime failed 0322.HK: Too Many Requests. Rate limited. Try after a while.
[YFinanceFeed] realtime failed 0323.HK: Too Many Requests. Rate limited. Try after a while.
[YFinanceFeed] realtime failed 0326.HK: Too Many Requests. Rate limited. Try after a while.
[YFinanceFeed] realtime failed 0327.HK: Too Many Requests. Rate limited. Try after a while.
[YFinanceFeed] realtime failed 0329.HK: Too Many Requests. Rate limited. Try after a while.
[YFinanceFeed] realtime failed 0332.HK: Too Many Requests. Rate limited. Try after a while.
[YFinanceFeed] realtime failed 0334.HK: Too Many Requests. Rate limited. Try after a while.
[YFinanceFeed] realtime failed 0336.HK: Too Many Requests. Rate limited. Try after a while.
[YFinanceFeed] realtime failed 0337.HK: Too Many Requests. Rate limited. Try after a while.
[YFinanceFeed] realtime failed 0338.HK: Too Many Requests. Rate limited. Try after a while.
[YFinanceFeed] realtime failed 0340.HK: Too Many Requests. Rate limited. Try after a while.
[YFinanceFeed] realtime failed 0341.HK: Too Many Requests. Rate limited. Try after a while.
[YFinanceFeed] realtime failed 0343.HK: Too Many Requests. Rate limited. Try after a while.
[YFinanceFeed] realtime failed 0345.HK: Too Many Requests. Rate limited. Try after a while.
[YFinanceFeed] realtime failed 0346.HK: Too Many Requests. Rate limited. Try after a while.
[YFinanceFeed] realtime failed 0347.HK: Too Many Requests. Rate limited. Try after a while.
[YFinanceFeed] realtime failed 0353.HK: Too Many Requests. Rate limited. Try after a while.
[YFinanceFeed] realtime failed 0354.HK: Too Many Requests. Rate limited. Try after a while.
[YFinanceFeed] realtime failed 0355.HK: Too Many Requests. Rate limited. Try after a while.
[YFinanceFeed] realtime failed 0356.HK: Too Many Requests. Rate limited. Try after a while.
[YFinanceFeed] realtime failed 0357.HK: Too Many Requests. Rate limited. Try after a while.
[YFinanceFeed] realtime failed 0358.HK: Too Many Requests. Rate limited. Try after a while.
[YFinanceFeed] realtime failed 0360.HK: Too Many Requests. Rate limited. Try after a while.
[YFinanceFeed] realtime failed 0361.HK: Too Many Requests. Rate limited. Try after a while.
[YFinanceFeed] realtime failed 0363.HK: Too Many Requests. Rate limited. Try after a while.
[YFinanceFeed] realtime failed 0365.HK: Too Many Requests. Rate limited. Try after a while.
[YFinanceFeed] realtime failed 0368.HK: Too Many Requests. Rate limited. Try after a while.
[YFinanceFeed] realtime failed 0370.HK: Too Many Requests. Rate limited. Try after a while.
[YFinanceFeed] realtime failed 0371.HK: Too Many Requests. Rate limited. Try after a while.
[YFinanceFeed] realtime failed 0373.HK: Too Many Requests. Rate limited. Try after a while.
[YFinanceFeed] realtime failed 0376.HK: Too Many Requests. Rate limited. Try after a while.
[YFinanceFeed] realtime failed 0379.HK: Too Many Requests. Rate limited. Try after a while.
[YFinanceFeed] realtime failed 0380.HK: Too Many Requests. Rate limited. Try after a while.
[YFinanceFeed] realtime failed 0381.HK: Too Many Requests. Rate limited. Try after a while.
[YFinanceFeed] realtime failed 0382.HK: Too Many Requests. Rate limited. Try after a while.
[YFinanceFeed] realtime failed 0384.HK: Too Many Requests. Rate limited. Try after a while.
[YFinanceFeed] realtime failed 0386.HK: Too Many Requests. Rate limited. Try after a while.
[YFinanceFeed] realtime failed 0388.HK: Too Many Requests. Rate limited. Try after a while.
[YFinanceFeed] realtime failed 0390.HK: Too Many Requests. Rate limited. Try after a while.
[YFinanceFeed] realtime failed 0391.HK: Too Many Requests. Rate limited. Try after a while.
[YFinanceFeed] realtime failed 0392.HK: Too Many Requests. Rate limited. Try after a while.
[YFinanceFeed] realtime failed 0396.HK: Too Many Requests. Rate limited. Try after a while.
[YFinanceFeed] realtime failed 0397.HK: Too Many Requests. Rate limited. Try after a while.
[YFinanceFeed] realtime failed 0398.HK: Too Many Requests. Rate limited. Try after a while.
[YFinanceFeed] realtime failed 0399.HK: Too Many Requests. Rate limited. Try after a while.
[YFinanceFeed] realtime failed 0400.HK: Too Many Requests. Rate limited. Try after a while.
[YFinanceFeed] realtime failed 0410.HK: Too Many Requests. Rate limited. Try after a while.
[YFinanceFeed] realtime failed 0412.HK: Too Many Requests. Rate limited. Try after a while.
[YFinanceFeed] realtime failed 0419.HK: Too Many Requests. Rate limited. Try after a while.
[YFinanceFeed] realtime failed 0422.HK: Too Many Requests. Rate limited. Try after a while.
[YFinanceFeed] realtime failed 0423.HK: Too Many Requests. Rate limited. Try after a while.
[YFinanceFeed] realtime failed 0425.HK: Too Many Requests. Rate limited. Try after a while.
[YFinanceFeed] realtime failed 0432.HK: Too Many Requests. Rate limited. Try after a while.
[YFinanceFeed] realtime failed 0433.HK: Too Many Requests. Rate limited. Try after a while.
[YFinanceFeed] realtime failed 0434.HK: Too Many Requests. Rate limited. Try after a while.
[YFinanceFeed] realtime failed 0436.HK: Too Many Requests. Rate limited. Try after a while.
[YFinanceFeed] realtime failed 0451.HK: Too Many Requests. Rate limited. Try after a while.
[YFinanceFeed] realtime failed 0460.HK: Too Many Requests. Rate limited. Try after a while.
[YFinanceFeed] realtime failed 0464.HK: Too Many Requests. Rate limited. Try after a while.
[YFinanceFeed] realtime failed 0465.HK: Too Many Requests. Rate limited. Try after a while.
[YFinanceFeed] realtime failed 0467.HK: Too Many Requests. Rate limited. Try after a while.
[YFinanceFeed] realtime failed 0470.HK: Too Many Requests. Rate limited. Try after a while.
[YFinanceFeed] realtime failed 0471.HK: Too Many Requests. Rate limited. Try after a while.
[YFinanceFeed] realtime failed 0472.HK: Too Many Requests. Rate limited. Try after a while.
[YFinanceFeed] realtime failed 0486.HK: Too Many Requests. Rate limited. Try after a while.
[YFinanceFeed] realtime failed 0491.HK: Too Many Requests. Rate limited. Try after a while.
[YFinanceFeed] realtime failed 0493.HK: Too Many Requests. Rate limited. Try after a while.
[YFinanceFeed] realtime failed 0500.HK: Too Many Requests. Rate limited. Try after a while.
[YFinanceFeed] realtime failed 0501.HK: Too Many Requests. Rate limited. Try after a while.
[YFinanceFeed] realtime failed 0506.HK: Too Many Requests. Rate limited. Try after a while.
[YFinanceFeed] realtime failed 0508.HK: Too Many Requests. Rate limited. Try after a while.
[YFinanceFeed] realtime failed 0511.HK: Too Many Requests. Rate limited. Try after a while.
[YFinanceFeed] realtime failed 0512.HK: Too Many Requests. Rate limited. Try after a while.
[YFinanceFeed] realtime failed 0517.HK: Too Many Requests. Rate limited. Try after a while.
[YFinanceFeed] realtime failed 0519.HK: Too Many Requests. Rate limited. Try after a while.
[YFinanceFeed] realtime failed 0520.HK: Too Many Requests. Rate limited. Try after a while.
[YFinanceFeed] realtime failed 0521.HK: Too Many Requests. Rate limited. Try after a while.
[YFinanceFeed] realtime failed 0522.HK: Too Many Requests. Rate limited. Try after a while.
[YFinanceFeed] realtime failed 0524.HK: Too Many Requests. Rate limited. Try after a while.
[YFinanceFeed] realtime failed 0525.HK: Too Many Requests. Rate limited. Try after a while.
[YFinanceFeed] realtime failed 0526.HK: Too Many Requests. Rate limited. Try after a while.
[YFinanceFeed] realtime failed 0527.HK: Too Many Requests. Rate limited. Try after a while.
[YFinanceFeed] realtime failed 0532.HK: Too Many Requests. Rate limited. Try after a while.
[YFinanceFeed] realtime failed 0535.HK: Too Many Requests. Rate limited. Try after a while.
[YFinanceFeed] realtime failed 0536.HK: Too Many Requests. Rate limited. Try after a while.
[YFinanceFeed] realtime failed 0538.HK: Too Many Requests. Rate limited. Try after a while.
[YFinanceFeed] realtime failed 0542.HK: Too Many Requests. Rate limited. Try after a while.
[YFinanceFeed] realtime failed 0546.HK: Too Many Requests. Rate limited. Try after a while.
[YFinanceFeed] realtime failed 0547.HK: Too Many Requests. Rate limited. Try after a while.
[YFinanceFeed] realtime failed 0550.HK: Too Many Requests. Rate limited. Try after a while.
[YFinanceFeed] realtime failed 0551.HK: Too Many Requests. Rate limited. Try after a while.
[YFinanceFeed] realtime failed 0552.HK: Too Many Requests. Rate limited. Try after a while.
[YFinanceFeed] realtime failed 0556.HK: Too Many Requests. Rate limited. Try after a while.
[YFinanceFeed] realtime failed 0558.HK: Too Many Requests. Rate limited. Try after a while.
[YFinanceFeed] realtime failed 0563.HK: Too Many Requests. Rate limited. Try after a while.
[YFinanceFeed] realtime failed 0564.HK: Too Many Requests. Rate limited. Try after a while.
[YFinanceFeed] realtime failed 0565.HK: Too Many Requests. Rate limited. Try after a while.
[YFinanceFeed] realtime failed 0567.HK: Too Many Requests. Rate limited. Try after a while.
[YFinanceFeed] realtime failed 0568.HK: Too Many Requests. Rate limited. Try after a while.
[YFinanceFeed] realtime failed 0570.HK: Too Many Requests. Rate limited. Try after a while.
[YFinanceFeed] realtime failed 0574.HK: Too Many Requests. Rate limited. Try after a while.
[YFinanceFeed] realtime failed 0576.HK: Too Many Requests. Rate limited. Try after a while.
[YFinanceFeed] realtime failed 0579.HK: Too Many Requests. Rate limited. Try after a while.
[YFinanceFeed] realtime failed 0580.HK: Too Many Requests. Rate limited. Try after a while.
[YFinanceFeed] realtime failed 0581.HK: Too Many Requests. Rate limited. Try after a while.
[YFinanceFeed] realtime failed 0582.HK: Too Many Requests. Rate limited. Try after a while.
[YFinanceFeed] realtime failed 0585.HK: Too Many Requests. Rate limited. Try after a while.
[YFinanceFeed] realtime failed 0586.HK: Too Many Requests. Rate limited. Try after a while.
[YFinanceFeed] realtime failed 0587.HK: Too Many Requests. Rate limited. Try after a while.
[YFinanceFeed] realtime failed 0588.HK: Too Many Requests. Rate limited. Try after a while.
[YFinanceFeed] realtime failed 0590.HK: Too Many Requests. Rate limited. Try after a while.
[YFinanceFeed] realtime failed 0591.HK: Too Many Requests. Rate limited. Try after a while.
[YFinanceFeed] realtime failed 0595.HK: Too Many Requests. Rate limited. Try after a while.
[YFinanceFeed] realtime failed 0596.HK: Too Many Requests. Rate limited. Try after a while.
[YFinanceFeed] realtime failed 0598.HK: Too Many Requests. Rate limited. Try after a while.
[YFinanceFeed] realtime failed 0599.HK: Too Many Requests. Rate limited. Try after a while.
[YFinanceFeed] realtime failed 0600.HK: Too Many Requests. Rate limited. Try after a while.
[YFinanceFeed] realtime failed 0601.HK: Too Many Requests. Rate limited. Try after a while.
[YFinanceFeed] realtime failed 0603.HK: Too Many Requests. Rate limited. Try after a while.
[YFinanceFeed] realtime failed 0604.HK: Too Many Requests. Rate limited. Try after a while.
[YFinanceFeed] realtime failed 0609.HK: Too Many Requests. Rate limited. Try after a while.
[YFinanceFeed] realtime failed 0611.HK: Too Many Requests. Rate limited. Try after a while.
[YFinanceFeed] realtime failed 0616.HK: Too Many Requests. Rate limited. Try after a while.
[YFinanceFeed] realtime failed 0617.HK: Too Many Requests. Rate limited. Try after a while.
[YFinanceFeed] realtime failed 0618.HK: Too Many Requests. Rate limited. Try after a while.
[YFinanceFeed] realtime failed 0620.HK: Too Many Requests. Rate limited. Try after a while.
[YFinanceFeed] realtime failed 0621.HK: Too Many Requests. Rate limited. Try after a while.
[YFinanceFeed] realtime failed 0622.HK: Too Many Requests. Rate limited. Try after a while.
[YFinanceFeed] realtime failed 0623.HK: Too Many Requests. Rate limited. Try after a while.
[YFinanceFeed] realtime failed 0628.HK: Too Many Requests. Rate limited. Try after a while.
[YFinanceFeed] realtime failed 0631.HK: Too Many Requests. Rate limited. Try after a while.
[YFinanceFeed] realtime failed 0632.HK: Too Many Requests. Rate limited. Try after a while.
[YFinanceFeed] realtime failed 0635.HK: Too Many Requests. Rate limited. Try after a while.
[YFinanceFeed] realtime failed 0637.HK: Too Many Requests. Rate limited. Try after a while.
[YFinanceFeed] realtime failed 0639.HK: Too Many Requests. Rate limited. Try after a while.
[YFinanceFeed] realtime failed 0643.HK: Too Many Requests. Rate limited. Try after a while.
[YFinanceFeed] realtime failed 0648.HK: Too Many Requests. Rate limited. Try after a while.
[YFinanceFeed] realtime failed 0650.HK: Too Many Requests. Rate limited. Try after a while.
[YFinanceFeed] realtime failed 0653.HK: Too Many Requests. Rate limited. Try after a while.
[YFinanceFeed] realtime failed 0655.HK: Too Many Requests. Rate limited. Try after a while.
[YFinanceFeed] realtime failed 0656.HK: Too Many Requests. Rate limited. Try after a while.
[YFinanceFeed] realtime failed 0659.HK: Too Many Requests. Rate limited. Try after a while.
[YFinanceFeed] realtime failed 0660.HK: Too Many Requests. Rate limited. Try after a while.
[YFinanceFeed] realtime failed 0661.HK: Too Many Requests. Rate limited. Try after a while.
[YFinanceFeed] realtime failed 0666.HK: Too Many Requests. Rate limited. Try after a while.
[YFinanceFeed] realtime failed 0667.HK: Too Many Requests. Rate limited. Try after a while.
[YFinanceFeed] realtime failed 0669.HK: Too Many Requests. Rate limited. Try after a while.
[YFinanceFeed] realtime failed 0670.HK: Too Many Requests. Rate limited. Try after a while.
[YFinanceFeed] realtime failed 0672.HK: Too Many Requests. Rate limited. Try after a while.
[YFinanceFeed] realtime failed 0679.HK: Too Many Requests. Rate limited. Try after a while.
[YFinanceFeed] realtime failed 0682.HK: Too Many Requests. Rate limited. Try after a while.
[YFinanceFeed] realtime failed 0683.HK: Too Many Requests. Rate limited. Try after a while.
[YFinanceFeed] realtime failed 0684.HK: Too Many Requests. Rate limited. Try after a while.
[YFinanceFeed] realtime failed 0687.HK: Too Many Requests. Rate limited. Try after a while.
[YFinanceFeed] realtime failed 0688.HK: Too Many Requests. Rate limited. Try after a while.
[YFinanceFeed] realtime failed 0689.HK: Too Many Requests. Rate limited. Try after a while.
[YFinanceFeed] realtime failed 0690.HK: Too Many Requests. Rate limited. Try after a while.
[YFinanceFeed] realtime failed 0694.HK: Too Many Requests. Rate limited. Try after a while.
[YFinanceFeed] realtime failed 0695.HK: Too Many Requests. Rate limited. Try after a while.
[YFinanceFeed] realtime failed 0696.HK: Too Many Requests. Rate limited. Try after a while.
[YFinanceFeed] realtime failed 0697.HK: Too Many Requests. Rate limited. Try after a while.
[YFinanceFeed] realtime failed 0699.HK: Too Many Requests. Rate limited. Try after a while.
[YFinanceFeed] realtime failed 0700.HK: Too Many Requests. Rate limited. Try after a while.
[YFinanceFeed] realtime failed 0709.HK: Too Many Requests. Rate limited. Try after a while.
[YFinanceFeed] realtime failed 0710.HK: Too Many Requests. Rate limited. Try after a while.
[YFinanceFeed] realtime failed 0716.HK: Too Many Requests. Rate limited. Try after a while.
[YFinanceFeed] realtime failed 0717.HK: Too Many Requests. Rate limited. Try after a while.
[YFinanceFeed] realtime failed 0720.HK: Too Many Requests. Rate limited. Try after a while.
[YFinanceFeed] realtime failed 0723.HK: Too Many Requests. Rate limited. Try after a while.
[YFinanceFeed] realtime failed 0728.HK: Too Many Requests. Rate limited. Try after a while.
[YFinanceFeed] realtime failed 0731.HK: Too Many Requests. Rate limited. Try after a while.
[YFinanceFeed] realtime failed 0732.HK: Too Many Requests. Rate limited. Try after a while.
[YFinanceFeed] realtime failed 0737.HK: Too Many Requests. Rate limited. Try after a while.
[YFinanceFeed] realtime failed 0743.HK: Too Many Requests. Rate limited. Try after a while.
[YFinanceFeed] realtime failed 0745.HK: Too Many Requests. Rate limited. Try after a while.
[YFinanceFeed] realtime failed 0751.HK: Too Many Requests. Rate limited. Try after a while.
[YFinanceFeed] realtime failed 0752.HK: Too Many Requests. Rate limited. Try after a while.
[YFinanceFeed] realtime failed 0753.HK: Too Many Requests. Rate limited. Try after a while.
[YFinanceFeed] realtime failed 0757.HK: Too Many Requests. Rate limited. Try after a while.
[YFinanceFeed] realtime failed 0759.HK: Too Many Requests. Rate limited. Try after a while.
[YFinanceFeed] realtime failed 0762.HK: Too Many Requests. Rate limited. Try after a while.
[YFinanceFeed] realtime failed 0763.HK: Too Many Requests. Rate limited. Try after a while.
[YFinanceFeed] realtime failed 0767.HK: Too Many Requests. Rate limited. Try after a while.
[YFinanceFeed] realtime failed 0768.HK: Too Many Requests. Rate limited. Try after a while.
[YFinanceFeed] realtime failed 0772.HK: Too Many Requests. Rate limited. Try after a while.
[YFinanceFeed] realtime failed 0775.HK: Too Many Requests. Rate limited. Try after a while.
[YFinanceFeed] realtime failed 0777.HK: Too Many Requests. Rate limited. Try after a while.
[YFinanceFeed] realtime failed 0780.HK: Too Many Requests. Rate limited. Try after a while.
[YFinanceFeed] realtime failed 0784.HK: Too Many Requests. Rate limited. Try after a while.
[YFinanceFeed] realtime failed 0788.HK: Too Many Requests. Rate limited. Try after a while.
[YFinanceFeed] realtime failed 0789.HK: Too Many Requests. Rate limited. Try after a while.
[YFinanceFeed] realtime failed 0798.HK: Too Many Requests. Rate limited. Try after a while.
[YFinanceFeed] realtime failed 0799.HK: Too Many Requests. Rate limited. Try after a while.
[YFinanceFeed] realtime failed 0800.HK: Too Many Requests. Rate limited. Try after a while.
[YFinanceFeed] realtime failed 0805.HK: Too Many Requests. Rate limited. Try after a while.
[YFinanceFeed] realtime failed 0806.HK: Too Many Requests. Rate limited. Try after a while.
[YFinanceFeed] realtime failed 0807.HK: Too Many Requests. Rate limited. Try after a while.
[YFinanceFeed] realtime failed 0809.HK: Too Many Requests. Rate limited. Try after a while.
[YFinanceFeed] realtime failed 0810.HK: Too Many Requests. Rate limited. Try after a while.
[YFinanceFeed] realtime failed 0811.HK: Too Many Requests. Rate limited. Try after a while.
[YFinanceFeed] realtime failed 0813.HK: Too Many Requests. Rate limited. Try after a while.
[YFinanceFeed] realtime failed 0815.HK: Too Many Requests. Rate limited. Try after a while.
[YFinanceFeed] realtime failed 0816.HK: Too Many Requests. Rate limited. Try after a while.
[YFinanceFeed] realtime failed 0817.HK: Too Many Requests. Rate limited. Try after a while.
[YFinanceFeed] realtime failed 0819.HK: Too Many Requests. Rate limited. Try after a while.
[YFinanceFeed] realtime failed 0821.HK: Too Many Requests. Rate limited. Try after a while.
[YFinanceFeed] realtime failed 0822.HK: Too Many Requests. Rate limited. Try after a while.
[YFinanceFeed] realtime failed 0826.HK: Too Many Requests. Rate limited. Try after a while.
[YFinanceFeed] realtime failed 0827.HK: Too Many Requests. Rate limited. Try after a while.
[YFinanceFeed] realtime failed 0829.HK: Too Many Requests. Rate limited. Try after a while.
[YFinanceFeed] realtime failed 0830.HK: Too Many Requests. Rate limited. Try after a while.
[YFinanceFeed] realtime failed 0836.HK: Too Many Requests. Rate limited. Try after a while.
[YFinanceFeed] realtime failed 0838.HK: Too Many Requests. Rate limited. Try after a while.
[YFinanceFeed] realtime failed 0839.HK: Too Many Requests. Rate limited. Try after a while.
[YFinanceFeed] realtime failed 0842.HK: Too Many Requests. Rate limited. Try after a while.
[YFinanceFeed] realtime failed 0848.HK: Too Many Requests. Rate limited. Try after a while.
[YFinanceFeed] realtime failed 0853.HK: Too Many Requests. Rate limited. Try after a while.
[YFinanceFeed] realtime failed 0855.HK: Too Many Requests. Rate limited. Try after a while.
[YFinanceFeed] realtime failed 0856.HK: Too Many Requests. Rate limited. Try after a while.
[YFinanceFeed] realtime failed 0857.HK: Too Many Requests. Rate limited. Try after a while.
[YFinanceFeed] realtime failed 0858.HK: Too Many Requests. Rate limited. Try after a while.
[YFinanceFeed] realtime failed 0861.HK: Too Many Requests. Rate limited. Try after a while.
[YFinanceFeed] realtime failed 0863.HK: Too Many Requests. Rate limited. Try after a while.
[YFinanceFeed] realtime failed 0866.HK: Too Many Requests. Rate limited. Try after a while.
[YFinanceFeed] realtime failed 0867.HK: Too Many Requests. Rate limited. Try after a while.
[YFinanceFeed] realtime failed 0868.HK: Too Many Requests. Rate limited. Try after a while.
[YFinanceFeed] realtime failed 0869.HK: Too Many Requests. Rate limited. Try after a while.
[YFinanceFeed] realtime failed 0874.HK: Too Many Requests. Rate limited. Try after a while.
[YFinanceFeed] realtime failed 0875.HK: Too Many Requests. Rate limited. Try after a while.
[YFinanceFeed] realtime failed 0876.HK: Too Many Requests. Rate limited. Try after a while.
[YFinanceFeed] realtime failed 0878.HK: Too Many Requests. Rate limited. Try after a while.
[YFinanceFeed] realtime failed 0880.HK: Too Many Requests. Rate limited. Try after a while.
[YFinanceFeed] realtime failed 0881.HK: Too Many Requests. Rate limited. Try after a while.
[YFinanceFeed] realtime failed 0882.HK: Too Many Requests. Rate limited. Try after a while.
[YFinanceFeed] realtime failed 0883.HK: Too Many Requests. Rate limited. Try after a while.
[YFinanceFeed] realtime failed 0884.HK: Too Many Requests. Rate limited. Try after a while.
[YFinanceFeed] realtime failed 0887.HK: Too Many Requests. Rate limited. Try after a while.
[YFinanceFeed] realtime failed 0888.HK: Too Many Requests. Rate limited. Try after a while.
[YFinanceFeed] realtime failed 0889.HK: Too Many Requests. Rate limited. Try after a while.
[YFinanceFeed] realtime failed 0894.HK: Too Many Requests. Rate limited. Try after a while.
[YFinanceFeed] realtime failed 0902.HK: Too Many Requests. Rate limited. Try after a while.
[YFinanceFeed] realtime failed 0905.HK: Too Many Requests. Rate limited. Try after a while.
[YFinanceFeed] realtime failed 0909.HK: Too Many Requests. Rate limited. Try after a while.
[YFinanceFeed] realtime failed 0911.HK: Too Many Requests. Rate limited. Try after a while.
[YFinanceFeed] realtime failed 0914.HK: Too Many Requests. Rate limited. Try after a while.
[YFinanceFeed] realtime failed 0916.HK: Too Many Requests. Rate limited. Try after a while.
[YFinanceFeed] realtime failed 0917.HK: Too Many Requests. Rate limited. Try after a while.
[YFinanceFeed] realtime failed 0918.HK: Too Many Requests. Rate limited. Try after a while.
[YFinanceFeed] realtime failed 0921.HK: Too Many Requests. Rate limited. Try after a while.
[YFinanceFeed] realtime failed 0922.HK: Too Many Requests. Rate limited. Try after a while.
[YFinanceFeed] realtime failed 0928.HK: Too Many Requests. Rate limited. Try after a while.
[YFinanceFeed] realtime failed 0929.HK: Too Many Requests. Rate limited. Try after a while.
[YFinanceFeed] realtime failed 0931.HK: Too Many Requests. Rate limited. Try after a while.
[YFinanceFeed] realtime failed 0932.HK: Too Many Requests. Rate limited. Try after a while.
[YFinanceFeed] realtime failed 0934.HK: Too Many Requests. Rate limited. Try after a while.
[YFinanceFeed] realtime failed 0938.HK: Too Many Requests. Rate limited. Try after a while.
[YFinanceFeed] realtime failed 0939.HK: Too Many Requests. Rate limited. Try after a while.
[YFinanceFeed] realtime failed 0941.HK: Too Many Requests. Rate limited. Try after a while.
[YFinanceFeed] realtime failed 0947.HK: Too Many Requests. Rate limited. Try after a while.
[YFinanceFeed] realtime failed 0948.HK: Too Many Requests. Rate limited. Try after a while.
[YFinanceFeed] realtime failed 0950.HK: Too Many Requests. Rate limited. Try after a while.
[YFinanceFeed] realtime failed 0951.HK: Too Many Requests. Rate limited. Try after a while.
[YFinanceFeed] realtime failed 0953.HK: Too Many Requests. Rate limited. Try after a while.
[YFinanceFeed] realtime failed 0956.HK: Too Many Requests. Rate limited. Try after a while.
[YFinanceFeed] realtime failed 0960.HK: Too Many Requests. Rate limited. Try after a while.
[YFinanceFeed] realtime failed 0966.HK: Too Many Requests. Rate limited. Try after a while.
[YFinanceFeed] realtime failed 0968.HK: Too Many Requests. Rate limited. Try after a while.
[YFinanceFeed] realtime failed 0975.HK: Too Many Requests. Rate limited. Try after a while.
[YFinanceFeed] realtime failed 0978.HK: Too Many Requests. Rate limited. Try after a while.
[YFinanceFeed] realtime failed 0980.HK: Too Many Requests. Rate limited. Try after a while.
[YFinanceFeed] realtime failed 0981.HK: Too Many Requests. Rate limited. Try after a while.
[YFinanceFeed] realtime failed 0987.HK: Too Many Requests. Rate limited. Try after a while.
[YFinanceFeed] realtime failed 0990.HK: Too Many Requests. Rate limited. Try after a while.
[YFinanceFeed] realtime failed 0991.HK: Too Many Requests. Rate limited. Try after a while.
[YFinanceFeed] realtime failed 0992.HK: Too Many Requests. Rate limited. Try after a while.
[YFinanceFeed] realtime failed 0993.HK: Too Many Requests. Rate limited. Try after a while.
[YFinanceFeed] realtime failed 0994.HK: Too Many Requests. Rate limited. Try after a while.
[YFinanceFeed] realtime failed 0998.HK: Too Many Requests. Rate limited. Try after a while.
[YFinanceFeed] realtime failed 0999.HK: Too Many Requests. Rate limited. Try after a while.
[YFinanceFeed] realtime failed 1010.HK: Too Many Requests. Rate limited. Try after a while.
[YFinanceFeed] realtime failed 1020.HK: Too Many Requests. Rate limited. Try after a while.
[YFinanceFeed] realtime failed 1021.HK: Too Many Requests. Rate limited. Try after a while.
[YFinanceFeed] realtime failed 1023.HK: Too Many Requests. Rate limited. Try after a while.
[YFinanceFeed] realtime failed 1024.HK: Too Many Requests. Rate limited. Try after a while.
[YFinanceFeed] realtime failed 1028.HK: Too Many Requests. Rate limited. Try after a while.
[YFinanceFeed] realtime failed 1030.HK: Too Many Requests. Rate limited. Try after a while.
[YFinanceFeed] realtime failed 1033.HK: Too Many Requests. Rate limited. Try after a while.
[YFinanceFeed] realtime failed 1037.HK: Too Many Requests. Rate limited. Try after a while.
[YFinanceFeed] realtime failed 1038.HK: Too Many Requests. Rate limited. Try after a while.
[YFinanceFeed] realtime failed 1044.HK: Too Many Requests. Rate limited. Try after a while.
[YFinanceFeed] realtime failed 1045.HK: Too Many Requests. Rate limited. Try after a while.
[YFinanceFeed] realtime failed 1049.HK: Too Many Requests. Rate limited. Try after a while.
[YFinanceFeed] realtime failed 1050.HK: Too Many Requests. Rate limited. Try after a while.
[YFinanceFeed] realtime failed 1052.HK: Too Many Requests. Rate limited. Try after a while.
[YFinanceFeed] realtime failed 1053.HK: Too Many Requests. Rate limited. Try after a while.
[YFinanceFeed] realtime failed 1055.HK: Too Many Requests. Rate limited. Try after a while.
[YFinanceFeed] realtime failed 1057.HK: Too Many Requests. Rate limited. Try after a while.
[YFinanceFeed] realtime failed 1060.HK: Too Many Requests. Rate limited. Try after a while.
[YFinanceFeed] realtime failed 1061.HK: Too Many Requests. Rate limited. Try after a while.
[YFinanceFeed] realtime failed 1062.HK: Too Many Requests. Rate limited. Try after a while.
[YFinanceFeed] realtime failed 1064.HK: Too Many Requests. Rate limited. Try after a while.
[YFinanceFeed] realtime failed 1066.HK: Too Many Requests. Rate limited. Try after a while.
[YFinanceFeed] realtime failed 1068.HK: Too Many Requests. Rate limited. Try after a while.
[YFinanceFeed] realtime failed 1070.HK: Too Many Requests. Rate limited. Try after a while.
[YFinanceFeed] realtime failed 1071.HK: Too Many Requests. Rate limited. Try after a while.
[YFinanceFeed] realtime failed 1072.HK: Too Many Requests. Rate limited. Try after a while.
[YFinanceFeed] realtime failed 1079.HK: Too Many Requests. Rate limited. Try after a while.
[YFinanceFeed] realtime failed 1080.HK: Too Many Requests. Rate limited. Try after a while.
[YFinanceFeed] realtime failed 1083.HK: Too Many Requests. Rate limited. Try after a while.
[YFinanceFeed] realtime failed 1086.HK: Too Many Requests. Rate limited. Try after a while.
[YFinanceFeed] realtime failed 1088.HK: Too Many Requests. Rate limited. Try after a while.
[YFinanceFeed] realtime failed 1091.HK: Too Many Requests. Rate limited. Try after a while.
[YFinanceFeed] realtime failed 1093.HK: Too Many Requests. Rate limited. Try after a while.
[YFinanceFeed] realtime failed 1097.HK: Too Many Requests. Rate limited. Try after a while.
[YFinanceFeed] realtime failed 1099.HK: Too Many Requests. Rate limited. Try after a while.
[YFinanceFeed] realtime failed 1102.HK: Too Many Requests. Rate limited. Try after a while.
[YFinanceFeed] realtime failed 1104.HK: Too Many Requests. Rate limited. Try after a while.
[YFinanceFeed] realtime failed 1108.HK: Too Many Requests. Rate limited. Try after a while.
[YFinanceFeed] realtime failed 1109.HK: Too Many Requests. Rate limited. Try after a while.
[YFinanceFeed] realtime failed 1110.HK: Too Many Requests. Rate limited. Try after a while.
[YFinanceFeed] realtime failed 1111.HK: Too Many Requests. Rate limited. Try after a while.
[YFinanceFeed] realtime failed 1112.HK: Too Many Requests. Rate limited. Try after a while.
[YFinanceFeed] realtime failed 1113.HK: Too Many Requests. Rate limited. Try after a while.
[YFinanceFeed] realtime failed 1114.HK: Too Many Requests. Rate limited. Try after a while.
[YFinanceFeed] realtime failed 1115.HK: Too Many Requests. Rate limited. Try after a while.
[YFinanceFeed] realtime failed 1116.HK: Too Many Requests. Rate limited. Try after a while.
[YFinanceFeed] realtime failed 1117.HK: Too Many Requests. Rate limited. Try after a while.
[YFinanceFeed] realtime failed 1119.HK: Too Many Requests. Rate limited. Try after a while.
[YFinanceFeed] realtime failed 1122.HK: Too Many Requests. Rate limited. Try after a while.
[YFinanceFeed] realtime failed 1124.HK: Too Many Requests. Rate limited. Try after a while.
[YFinanceFeed] realtime failed 1126.HK: Too Many Requests. Rate limited. Try after a while.
[YFinanceFeed] realtime failed 1127.HK: Too Many Requests. Rate limited. Try after a while.
[YFinanceFeed] realtime failed 1128.HK: Too Many Requests. Rate limited. Try after a while.
[YFinanceFeed] realtime failed 1130.HK: Too Many Requests. Rate limited. Try after a while.
[YFinanceFeed] realtime failed 1132.HK: Too Many Requests. Rate limited. Try after a while.
[YFinanceFeed] realtime failed 1133.HK: Too Many Requests. Rate limited. Try after a while.
[YFinanceFeed] realtime failed 1137.HK: Too Many Requests. Rate limited. Try after a while.
[YFinanceFeed] realtime failed 1138.HK: Too Many Requests. Rate limited. Try after a while.
[YFinanceFeed] realtime failed 1140.HK: Too Many Requests. Rate limited. Try after a while.
[YFinanceFeed] realtime failed 1141.HK: Too Many Requests. Rate limited. Try after a while.
[YFinanceFeed] realtime failed 1142.HK: Too Many Requests. Rate limited. Try after a while.
[YFinanceFeed] realtime failed 1143.HK: Too Many Requests. Rate limited. Try after a while.
[YFinanceFeed] realtime failed 1145.HK: Too Many Requests. Rate limited. Try after a while.
[YFinanceFeed] realtime failed 1146.HK: Too Many Requests. Rate limited. Try after a while.
[YFinanceFeed] realtime failed 1147.HK: Too Many Requests. Rate limited. Try after a while.
[YFinanceFeed] realtime failed 1152.HK: Too Many Requests. Rate limited. Try after a while.
[YFinanceFeed] realtime failed 1157.HK: Too Many Requests. Rate limited. Try after a while.
[YFinanceFeed] realtime failed 1161.HK: Too Many Requests. Rate limited. Try after a while.
[YFinanceFeed] realtime failed 1162.HK: Too Many Requests. Rate limited. Try after a while.
[YFinanceFeed] realtime failed 1163.HK: Too Many Requests. Rate limited. Try after a while.
[YFinanceFeed] realtime failed 1164.HK: Too Many Requests. Rate limited. Try after a while.
[YFinanceFeed] realtime failed 1166.HK: Too Many Requests. Rate limited. Try after a while.
[YFinanceFeed] realtime failed 1167.HK: Too Many Requests. Rate limited. Try after a while.
[YFinanceFeed] realtime failed 1171.HK: Too Many Requests. Rate limited. Try after a while.
[YFinanceFeed] realtime failed 1172.HK: Too Many Requests. Rate limited. Try after a while.
[YFinanceFeed] realtime failed 1177.HK: Too Many Requests. Rate limited. Try after a while.
[YFinanceFeed] realtime failed 1179.HK: Too Many Requests. Rate limited. Try after a while.
[YFinanceFeed] realtime failed 1180.HK: Too Many Requests. Rate limited. Try after a while.
[YFinanceFeed] realtime failed 1183.HK: Too Many Requests. Rate limited. Try after a while.
[YFinanceFeed] realtime failed 1186.HK: Too Many Requests. Rate limited. Try after a while.
[YFinanceFeed] realtime failed 1193.HK: Too Many Requests. Rate limited. Try after a while.
[YFinanceFeed] realtime failed 1195.HK: Too Many Requests. Rate limited. Try after a while.
[YFinanceFeed] realtime failed 1196.HK: Too Many Requests. Rate limited. Try after a while.
[YFinanceFeed] realtime failed 1199.HK: Too Many Requests. Rate limited. Try after a while.
[YFinanceFeed] realtime failed 1200.HK: Too Many Requests. Rate limited. Try after a while.
[YFinanceFeed] realtime failed 1201.HK: Too Many Requests. Rate limited. Try after a while.
[YFinanceFeed] realtime failed 1202.HK: Too Many Requests. Rate limited. Try after a while.
[YFinanceFeed] realtime failed 1205.HK: Too Many Requests. Rate limited. Try after a while.
[YFinanceFeed] realtime failed 1208.HK: Too Many Requests. Rate limited. Try after a while.
[YFinanceFeed] realtime failed 1209.HK: Too Many Requests. Rate limited. Try after a while.
[YFinanceFeed] realtime failed 1211.HK: Too Many Requests. Rate limited. Try after a while.
[YFinanceFeed] realtime failed 1215.HK: Too Many Requests. Rate limited. Try after a while.
[YFinanceFeed] realtime failed 1216.HK: Too Many Requests. Rate limited. Try after a while.
[YFinanceFeed] realtime failed 1217.HK: Too Many Requests. Rate limited. Try after a while.
[YFinanceFeed] realtime failed 1223.HK: Too Many Requests. Rate limited. Try after a while.
[YFinanceFeed] realtime failed 1225.HK: Too Many Requests. Rate limited. Try after a while.
[YFinanceFeed] realtime failed 1228.HK: Too Many Requests. Rate limited. Try after a while.
[YFinanceFeed] realtime failed 1233.HK: Too Many Requests. Rate limited. Try after a while.
[YFinanceFeed] realtime failed 1234.HK: Too Many Requests. Rate limited. Try after a while.
[YFinanceFeed] realtime failed 1239.HK: Too Many Requests. Rate limited. Try after a while.
[YFinanceFeed] realtime failed 1251.HK: Too Many Requests. Rate limited. Try after a while.
[YFinanceFeed] realtime failed 1257.HK: Too Many Requests. Rate limited. Try after a while.
[YFinanceFeed] realtime failed 1258.HK: Too Many Requests. Rate limited. Try after a while.
[YFinanceFeed] realtime failed 1260.HK: Too Many Requests. Rate limited. Try after a while.
[YFinanceFeed] realtime failed 1268.HK: Too Many Requests. Rate limited. Try after a while.
[YFinanceFeed] realtime failed 1269.HK: Too Many Requests. Rate limited. Try after a while.
[YFinanceFeed] realtime failed 1270.HK: Too Many Requests. Rate limited. Try after a while.
[YFinanceFeed] realtime failed 1271.HK: Too Many Requests. Rate limited. Try after a while.
[YFinanceFeed] realtime failed 1272.HK: Too Many Requests. Rate limited. Try after a while.
[YFinanceFeed] realtime failed 1276.HK: Too Many Requests. Rate limited. Try after a while.
[YFinanceFeed] realtime failed 1277.HK: Too Many Requests. Rate limited. Try after a while.
[YFinanceFeed] realtime failed 1278.HK: Too Many Requests. Rate limited. Try after a while.
[YFinanceFeed] realtime failed 1280.HK: Too Many Requests. Rate limited. Try after a while.
[YFinanceFeed] realtime failed 1282.HK: Too Many Requests. Rate limited. Try after a while.
[YFinanceFeed] realtime failed 1283.HK: Too Many Requests. Rate limited. Try after a while.
[YFinanceFeed] realtime failed 1286.HK: Too Many Requests. Rate limited. Try after a while.
[YFinanceFeed] realtime failed 1288.HK: Too Many Requests. Rate limited. Try after a while.
[YFinanceFeed] realtime failed 1299.HK: Too Many Requests. Rate limited. Try after a while.
[YFinanceFeed] realtime failed 1300.HK: Too Many Requests. Rate limited. Try after a while.
[YFinanceFeed] realtime failed 1302.HK: Too Many Requests. Rate limited. Try after a while.
[YFinanceFeed] realtime failed 1305.HK: Too Many Requests. Rate limited. Try after a while.
[YFinanceFeed] realtime failed 1308.HK: Too Many Requests. Rate limited. Try after a while.
[YFinanceFeed] realtime failed 1310.HK: Too Many Requests. Rate limited. Try after a while.
[YFinanceFeed] realtime failed 1313.HK: Too Many Requests. Rate limited. Try after a while.
[YFinanceFeed] realtime failed 1315.HK: Too Many Requests. Rate limited. Try after a while.
[YFinanceFeed] realtime failed 1316.HK: Too Many Requests. Rate limited. Try after a while.
[YFinanceFeed] realtime failed 1317.HK: Too Many Requests. Rate limited. Try after a while.
[YFinanceFeed] realtime failed 1318.HK: Too Many Requests. Rate limited. Try after a while.
[YFinanceFeed] realtime failed 1319.HK: Too Many Requests. Rate limited. Try after a while.
[YFinanceFeed] realtime failed 1328.HK: Too Many Requests. Rate limited. Try after a while.
[YFinanceFeed] realtime failed 1330.HK: Too Many Requests. Rate limited. Try after a while.
[YFinanceFeed] realtime failed 1332.HK: Too Many Requests. Rate limited. Try after a while.
[YFinanceFeed] realtime failed 1333.HK: Too Many Requests. Rate limited. Try after a while.
[YFinanceFeed] realtime failed 1334.HK: Too Many Requests. Rate limited. Try after a while.
[YFinanceFeed] realtime failed 1335.HK: Too Many Requests. Rate limited. Try after a while.
[YFinanceFeed] realtime failed 1336.HK: Too Many Requests. Rate limited. Try after a while.
[YFinanceFeed] realtime failed 1338.HK: Too Many Requests. Rate limited. Try after a while.
[YFinanceFeed] realtime failed 1339.HK: Too Many Requests. Rate limited. Try after a while.
[YFinanceFeed] realtime failed 1341.HK: Too Many Requests. Rate limited. Try after a while.
[YFinanceFeed] realtime failed 1343.HK: Too Many Requests. Rate limited. Try after a while.
[YFinanceFeed] realtime failed 1347.HK: Too Many Requests. Rate limited. Try after a while.
[YFinanceFeed] realtime failed 1348.HK: Too Many Requests. Rate limited. Try after a while.
[YFinanceFeed] realtime failed 1351.HK: Too Many Requests. Rate limited. Try after a while.
[YFinanceFeed] realtime failed 1357.HK: Too Many Requests. Rate limited. Try after a while.
[YFinanceFeed] realtime failed 1358.HK: Too Many Requests. Rate limited. Try after a while.
[YFinanceFeed] realtime failed 1359.HK: Too Many Requests. Rate limited. Try after a while.
[YFinanceFeed] realtime failed 1361.HK: Too Many Requests. Rate limited. Try after a while.
[YFinanceFeed] realtime failed 1364.HK: Too Many Requests. Rate limited. Try after a while.
[YFinanceFeed] realtime failed 1368.HK: Too Many Requests. Rate limited. Try after a while.
[YFinanceFeed] realtime failed 1373.HK: Too Many Requests. Rate limited. Try after a while.
[YFinanceFeed] realtime failed 1375.HK: Too Many Requests. Rate limited. Try after a while.
[YFinanceFeed] realtime failed 1378.HK: Too Many Requests. Rate limited. Try after a while.
[YFinanceFeed] realtime failed 1380.HK: Too Many Requests. Rate limited. Try after a while.
[YFinanceFeed] realtime failed 1382.HK: Too Many Requests. Rate limited. Try after a while.
[YFinanceFeed] realtime failed 1384.HK: Too Many Requests. Rate limited. Try after a while.
[YFinanceFeed] realtime failed 1385.HK: Too Many Requests. Rate limited. Try after a while.
[YFinanceFeed] realtime failed 1393.HK: Too Many Requests. Rate limited. Try after a while.
[YFinanceFeed] realtime failed 1396.HK: Too Many Requests. Rate limited. Try after a while.
[YFinanceFeed] realtime failed 1398.HK: Too Many Requests. Rate limited. Try after a while.
[YFinanceFeed] realtime failed 1399.HK: Too Many Requests. Rate limited. Try after a while.
[YFinanceFeed] realtime failed 1401.HK: Too Many Requests. Rate limited. Try after a while.
[YFinanceFeed] realtime failed 1402.HK: Too Many Requests. Rate limited. Try after a while.
[YFinanceFeed] realtime failed 1410.HK: Too Many Requests. Rate limited. Try after a while.
[YFinanceFeed] realtime failed 1413.HK: Too Many Requests. Rate limited. Try after a while.
[YFinanceFeed] realtime failed 1415.HK: Too Many Requests. Rate limited. Try after a while.
[YFinanceFeed] realtime failed 1416.HK: Too Many Requests. Rate limited. Try after a while.
[YFinanceFeed] realtime failed 1418.HK: Too Many Requests. Rate limited. Try after a while.
[YFinanceFeed] realtime failed 1420.HK: Too Many Requests. Rate limited. Try after a while.
[YFinanceFeed] realtime failed 1421.HK: Too Many Requests. Rate limited. Try after a while.
[YFinanceFeed] realtime failed 1427.HK: Too Many Requests. Rate limited. Try after a while.
[YFinanceFeed] realtime failed 1428.HK: Too Many Requests. Rate limited. Try after a while.
[YFinanceFeed] realtime failed 1429.HK: Too Many Requests. Rate limited. Try after a while.
[YFinanceFeed] realtime failed 1432.HK: Too Many Requests. Rate limited. Try after a while.
[YFinanceFeed] realtime failed 1440.HK: Too Many Requests. Rate limited. Try after a while.
[YFinanceFeed] realtime failed 1443.HK: Too Many Requests. Rate limited. Try after a while.
[YFinanceFeed] realtime failed 1450.HK: Too Many Requests. Rate limited. Try after a while.
[YFinanceFeed] realtime failed 1452.HK: Too Many Requests. Rate limited. Try after a while.
[YFinanceFeed] realtime failed 1458.HK: Too Many Requests. Rate limited. Try after a while.
[YFinanceFeed] realtime failed 1459.HK: Too Many Requests. Rate limited. Try after a while.
[YFinanceFeed] realtime failed 1468.HK: Too Many Requests. Rate limited. Try after a while.
[YFinanceFeed] realtime failed 1470.HK: Too Many Requests. Rate limited. Try after a while.
[YFinanceFeed] realtime failed 1472.HK: Too Many Requests. Rate limited. Try after a while.
[YFinanceFeed] realtime failed 1473.HK: Too Many Requests. Rate limited. Try after a while.
[YFinanceFeed] realtime failed 1476.HK: Too Many Requests. Rate limited. Try after a while.
[YFinanceFeed] realtime failed 1477.HK: Too Many Requests. Rate limited. Try after a while.
[YFinanceFeed] realtime failed 1478.HK: Too Many Requests. Rate limited. Try after a while.
[YFinanceFeed] realtime failed 1483.HK: Too Many Requests. Rate limited. Try after a while.
[YFinanceFeed] realtime failed 1489.HK: Too Many Requests. Rate limited. Try after a while.
[YFinanceFeed] realtime failed 1490.HK: Too Many Requests. Rate limited. Try after a while.
[YFinanceFeed] realtime failed 1496.HK: Too Many Requests. Rate limited. Try after a while.
[YFinanceFeed] realtime failed 1499.HK: Too Many Requests. Rate limited. Try after a while.
[YFinanceFeed] realtime failed 1508.HK: Too Many Requests. Rate limited. Try after a while.
[YFinanceFeed] realtime failed 1515.HK: Too Many Requests. Rate limited. Try after a while.
[YFinanceFeed] realtime failed 1516.HK: Too Many Requests. Rate limited. Try after a while.
[YFinanceFeed] realtime failed 1519.HK: Too Many Requests. Rate limited. Try after a while.
[YFinanceFeed] realtime failed 1522.HK: Too Many Requests. Rate limited. Try after a while.
[YFinanceFeed] realtime failed 1523.HK: Too Many Requests. Rate limited. Try after a while.
[YFinanceFeed] realtime failed 1525.HK: Too Many Requests. Rate limited. Try after a while.
[YFinanceFeed] realtime failed 1526.HK: Too Many Requests. Rate limited. Try after a while.
[YFinanceFeed] realtime failed 1528.HK: Too Many Requests. Rate limited. Try after a while.
[YFinanceFeed] realtime failed 1530.HK: Too Many Requests. Rate limited. Try after a while.
[YFinanceFeed] realtime failed 1532.HK: Too Many Requests. Rate limited. Try after a while.
[YFinanceFeed] realtime failed 1538.HK: Too Many Requests. Rate limited. Try after a while.
[YFinanceFeed] realtime failed 1539.HK: Too Many Requests. Rate limited. Try after a while.
[YFinanceFeed] realtime failed 1541.HK: Too Many Requests. Rate limited. Try after a while.
[YFinanceFeed] realtime failed 1546.HK: Too Many Requests. Rate limited. Try after a while.
[YFinanceFeed] realtime failed 1548.HK: Too Many Requests. Rate limited. Try after a while.
[YFinanceFeed] realtime failed 1549.HK: Too Many Requests. Rate limited. Try after a while.
[YFinanceFeed] realtime failed 1555.HK: Too Many Requests. Rate limited. Try after a while.
[YFinanceFeed] realtime failed 1556.HK: Too Many Requests. Rate limited. Try after a while.
