ticker,company_name,exchange,source,active,notes
A,安捷伦科技,NYSE,opend_us,True,
AA,美国铝业公司,NYSE,opend_us,True,
AACB,Artius II Acquisition Inc,NASDAQ,opend_us,True,
AACBR,ARTIUS II ACQUISITION INC COM USD0.0001 CL A (SUB/RIGHTS)27/11/29,NASDAQ,opend_us,True,
AACBU,ARTIUS II ACQUISITION INC UNIT 1 COM & RT (27/11/2029),NASDAQ,opend_us,True,
AACG,ATA Creativity Global,NASDAQ,opend_us,True,
AACI,Armada Acquisition Corp III,NASDAQ,opend_us,True,
AACIU,ARMADA ACQUISITION CORPORATION III UNIT 1 CLASS A ORD & 1/2 WAR(13/02/2031),NASDAQ,opend_us,True,
AACO,ABONY ACQUISITION CORPORATION I,NASDAQ,opend_us,True,
AACOU,ABONY ACQUISITION CORPORATION I UNIT 1 CL A ORD & 1/3 WT(29/01/2031),NASDAQ,opend_us,True,
AACP,APOGEE ACQUISITION CORPORATION,NASDAQ,opend_us,True,
AACPR,APOGEE ACQUISITION CORPORATION ORD USD0.0001 CL A (S/R 27/03/2031),NASDAQ,opend_us,True,
AACPU,APOGEE ACQUISITION CORPORATION UNIT 1 CL A 1 WT & 1 RT 27/03/2031,NASDAQ,opend_us,True,
AADX,Applied Aerospace & Defense,NYSE,opend_us,True,
AAIN,ARLINGTON ASSET INVESTMENT CORP 6.000% SENIOR NOTES DUE 01/08/2026,NYSE,opend_us,True,
AAL,美国航空,NASDAQ,opend_us,True,
AAME,美国大西洋,NASDAQ,opend_us,True,
AAMI,Acadian Asset Management,NYSE,opend_us,True,
AAOI,Applied Optoelectronics,NASDAQ,opend_us,True,
AAON,艾伦建材,NASDAQ,opend_us,True,
AAP,Advance Auto Parts,NYSE,opend_us,True,
AAPG,亚盛医药,NASDAQ,opend_us,True,
AAPL,苹果,NASDAQ,opend_us,True,
AARD,Aardvark Therapeutics,NASDAQ,opend_us,True,
AAS,Antharas,NASDAQ,opend_us,True,
AAUC,Allied Gold,NYSE,opend_us,True,
AB,联博控股,NYSE,opend_us,True,
ABAT,American Battery Technology,NASDAQ,opend_us,True,
ABBV,艾伯维公司,NYSE,opend_us,True,
ABCB,ABC银行,NYSE,opend_us,True,
ABCL,AbCellera Biologics,NASDAQ,opend_us,True,
ABEO,Abeona Therapeutics,NASDAQ,opend_us,True,
ABEV,Ambev SA,NYSE,opend_us,True,
ABG,阿斯伯里汽车,NYSE,opend_us,True,
ABLV,Able View Global,NASDAQ,opend_us,True,
ABM,反导工业,NYSE,opend_us,True,
ABNB,爱彼迎,NASDAQ,opend_us,True,
ABOS,Acumen Pharmaceuticals,NASDAQ,opend_us,True,
ABSI,Absci Corp,NASDAQ,opend_us,True,
ABT,雅培,NYSE,opend_us,True,
ABTC,American Bitcoin,NASDAQ,opend_us,True,
ABTS,Abits,NASDAQ,opend_us,True,
ABUS,Arbutus Biopharma,NASDAQ,opend_us,True,
ABVC,ABVC BioPharma,NASDAQ,opend_us,True,
ABVX,Abivax S.A.,NASDAQ,opend_us,True,
ABX,Abacus Global Management,NYSE,opend_us,True,
ABXL,ABACUS GLOBAL MANAGEMENT INC 9.875% SENIOR NOTES 15/11/2028 USD25,NYSE,opend_us,True,
ACA,Arcosa,NYSE,opend_us,True,
ACAA,AVERIN CAP ACQUISITION CORP,NASDAQ,opend_us,True,
ACAAU,AVERIN CAP ACQUISITION CORP UNIT 1 CL A ORD & 1/6 WT(30/01/2031),NASDAQ,opend_us,True,
ACAD,阿卡迪亚,NASDAQ,opend_us,True,
ACB,极光大麻,NASDAQ,opend_us,True,
ACCL,卓远控股,NASDAQ,opend_us,True,
ACCO,ACCO Brands,NYSE,opend_us,True,
ACCS,ACCESS Newswire,AMEX,opend_us,True,
ACDC,ProFrac Holding,NASDAQ,opend_us,True,
ACEL,Accel Entertainment,NYSE,opend_us,True,
ACET,艾切托,NASDAQ,opend_us,True,
ACFN,Acorn Energy,NASDAQ,opend_us,True,
ACGC,ACP HLDGS ACQUISITION CORP,NASDAQ,opend_us,True,
ACGCU,ACP HLDGS ACQUISITION CORP UNIT 1 CL A ORD & 1/2 WT 30/03/2031,NASDAQ,opend_us,True,
ACGL,艾奇资本,NASDAQ,opend_us,True,
ACGLN,ARCH CAPITAL GROUP DEP SHS EACH REP 1/1000TH NCUM PFD SER G,NASDAQ,opend_us,True,
ACGLO,ARCH CAPITAL GROUP 5.45% NON CUM DEP REP 1/1000 PFD SER F,NASDAQ,opend_us,True,
ACGN,Aceragen,NASDAQ,opend_us,True,
ACH,Accendra Health,NYSE,opend_us,True,
ACHC,阿卡迪亚医疗保健,NASDAQ,opend_us,True,
ACHL,Achilles Therapeutics,NASDAQ,opend_us,True,
ACHR,Archer Aviation,NYSE,opend_us,True,
ACHV,Achieve Life,NASDAQ,opend_us,True,
ACI,艾伯森,NYSE,opend_us,True,
ACIC,American Coastal Insurance,NASDAQ,opend_us,True,
ACIU,AC Immune,NASDAQ,opend_us,True,
ACIW,ACI环球,NASDAQ,opend_us,True,
ACLL,ACell,NASDAQ,opend_us,True,
ACLS,Axcelis Technologies,NASDAQ,opend_us,True,
ACM,AECOM Technology,NYSE,opend_us,True,
ACMR,ACM Research,NASDAQ,opend_us,True,
ACN,埃森哲,NYSE,opend_us,True,
ACNB,ACNB Corp.,NASDAQ,opend_us,True,
ACNT,Ascent Industries,NASDAQ,opend_us,True,
ACOG,Alpha Cognition,NASDAQ,opend_us,True,
ACON,Aclarion,NASDAQ,opend_us,True,
ACRS,Aclaris Therapeutics,NASDAQ,opend_us,True,
ACRV,Acrivon Therapeutics,NASDAQ,opend_us,True,
ACT,Enact Holdings,NASDAQ,opend_us,True,
ACTG,阿卡西亚,NASDAQ,opend_us,True,
ACTU,Actuate Therapeutics,NASDAQ,opend_us,True,
ACU,Acme United,AMEX,opend_us,True,
ACVA,ACV Auctions,NYSE,opend_us,True,
ACXP,Acurx Pharmaceuticals,NASDAQ,opend_us,True,
AD,Array Digital Infrastructure,NYSE,opend_us,True,
ADAC,AMERICAN DRIVE ACQUISITION CO,NASDAQ,opend_us,True,
ADACU,AMERICAN DRIVE ACQUISITION CO UNIT (CONS SHS CL A & 1/3 WT)04/12/2030,NASDAQ,opend_us,True,
ADAG,天演药业,NASDAQ,opend_us,True,
ADAM,Adamas Trust Inc,NASDAQ,opend_us,True,
ADAMG,ADAMAS TRUST INC. 9.125% NTS 01/04/2030 USD25,NASDAQ,opend_us,True,
ADAMH,ADAMAS TRUST INC. 9.875% NTS 01/10/2030 USD25,NASDAQ,opend_us,True,
ADAMI,ADAMAS TRUST INC. 9.125% NTS 07/01/29 USD25,NASDAQ,opend_us,True,
ADAML,ADAMAS TRUST INC. SER F FIX FLTNG PFD SHS,NASDAQ,opend_us,True,
ADAMM,ADAMAS TRUST INC. 7.875% CUM RED PFD SERIES E USD25,NASDAQ,opend_us,True,
ADAMN,ADAMAS TRUST INC. 8% SERIS D FXD TO FLOTIG RTE CUM RED PRE,NASDAQ,opend_us,True,
ADAMO,ADAMAS TRUST INC. 9.250% SENIOR NOTES DUE 01/04/2031,NASDAQ,opend_us,True,
ADAMZ,ADAMAS TRUST INC. SERIES G CUMULATIVE REDEEMABLE PFD USD25,NASDAQ,opend_us,True,
ADBE,Adobe,NASDAQ,opend_us,True,
ADCT,ADC Therapeutics,NYSE,opend_us,True,
ADEA,Adeia,NASDAQ,opend_us,True,
ADGM,Adagio Medical,NASDAQ,opend_us,True,
ADI,亚德诺,NASDAQ,opend_us,True,
ADIL,Adial Pharmaceuticals,NASDAQ,opend_us,True,
ADM,Archer Daniels Midland,NYSE,opend_us,True,
ADMA,ADMA Biologics,NASDAQ,opend_us,True,
ADNT,Adient,NYSE,opend_us,True,
ADP,自动数据处理,NASDAQ,opend_us,True,
ADPT,Adaptive Biotechnologies,NASDAQ,opend_us,True,
ADSE,Ads-Tec Energy,NASDAQ,opend_us,True,
ADSK,欧特克,NASDAQ,opend_us,True,
ADT,ADT Inc,NYSE,opend_us,True,
ADTN,亚川,NASDAQ,opend_us,True,
ADTX,Aditxt,NASDAQ,opend_us,True,
ADUR,Aduro Clean Technologies,NASDAQ,opend_us,True,
ADUS,爱德斯,NASDAQ,opend_us,True,
ADV,Advantage Solutions,NASDAQ,opend_us,True,
ADVB,Advanced Biomed,NASDAQ,opend_us,True,
ADVM,Adverum Biotechnologies(已退市),NASDAQ,opend_us,True,
ADXN,Addex Therapeutics,NASDAQ,opend_us,True,
AEAQ,Activate Energy Acquisition Corp,NASDAQ,opend_us,True,
AEAQU,ACTIVATE ENGY ACQUISITION CORP UNIT (SHS 1 CL A & 1/2 WT)10/11/2030,NASDAQ,opend_us,True,
AEBI,Aebi Schmidt,NASDAQ,opend_us,True,
AEC,Anfield Energy,NASDAQ,opend_us,True,
AED,栢威医药,NASDAQ,opend_us,True,
AEE,阿曼瑞恩,NYSE,opend_us,True,
AEFC,AEGON FUNDING COMPANY LLC 5.1% SUB NOTES DUE 15/12/2049 USD25,NYSE,opend_us,True,
AEG,荷兰全球保险,NYSE,opend_us,True,
AEHL,羚羊控股,NASDAQ,opend_us,True,
AEHR,Aehr Test Systems,NASDAQ,opend_us,True,
AEI,Alset,NASDAQ,opend_us,True,
AEIS,先进能源工业,NASDAQ,opend_us,True,
AEM,伊格尔矿业,NYSE,opend_us,True,
AEMD,Aethlon Medical,NASDAQ,opend_us,True,
AENT,Alliance Entertainment Holding,NASDAQ,opend_us,True,
AEO,美鹰服饰,NYSE,opend_us,True,
AEON,AEON Biopharma,AMEX,opend_us,True,
AEP,美国电力,NASDAQ,opend_us,True,
AEPPL,AMERICAN ELECTRIC POWER CO INC 6.125% CNV 15/03/2024 USD,NASDAQ,opend_us,True,
AEPPZ,AMERICAN ELEC PWR UNITS CORP 15/08/2025,NASDAQ,opend_us,True,
AER,AerCap飞机租赁,NYSE,opend_us,True,
AERO,墨西哥航空,NYSE,opend_us,True,
AERT,Aeries Technology,NASDAQ,opend_us,True,
AES,AES发电,NYSE,opend_us,True,
AESI,Atlas Energy Solutions,NYSE,opend_us,True,
AESPU,AEON ACQUISITION I CORP UNIT CONS 1 ORD A & 1WT & 1RT(30/01/31),NASDAQ,opend_us,True,
AEVA,Aeva Technologies,NASDAQ,opend_us,True,
AEXA,AMERICAN EXCEPTIONALISM ACQ CORP. A,NYSE,opend_us,True,
AEYE,AudioEye,NASDAQ,opend_us,True,
AEZSW,WT - AETERNA ZENTARIS INC.,NYSE,opend_us,True,
AFAR,Aura FAT Projects Acquisition Corp,NASDAQ,opend_us,True,
AFARU,Aura Fat Projects Acquisition Corp.,NASDAQ,opend_us,True,
AFBI,Affinity Bancshares,NASDAQ,opend_us,True,
AFCG,Advanced Flower Capital,NASDAQ,opend_us,True,
AFG,美国金融,NYSE,opend_us,True,
AFGB,AMERICAN FINANCIAL GROUP INC OHIO 5.875% SUBORD DEB DUE 30/03/2059 USD25,NYSE,opend_us,True,
AFGC,AMERICAN FINANCIAL GROUP INC OHIO 5.125% SUBORD DEB DUE 15/12/2059 USD25,NYSE,opend_us,True,
AFGD,AMERICAN FINANCIAL GROUP INC OHIO 5.625% SUBORDINATED DEB DUE 01/06/2060,NYSE,opend_us,True,
AFGE,AMERICAN FINANCIAL GROUP INC OHIO 4.500% SUBORD DEB DUE 15/09/2060,NYSE,opend_us,True,
AFJK,Aimei Health Technology,NASDAQ,opend_us,True,
AFJKR,AIMEI HEALTH TECHNOLOGY CO LTD COM USD0.0001 (SUB/RIGHTS 17/11/2028),NASDAQ,opend_us,True,
AFJKU,AIMEI HEALTH TECHNOLOGY CO LTD UNIT 1 ORD SHS & 1 RT,NASDAQ,opend_us,True,
AFL,美国家庭寿险,NYSE,opend_us,True,
AFRI,Forafric Global,NASDAQ,opend_us,True,
AFRM,Affirm Holdings,NASDAQ,opend_us,True,
AFYA,Afya Ltd,NASDAQ,opend_us,True,
AG,First Majestic Silver,NYSE,opend_us,True,
AGBK,AGI,NYSE,opend_us,True,
AGCC,Agencia Comercial Spirits,NASDAQ,opend_us,True,
AGCO,爱科集团,NYSE,opend_us,True,
AGEN,艾吉纳斯,NASDAQ,opend_us,True,
AGI,Alamos Gold,NYSE,opend_us,True,
AGIG,Abundia Global Impact Group,AMEX,opend_us,True,
AGII,堂堂加,NASDAQ,opend_us,True,
AGIL,AGILETHOUGHT INC,NASDAQ,opend_us,True,
AGIO,Agios Pharmaceuticals,NASDAQ,opend_us,True,
AGL,Agilon Health,NYSE,opend_us,True,
AGM,联邦农业抵押贷款-C,NYSE,opend_us,True,
AGM.A,联邦农业抵押贷款-A,NYSE,opend_us,True,
AGMB,AgomAb Therapeutics,NASDAQ,opend_us,True,
AGMH,AGM Group,NASDAQ,opend_us,True,
AGNCL,AGNC INVESTMENT CORP DEP SHS REPSTG 1/1000TH PFD SER G,NASDAQ,opend_us,True,
AGNCM,AGNC INVESTMENT CORP 6.875% DEP SHS REP 1/1000TH PFD SR D,NASDAQ,opend_us,True,
AGNCN,AGNC INVESTMENT CORP 7% CUM RED REP 1/1000 INT PFD SHS SER C,NASDAQ,opend_us,True,
AGNCO,AGNC INVESTMENT CORP 6.50% DEP SHS REP 1/1000 CUM PFD SER E,NASDAQ,opend_us,True,
AGNCP,AGNC INVESTMENT CORP 6.125% CUM RED PREF STK SERIES F,NASDAQ,opend_us,True,
AGNCZ,AGNC INVESTMENT CORP DEP SHS REPSTG 1/1000TH PFD SER H,NASDAQ,opend_us,True,
AGNT,eXp World,NASDAQ,opend_us,True,
AGO,Assured Guaranty,NYSE,opend_us,True,
AGPU,Axe Compute,NASDAQ,opend_us,True,
AGRO,Adecoagro,NYSE,opend_us,True,
AGRZ,Agroz,NASDAQ,opend_us,True,
AGX,Argan,NYSE,opend_us,True,
AGYS,阿吉赛斯,NASDAQ,opend_us,True,
AHCO,AdaptHealth,NASDAQ,opend_us,True,
AHG,Akso Health,NASDAQ,opend_us,True,
AHI,Advanced Health Intelligence,NASDAQ,opend_us,True,
AHMA,Ambitions Enterprise Management,NASDAQ,opend_us,True,
AHR,American Healthcare REIT,NYSE,opend_us,True,
AHT,阿什福德信托,NYSE,opend_us,True,
AI,C3.ai,NYSE,opend_us,True,
AIAI,AIAI Holdings,NASDAQ,opend_us,True,
AIB,BlockchAIn Digital Infrastructure,AMEX,opend_us,True,
AIDX,20/20 BIOLABS INC,NASDAQ,opend_us,True,
AIFA,All In FutureTech Alliance,NASDAQ,opend_us,True,
AIFC,AI Financial,NASDAQ,opend_us,True,
AIFF,Firefly Neuroscience,NASDAQ,opend_us,True,
AIFU,智能未来,NASDAQ,opend_us,True,
AIG,美国国际集团,NYSE,opend_us,True,
AIGO,爱购控股,NASDAQ,opend_us,True,
AIHS,森淼科技,NASDAQ,opend_us,True,
AII,American Integrity Insurance Group,NYSE,opend_us,True,
AIIA,AI Infrastructure Acquisition Corp,NYSE,opend_us,True,
AIIAU,AI Infrastructure Acquisition Corp.,NASDAQ,opend_us,True,
AIIO,Robo.ai,NASDAQ,opend_us,True,
AIIR,AIR Global,NASDAQ,opend_us,True,
AIM,AIM ImmunoTech,AMEX,opend_us,True,
AIMD,Ainos,NASDAQ,opend_us,True,
AIN,奥尔巴尼国际,NYSE,opend_us,True,
AIOS,爱奥斯科技,NASDAQ,opend_us,True,
AIOT,Powerfleet,NASDAQ,opend_us,True,
AIP,Arteris,NASDAQ,opend_us,True,
AIR,AAR Corp,NYSE,opend_us,True,
AIRE,reAlpha Tech,NASDAQ,opend_us,True,
AIRG,Airgain,NASDAQ,opend_us,True,
AIRI,Air Industries Group,AMEX,opend_us,True,
AIRJ,AirJoule Technologies,NASDAQ,opend_us,True,
AIRO,AIRO Group,NASDAQ,opend_us,True,
AIRS,Airsculpt Technologies,NASDAQ,opend_us,True,
AIRT,Air T,NASDAQ,opend_us,True,
AIRTP,AIR T FUNDING 8% ALPHA INCOME TR PFD SECS NEW(R/S),NASDAQ,opend_us,True,
AISP,Airship AI,NASDAQ,opend_us,True,
AIT,应用工业技术,NYSE,opend_us,True,
AIU,Meta Data(已退市),NYSE,opend_us,True,
AIW,Arlington Asset Investment Corp.,NYSE,opend_us,True,
AIXC,AIxCrypto,NASDAQ,opend_us,True,
AIXI,小i机器人,NASDAQ,opend_us,True,
AIZ,安信龙保险,NYSE,opend_us,True,
AIZN,ASSURANT INC 5.25% SUB NOTES DUE 15/01/2061,NYSE,opend_us,True,
AJG,亚瑟加拉格尔,NYSE,opend_us,True,
AKA,a.k.a. Brands,NYSE,opend_us,True,
AKAM,阿克迈,NASDAQ,opend_us,True,
AKAN,Akanda,NASDAQ,opend_us,True,
AKBA,Akebia Therapeutics,NASDAQ,opend_us,True,
AKO.A,Andina Bottling-A,NYSE,opend_us,True,
AKO.B,Andina Bottling-B,NYSE,opend_us,True,
AKTS,Aktis Oncology,NASDAQ,opend_us,True,
AKTX,Akari Therapeutics,NASDAQ,opend_us,True,
ALAB,Astera Labs,NASDAQ,opend_us,True,
ALAR,Alarum Technologies,NASDAQ,opend_us,True,
ALB,美国雅保,NYSE,opend_us,True,
ALBT,Avalon GloboCare,NASDAQ,opend_us,True,
ALC,Alcon,NYSE,opend_us,True,
ALCO,阿利科,NASDAQ,opend_us,True,
ALD,Altech Digital,NASDAQ,opend_us,True,
ALDF,ALDEL FINL II INC,NASDAQ,opend_us,True,
ALDFU,ALDEL FINL II INC UNIT 26/09/2031 (1 CL A COM & 1/2 WT EXP,NASDAQ,opend_us,True,
ALDX,Aldeyra Therapeutics,NASDAQ,opend_us,True,
ALE,阿里特 (已退市),NYSE,opend_us,True,
ALEC,Alector,NASDAQ,opend_us,True,
ALEH,奧利集团,NASDAQ,opend_us,True,
ALF,CENTURION ACQUISITION CORP,NASDAQ,opend_us,True,
ALFUU,CENTURION ACQUISITION CORP UNIT 1 CL A SHS & 1/2 WT EXP 31/05/2032,NASDAQ,opend_us,True,
ALG,阿拉莫,NYSE,opend_us,True,
ALGM,Allegro Microsystems,NASDAQ,opend_us,True,
ALGN,艾利科技,NASDAQ,opend_us,True,
ALGS,Aligos Therapeutics,NASDAQ,opend_us,True,
ALGT,忠诚旅游,NASDAQ,opend_us,True,
ALH,Alliance Laundry Holdings,NYSE,opend_us,True,
ALHC,Alignment Healthcare,NASDAQ,opend_us,True,
ALIS,CALISA ACQUISITION CORP,NASDAQ,opend_us,True,
ALISR,CALISA ACQUISITION CORP ORD  USD0.000075 (S/R)11/09/2030,NASDAQ,opend_us,True,
ALISU,Calisa Acquisition Corp,NASDAQ,opend_us,True,
ALIT,Alight,NYSE,opend_us,True,
ALK,阿拉斯加航空,NYSE,opend_us,True,
ALKS,阿尔凯默斯,NASDAQ,opend_us,True,
ALKT,Alkami Technology,NASDAQ,opend_us,True,
ALL,好事达,NYSE,opend_us,True,
ALLE,Allegion,NYSE,opend_us,True,
ALLO,Allogene Therapeutics,NASDAQ,opend_us,True,
ALLR,Allarity Therapeutics,NASDAQ,opend_us,True,
ALLT,艾奥特通讯,NASDAQ,opend_us,True,
ALLY,Ally Financial,NYSE,opend_us,True,
ALM,Almonty Industries,NASDAQ,opend_us,True,
ALMR,Alamar Biosciences,NASDAQ,opend_us,True,
ALMS,Alumis,NASDAQ,opend_us,True,
ALMU,Aeluma Inc,NASDAQ,opend_us,True,
ALNT,Allient,NASDAQ,opend_us,True,
ALNY,阿里拉姆制药,NASDAQ,opend_us,True,
ALOHA,Cariloha,NASDAQ,opend_us,True,
ALOT,AstroNova,NASDAQ,opend_us,True,
ALOV,ALDABRA 4 LIQUIDITY OPPORTUNITY VEH,NASDAQ,opend_us,True,
ALOVU,ALDABRA 4 LIQUIDITY OPPORTUNITY VEH UNIT 1 CL A ORD SHS & 1/3 RED WT EXP,NASDAQ,opend_us,True,
ALOY,REalloys,NASDAQ,opend_us,True,
ALP,Alpha Compute Corp,NASDAQ,opend_us,True,
ALPS,ALPS GROUP INC,NASDAQ,opend_us,True,
ALPX,Alopexx,NASDAQ,opend_us,True,
ALRM,Alarm.com,NASDAQ,opend_us,True,
ALRS,Alerus Financial,NASDAQ,opend_us,True,
ALSN,艾里逊变速箱,NYSE,opend_us,True,
ALT,Altimmune,NASDAQ,opend_us,True,
ALTG,Alta Equipment,NYSE,opend_us,True,
ALTI,AlTi Global,NASDAQ,opend_us,True,
ALTO,Alto Ingredients,NASDAQ,opend_us,True,
ALUB,ALUSSA ENERGY ACQUISITION CORP II,NYSE,opend_us,True,
ALUBU,Alussa Energy Acquisition Corp. II,NYSE,opend_us,True,
ALV,奥托立夫,NYSE,opend_us,True,
ALVO,Alvotech,NASDAQ,opend_us,True,
ALXO,ALX Oncology,NASDAQ,opend_us,True,
ALZN,Alzamend Neuro,NASDAQ,opend_us,True,
AM,Antero Midstream,NYSE,opend_us,True,
AMAL,Amalgamated Bank,NASDAQ,opend_us,True,
AMAN,Amanat Acquisition Corp,NASDAQ,opend_us,True,
AMAT,应用材料,NASDAQ,opend_us,True,
AMBA,安霸,NASDAQ,opend_us,True,
AMBO,安博教育,AMEX,opend_us,True,
AMBP,Ardagh Metal,NYSE,opend_us,True,
AMBQ,Ambiq Micro,NYSE,opend_us,True,
AMBR,Amber International Holding,NASDAQ,opend_us,True,
AMC,AMC院线,NYSE,opend_us,True,
AMCI,AMC Robotics,NASDAQ,opend_us,True,
AMCR,Amcor,NYSE,opend_us,True,
AMCX,AMC网络,NASDAQ,opend_us,True,
AMD,美国超微公司,NASDAQ,opend_us,True,
AMDI,Amphitrite Digital,AMEX,opend_us,True,
AME,阿美特克,NYSE,opend_us,True,
AMG,Affiliated Managers,NYSE,opend_us,True,
AMGN,安进,NASDAQ,opend_us,True,
AMGSU,Prospect Energy Holdings Corp.,NASDAQ,opend_us,True,
AMIX,Autonomix Medical,NASDAQ,opend_us,True,
AMJK,Aimei Health Technology,NASDAQ,opend_us,True,
AMKR,艾马克技术,NASDAQ,opend_us,True,
AMLX,Amylyx Pharmaceuticals,NASDAQ,opend_us,True,
AMN,AMN医疗保健服务,NYSE,opend_us,True,
AMOD,Alpha Modus Holdings,NASDAQ,opend_us,True,
AMP,阿莫斯莱斯金融,NYSE,opend_us,True,
AMPG,AmpliTech Group,NASDAQ,opend_us,True,
AMPGR,AMPLITECH GROUP INC. COM USD0.001 (S/R 18/07/2026),NASDAQ,opend_us,True,
AMPGZ,AMPLITECH GROUP INC. USD0.001 S/R 20/11/26 SER B,NASDAQ,opend_us,True,
AMPH,Amphastar Pharmaceuticals,NASDAQ,opend_us,True,
AMPL,Amplitude,NASDAQ,opend_us,True,
AMPX,Amprius Technologies,NYSE,opend_us,True,
AMPY,Amplify Energy,NYSE,opend_us,True,
AMR,Alpha Metallurgical,NYSE,opend_us,True,
AMRC,阿梅雷斯克,NYSE,opend_us,True,
AMRN,阿玛琳,NASDAQ,opend_us,True,
AMRX,Amneal Pharmaceuticals,NASDAQ,opend_us,True,
AMRZ,Amrize,NYSE,opend_us,True,
AMS,American Shared Hospital Services,AMEX,opend_us,True,
AMSC,美国超导,NASDAQ,opend_us,True,
AMSF,Amerisafe,NASDAQ,opend_us,True,
AMSS,Amass Brands,NASDAQ,opend_us,True,
AMST,Amesite,NASDAQ,opend_us,True,
AMTB,Amerant Bancorp,NYSE,opend_us,True,
AMTD,AMTD IDEA Group,NYSE,opend_us,True,
AMTM,Amentum Holdings,NYSE,opend_us,True,
AMTU,Amatuhi Holdings,NASDAQ,opend_us,True,
AMTX,Aemetis,NASDAQ,opend_us,True,
AMWD,美国伍德马克(已退市),NASDAQ,opend_us,True,
AMWL,American Well,NYSE,opend_us,True,
AMX,美洲移动,NYSE,opend_us,True,
AMZE,Amaze Holdings,AMEX,opend_us,True,
AMZN,亚马逊,NASDAQ,opend_us,True,
AN,车之国公司,NYSE,opend_us,True,
ANAB,AnaptysBio,NASDAQ,opend_us,True,
AND,Global X Ftse Andean 40 Etf,NASDAQ,opend_us,True,
ANDE,安德森斯,NASDAQ,opend_us,True,
ANDG,Andersen Group,NYSE,opend_us,True,
ANET,Arista Networks,NYSE,opend_us,True,
ANF,爱芬奇,NYSE,opend_us,True,
ANGH,Anghami,NASDAQ,opend_us,True,
ANGI,Angi Inc,NASDAQ,opend_us,True,
ANGO,AngioDynamics,NASDAQ,opend_us,True,
ANGX,Angel Studios,NYSE,opend_us,True,
ANIK,阿尼卡疗法,NASDAQ,opend_us,True,
ANIP,ANI Pharmaceuticals,NASDAQ,opend_us,True,
ANIX,Anixa Biosciences,NASDAQ,opend_us,True,
ANL,阿诺医药,NASDAQ,opend_us,True,
ANNA,AleAnna,NASDAQ,opend_us,True,
ANNX,Annexon,NASDAQ,opend_us,True,
ANPA,Rich Sparkle Holdings,NASDAQ,opend_us,True,
ANRO,Alto Neuroscience,NYSE,opend_us,True,
ANSC,AGRICULTURE & NAT SOLUTIONS ACQ COR,NASDAQ,opend_us,True,
ANSCU,AGRICULTURE & NAT SOLUTIONS ACQ COR UNIT 1 CL A & 1/2 WT,NASDAQ,opend_us,True,
ANTA,Antalpha Platform,NASDAQ,opend_us,True,
ANTX,AN2 Therapeutics,NASDAQ,opend_us,True,
ANVS,Annovis Bio,NYSE,opend_us,True,
ANY,Sphere 3d,NASDAQ,opend_us,True,
AOMD,ANGEL OAK MORTGAGE REIT INC 9.75% NTS DUE 01/06/2030 USD25,NYSE,opend_us,True,
AOMN,ANGEL OAK MORTGAGE REIT INC 9.500%  NTS DUE 30/07/2029,NYSE,opend_us,True,
AON,怡安保险,NYSE,opend_us,True,
AORT,Artivion,NYSE,opend_us,True,
AOS,A.O.史密斯,NYSE,opend_us,True,
AOSL,阿尔法和欧米伽半导体,NASDAQ,opend_us,True,
AOUT,American Outdoor Brands,NASDAQ,opend_us,True,
AP,安博科-匹兹堡,NYSE,opend_us,True,
APA,阿帕奇石油,NASDAQ,opend_us,True,
APAC,STONEBRIDGE ACQUISITION II COR,NASDAQ,opend_us,True,
APACR,STONEBRIDGE ACQUISITION II COR ORD USD0.0001 CL A (S/R 09/09/2030),NASDAQ,opend_us,True,
APACU,STONEBRIDGE ACQUISITION II COR UNIT 1 CL A & 1 RT (09/09/2030),NASDAQ,opend_us,True,
APAM,Artisan Partners Asset Management,NYSE,opend_us,True,
APC,ARKO Petroleum,NASDAQ,opend_us,True,
APD,Air Products & Chemicals,NYSE,opend_us,True,
APEI,美国公共教育,NASDAQ,opend_us,True,
APG,APi Group,NYSE,opend_us,True,
APGE,Apogee Therapeutics,NASDAQ,opend_us,True,
APH,安费诺,NYSE,opend_us,True,
API,声网,NASDAQ,opend_us,True,
APLD,Applied Digital,NASDAQ,opend_us,True,
APLM,Apollomics,NASDAQ,opend_us,True,
APLS,Apellis Pharmaceuticals,NASDAQ,opend_us,True,
APM,知临集团,NASDAQ,opend_us,True,
APMCU,AMPERCAP ACQUISITION CO UNIT CONSIST 1 ORD & 1 RT(22/05/2031),NASDAQ,opend_us,True,
APO,阿波罗全球管理,NYSE,opend_us,True,
APOG,Apogee Enterprises,NASDAQ,opend_us,True,
APOS,APOLLO GLOBAL MANAGEMENT INC 7.625% FXD RESETTABLE JR SUB NOTES 2053,NYSE,opend_us,True,
APP,Applovin,NASDAQ,opend_us,True,
APPF,Appfolio,NASDAQ,opend_us,True,
APPN,Appian,NASDAQ,opend_us,True,
APPS,Digital Turbine,NASDAQ,opend_us,True,
APRE,Aprea Therapeutics,NASDAQ,opend_us,True,
APT,Alpha Pro Tech,AMEX,opend_us,True,
APTV,Aptiv PLC,NYSE,opend_us,True,
APURU,APERTURE AC UNITS CONS ONE CL A ORD & 1 RT 06/05/31,NASDAQ,opend_us,True,
APUS,Apimeds Pharmaceuticals,AMEX,opend_us,True,
APVO,Aptevo Therapeutics,NASDAQ,opend_us,True,
APWC,亚太电线电缆,NASDAQ,opend_us,True,
APXT,Apex Treasury,NASDAQ,opend_us,True,
APXTU,APEX TREASURY CORPORATION UNITS (1 CLASS A & 1/2 RED WT)07/10/2030,NASDAQ,opend_us,True,
APYX,Apyx Medical,NASDAQ,opend_us,True,
AQB,AquaBounty,NASDAQ,opend_us,True,
AQMS,Aqua Metals,NASDAQ,opend_us,True,
AQN,Algonquin Power & Utilities,NYSE,opend_us,True,
AQNA,Algonquin Power & Utilities Corp 6.875% Fix To Flt Rat Sub Nts Ser 2018 A,NYSE,opend_us,True,
AQNB,ALGONQUIN POWER & UTILITIES CORP 6.2% SUB NT FIX/FLT 2019A 01/07/79 USD25,NYSE,opend_us,True,
AQNU,ALGONQUIN POWER & UTILITIES CORP CORP UNITS (15/06/2024),NYSE,opend_us,True,
AQST,Aquestive Therapeutics,NASDAQ,opend_us,True,
AR,Antero Resources,NYSE,opend_us,True,
ARAI,Arrive AI,NASDAQ,opend_us,True,
ARAV,Aravive(Delisted),NASDAQ,opend_us,True,
ARAY,精确射线,NASDAQ,opend_us,True,
ARBB,ARB IOT Group,NASDAQ,opend_us,True,
ARBCU,ARC Group Acquisition I,NASDAQ,opend_us,True,
ARBE,Arbe Robotics,NASDAQ,opend_us,True,
ARBK,Argo Blockchain,NASDAQ,opend_us,True,
ARCB,ArcBest,NASDAQ,opend_us,True,
ARCC,阿瑞斯,NASDAQ,opend_us,True,
ARCI,ARCHIMEDES TECH SPAC PTNRS III CO,NASDAQ,opend_us,True,
ARCIU,ARCHIMEDES TECH SPAC PTNRS III CO UNIT 1 ORD & 1/4 RED WT(23/01/2031),NASDAQ,opend_us,True,
ARCL,ARC GROUP ACQUISITION I CORPORATION,NASDAQ,opend_us,True,
ARCLR,ARC GROUP ACQUISITION I CORPORATION ORD USD0.0001(SR),NASDAQ,opend_us,True,
ARCLU,ARC GROUP ACQUISITION I CORPORATION UNIT 1 CL A & 1 WT & 1 RT (01/04/2031),NASDAQ,opend_us,True,
ARCO,Arcos Dorados,NYSE,opend_us,True,
ARCT,Arcturus Therapeutics,NASDAQ,opend_us,True,
ARDT,Ardent Health,NYSE,opend_us,True,
ARDX,Ardelyx,NASDAQ,opend_us,True,
AREC,American Resources,NASDAQ,opend_us,True,
AREN,The Arena Group,AMEX,opend_us,True,
ARES,Ares Management,NYSE,opend_us,True,
ARGX,argenx SE,NASDAQ,opend_us,True,
ARHS,Arhaus,NASDAQ,opend_us,True,
ARIS,Aris Mining,NYSE,opend_us,True,
ARKO,ARKO Corp,NASDAQ,opend_us,True,
ARKR,Ark Restaurants,NASDAQ,opend_us,True,
ARL,美国房地产投资,NYSE,opend_us,True,
ARLO,Arlo Technologies,NYSE,opend_us,True,
ARLP,Alliance Resource,NASDAQ,opend_us,True,
ARM,Arm Holdings,NASDAQ,opend_us,True,
ARMK,Aramark,NYSE,opend_us,True,
ARMP,Armata Pharmaceuticals,AMEX,opend_us,True,
AROC,Archrock,NYSE,opend_us,True,
AROW,箭牌金融,NASDAQ,opend_us,True,
ARQ,Arq Inc,NASDAQ,opend_us,True,
ARQQ,Arqit Quantum,NASDAQ,opend_us,True,
ARQT,Arcutis Biotherapeutics,NASDAQ,opend_us,True,
ARRY,Array Technologies,NASDAQ,opend_us,True,
ARTC,Art Technology Acquisition Corp,NASDAQ,opend_us,True,
ARTCU,ART TECHNOLOGY ACQUISITION CORP. UNITS (1 CL A & 1/4 OF 1 RED WT)19/12/30,NASDAQ,opend_us,True,
ARTL,Artelo Biosciences,NASDAQ,opend_us,True,
ARTNA,Artesian Resources,NASDAQ,opend_us,True,
ARTV,Artiva Biotherapeutics,NASDAQ,opend_us,True,
ARTW,自流资源,NASDAQ,opend_us,True,
ARVN,Arvinas,NASDAQ,opend_us,True,
ARW,艾睿,NYSE,opend_us,True,
ARWR,Arrowhead Pharmaceuticals,NASDAQ,opend_us,True,
ARX,Accelerant Holdings,NYSE,opend_us,True,
ARXS,Arxis,NASDAQ,opend_us,True,
AS,亚玛芬体育,NYSE,opend_us,True,
ASAN,阿莎娜,NYSE,opend_us,True,
ASB,Associated Banc,NYSE,opend_us,True,
ASBA,ASSOCIATED BANC-CORP 6.625% FIXED RT RESET SUB NOTES 2033,NYSE,opend_us,True,
ASBP,Aspire Biopharma,NASDAQ,opend_us,True,
ASC,Ardmore Shipping,NYSE,opend_us,True,
ASH,Ashland,NYSE,opend_us,True,
ASIC,Ategrity,NYSE,opend_us,True,
ASIX,AdvanSix,NYSE,opend_us,True,
ASLE,AerSale,NASDAQ,opend_us,True,
ASLN,Aslan Pharmaceuticals,NASDAQ,opend_us,True,
ASM,Avino Silver & Gold Mines,AMEX,opend_us,True,
ASMB,Assembly Biosciences,NASDAQ,opend_us,True,
ASML,阿斯麦,NASDAQ,opend_us,True,
ASND,Ascendis Pharma A/S,NASDAQ,opend_us,True,
ASO,Academy,NASDAQ,opend_us,True,
ASPC,A SPAC III ACQUISITION CORP,NASDAQ,opend_us,True,
ASPCR,A SPAC III ACQUISITION CORP. COM NPV CL A (SUBS/RTS)02/01/2026,NASDAQ,opend_us,True,
ASPCU,A SPAC III ACQUISITION CORP. UNITS 15/02/2029 (1 ORD A & 1 RT),NASDAQ,opend_us,True,
ASPI,ASP Isotopes,NASDAQ,opend_us,True,
ASPN,Aspen Aerogels,NYSE,opend_us,True,
ASPPU,"Abri SPAC 2, Inc.",NASDAQ,opend_us,True,
ASPS,Altisource Portfolio,NASDAQ,opend_us,True,
ASR,墨西哥东南部机场,NYSE,opend_us,True,
ASRT,Assertio,NASDAQ,opend_us,True,
ASRV,AmeriServ Financial,NASDAQ,opend_us,True,
ASRVP,AmeriServ Financial Capital Trust I,NASDAQ,opend_us,True,
ASST,Strive,NASDAQ,opend_us,True,
ASTC,Astrotech,NASDAQ,opend_us,True,
ASTE,Astec Industries,NASDAQ,opend_us,True,
ASTH,Astrana Health,NASDAQ,opend_us,True,
ASTI,旭日升科技,NASDAQ,opend_us,True,
ASTL,Algoma Steel,NASDAQ,opend_us,True,
ASTS,AST SpaceMobile,NASDAQ,opend_us,True,
ASUR,Asure Software,NASDAQ,opend_us,True,
ASX,日月光半导体,NYSE,opend_us,True,
ASYS,Amtech Systems,NASDAQ,opend_us,True,
ATAI,AtaiBeckley,NASDAQ,opend_us,True,
ATAT,亚朵,NASDAQ,opend_us,True,
ATCH,AtlasClear,AMEX,opend_us,True,
ATCOL,ATLAS CORP 7.125% MTN 30/10/2027 USD1000,NASDAQ,opend_us,True,
ATCX,Atlas Critical Minerals,NASDAQ,opend_us,True,
ATEC,阿尔法泰克,NASDAQ,opend_us,True,
ATEN,A10 Networks,NYSE,opend_us,True,
ATER,Aterian,NASDAQ,opend_us,True,
ATEST,TICK PILOT TEST CONTROL,AMEX,opend_us,True,
ATEX,Anterix,NASDAQ,opend_us,True,
ATGL,Alpha Technology,NASDAQ,opend_us,True,
ATHE,Alterity Therapeutics,NASDAQ,opend_us,True,
ATHM,汽车之家,NYSE,opend_us,True,
ATHR,Aether Holdings,NASDAQ,opend_us,True,
ATHS,ATHENE HOLDING LTD 7.250% FXD RATE RST JR SUB DEB DUE 2064,NYSE,opend_us,True,
ATI,ATI Inc,NYSE,opend_us,True,
ATII,ARCHIMEDES TECH SPAC PARTNERS II CO,NASDAQ,opend_us,True,
ATIIU,ARCHIMEDES TECH SPAC PARTNERS II CO UNITS 15/10/2029 (1 ORD SHS & 1/2 WT),NASDAQ,opend_us,True,
ATKR,Atkore,NYSE,opend_us,True,
ATLC,Atlanticus,NASDAQ,opend_us,True,
ATLCL,ATLANTICUS HLDGS CORP 6.125% SENIOR NOTES DUE 30/11/2026,NASDAQ,opend_us,True,
ATLCP,ATLANTICUS HLDGS CORP 7.625% PERP PFD SER B,NASDAQ,opend_us,True,
ATLCZ,ATLANTICUS HLDGS CORP 9.25% NTS 31/01/2029 USD25,NASDAQ,opend_us,True,
ATLN,Atlantic International,NASDAQ,opend_us,True,
ATLO,Ames National,NASDAQ,opend_us,True,
ATLX,Atlas Lithium,NASDAQ,opend_us,True,
ATMCR,ALPHATIME ACQUISITION CORP ORD USD0.0001 (SUB/RIGHTS),NASDAQ,opend_us,True,
ATMU,Atmus Filtration Technologies,NYSE,opend_us,True,
ATNI,ATN International,NASDAQ,opend_us,True,
ATNM,Actinium,AMEX,opend_us,True,
ATO,Atmos Energy,NYSE,opend_us,True,
ATOM,Atomera,NASDAQ,opend_us,True,
ATOS,Atossa Therapeutics,NASDAQ,opend_us,True,
ATPC,Agape ATP,NASDAQ,opend_us,True,
ATR,AptarGroup,NYSE,opend_us,True,
ATRA,Atara Biotherapeutics,NASDAQ,opend_us,True,
ATRC,AtriCure,NASDAQ,opend_us,True,
ATRO,Astronics,NASDAQ,opend_us,True,
ATS,ATS Corp,NYSE,opend_us,True,
ATXG,宏业财阜集团,NASDAQ,opend_us,True,
ATYR,aTyr Pharma,NASDAQ,opend_us,True,
AU,AngloGold Ashanti,NYSE,opend_us,True,
AUB,Atlantic Union Bankshares,NYSE,opend_us,True,
AUBN,Auburn National Bancorp,NASDAQ,opend_us,True,
AUC,ATIF HOLDINGS LIMITED,NASDAQ,opend_us,True,
AUDC,奥科,NASDAQ,opend_us,True,
AUGO,Aura Minerals,NASDAQ,opend_us,True,
AUID,authID,NASDAQ,opend_us,True,
AUNA,Auna S.A.,NYSE,opend_us,True,
AUPH,Aurinia Pharmaceuticals,NASDAQ,opend_us,True,
AUR,Aurora Innovation,NASDAQ,opend_us,True,
AURA,Aura Biosciences,NASDAQ,opend_us,True,
AURE,Aurelion,NASDAQ,opend_us,True,
AUST,Austin Gold,AMEX,opend_us,True,
AUTL,Autolus Therapeutics,NASDAQ,opend_us,True,
AUUD,Auddia,NASDAQ,opend_us,True,
AVA,阿维斯塔,NYSE,opend_us,True,
AVAH,Aveanna Healthcare,NASDAQ,opend_us,True,
AVAL,Grupo Aval,NYSE,opend_us,True,
AVAV,AeroVironment,NASDAQ,opend_us,True,
AVBC,Avidia Bancorp,NYSE,opend_us,True,
AVBH,Avidbank,NASDAQ,opend_us,True,
AVBP,ArriVent BioPharma,NASDAQ,opend_us,True,
AVD,美国先锋,NYSE,opend_us,True,
AVEX,AEVEX Corp,NYSE,opend_us,True,
AVG,Anew Health,NASDAQ,opend_us,True,
AVGO,博通,NASDAQ,opend_us,True,
AVGR,Avinger,NASDAQ,opend_us,True,
AVIR,Atea Pharmaceuticals,NASDAQ,opend_us,True,
AVLN,AVALYN PHARMA INC,NASDAQ,opend_us,True,
AVNS,Avanos Medical,NYSE,opend_us,True,
AVNT,Avient,NYSE,opend_us,True,
AVNW,阿维亚网络,NASDAQ,opend_us,True,
AVO,Mission Produce,NASDAQ,opend_us,True,
AVPT,AvePoint,NASDAQ,opend_us,True,
AVR,安特瑞斯科技,NASDAQ,opend_us,True,
AVT,安富利,NASDAQ,opend_us,True,
AVTA,AVANTAX INC,NASDAQ,opend_us,True,
AVTR,Avantor,NYSE,opend_us,True,
AVTX,Avalo Therapeutics,NASDAQ,opend_us,True,
AVX,AVAX One Technology,NASDAQ,opend_us,True,
AVXL,Anavex Life Sciences,NASDAQ,opend_us,True,
AVY,艾利丹尼森,NYSE,opend_us,True,
AWI,阿姆斯特朗工业,NYSE,opend_us,True,
AWK,美国水务,NYSE,opend_us,True,
AWR,美国州立水务,NYSE,opend_us,True,
AWRE,艾卫公司,NASDAQ,opend_us,True,
AWX,Avalon控股,AMEX,opend_us,True,
AX,Axos Financial,NYSE,opend_us,True,
AXG,华赢集团,NASDAQ,opend_us,True,
AXGN,AxoGen,NASDAQ,opend_us,True,
AXIA,AXIA Energia,NYSE,opend_us,True,
AXIL,AXIL Brands,AMEX,opend_us,True,
AXIN,AXIOM INTELLIGENCE ACQ CORP 1,NASDAQ,opend_us,True,
AXINR,AXIOM INTELLIGENCE ACQ CORP 1 ORD USD0.0001 CL A (SUBS/RTS) 10/06/2030,NASDAQ,opend_us,True,
AXINU,AXIOM INTELLIGENCE ACQ CORP 1 UNIT 1 CL A SHS & 1 RT(10/06/2030),NASDAQ,opend_us,True,
AXON,Axon Enterprise,NASDAQ,opend_us,True,
AXP,美国运通,NYSE,opend_us,True,
AXR,安美瑞普,NYSE,opend_us,True,
AXS,埃克斯资本,NYSE,opend_us,True,
AXSM,Axsome Therapeutics,NASDAQ,opend_us,True,
AXTA,艾仕得涂料系统,NYSE,opend_us,True,
AXTI,AXT Inc,NASDAQ,opend_us,True,
AYA,Aya Gold & Silver,NASDAQ,opend_us,True,
AYI,Acuity,NYSE,opend_us,True,
AYRWFW,AYR WELLNESS INC WTS,NYSE,opend_us,True,
AYTU,Aytu BioPharma,NASDAQ,opend_us,True,
AZ,A2Z Cust2Mate Solutions,NASDAQ,opend_us,True,
AZI,中驰车福,NASDAQ,opend_us,True,
AZN,阿斯利康,NYSE,opend_us,True,
AZO,汽车地带,NYSE,opend_us,True,
AZTA,Azenta,NASDAQ,opend_us,True,
AZTR,Azitra,AMEX,opend_us,True,
AZUL,AZUL SA SPONS ADS EACH REP 2 ORD,AMEX,opend_us,True,
AZZ,AZZ Inc,NYSE,opend_us,True,
B,Barrick Mining,NYSE,opend_us,True,
BA,波音,NYSE,opend_us,True,
BABA,阿里巴巴,NYSE,opend_us,True,
BABY,PishPosh,NASDAQ,opend_us,True,
BAC,美国银行,NYSE,opend_us,True,
BACC,BLUE ACQUISITION CORP.,NASDAQ,opend_us,True,
BACCR,BLUE ACQUISITION CORP. ORD USD0.0001 CL A (SUBS/RTS) 11/06/2030,NASDAQ,opend_us,True,
BACCU,BLUE ACQUISITION CORP. UNIT 1 CL A ORD SHS & 1 RT (02/06/2030),NASDAQ,opend_us,True,
BAER,Bridger Aerospace,NASDAQ,opend_us,True,
BAFN,BayFirst Financial,NASDAQ,opend_us,True,
BAH,博思艾伦咨询公司,NYSE,opend_us,True,
BAK,Braskem,NYSE,opend_us,True,
BALL,鲍尔包装,NYSE,opend_us,True,
BALY,Ballys,NYSE,opend_us,True,
BAM,布鲁克菲尔德资产管理,NYSE,opend_us,True,
BAM.WI,BROOKFIELD ASSET MANAGEMENT LTD,NYSE,opend_us,True,
BAMH,BROOKFIELD FIN INC 4.625% SUB NOTES DUE 16 OCT 2080,NYSE,opend_us,True,
BAMI,BROOKFIELD FINANCE I (UK) PLC 4.50% PERPETUAL SUB NOTES,NYSE,opend_us,True,
BANC,Banc of California,NYSE,opend_us,True,
BAND,Bandwidth,NASDAQ,opend_us,True,
BANF,BancFirst银行,NASDAQ,opend_us,True,
BANFP,BFC CAPITAL TRUST 11 PRF 31/03/2034 USD25,NASDAQ,opend_us,True,
BANL,CBL International,NASDAQ,opend_us,True,
BANR,邦纳,NASDAQ,opend_us,True,
BAOS,宝盛,NASDAQ,opend_us,True,
BAP,Credicorp,NYSE,opend_us,True,
BARK,BARK Inc,NYSE,opend_us,True,
BATL,Battalion Oil,AMEX,opend_us,True,
BATRA,Atlanta Braves-A,NASDAQ,opend_us,True,
BATRK,Atlanta Braves-C,NASDAQ,opend_us,True,
BAX,百特国际,NYSE,opend_us,True,
BAYA,Bayview Acquisition Corp,NASDAQ,opend_us,True,
BAYAR,BAYVIEW ACQUISITION CORPORATION COM USD0.0001 (S/R) 17/11/2028,NASDAQ,opend_us,True,
BAYAU,BAYVIEW ACQUISITION CORPORATION UNIT (1 COM & 1 RT) 17/11/2028,NASDAQ,opend_us,True,
BB,黑莓,NYSE,opend_us,True,
BBAI,BigBear.ai Holdings,NYSE,opend_us,True,
BBAR,Banco BBVA,NYSE,opend_us,True,
BBBY,Bed Bath & Beyond,NYSE,opend_us,True,
BBBYW,Bed Bath & Beyond,NYSE,opend_us,True,
BBCO,The Better Being Co.,NYSE,opend_us,True,
BBCP,Concrete Pumping Holdings,NASDAQ,opend_us,True,
BBCQ,Bleichroeder Acquisition Corp,NASDAQ,opend_us,True,
BBCQU,BLEICHROEDER ACQUISITION CORP. II UNIT (1 ORD SHS & 1/3 WAR)23/12/2030,NASDAQ,opend_us,True,
BBD,布拉德斯科银行-Preferred,NYSE,opend_us,True,
BBDC,Barings BDC,NYSE,opend_us,True,
BBDO,布拉德斯科银行-Common,NYSE,opend_us,True,
BBGI,比斯利广播,NASDAQ,opend_us,True,
BBIO,BridgeBio Pharma,NASDAQ,opend_us,True,
BBLG,Bone Biologics,NASDAQ,opend_us,True,
BBNX,Beta Bionics,NASDAQ,opend_us,True,
BBOT,BridgeBio Oncology Therapeutics,NASDAQ,opend_us,True,
BBSI,Barrett Business Services,NASDAQ,opend_us,True,
BBT,Beacon Financial,NYSE,opend_us,True,
BBUC,Brookfield Business Corp,NYSE,opend_us,True,
BBVA,西班牙毕尔巴鄂银行,NYSE,opend_us,True,
BBW,Build-A-Bear Workshop,NYSE,opend_us,True,
BBWI,Bath & Body Works,NYSE,opend_us,True,
BBY,百思买,NYSE,opend_us,True,
BC,宾士域,NYSE,opend_us,True,
BCAB,BioAtla,NASDAQ,opend_us,True,
BCACU,BROOKLINE CAPITAL ACQUISITION CORP UNIT 1 COM & 1/2 WT EXP(31/08/2027),NASDAQ,opend_us,True,
BCAL,California Bancorp,NASDAQ,opend_us,True,
BCAR,D. BORAL ARC ACQUISITION I CORP.,NASDAQ,opend_us,True,
BCARU,D. BORAL ARC ACQUISITION I CORP. UNITS (1 SHS CL A & 1/2 WT)23/07/2030,NASDAQ,opend_us,True,
BCAX,Bicara Therapeutics,NASDAQ,opend_us,True,
BCBP,BCB银行,NASDAQ,opend_us,True,
BCC,Boise Cascade,NYSE,opend_us,True,
BCDA,BioCardia,NASDAQ,opend_us,True,
BCE,加拿大贝尔,NYSE,opend_us,True,
BCG,Binah Capital Group,NASDAQ,opend_us,True,
BCH,智利银行,NYSE,opend_us,True,
BCHT,Birchtech Corp,AMEX,opend_us,True,
BCIC,BCP Investment,NASDAQ,opend_us,True,
BCML,BayCom,NASDAQ,opend_us,True,
BCO,The Brink's,NYSE,opend_us,True,
BCPC,拜切,NASDAQ,opend_us,True,
BCRX,BioCryst制药,NASDAQ,opend_us,True,
BCS,巴克莱银行,NYSE,opend_us,True,
BCSF,Bain Capital Specialty Finance,NYSE,opend_us,True,
BCSS,Bain Capital GSS Investment,NYSE,opend_us,True,
BCTX,BriaCell Therapeutics,NASDAQ,opend_us,True,
BCYC,Bicycle Therapeutics,NASDAQ,opend_us,True,
BDC,百通公司,NYSE,opend_us,True,
BDCI,BTC Development,NASDAQ,opend_us,True,
BDCIU,BTC DEVELOPMENT CORP UNIT 1 CL A & 1/4 WT EXP (11/09/2030),NASDAQ,opend_us,True,
BDL,Flanigan's Enterprises,AMEX,opend_us,True,
BDMD,Baird Medical Investment Holdings,NASDAQ,opend_us,True,
BDRX,Biodexa Pharmaceuticals,NASDAQ,opend_us,True,
BDSX,Biodesix,NASDAQ,opend_us,True,
BDTX,Black Diamond Therapeutics,NASDAQ,opend_us,True,
BDX,碧迪医疗,NYSE,opend_us,True,
BDXB,BECTON DICKINSON & CO 6% DEP SHS REP 1/20 MAN CONV PREF SER B,NYSE,opend_us,True,
BE,Bloom Energy,NYSE,opend_us,True,
BEAG,Bold Eagle Acquisition Corp,NASDAQ,opend_us,True,
BEAGR,BOLD EAGLE ACQUISITION CORP COM USD0.0001 (SUB/RIGHTS),NASDAQ,opend_us,True,
BEAGU,BOLD EAGLE ACQUISITION CORP UNITS CONSISTING ONE CL A SHS & ONE RT,NASDAQ,opend_us,True,
BEAM,Beam Therapeutics,NASDAQ,opend_us,True,
BEAT,HeartBeam,NASDAQ,opend_us,True,
BEBE,TGE Value Creative Solutions,NYSE,opend_us,True,
BEEM,Beam Global,NASDAQ,opend_us,True,
BEEP,Mobile Infrastructure,NASDAQ,opend_us,True,
BEKE,贝壳,NYSE,opend_us,True,
BELFA,Bel Fuse-A,NASDAQ,opend_us,True,
BELFB,Bel Fuse-B,NASDAQ,opend_us,True,
BEN,Franklin Resources,NYSE,opend_us,True,
BENF,Beneficient,NASDAQ,opend_us,True,
BEP,Brookfield Renewable Partners LP,NYSE,opend_us,True,
BEPC,Brookfield Renewable,NYSE,opend_us,True,
BEPH,BROOKFIELD BRP HLDGS INC 4.625% PERPETUAL SUBORDINATED NOTES,NYSE,opend_us,True,
BEPI,BROOKFIELD BRP HLDGS INC 4.875% PER SUB NOTES USD25,NYSE,opend_us,True,
BEPJ,BROOKFIELD BRP HLDGS INC 7.250% PERPETUAL SUBORDINATED NOTES,NYSE,opend_us,True,
BESS,Bimergen Energy Corp,AMEX,opend_us,True,
BETA,BETA Technologies,NYSE,opend_us,True,
BETR,Better Home & Finance,NASDAQ,opend_us,True,
BF.A,百富门-A,NYSE,opend_us,True,
BF.B,百富门-B,NYSE,opend_us,True,
BFAM,Bright Horizons Family Solutions,NYSE,opend_us,True,
BFC,Bank First,NASDAQ,opend_us,True,
BFH,Bread Financial,NYSE,opend_us,True,
BFLY,Butterfly Network,NYSE,opend_us,True,
BFRG,BullFrog AI,NASDAQ,opend_us,True,
BFRI,Biofrontera,NASDAQ,opend_us,True,
BFST,Business First Bancshares,NASDAQ,opend_us,True,
BG,邦吉,NYSE,opend_us,True,
BGC,BGC Group,NASDAQ,opend_us,True,
BGDE,Big Digital Energy,NASDAQ,opend_us,True,
BGI,Birks Group,AMEX,opend_us,True,
BGIN,Bgin Blockchain,NASDAQ,opend_us,True,
BGL,Blue Gold,NASDAQ,opend_us,True,
BGLC,BioNexus Gene Lab,NASDAQ,opend_us,True,
BGM,博美集团,NASDAQ,opend_us,True,
BGMS,Bio Green Med Solution,NASDAQ,opend_us,True,
BGS,B&G食品,NYSE,opend_us,True,
BGSF,BG Staffing,NYSE,opend_us,True,
BGSI,BOYD GROUP SERVICES INC,NYSE,opend_us,True,
BH,Biglari Holdings,NYSE,opend_us,True,
BH.A,Biglari Holdings-A,NYSE,opend_us,True,
BHAV,BHAV ACQUISITION COR,NASDAQ,opend_us,True,
BHAVR,BHAV ACQUISITION COR ORD USD0.0001CL A(SR),NASDAQ,opend_us,True,
BHAVU,BHAV ACQUISITION COR UNIT 1 CL A & 1 RT (18/03/2031),NASDAQ,opend_us,True,
BHB,Bar Harbor Bankshares,AMEX,opend_us,True,
BHC,Bausch Health,NYSE,opend_us,True,
BHE,Benchmark Electronics,NYSE,opend_us,True,
BHF,Brighthouse Financial,NASDAQ,opend_us,True,
BHFAL,BRIGHTHOUSE FINL INC 6.25% JR SUBORDINATED DEBENTURS DUE 2058,NASDAQ,opend_us,True,
BHFAM,BRIGHTHOUSE FINL INC 4.625% DEP SHS REP1/1000TH INT PFD SER D,NASDAQ,opend_us,True,
BHFAN,BRIGHTHOUSE FINL INC DEP SHS REP 1/1000TH NON CUM PFD SER C,NASDAQ,opend_us,True,
BHFAO,BRIGHTHOUSE FINL INC 6.75% DEP SHS REP 1/1000 NON CU PRF SR B,NASDAQ,opend_us,True,
BHFAP,BRIGHTHOUSE FINL INC 6.6% DEP SHS REP1/1000TH NON CUM PF SR A,NASDAQ,opend_us,True,
BHM,Bluerock Homes Trust,AMEX,opend_us,True,
BHP,必和必拓,NYSE,opend_us,True,
BHRB,Burke & Herbert Financial Services,NASDAQ,opend_us,True,
BHST,BioHarvest Sciences,NASDAQ,opend_us,True,
BHVN,Biohaven,NYSE,opend_us,True,
BIAF,bioAffinity Technologies,NASDAQ,opend_us,True,
BIDU,百度,NASDAQ,opend_us,True,
BIDWU,TRIBECA STRATEGIC ACQUISITION CORP UNIT CONSIST OF 1 ORD CL A & 1 RT,NASDAQ,opend_us,True,
BIIB,渤健公司,NASDAQ,opend_us,True,
BIII,Black Spade Acquisition,NYSE,opend_us,True,
BIIIU,Black Spade Acquisition III Co.,NYSE,opend_us,True,
BILI,哔哩哔哩,NASDAQ,opend_us,True,
BILL,BILL Holdings,NYSE,opend_us,True,
BIO,Bio-Rad实验室,NYSE,opend_us,True,
BIO.B,Bio-Rad实验室-B,NYSE,opend_us,True,
BIOA,BioAge Labs,NASDAQ,opend_us,True,
BIOC,BIOCEPT INC,NASDAQ,opend_us,True,
BIOX,Bioceres Crop Solutions,NASDAQ,opend_us,True,
BIP,Brookfield基础设施,NYSE,opend_us,True,
BIPC,Brookfield Infrastructure,NYSE,opend_us,True,
BIPH,BROOKFIELD INFRASTRUCTURE FIN ULC 5.000% SUBORDINATED NOTES DUE 24/05/2081,NYSE,opend_us,True,
BIPI,BIP BERMUDA HOLDINGS I LTD 5.125% PER SUBORDINATED NOTES USD25,NYSE,opend_us,True,
BIPJ,BROOKFIELD INFRASTRUCTURE FIN ULC 7.250% SUB NTS 31/05/2084 USD25,NYSE,opend_us,True,
BIRD,Allbirds,NASDAQ,opend_us,True,
BIRK,勃肯,NYSE,opend_us,True,
BIVI,BioVie,NASDAQ,opend_us,True,
BIXI,Bitcoin Infrastructure Acquisition Corp Ltd,NASDAQ,opend_us,True,
BIXIU,BITCOIN INFRASTRUCTURE ACQU UNITS(1 CL A ORD & 1/2 WT)06/11/2030,NASDAQ,opend_us,True,
BIYA,柏雅国际,NASDAQ,opend_us,True,
BJ,BJ批发俱乐部,NYSE,opend_us,True,
BJDX,Bluejay Diagnostics,NASDAQ,opend_us,True,
BJRI,BJ's餐饮,NASDAQ,opend_us,True,
BKD,布鲁克代尔高级护理,NYSE,opend_us,True,
BKDT,BROOKDALE SENIOR LIVING INC TANGIBLE EQUITY UNITS,NYSE,opend_us,True,
BKE,巴克尔,NYSE,opend_us,True,
BKEPP,Blueknight Energy Partners L.P.,NASDAQ,opend_us,True,
BKH,黑山,NYSE,opend_us,True,
BKHA,Black Hawk Acquisition Corp,NASDAQ,opend_us,True,
BKHAR,BLACK HAWK ACQUISITION CORPORATION COM USD0.0001 (SUB/RIGHTS 29/02/2024),NASDAQ,opend_us,True,
BKHAU,BLACK HAWK ACQUISITION CORPORATION UNITS(1 ORD A & 1/5 RT),NASDAQ,opend_us,True,
BKKT,Bakkt,NYSE,opend_us,True,
BKNG,Booking Holdings,NASDAQ,opend_us,True,
BKR,Baker Hughes,NASDAQ,opend_us,True,
BKSY,BlackSky Technology,NYSE,opend_us,True,
BKTI,BK Technologies,AMEX,opend_us,True,
BKU,BankUnited,NYSE,opend_us,True,
BKV,BKV Corp,NYSE,opend_us,True,
BL,BlackLine,NASDAQ,opend_us,True,
BLBD,Blue Bird,NASDAQ,opend_us,True,
BLCO,博士伦,NYSE,opend_us,True,
BLD,Topbuild,NYSE,opend_us,True,
BLDP,巴拉德动力系统,NASDAQ,opend_us,True,
BLDR,Builders FirstSource,NYSE,opend_us,True,
BLEU,bleuacacia ltd,NASDAQ,opend_us,True,
BLEUR,BLEUACACIA LTD COM USD0.0001 (SUB/RIGHTS),NASDAQ,opend_us,True,
BLEUU,bleuacacia ltd,NASDAQ,opend_us,True,
BLFS,BioLife Solutions,NASDAQ,opend_us,True,
BLIN,Bridgeline Digital,NASDAQ,opend_us,True,
BLIV,BeLive Holdings,NASDAQ,opend_us,True,
BLK,贝莱德,NYSE,opend_us,True,
BLKB,布莱克波特科技,NASDAQ,opend_us,True,
BLLN,BillionToOne,NASDAQ,opend_us,True,
BLMN,Bloomin Brands,NASDAQ,opend_us,True,
BLND,Blend Labs,NYSE,opend_us,True,
BLNE,Beeline Holdings,NASDAQ,opend_us,True,
BLNK,Blink Charging,NASDAQ,opend_us,True,
BLRK,Bluerock Acquisition Corp,NASDAQ,opend_us,True,
BLRKU,BLUEROCK ACQUISITION CORP UNIT (1 CL A & 1/3 WAR)06/11/2030,NASDAQ,opend_us,True,
BLRX,BioLine Rx,NASDAQ,opend_us,True,
BLSH,Bullish,NYSE,opend_us,True,
BLTE,Belite Bio,NASDAQ,opend_us,True,
BLUW,BLUE WATER ACQUISITION CORP. III,NASDAQ,opend_us,True,
BLUWU,BLUE WATER ACQUISITION CORP. III UNIT 1 CL A ORD SHS & 1/2 WT(23/05/2030),NASDAQ,opend_us,True,
BLX,拉丁美洲出口银行,NYSE,opend_us,True,
BLZE,Backblaze,NASDAQ,opend_us,True,
BLZR,TRAILBLAZER ACQUISITION CORP,NASDAQ,opend_us,True,
BLZRU,TRAILBLAZER ACQUISITION CORP UNITS 1 CL A & 1/3 RED WT (21/08/2030),NASDAQ,opend_us,True,
BMA,Banco Macro,NYSE,opend_us,True,
BMBL,Bumble,NASDAQ,opend_us,True,
BMEA,Biomea Fusion,NASDAQ,opend_us,True,
BMGL,Basel Medical,NASDAQ,opend_us,True,
BMHL,蓝山控股,NASDAQ,opend_us,True,
BMI,Badger Meter,NYSE,opend_us,True,
BMM,Blue Moon Metals,NASDAQ,opend_us,True,
BMNR,Bitmine Immersion Technologies,NYSE,opend_us,True,
BMO,蒙特利尔银行,NYSE,opend_us,True,
BMR,Beamr Imaging,NASDAQ,opend_us,True,
BMRA,Biomerica,NASDAQ,opend_us,True,
BMRC,马林银行,NASDAQ,opend_us,True,
BMRN,拜玛林制药,NASDAQ,opend_us,True,
BMY,施贵宝,NYSE,opend_us,True,
BN,Brookfield,NYSE,opend_us,True,
BNAI,Brand Engagement Network,NASDAQ,opend_us,True,
BNBX,BNB Plus,NASDAQ,opend_us,True,
BNC,CEA Industries,NASDAQ,opend_us,True,
BNED,Barnes & Noble Education,NYSE,opend_us,True,
BNGO,BioNano Genomics,NASDAQ,opend_us,True,
BNH,BROOKFIELD FIN INC 4.625% SUB NOTES DUE 16 OCT 2080,NYSE,opend_us,True,
BNJ,BROOK FIN I UK PLC / BROOK FIN INC 4.50% PERPETUAL SUB NOTES,NYSE,opend_us,True,
BNKK,BONK,NASDAQ,opend_us,True,
BNR,燃石医学,NASDAQ,opend_us,True,
BNRG,Brenmiller Energy,NASDAQ,opend_us,True,
BNS,丰业银行,NYSE,opend_us,True,
BNT,Brookfield Wealth Solutions,NYSE,opend_us,True,
BNTC,Benitec Biopharma,NASDAQ,opend_us,True,
BNTX,BioNTech,NASDAQ,opend_us,True,
BNY,纽约梅隆银行,NYSE,opend_us,True,
BNZI,Banzai International,NASDAQ,opend_us,True,
BOBS,Bob's Discount Furniture,NYSE,opend_us,True,
BOC,Boston Omaha,NYSE,opend_us,True,
BODI,The Beachbody,NASDAQ,opend_us,True,
BOF,BranchOut Food,NASDAQ,opend_us,True,
BOH,夏威夷银行,NYSE,opend_us,True,
BOKF,BOK银行,NASDAQ,opend_us,True,
BOKFL,BOK Financial Corporation 5.375% Subordinated Notes due 2056,NASDAQ,opend_us,True,
BOLD,Boundless Bio,NASDAQ,opend_us,True,
BOLT,Bolt Biotherapeutics,NASDAQ,opend_us,True,
BON,天美生物,NASDAQ,opend_us,True,
BOOM,DMC Global,NASDAQ,opend_us,True,
BOOT,Boot Barn Holdings,NYSE,opend_us,True,
BORR,Borr Drilling,NYSE,opend_us,True,
BOSC,BOS科技,NASDAQ,opend_us,True,
BOT,RoboStrategy,NASDAQ,opend_us,True,
BOTJ,詹姆斯金融银行,NASDAQ,opend_us,True,
BOW,Bowhead Specialty,NYSE,opend_us,True,
BOWN,Bowen Acquisition Corp(已退市),NASDAQ,opend_us,True,
BOWNR,BOWEN ACQUISITION CORP ORD USD0.0001 (S/R),NASDAQ,opend_us,True,
BOX,Box Inc,NYSE,opend_us,True,
BOXL,Boxlight,NASDAQ,opend_us,True,
BP,英国石油,NYSE,opend_us,True,
BPAC,Blueport Acquisition Ltd,NASDAQ,opend_us,True,
BPACR,BLUEPORT ACQUISITION LTD ORD USD 0.0001(S/R 13/02/2027),NASDAQ,opend_us,True,
BPACU,BLUEPORT ACQUISITION LTD UNIT (1 CLASS A ORD & 1 RIGHT)22/10/30,NASDAQ,opend_us,True,
BPOP,大众银行,NASDAQ,opend_us,True,
BPOPM,POPULAR CAPITAL TRUST II 6.125% PRF 01/12/2034 USD25,NASDAQ,opend_us,True,
BPOPN,Popular Capital Trust I,NASDAQ,opend_us,True,
BPRN,The Bank of Princeton,NASDAQ,opend_us,True,
BPYPM,BROOKFIELD PPTY PFD LP 6.25% CL A CUM RED PRF UNIT SER 1,NASDAQ,opend_us,True,
BPYPN,BROOKFIELD PROPERTY PARTNERS LP(BM) 5.750% CUM RED PERP PFD SER 3 CL A,NASDAQ,opend_us,True,
BPYPO,BROOKFIELD PROPERTY PARTNERS LP(BM) 6.375% CUM RED PERP PRF UNITS SER 2 CL A,NASDAQ,opend_us,True,
BPYPP,BROOKFIELD PROPERTY PARTNERS LP(BM) 6.50% CUM RED PER PREF UNITS CL A SER 1,NASDAQ,opend_us,True,
BPYUP,BROOKFIELD PPTY REIT INC 6.375% SER A CUMULATIVE PERP RED PRF SHS,NASDAQ,opend_us,True,
BQ,波奇宠物,AMEX,opend_us,True,
BR,Broadridge金融解决方案,NYSE,opend_us,True,
BRACR,Black Ridge Acquisition Corp.,NASDAQ,opend_us,True,
BRACU,BROAD CAPITAL ACQUISITION CORP UNIT 1 COM & 1 RT,NASDAQ,opend_us,True,
BRAG,Bragg Gaming Group,NASDAQ,opend_us,True,
BRAI,Braiin,NASDAQ,opend_us,True,
BRBI,BRBI BR Partners,NASDAQ,opend_us,True,
BRBR,BellRing Brands,NYSE,opend_us,True,
BRBS,Blue Ridge Bankshares,AMEX,opend_us,True,
BRC,布雷迪,NYSE,opend_us,True,
BRCB,黑岩咖啡吧,NASDAQ,opend_us,True,
BRCC,BRC Inc,NYSE,opend_us,True,
BREZU,BREEZE ACQUISITION CORPORATION II UNIT 1 ORD & 1 RT(06/05/2031),NASDAQ,opend_us,True,
BRFH,Barfresh Food,NASDAQ,opend_us,True,
BRIA,BrilliA,AMEX,opend_us,True,
BRID,Bridgford Foods,NASDAQ,opend_us,True,
BRK.A,伯克希尔-A,NYSE,opend_us,True,
BRK.B,伯克希尔-B,NYSE,opend_us,True,
BRKHU,BURTECH ACQUISITION CORPORATION II UNITS CONS 1 CL A & 1 WT (21/05/31),NASDAQ,opend_us,True,
BRKR,布鲁克,NASDAQ,opend_us,True,
BRKRP,BRUKER CORPORATION 6.375% CONV PREF SER A,NASDAQ,opend_us,True,
BRLS,Borealis Foods,NASDAQ,opend_us,True,
BRLT,Brilliant Earth,NASDAQ,opend_us,True,
BRN,Barnwell工业,AMEX,opend_us,True,
BRNS,Barinthus Biotherapeutics,NASDAQ,opend_us,True,
BRO,Brown & Brown,NYSE,opend_us,True,
BROS,Dutch Bros,NYSE,opend_us,True,
BRR,ProCap Financial,NASDAQ,opend_us,True,
BRSL,Brightstar Lottery,NYSE,opend_us,True,
BRTH,Breathe BioMedical,NASDAQ,opend_us,True,
BRTX,Biorestorative Therapies,NASDAQ,opend_us,True,
BRUN,Boost Run,NASDAQ,opend_us,True,
BRZE,Braze,NASDAQ,opend_us,True,
BSAA,BEST SPAC I ACQUISITION CORP,NASDAQ,opend_us,True,
BSAAR,BEST SPAC I ACQUISITION CORP COM NPV (S/R 27/05/2030),NASDAQ,opend_us,True,
BSAAU,BEST SPAC I ACQUISITION CORP UNIT 1 SHS CL A & 1 RT (27/05/2030),NASDAQ,opend_us,True,
BSAC,智利桑坦德银行(智利),NYSE,opend_us,True,
BSBK,Bogota Financial,NASDAQ,opend_us,True,
BSBR,桑坦德银行(巴西),NYSE,opend_us,True,
BSET,巴西特家具,NASDAQ,opend_us,True,
BSM,Black Stone Minerals,NYSE,opend_us,True,
BSRR,塞拉银行,NASDAQ,opend_us,True,
BSVN,Bank7,NASDAQ,opend_us,True,
BSX,波士顿科学,NYSE,opend_us,True,
BSY,Bentley Systems,NASDAQ,opend_us,True,
BTAI,BioXcel Therapeutics,NASDAQ,opend_us,True,
BTBD,BT Brands,NASDAQ,opend_us,True,
BTBT,Bit Digital,NASDAQ,opend_us,True,
BTCS,BTCS Inc,NASDAQ,opend_us,True,
BTCT,BTC Digital,NASDAQ,opend_us,True,
BTDR,Bitdeer Technologies Group,NASDAQ,opend_us,True,
BTE,Baytex Energy,NYSE,opend_us,True,
BTG,B2Gold,AMEX,opend_us,True,
BTGO,BitGo Holdings,NYSE,opend_us,True,
BTI,英美烟草,NYSE,opend_us,True,
BTMD,biote,NASDAQ,opend_us,True,
BTOC,Armlogi Holding,NASDAQ,opend_us,True,
BTOG,Bit Origin,NASDAQ,opend_us,True,
BTQ,BTQ Technologies,NASDAQ,opend_us,True,
BTRU,"tru Shrimp Companies, Inc.",NASDAQ,opend_us,True,
BTRY,Clarios International,NYSE,opend_us,True,
BTSG,BrightSpring Health Services,NASDAQ,opend_us,True,
BTSGU,BRIGHTSPRING HEALTH SERVICES INC TANGIBLE EQUITY UNIT,NASDAQ,opend_us,True,
BTTC,Black Titan,NASDAQ,opend_us,True,
BTU,Peabody Energy,NYSE,opend_us,True,
BUD,百威英博,NYSE,opend_us,True,
BUDA,Buda Juice,AMEX,opend_us,True,
BULL,微牛,NASDAQ,opend_us,True,
BUR,Burford Capital,NYSE,opend_us,True,
BURL,伯灵顿百货,NYSE,opend_us,True,
BURU,Nuburu,AMEX,opend_us,True,
BUSE,First Busey,NASDAQ,opend_us,True,
BUSEP,FIRST BUSEY CORP DEP SHS REPSTG 1/40TH INT NON CUM PE,NASDAQ,opend_us,True,
BUUU,BUUU Group,NASDAQ,opend_us,True,
BV,BrightView Holdings,NYSE,opend_us,True,
BVC,BitVentures,NASDAQ,opend_us,True,
BVFL,BV Financial,NASDAQ,opend_us,True,
BVN,布埃纳文图拉开采,NYSE,opend_us,True,
BVS,Bioventus,NASDAQ,opend_us,True,
BW,Babcock & Wilcox Enterprises,NYSE,opend_us,True,
BWA,博格华纳,NYSE,opend_us,True,
BWAY,Brainsway,NASDAQ,opend_us,True,
BWB,Bridgewater Bancshares,NASDAQ,opend_us,True,
BWBBP,BRIDGEWATER BANCSHARES INC 5.875% NON CUM PER PFD SERIES A,NASDAQ,opend_us,True,
BWEN,Broadwind,NASDAQ,opend_us,True,
BWFG,Bankwell Financial,NASDAQ,opend_us,True,
BWGC,BW Industrial Holdings,NASDAQ,opend_us,True,
BWIN,Baldwin Insurance Group,NASDAQ,opend_us,True,
BWIV,Blue Water Acquisition Corp IV,NYSE,opend_us,True,
BWLP,BW LPG,NYSE,opend_us,True,
BWMN,Bowman Consulting,NASDAQ,opend_us,True,
BWMX,Betterware de Mexico,NYSE,opend_us,True,
BWNB,BABCOCK & WILCOX ENTERPRISES INC 6.5% SENIOR NOTES 31/12/2026 USD25,NYSE,opend_us,True,
BWXT,BWX Technologies,NYSE,opend_us,True,
BX,黑石,NYSE,opend_us,True,
BXC,布鲁林克斯,NYSE,opend_us,True,
BXDC,Blackstone Digital Infrastructure Trust,NYSE,opend_us,True,
BXSL,Blackstone Secured Lending Fund,NYSE,opend_us,True,
BY,Byline Bancorp,NYSE,opend_us,True,
BYAH,朴荷生物科技,NASDAQ,opend_us,True,
BYD,博伊德赌场,NYSE,opend_us,True,
BYFC,百老汇金融,NASDAQ,opend_us,True,
BYND,Beyond Meat,NASDAQ,opend_us,True,
BYRN,Byrna Technologies,NASDAQ,opend_us,True,
BYSI,万春医药,NASDAQ,opend_us,True,
BZ,BOSS直聘,NASDAQ,opend_us,True,
BZAI,Blaize Holdings,NASDAQ,opend_us,True,
BZFD,Buzzfeed,NASDAQ,opend_us,True,
BZH,贝哲房屋,NYSE,opend_us,True,
BZUN,宝尊电商,NASDAQ,opend_us,True,
C,花旗集团,NYSE,opend_us,True,
CAAP,Corporacion America Airports,NYSE,opend_us,True,
CAAS,中汽系统,NASDAQ,opend_us,True,
CABA,Cabaletta Bio,NASDAQ,opend_us,True,
CABO,Cable One,NYSE,opend_us,True,
CABR,Caring Brands,NASDAQ,opend_us,True,
CAC,卡姆登国家银行,NASDAQ,opend_us,True,
CACC,Credit Acceptance,NASDAQ,opend_us,True,
CACI,CACI国际,NYSE,opend_us,True,
CADL,Candel Therapeutics,NASDAQ,opend_us,True,
CAE,CAE Inc,NYSE,opend_us,True,
CAG,康尼格拉,NYSE,opend_us,True,
CAH,卡地纳健康,NYSE,opend_us,True,
CAI,Caris Life Sciences,NASDAQ,opend_us,True,
CAIIU,COLLECTIVE ACQUISITION CORP II UNITS CONS CL A & 1/2 OF 1 RED WT,NASDAQ,opend_us,True,
CAKE,芝乐坊餐馆,NASDAQ,opend_us,True,
CAL,Caleres,NYSE,opend_us,True,
CALC,CalciMedica,NASDAQ,opend_us,True,
CALM,Cal-Maine Foods,NASDAQ,opend_us,True,
CALQU,CALLODINE ACQUISITION CORP UNIT 1 CL A & 1/3 WT EXP,NASDAQ,opend_us,True,
CALX,Calix,NYSE,opend_us,True,
CALY,Callaway Golf Company,NYSE,opend_us,True,
CAMP,Camp4 Therapeutics,NASDAQ,opend_us,True,
CAMT,康特科技,NASDAQ,opend_us,True,
CAN,嘉楠科技,NASDAQ,opend_us,True,
CANF,Can-Fite BioPharma,AMEX,opend_us,True,
CANG,灿谷,NYSE,opend_us,True,
CAPL,CrossAmerica,NYSE,opend_us,True,
CAPN,CAYSON ACQUISITION CORP,NASDAQ,opend_us,True,
CAPNR,CAYSON ACQUISITION CORP COM USD0.0001 SUB/RIGHTS,NASDAQ,opend_us,True,
CAPNU,CAYSON ACQUISITION CORP UNITS(1 ORD & 1 RT),NASDAQ,opend_us,True,
CAPR,Capricor Therapeutics,NASDAQ,opend_us,True,
CAPS,Capstone Holding,NASDAQ,opend_us,True,
CAQ,CAMBRIDGE ACQUISITION CORP,NASDAQ,opend_us,True,
CAQU,Cambridge Acquisition,NASDAQ,opend_us,True,
CAQUU,CAMBRIDGE ACQUISITION CORP UNITS 1 CL A SHS ORD & 1/3 WT(30/01/2031,NASDAQ,opend_us,True,
CAR,安飞士,NASDAQ,opend_us,True,
CARE,Carter Bankshares,NASDAQ,opend_us,True,
CARG,CarGurus,NASDAQ,opend_us,True,
CARL,Carlsmed,NASDAQ,opend_us,True,
CARR,开利全球,NYSE,opend_us,True,
CARS,Cars.com,NYSE,opend_us,True,
CART,Maplebear,NASDAQ,opend_us,True,
CASH,Pathward Financial,NASDAQ,opend_us,True,
CASS,卡斯信息系统,NASDAQ,opend_us,True,
CAST,FreeCast,NASDAQ,opend_us,True,
CASY,Caseys General Stores,NASDAQ,opend_us,True,
CAT,卡特彼勒,NYSE,opend_us,True,
CATO,加图商场,NYSE,opend_us,True,
CATX,Perspective Therapeutics,AMEX,opend_us,True,
CATY,国泰万通金控,NASDAQ,opend_us,True,
CAVA,CAVA Group,NYSE,opend_us,True,
CB,安达保险,NYSE,opend_us,True,
CBAN,科勒尼,NYSE,opend_us,True,
CBAT,中比能源,NASDAQ,opend_us,True,
CBC,Central Bancompany,NASDAQ,opend_us,True,
CBFV,CB金融服务,NASDAQ,opend_us,True,
CBIO,Crescent Biopharma,NASDAQ,opend_us,True,
CBK,Commercial Bancgroup,NASDAQ,opend_us,True,
CBLL,Ceribell,NASDAQ,opend_us,True,
CBNA,Chain Bridge Bancorp,NYSE,opend_us,True,
CBNK,Capital Bancorp,NASDAQ,opend_us,True,
CBOE,芝加哥期权交易所,AMEX,opend_us,True,
CBRE,世邦魏理仕,NYSE,opend_us,True,
CBRL,CB乡村店,NASDAQ,opend_us,True,
CBRS,Cerebras Systems,NASDAQ,opend_us,True,
CBSH,科默斯银行,NASDAQ,opend_us,True,
CBT,卡博特,NYSE,opend_us,True,
CBU,Community Financial System,NYSE,opend_us,True,
CBUS,Cibus,NASDAQ,opend_us,True,
CBZ,CBIZ Inc,NYSE,opend_us,True,
CC,The Chemours,NYSE,opend_us,True,
CCAP,Crescent Capital BDC,NASDAQ,opend_us,True,
CCAQ,Collective Acquisition Corp,NASDAQ,opend_us,True,
CCAQU,COLLECTIVE ACQUISITION CORPORATION UNITS 04/04/2025 (1 CL A & 3/4 OF 1 WT),NASDAQ,opend_us,True,
CCB,Coastal Financial,NASDAQ,opend_us,True,
CCBG,Capital City Bank Group,NASDAQ,opend_us,True,
CCC,CCC Intelligent Solutions Holdings,NASDAQ,opend_us,True,
CCCC,C4 Therapeutics,NASDAQ,opend_us,True,
CCEC,Capital Clean Energy Carriers,NASDAQ,opend_us,True,
CCEL,Cryo-Cell International,AMEX,opend_us,True,
CCEP,可口可乐欧洲太平洋,NASDAQ,opend_us,True,
CCG,车车科技,NASDAQ,opend_us,True,
CCHH,CCH Holdings,NASDAQ,opend_us,True,
CCID,CARLYLE CREDIT INCOME FUND 7.375% SERIES D PREF SHS DUE 2028,NYSE,opend_us,True,
CCII,COHEN CIRCLE ACQUISITION CORP II,NASDAQ,opend_us,True,
CCIIU,COHEN CIRCLE ACQUISITION CORP II UNIT (1 CLA SHS & 1/4 WT A)01/07/2030,NASDAQ,opend_us,True,
CCIX,Churchill Capital Corp IX,NASDAQ,opend_us,True,
CCIXU,CHURCHILL CAP CORP IX UNIT 1 CL A SHS & 1/4 WT EXP,NASDAQ,opend_us,True,
CCJ,Cameco,NYSE,opend_us,True,
CCK,皇冠控股,NYSE,opend_us,True,
CCL,嘉年华邮轮,NYSE,opend_us,True,
CCLD,CareCloud,NASDAQ,opend_us,True,
CCLDP,CARECLOUD INC 11% CUM RED PERP PRF SER A,NASDAQ,opend_us,True,
CCM,泰和诚医疗,NYSE,opend_us,True,
CCNE,CNB金融,NASDAQ,opend_us,True,
CCNEP,CNB FINANCIAL CORP(PA) DEP SHS REPSTG 1/40TH PERP PFD SER A,NASDAQ,opend_us,True,
CCO,Clear Channel Outdoor,NYSE,opend_us,True,
CCOI,Cogent通信,NASDAQ,opend_us,True,
CCRN,Cross Country Healthcare,NASDAQ,opend_us,True,
CCS,Century Communities,NYSE,opend_us,True,
CCSI,Consensus Cloud Solutions,NASDAQ,opend_us,True,
CCTG,CCSC Technology International,NASDAQ,opend_us,True,
CCU,智利CCU啤酒,NYSE,opend_us,True,
CCXI,Churchill Capital Corp XI,NASDAQ,opend_us,True,
CCXIU,CHURCHILL CAPITAL CORP XI UNITS 1 CL A & 1/10 OF 1 WT 10/12/2030,NASDAQ,opend_us,True,
CCZ,COMCAST HOLDINGS CORPORATION 2% CNV PREF SEC15/10/2029 USD71,NYSE,opend_us,True,
CD,Chaince Digital,NASDAQ,opend_us,True,
CDE,科尔黛伦矿业,NYSE,opend_us,True,
CDEX,CardieX,NASDAQ,opend_us,True,
CDIO,Cardio Diagnostics,NASDAQ,opend_us,True,
CDLA,Candela Medical,NASDAQ,opend_us,True,
CDLR,Cadeler AS,NYSE,opend_us,True,
CDLR.WI,CADELER AS SPON ADR EACH REP 0.25 ORD SHS WI,NYSE,opend_us,True,
CDLX,Cardlytics,NASDAQ,opend_us,True,
CDMOP,Avid Bioservices,NASDAQ,opend_us,True,
CDNA,CareDx,NASDAQ,opend_us,True,
CDNL,Cardinal Infrastructure Group,NASDAQ,opend_us,True,
CDNS,铿腾电子,NASDAQ,opend_us,True,
CDRE,Cadre Holdings,NYSE,opend_us,True,
CDRO,Codere Online Luxembourg,NASDAQ,opend_us,True,
CDT,CDT Equity,NASDAQ,opend_us,True,
CDTG,城道通环保科技,NASDAQ,opend_us,True,
CDW,CDW Corp,NASDAQ,opend_us,True,
CDXS,Codexis,NASDAQ,opend_us,True,
CDZI,Cadiz,NASDAQ,opend_us,True,
CDZIP,CADIZ INC DEP SHS 1/1000TH SER A PFD CUM STK,NASDAQ,opend_us,True,
CE,塞拉尼斯,NYSE,opend_us,True,
CECO,CECO环保,NASDAQ,opend_us,True,
CEG,Constellation Energy,NASDAQ,opend_us,True,
CELC,Celcuity,NASDAQ,opend_us,True,
CELH,Celsius Holdings,NASDAQ,opend_us,True,
CELU,Celularity,NASDAQ,opend_us,True,
CELZ,Creative Medical Technology,NASDAQ,opend_us,True,
CENN,Cenntro Electric,NASDAQ,opend_us,True,
CENT,Central Garden & Pet,NASDAQ,opend_us,True,
CENTA,Central Garden & Pet-A,NASDAQ,opend_us,True,
CENX,世纪铝业,NASDAQ,opend_us,True,
CEPF,Cantor Equity Partners IV,NASDAQ,opend_us,True,
CEPO,Cantor Equity Partners,NASDAQ,opend_us,True,
CEPS,Cantor Equity Partners,NASDAQ,opend_us,True,
CEPT,Cantor Equity Partners II,NASDAQ,opend_us,True,
CEPU,Central Puerto,NYSE,opend_us,True,
CEPV,"Cantor Equity Partners V, Inc.",NASDAQ,opend_us,True,
CERS,Cerus,NASDAQ,opend_us,True,
CERT,Certara,NASDAQ,opend_us,True,
CETX,Cemtrex,NASDAQ,opend_us,True,
CETY,Clean Energy Technologies,NASDAQ,opend_us,True,
CEVA,CEVA Inc,NASDAQ,opend_us,True,
CF,CF工业控股,NYSE,opend_us,True,
CFBK,Central Federal,NASDAQ,opend_us,True,
CFFI,C&F金融,NASDAQ,opend_us,True,
CFFN,Capitol Federal Financial,NASDAQ,opend_us,True,
CFG,Citizens Financial,NYSE,opend_us,True,
CFND,C1 FUND INC,NYSE,opend_us,True,
CFR,库伦佛寺银行,NYSE,opend_us,True,
CFXA,COLFAX CORP,NYSE,opend_us,True,
CG,凯雷,NASDAQ,opend_us,True,
CGABL,CARLYLE FIN LLC 4.625% SRN 15/05/2061 USD25,NASDAQ,opend_us,True,
CGAU,Centerra Gold,NYSE,opend_us,True,
CGBD,Carlyle Secured Lending,NASDAQ,opend_us,True,
CGC,Canopy Growth,NASDAQ,opend_us,True,
CGCT,Cartesian Growth Corp III,NASDAQ,opend_us,True,
CGCTU,CARTESIAN GROWTH CORP III UNIT 1 CL A & 1/2 WT EXP,NASDAQ,opend_us,True,
CGEM,Cullinan Therapeutics,NASDAQ,opend_us,True,
CGEN,Compugen医疗,NASDAQ,opend_us,True,
CGNT,Cognyte Software,NASDAQ,opend_us,True,
CGNX,康耐视,NASDAQ,opend_us,True,
CGON,CG Oncology,NASDAQ,opend_us,True,
CGTH,Creative Global Technology,NASDAQ,opend_us,True,
CGTL,创智环球科技,NASDAQ,opend_us,True,
CGTX,Cognition Therapeutics,NASDAQ,opend_us,True,
CHA,霸王茶姬,NASDAQ,opend_us,True,
CHAI,Core AI,NASDAQ,opend_us,True,
CHAR,Charlton Aria Acquisition Corporation,NASDAQ,opend_us,True,
CHARR,CHARLTON ARIA ACQUISITION CORP COM USD0.0001 (SUB/RIGHTS 31/12/2026),NASDAQ,opend_us,True,
CHARU,CHARLTON ARIA ACQUISITION CORP UNIT 1 CLASS A & 1 RIGHT,NASDAQ,opend_us,True,
CHCI,Comstock Holding,NASDAQ,opend_us,True,
CHCO,City Holding,NASDAQ,opend_us,True,
CHD,丘奇&德怀特,NYSE,opend_us,True,
CHDN,Churchill Downs,NASDAQ,opend_us,True,
CHE,Chemed,NYSE,opend_us,True,
CHEC,Chenghe Acquisition III Co,NASDAQ,opend_us,True,
CHECU,CHENGHE ACQUISITION III CO UNIT 1 CL A ORD & 1/2 WT(09/09/2030),NASDAQ,opend_us,True,
CHEF,The Chefs' Warehouse,NASDAQ,opend_us,True,
CHGG,Chegg,NYSE,opend_us,True,
CHH,精选国际酒店,NYSE,opend_us,True,
CHKP,Check Point软件,NASDAQ,opend_us,True,
CHMG,Chemung Financial,NASDAQ,opend_us,True,
CHNGU,CHANGE HEALTHCARE INC TANGIBLE EQUITY UNIT,NASDAQ,opend_us,True,
CHNR,中国天然资源,NASDAQ,opend_us,True,
CHOW,ChowChow Cloud International,AMEX,opend_us,True,
CHPG,ChampionsGate Acquisition Corporation,NASDAQ,opend_us,True,
CHPGR,CHAMPIONSGATE ACQUISITION CORP COM USD0.0001(S/R 14/05/2030),NASDAQ,opend_us,True,
CHPGU,CHAMPIONSGATE ACQUISITION CORP UNITS 1 CL A SHS & 1 RT (14/05/2030),NASDAQ,opend_us,True,
CHPT,ChargePoint,NYSE,opend_us,True,
CHR,悦享控股,NASDAQ,opend_us,True,
CHRD,Chord Energy,NASDAQ,opend_us,True,
CHRN,ChronoScale,NASDAQ,opend_us,True,
CHRS,Coherus Oncology,NASDAQ,opend_us,True,
CHRW,罗宾逊物流,NASDAQ,opend_us,True,
CHSCL,CHS INC PFD CL B SER 4,NASDAQ,opend_us,True,
CHSCM,CHS INC PRF CLASS B SER 3,NASDAQ,opend_us,True,
CHSCN,CHS INC 7.1% CL B CUM RED PFD SER B,NASDAQ,opend_us,True,
CHSCO,CHS INC CUM RED PRF 'B' USD25,NASDAQ,opend_us,True,
CHSCP,CHS INC 8% PRF USD25,NASDAQ,opend_us,True,
CHSN,香颂国际,NASDAQ,opend_us,True,
CHT,中华电信,NYSE,opend_us,True,
CHTR,特许通讯,NASDAQ,opend_us,True,
CHWY,Chewy,NYSE,opend_us,True,
CHYM,Chime Financial,NASDAQ,opend_us,True,
CI,信诺,NYSE,opend_us,True,
CIA,公民保险,NYSE,opend_us,True,
CIB,哥伦比亚银行,NYSE,opend_us,True,
CICB,CION INVESTMENT CORPORATION 7.50% NTS DUE 30/12/2029,NYSE,opend_us,True,
CICC,CION INVESTMENT CORPORATION 7.5% NTS 31/03/2031 USD25,NYSE,opend_us,True,
CIEN,Ciena,NYSE,opend_us,True,
CIFR,Cipher Digital,NASDAQ,opend_us,True,
CIG,Energy Company of Minas Gerais,NYSE,opend_us,True,
CIG.C,Energy Company of Minas Gerais-Common,NYSE,opend_us,True,
CIGI,高力国际集团,NASDAQ,opend_us,True,
CIIT,Tianci International,NASDAQ,opend_us,True,
CIMN,CHIMERA INVESTMENT CORPORATION 9.000% SR NTS DUE 15/05/2029,NYSE,opend_us,True,
CIMO,CHIMERA INVESTMENT CORPORATION 9.250% SR NTS DUE 15/08/2029,NYSE,opend_us,True,
CIMP,CHIMERA INVESTMENT CORPORATION 8.875% SR NTS DUE 15/08/2030 USD25,NYSE,opend_us,True,
CINF,辛辛纳提金融,NASDAQ,opend_us,True,
CING,Cingulate,NASDAQ,opend_us,True,
CINT,CI&T,NYSE,opend_us,True,
CION,CION Investment,NYSE,opend_us,True,
CISO,CISO Global,NASDAQ,opend_us,True,
CISS,C3is,NASDAQ,opend_us,True,
CITR,CitroTech,AMEX,opend_us,True,
CIVB,Civista Bancshares,NASDAQ,opend_us,True,
CIX,CompX国际,AMEX,opend_us,True,
CJMB,Callan JMB,NASDAQ,opend_us,True,
CKHL,凯德工程,NASDAQ,opend_us,True,
CKX,CKX Lands,AMEX,opend_us,True,
CL,高露洁,NYSE,opend_us,True,
CLAR,Clarus,NASDAQ,opend_us,True,
CLB,Core Laboratories,NYSE,opend_us,True,
CLBK,Columbia Financial,NASDAQ,opend_us,True,
CLBR,Colombier Acquisition Corp. III,NYSE,opend_us,True,
CLBT,Cellebrite,NASDAQ,opend_us,True,
CLDI,Calidi Biotherapeutics,AMEX,opend_us,True,
CLDX,塞德斯医疗,NASDAQ,opend_us,True,
CLF,克利夫兰克里夫,NYSE,opend_us,True,
CLFD,克利尔菲尔德通讯,NASDAQ,opend_us,True,
CLGN,Collplant,NASDAQ,opend_us,True,
CLH,Clean Harbors,NYSE,opend_us,True,
CLIK,力奇服务,NASDAQ,opend_us,True,
CLIR,ClearSign,NASDAQ,opend_us,True,
CLLS,Cellectis,NASDAQ,opend_us,True,
CLMB,Climb Global Solutions,NASDAQ,opend_us,True,
CLMT,卡路美,NASDAQ,opend_us,True,
CLNE,Clean Energy Fuels,NASDAQ,opend_us,True,
CLNN,Clene,NASDAQ,opend_us,True,
CLOV,Clover Health,NASDAQ,opend_us,True,
CLPS,华钦科技,NASDAQ,opend_us,True,
CLPT,ClearPoint Neuro,NASDAQ,opend_us,True,
CLRB,Cellectar BioSciences,NASDAQ,opend_us,True,
CLRO,ClearOne通讯,NASDAQ,opend_us,True,
CLS,天弘科技,NYSE,opend_us,True,
CLSK,CleanSpark,NASDAQ,opend_us,True,
CLST,Catalyst Bancorp,NASDAQ,opend_us,True,
CLVT,Clarivate,NYSE,opend_us,True,
CLW,克利尔沃特纸业,NYSE,opend_us,True,
CLWT,欧陆科仪,NASDAQ,opend_us,True,
CLX,高乐氏,NYSE,opend_us,True,
CLYM,Climb Bio,NASDAQ,opend_us,True,
CM,加拿大帝国商业银行,NYSE,opend_us,True,
CMBT,CMB.Tech,NYSE,opend_us,True,
CMC,美国工商五金公司,NYSE,opend_us,True,
CMCL,Caledonia Mining,AMEX,opend_us,True,
CMCM,猎豹移动,NYSE,opend_us,True,
CMCO,哥伦布-麦金农,NASDAQ,opend_us,True,
CMCSA,康卡斯特,NASDAQ,opend_us,True,
CMCT,Creative Media & Community Trust,NASDAQ,opend_us,True,
CMCTP,CIM Commercial Trust Corp.,NASDAQ,opend_us,True,
CMDB,Costamare Bulkers Holdings,NYSE,opend_us,True,
CME,芝加哥商品交易所,NASDAQ,opend_us,True,
CMG,奇波雷墨西哥烧烤,NYSE,opend_us,True,
CMI,康明斯,NYSE,opend_us,True,
CMII,Columbus Circle Acquisition Corp. II,NASDAQ,opend_us,True,
CMIIU,COLUMBUS CIRCLE CAP CORP II UNIT CONSIT 1 ORD A & 1/3 WT(11/02/2031),NASDAQ,opend_us,True,
CMMB,Chemomab Therapeutics,NASDAQ,opend_us,True,
CMND,Clearmind Medicine,NASDAQ,opend_us,True,
CMP,罗盘矿物,NYSE,opend_us,True,
CMPR,Cimpress,NASDAQ,opend_us,True,
CMPS,COMPASS Pathways,NASDAQ,opend_us,True,
CMPX,Compass Therapeutics,NASDAQ,opend_us,True,
CMRC,Commerce.com,NASDAQ,opend_us,True,
CMRE,Costamare,NYSE,opend_us,True,
CMS,CMS能源,NYSE,opend_us,True,
CMSA,CMS ENERGY CORP 5.625%JUNIOR SUBORD NTS 15/03/2078 USD25,NYSE,opend_us,True,
CMSC,CMS ENERGY CORP 5.875% JUNIOR SUBORDINATED NTS DUE 2078,NYSE,opend_us,True,
CMSD,CMS ENERGY CORP 5.875%JNR SUBORD NTS DUE01/03/2079 USD25,NYSE,opend_us,True,
CMT,Core Molding Technologies,AMEX,opend_us,True,
CMTG,Claros Mortgage Trust,NYSE,opend_us,True,
CMTL,康姆泰克通讯,NASDAQ,opend_us,True,
CMTV,Community Bancorp,NASDAQ,opend_us,True,
CNA,CNA金融,NYSE,opend_us,True,
CNAQU,CHARDAN NEXTECH ACQUISITION CORP UNIT 1 COM & 1/3 WT EXP,NASDAQ,opend_us,True,
CNC,康西哥,NYSE,opend_us,True,
CNCK,Coincheck Group,NASDAQ,opend_us,True,
CNDT,Conduent,NASDAQ,opend_us,True,
CNET,中网载线,NASDAQ,opend_us,True,
CNEY,CN Energy,NASDAQ,opend_us,True,
CNF,深泛联,NYSE,opend_us,True,
CNFRL,"Conifer Holdings, Inc.",NASDAQ,opend_us,True,
CNH,凯斯纽,NYSE,opend_us,True,
CNI,加拿大国家铁路,NYSE,opend_us,True,
CNK,喜满客影城,NYSE,opend_us,True,
CNL,Collective Mining,AMEX,opend_us,True,
CNM,Core & Main,NYSE,opend_us,True,
CNMD,ConMed,NYSE,opend_us,True,
CNNE,Cannae Holdings,NYSE,opend_us,True,
CNO,康塞科,NYSE,opend_us,True,
CNOB,ConnectOne Bank,NASDAQ,opend_us,True,
CNOBP,CONNECTONE BANCORP INC DEP SHS EACH REP 1/40TH INT IN SHARE OF,NASDAQ,opend_us,True,
CNP,中点能源,NYSE,opend_us,True,
CNQ,加拿大自然资源,NYSE,opend_us,True,
CNR,Core Natural Resources,NYSE,opend_us,True,
CNS,科恩-斯蒂尔斯金融,NYSE,opend_us,True,
CNSP,CNS Pharmaceuticals,NASDAQ,opend_us,True,
CNTA,Centessa Pharmaceuticals,NASDAQ,opend_us,True,
CNTB,康乃德生物,NASDAQ,opend_us,True,
CNTN,Canton Strategic Holdings,NASDAQ,opend_us,True,
CNTX,Context Therapeutics,NASDAQ,opend_us,True,
CNTY,世纪赌场,NASDAQ,opend_us,True,
CNVS,Cineverse,NASDAQ,opend_us,True,
CNX,康索尔能源,NYSE,opend_us,True,
CNXC,Concentrix,NASDAQ,opend_us,True,
CNXN,PC Connection,NASDAQ,opend_us,True,
CNXU,Conexeu Sciences,NASDAQ,opend_us,True,
COAG,Hemab Therapeutics Holdings,NASDAQ,opend_us,True,
COC,COR3 & Co,NASDAQ,opend_us,True,
COCH,Envoy Medical,NASDAQ,opend_us,True,
COCO,Vita Coco,NASDAQ,opend_us,True,
COCP,Cocrystal Pharma,NASDAQ,opend_us,True,
CODA,Coda Octopus Group,NASDAQ,opend_us,True,
CODI,Compass Diversified,NYSE,opend_us,True,
CODX,Co-diagnostics,NASDAQ,opend_us,True,
COE,51Talk,AMEX,opend_us,True,
COF,第一资本信贷,NYSE,opend_us,True,
COFS,ChoiceOne Financial Services,NASDAQ,opend_us,True,
COGT,Cogent Biosciences,NASDAQ,opend_us,True,
COHN,Cohen,AMEX,opend_us,True,
COHR,Coherent,NYSE,opend_us,True,
COHU,科休半导体,NASDAQ,opend_us,True,
COIN,Coinbase,NASDAQ,opend_us,True,
COKE,可口可乐装瓶,NASDAQ,opend_us,True,
COLA,COLUMBUS ACQUISITION CORP,NASDAQ,opend_us,True,
COLAR,COLUMBUS ACQUISITION CORP COM USD0.0001 (SUB/RIGHTS),NASDAQ,opend_us,True,
COLAU,COLUMBUS ACQUISITION CORP UNITS 26/12/2029 (1 ORD SHS & 1 RIGHT),NASDAQ,opend_us,True,
COLB,哥伦比亚银行系统,NASDAQ,opend_us,True,
COLL,Collegium Pharmaceutical,NASDAQ,opend_us,True,
COLM,哥伦比亚户外,NASDAQ,opend_us,True,
COMP,Compass,NYSE,opend_us,True,
CON,Concentra Group,NYSE,opend_us,True,
CON.WI,CONCENTRA GROUP HOLDINGS PARENT INC,NYSE,opend_us,True,
COO,库珀医疗,NASDAQ,opend_us,True,
COOK,Traeger,NYSE,opend_us,True,
COOT,Australian Oilseeds Holdings,NASDAQ,opend_us,True,
COP,康菲石油,NYSE,opend_us,True,
COPAU,Copley Acquisition Corp.,NASDAQ,opend_us,True,
COPL,COPLEY ACQUISITION CORP,NYSE,opend_us,True,
COPLU,Copley Acquisition Corp.,NYSE,opend_us,True,
COR,Cencora,NYSE,opend_us,True,
CORT,Corcept医疗,NASDAQ,opend_us,True,
CORZ,Core Scientific,NASDAQ,opend_us,True,
COSM,Cosmos Health,NASDAQ,opend_us,True,
COSO,CoastalSouth Bancshares,NYSE,opend_us,True,
COST,好市多,NASDAQ,opend_us,True,
COTY,科蒂,NYSE,opend_us,True,
COUR,Coursera,NYSE,opend_us,True,
COYA,Coya Therapeutics,NASDAQ,opend_us,True,
CP,加拿大太平洋铁路,NYSE,opend_us,True,
CPA,科帕控股,NYSE,opend_us,True,
CPAC,Cementos Pacasmayo,NYSE,opend_us,True,
CPAY,Corpay,NYSE,opend_us,True,
CPB,金宝公司,NASDAQ,opend_us,True,
CPBI,Central Plains Bancshares,NASDAQ,opend_us,True,
CPF,中央太平洋银行,NYSE,opend_us,True,
CPHC,坎特伯雷帕克控股,NASDAQ,opend_us,True,
CPHI,惠普森医药,AMEX,opend_us,True,
CPIX,坎伯兰药业,NASDAQ,opend_us,True,
CPK,切萨皮克气业,NYSE,opend_us,True,
CPNG,Coupang,NYSE,opend_us,True,
CPOP,普普文化,NASDAQ,opend_us,True,
CPRI,Capri Holdings,NYSE,opend_us,True,
CPRT,科帕特,NASDAQ,opend_us,True,
CPRX,Catalyst Pharmaceuticals,NASDAQ,opend_us,True,
CPS,Cooper-Standard,NYSE,opend_us,True,
CPSH,CPS Technologies,NASDAQ,opend_us,True,
CPSS,Consumer Portfolio Services,NASDAQ,opend_us,True,
CPTK,Crown PropTech(已退市),NYSE,opend_us,True,
CQP,Cheniere Energy Partners LP,NYSE,opend_us,True,
CR,Crane,NYSE,opend_us,True,
CRAC,Crown Reserve Acquisition Corp. I,NASDAQ,opend_us,True,
CRACR,CROWN RESERVE ACQUISITION CORP. I ORD USD0.0001 CL A (SB/RT)06/10/2030,NASDAQ,opend_us,True,
CRACU,CROWN RESERVE ACQUISITION CORP. I UNIT 1 CL A 1/2 WT & 1 RT (14/10/2030),NASDAQ,opend_us,True,
CRAI,CRA国际,NASDAQ,opend_us,True,
CRAN,CRANE HBR ACQUISITION CORP II,NASDAQ,opend_us,True,
CRANR,CRANE HBR ACQUISITION CORP II ORD USD0.0001 CL A (SUB/RTS) 09/12/2030,NASDAQ,opend_us,True,
CRANU,CRANE HBR ACQUISITION CORP II UNIT (1 CL A ORD SHS & 1 RT)09/12/2030,NASDAQ,opend_us,True,
CRAQ,Cal Redwood Acquisition,NASDAQ,opend_us,True,
CRAQR,CAL REDWOOD ACQUISITION CORP COM USD0.0001 (S/R 15/05/2030),NASDAQ,opend_us,True,
CRAQU,CAL REDWOOD ACQUISITION CORP UNIT 1 CL A & 1 RT(15/05/2030),NASDAQ,opend_us,True,
CRAU,Cal Redwood Acquisition Corp.,NASDAQ,opend_us,True,
CRBD,COREBRIDGE FINANCIAL INC 6.375% JR SUBORDINATED NOTES DUE 2064,NYSE,opend_us,True,
CRBG,Corebridge Financial,NYSE,opend_us,True,
CRBP,Corbus Pharmaceuticals,NASDAQ,opend_us,True,
CRBU,Caribou Biosciences,NASDAQ,opend_us,True,
CRC,加州资源,NYSE,opend_us,True,
CRCL,Circle,NYSE,opend_us,True,
CRCT,Cricut,NASDAQ,opend_us,True,
CRD.A,克劳福德-A,NYSE,opend_us,True,
CRD.B,克劳福德-B,NYSE,opend_us,True,
CRDF,Cardiff Oncology,NASDAQ,opend_us,True,
CRDL,Cardiol Therapeutics,NASDAQ,opend_us,True,
CRDO,Credo Technology,NASDAQ,opend_us,True,
CRE,Cre8 Enterprise,NASDAQ,opend_us,True,
CREG,中国循环能源,NASDAQ,opend_us,True,
CRESY,Cresud,NASDAQ,opend_us,True,
CREX,Creative Realities,NASDAQ,opend_us,True,
CRGO,Freightos,NASDAQ,opend_us,True,
CRGT,Cortigent,AMEX,opend_us,True,
CRGY,Crescent Energy,NYSE,opend_us,True,
CRH,CRH水泥,NYSE,opend_us,True,
CRI,卡特,NYSE,opend_us,True,
CRIS,居里,NASDAQ,opend_us,True,
CRK,康斯托克能源,NYSE,opend_us,True,
CRL,查尔斯河实验室,NYSE,opend_us,True,
CRM,赛富时,NYSE,opend_us,True,
CRMD,CorMedix,NASDAQ,opend_us,True,
CRML,Critical Metals,NASDAQ,opend_us,True,
CRMT,美国汽车行,NASDAQ,opend_us,True,
CRNC,Cerence,NASDAQ,opend_us,True,
CRNT,Ceragon,NASDAQ,opend_us,True,
CRNX,Crinetics,NASDAQ,opend_us,True,
CRON,Cronos Group,NASDAQ,opend_us,True,
CROX,卡骆驰,NASDAQ,opend_us,True,
CRS,卡朋特科技,NYSE,opend_us,True,
CRSP,CRISPR Therapeutics,NASDAQ,opend_us,True,
CRSR,Corsair Gaming,NASDAQ,opend_us,True,
CRTO,Criteo,NASDAQ,opend_us,True,
CRUS,凌云半导体,NASDAQ,opend_us,True,
CRVL,CorVel,NASDAQ,opend_us,True,
CRVO,CervoMed,NASDAQ,opend_us,True,
CRVS,Corvus Pharmaceuticals,NASDAQ,opend_us,True,
CRWD,CrowdStrike,NASDAQ,opend_us,True,
CRWS,Crown Crafts,NASDAQ,opend_us,True,
CRWV,CoreWeave,NASDAQ,opend_us,True,
CSAI,Cloudastructure,NASDAQ,opend_us,True,
CSAN,Cosan,NYSE,opend_us,True,
CSBR,Champions Oncology,NASDAQ,opend_us,True,
CSCO,思科,NASDAQ,opend_us,True,
CSGP,科斯塔,NASDAQ,opend_us,True,
CSHR,CoinShares,NASDAQ,opend_us,True,
CSIQ,阿特斯太阳能,NASDAQ,opend_us,True,
CSL,卡莱尔伙伴,NYSE,opend_us,True,
CSPI,CSP Inc,NASDAQ,opend_us,True,
CSTE,Caesarstone,NASDAQ,opend_us,True,
CSTL,Castle Biosciences,NASDAQ,opend_us,True,
CSTM,Constellium,NYSE,opend_us,True,
CSV,Carriage Services,NYSE,opend_us,True,
CSW,CSW Industrials,NYSE,opend_us,True,
CSWC,西南资本,NASDAQ,opend_us,True,
CSX,CSX运输,NASDAQ,opend_us,True,
CTAA,CLEARTHINK 1 ACQUISITION CORP,NASDAQ,opend_us,True,
CTAAR,CLEARTHINK 1 ACQUISITION CORP ORD USD0.0001 CL A (S/R ),NASDAQ,opend_us,True,
CTAAU,CLEARTHINK 1 ACQUISITION CORP UNITS (ONE CL A ORD SH & ONE RT)26/01/31,NASDAQ,opend_us,True,
CTAS,信达思,NASDAQ,opend_us,True,
CTBB,Qwest Corporation 6.5% Nts 01/09/56 Usd25,NYSE,opend_us,True,
CTBI,大众信托合众银行,NASDAQ,opend_us,True,
CTDD,Qwest Corporation 6.75% Nts 15/06/2057 Usd25,NYSE,opend_us,True,
CTEV,Claritev,NYSE,opend_us,True,
CTGO,Contango Silver & Gold,AMEX,opend_us,True,
CTKB,Cytek Biosciences,NASDAQ,opend_us,True,
CTM,Castellum,AMEX,opend_us,True,
CTMX,CytomX,NASDAQ,opend_us,True,
CTNM,Contineum Therapeutics,NASDAQ,opend_us,True,
CTNT,Cheetah Net Supply Chain Service,NASDAQ,opend_us,True,
CTOR,Citius Oncology,NASDAQ,opend_us,True,
CTOS,Custom Truck One Source,NYSE,opend_us,True,
CTRI,Centuri,NYSE,opend_us,True,
CTRM,Castor Maritime,NASDAQ,opend_us,True,
CTRN,Citi Trends,NASDAQ,opend_us,True,
CTS,CTS Corp,NYSE,opend_us,True,
CTSH,高知特,NASDAQ,opend_us,True,
CTSO,Cytosorbents,NASDAQ,opend_us,True,
CTVA,Corteva,NYSE,opend_us,True,
CTW,CTW,NASDAQ,opend_us,True,
CTXR,Citius Pharmaceuticals,NASDAQ,opend_us,True,
CUB,Lionheart Holdings,NASDAQ,opend_us,True,
CUBB,CUSTOMERS BANCORP INC 5.375% SUBORDINATED NOTES DUE 30/12/2034,NYSE,opend_us,True,
CUBBU,Lionheart Holdings,NASDAQ,opend_us,True,
CUBI,Customers Bancorp,NYSE,opend_us,True,
CUBWU,LIONHEART HLDGS UNITS (1 ORD & 1/2 WT),NASDAQ,opend_us,True,
CUE,Cue Biopharma,NASDAQ,opend_us,True,
CULP,卡尔普纺织,NASDAQ,opend_us,True,
CUPR,Cuprina Holdings,NASDAQ,opend_us,True,
CURB,Curbline Properties,NYSE,opend_us,True,
CURI,CuriosityStream,NASDAQ,opend_us,True,
CURR,Currenc Group,NASDAQ,opend_us,True,
CURV,Torrid,NYSE,opend_us,True,
CURX,Curanex Pharmaceuticals,NASDAQ,opend_us,True,
CV,CapsoVision,NASDAQ,opend_us,True,
CVBF,CVB金融,NASDAQ,opend_us,True,
CVCO,卡寇工业,NASDAQ,opend_us,True,
CVE,Cenovus能源,NYSE,opend_us,True,
CVEO,Civeo,NYSE,opend_us,True,
CVGI,商用汽车集团,NASDAQ,opend_us,True,
CVGW,卡拉沃养殖,NASDAQ,opend_us,True,
CVI,CVR能源,NYSE,opend_us,True,
CVKD,Cadrenal Therapeutics,NASDAQ,opend_us,True,
CVLG,Covenant Logistics,NYSE,opend_us,True,
CVLT,康沃系统,NASDAQ,opend_us,True,
CVM,CEL-SCI,AMEX,opend_us,True,
CVNA,Carvana,NYSE,opend_us,True,
CVR,芝加哥机械,AMEX,opend_us,True,
CVRX,CVRx Inc,NASDAQ,opend_us,True,
CVS,西维斯健康,NYSE,opend_us,True,
CVSA,Covista,NYSE,opend_us,True,
CVU,CPI航空,AMEX,opend_us,True,
CVV,CVD设备,NASDAQ,opend_us,True,
CVX,雪佛龙,NYSE,opend_us,True,
CW,寇蒂斯莱特,NYSE,opend_us,True,
CWAN,Clearwater Analytics,NYSE,opend_us,True,
CWBC,西部社区银行,NASDAQ,opend_us,True,
CWCO,Consolidated Water,NASDAQ,opend_us,True,
CWD,CaliberCos,NASDAQ,opend_us,True,
CWEN,Clearway Energy-C,NYSE,opend_us,True,
CWH,露营世界,NYSE,opend_us,True,
CWK,Cushman & Wakefield,NYSE,opend_us,True,
CWST,Casella Waste Systems,NASDAQ,opend_us,True,
CWT,California Water Service Group,NYSE,opend_us,True,
CX,西麦斯,NYSE,opend_us,True,
CXAI,CXApp,NASDAQ,opend_us,True,
CXDO,Crexendo,NASDAQ,opend_us,True,
CXIIU,CHURCHILL CAPITAL CORPORATION XII UNITS CON OF 1 CL A & 1/10 WT(02/04/2031,NASDAQ,opend_us,True,
CXM,Sprinklr,NYSE,opend_us,True,
CXT,Crane NXT,NYSE,opend_us,True,
CYAB,Cyabra,NASDAQ,opend_us,True,
CYCN,Cyclerion Therapeutics,NASDAQ,opend_us,True,
CYCU,Cycurion,NASDAQ,opend_us,True,
CYD,玉柴国际,NYSE,opend_us,True,
CYH,Community Health Systems,NYSE,opend_us,True,
CYN,Cyngn,NASDAQ,opend_us,True,
CYPH,Cypherpunk Technologies,NASDAQ,opend_us,True,
CYRX,Cryoport,NASDAQ,opend_us,True,
CYTK,Cytokinetics,NASDAQ,opend_us,True,
CZFS,Citizens Financial Services,NASDAQ,opend_us,True,
CZNC,Citizens & Northern,NASDAQ,opend_us,True,
CZR,凯撒娱乐,NASDAQ,opend_us,True,
CZTI,爱博绿,NASDAQ,opend_us,True,
CZWI,Citizens Community Bancorp,NASDAQ,opend_us,True,
D,道明尼资源,NYSE,opend_us,True,
DAAQ,DIGITAL ASSET ACQUISITION CORP.,NASDAQ,opend_us,True,
DAAQU,DIGITAL ASSET ACQUISITION CORP. UNIT 1 SHS CL A &1/2 RED WT,NASDAQ,opend_us,True,
DAC,达那俄斯,NYSE,opend_us,True,
DAIC,CID Holdco,NASDAQ,opend_us,True,
DAIO,Data I/O,NASDAQ,opend_us,True,
DAKT,Daktronics,NASDAQ,opend_us,True,
DAL,达美航空,NYSE,opend_us,True,
DAN,达纳,NYSE,opend_us,True,
DAO,有道,NYSE,opend_us,True,
DAR,美国达尔令国际,NYSE,opend_us,True,
DARE,Dare Bioscience,NASDAQ,opend_us,True,
DASH,DoorDash,NASDAQ,opend_us,True,
DAVA,Endava,NYSE,opend_us,True,
DAVE,Dave Inc,NASDAQ,opend_us,True,
DB,德意志银行,NYSE,opend_us,True,
DBCA,D. Boral Acquisition I Corp,NASDAQ,opend_us,True,
DBCAU,D. BORAL ACQUISITION I CORPORATION UNIT 1 CL A & 1/2 WT(30/01/2031),NASDAQ,opend_us,True,
DBD,Diebold Nixdorf,NYSE,opend_us,True,
DBGI,Digital Brands Group,NASDAQ,opend_us,True,
DBI,Designer Brands,NYSE,opend_us,True,
DBVT,DBV Technologies,NASDAQ,opend_us,True,
DBX,Dropbox,NASDAQ,opend_us,True,
DC,Dakota Gold,AMEX,opend_us,True,
DCBG,DIME COMMERCIAL BANCSHARES INC 9.000% NTS 15/07/2034 USD 25,NYSE,opend_us,True,
DCBO,Docebo,NASDAQ,opend_us,True,
DCGO,DocGo,NASDAQ,opend_us,True,
DCH,Dauch,NYSE,opend_us,True,
DCI,唐纳森,NYSE,opend_us,True,
DCO,杜科蒙,NYSE,opend_us,True,
DCOM,迪募商业银行,NYSE,opend_us,True,
DCOY,Decoy Therapeutics,NASDAQ,opend_us,True,
DCTH,迪卡斯,NASDAQ,opend_us,True,
DCUE,DOMINION ENERGY INC CORP UNIT SER A,NYSE,opend_us,True,
DCX,Digital Currency X Technology,NASDAQ,opend_us,True,
DD,杜邦,NYSE,opend_us,True,
DDC,日日煮,AMEX,opend_us,True,
DDD,3D系统,NYSE,opend_us,True,
DDI,DoubleDown Interactive,NASDAQ,opend_us,True,
DDL,叮咚买菜,NYSE,opend_us,True,
DDOG,Datadog,NASDAQ,opend_us,True,
DDS,迪拉德百货,NYSE,opend_us,True,
DDT,DILLARDS CAP TR I 7.5% PRF CAP SECS USD25,NYSE,opend_us,True,
DE,迪尔股份,NYSE,opend_us,True,
DEA,Easterly Government Properties,NYSE,opend_us,True,
DEC,Diversified Energy,NYSE,opend_us,True,
DECK,Deckers Outdoor,NYSE,opend_us,True,
DEFT,Defi Technologies,NASDAQ,opend_us,True,
DELL,戴尔科技,NYSE,opend_us,True,
DEO,帝亚吉欧,NYSE,opend_us,True,
DERM,Journey Medical,NASDAQ,opend_us,True,
DETX,Liberty Defense Holdings,NASDAQ,opend_us,True,
DEVS,DevvStream,NASDAQ,opend_us,True,
DFDV,DeFi Development,NASDAQ,opend_us,True,
DFH,Dream Finders Homes,NYSE,opend_us,True,
DFIN,Donnelley Financial Solutions,NYSE,opend_us,True,
DFLI,Dragonfly Energy,NASDAQ,opend_us,True,
DFNS,T3 Defense,NASDAQ,opend_us,True,
DFSC,DEFSEC Technologies,NASDAQ,opend_us,True,
DFTX,Definium Therapeutics,NASDAQ,opend_us,True,
DG,美国达乐公司,NYSE,opend_us,True,
DGACU,Disciplined Growth Acquisition,NYSE,opend_us,True,
DGICA,多尼戈尔股份-A,NASDAQ,opend_us,True,
DGICB,多尼戈尔股份-B,NASDAQ,opend_us,True,
DGII,美国迪进国际,NASDAQ,opend_us,True,
DGNX,Diginex,NASDAQ,opend_us,True,
DGX,奎斯特诊疗,NYSE,opend_us,True,
DGXX,Digi Power X,NASDAQ,opend_us,True,
DH,Definitive Healthcare,NASDAQ,opend_us,True,
DHCNI,DIVERSIFIED HEALTHCARE TRUST 5.625% SR NT 01/08/2042,NASDAQ,opend_us,True,
DHCNL,DIVERSIFIED HEALTHCARE TRUST 6.25% SR NT 01/02/46 USD,NASDAQ,opend_us,True,
DHI,霍顿房屋,NYSE,opend_us,True,
DHR,丹纳赫,NYSE,opend_us,True,
DHT,DHT控股,NYSE,opend_us,True,
DHX,戴斯控股,NYSE,opend_us,True,
DIBS,1stdibs.com,NASDAQ,opend_us,True,
DIN,Dine Brands Global Inc,NYSE,opend_us,True,
DINO,HF Sinclair,NYSE,opend_us,True,
DIOD,Diodes,NASDAQ,opend_us,True,
DIS,迪士尼,NYSE,opend_us,True,
DIT,Amcon Distributing Co,AMEX,opend_us,True,
DJCO,每日期刊,NASDAQ,opend_us,True,
DJT,特朗普媒体科技集团,NASDAQ,opend_us,True,
DK,Delek US,NYSE,opend_us,True,
DKI,黑瞳科技,NASDAQ,opend_us,True,
DKL,Delek Logistics Partners LP,NYSE,opend_us,True,
DKNG,DraftKings,NASDAQ,opend_us,True,
DKS,迪克体育用品,NYSE,opend_us,True,
DLB,杜比实验室,NYSE,opend_us,True,
DLHC,DLH Holdings,NASDAQ,opend_us,True,
DLHZ,Dalu International Group Ltd.,NASDAQ,opend_us,True,
DLNG,Dynagas LNG Partners LP,NYSE,opend_us,True,
DLO,DLocal,NASDAQ,opend_us,True,
DLPN,Dolphin Entertainment,NASDAQ,opend_us,True,
DLTH,Duluth Holdings,NASDAQ,opend_us,True,
DLTR,美元树公司,NASDAQ,opend_us,True,
DLX,豪华,NYSE,opend_us,True,
DLXY,Delixy Holdings,NASDAQ,opend_us,True,
DMAA,Drugs Made In America Acquisition Corp,NASDAQ,opend_us,True,
DMAAR,DRUGS MADE IN AMER ACQUISITION CORP COM USD0.0001 09/12/2026(S/R),NASDAQ,opend_us,True,
DMAAU,DRUGS MADE IN AMER ACQUISITION CORP UNIT EXP 15/10/2029 (1 ORD SHS & 1 RT),NASDAQ,opend_us,True,
DMAC,DiaMedica Therapeutics,NASDAQ,opend_us,True,
DMII,DRUGS MADE IN AMERICA ACQ II CORP,NASDAQ,opend_us,True,
DMIIR,DRUGS MADE IN AMERICA ACQ II CORP ORD USD0.0001 (SUBS/RTS) 16/09/2030,NASDAQ,opend_us,True,
DMIIU,DRUGS MADE IN AMERICA ACQ II CORP UNITS 1 ORD SH &S 1 RT (16/09/2030),NASDAQ,opend_us,True,
DMLP,多尔切斯特,NASDAQ,opend_us,True,
DMOB,Delimobil,NYSE,opend_us,True,
DMRA,Damora Therapeutics,NASDAQ,opend_us,True,
DMRC,数字标识,NASDAQ,opend_us,True,
DNA,Ginkgo Bioworks,NYSE,opend_us,True,
DNK,蛋壳公寓,NYSE,opend_us,True,
DNLI,Denali Therapeutics,NASDAQ,opend_us,True,
DNMX,DYNAMIX CORPORATION III,NASDAQ,opend_us,True,
DNMXU,DYNAMIX CORPORATION III UNIT (1 SHS CL A & 1/2 RED WT)09/10/2030,NASDAQ,opend_us,True,
DNN,丹尼森矿业,AMEX,opend_us,True,
DNOW,DNOW Inc,NYSE,opend_us,True,
DNTH,Dianthus Therapeutics,NASDAQ,opend_us,True,
DNUT,Krispy Kreme,NASDAQ,opend_us,True,
DOC,Healthpeak Properties,NYSE,opend_us,True,
DOCN,DigitalOcean,NYSE,opend_us,True,
DOCO,Docola,NASDAQ,opend_us,True,
DOCS,Doximity,NYSE,opend_us,True,
DOCU,DocuSign,NASDAQ,opend_us,True,
DOGZ,多尼斯,NASDAQ,opend_us,True,
DOLE,都乐食品,NYSE,opend_us,True,
DOMH,Dominari Holdings,NASDAQ,opend_us,True,
DOMO,Domo Inc,NASDAQ,opend_us,True,
DOO,BRP Inc,NASDAQ,opend_us,True,
DORM,Dorman Products,NASDAQ,opend_us,True,
DOUG,Douglas Elliman,NYSE,opend_us,True,
DOV,都福集团,NYSE,opend_us,True,
DOW,陶氏化学,NYSE,opend_us,True,
DOX,Amdocs,NASDAQ,opend_us,True,
DOYU,斗鱼,NASDAQ,opend_us,True,
DPM,Desert Peak Minerals,NYSE,opend_us,True,
DPRO,Draganfly,NASDAQ,opend_us,True,
DPZ,达美乐比萨,NASDAQ,opend_us,True,
DQ,大全新能源,NYSE,opend_us,True,
DRCT,Direct Digital,NASDAQ,opend_us,True,
DRD,DRDGOLD,NYSE,opend_us,True,
DRDB,Roman DBDR Acquisition Corp. II,NASDAQ,opend_us,True,
DRDBU,ROMAN DBDR ACQUISITION CORP II,NASDAQ,opend_us,True,
DRH,DIAMONDROCK HOSPITALITY CO,NASDAQ,opend_us,True,
DRI,达登饭店,NYSE,opend_us,True,
DRIL,Lannister Mining,NYSE,opend_us,True,
DRIO,DarioHealth,NASDAQ,opend_us,True,
DRMA,Dermata Therapeutics,NASDAQ,opend_us,True,
DRS,"Leonardo DRS, Inc.",NASDAQ,opend_us,True,
DRTS,Alpha Tau Medical,NASDAQ,opend_us,True,
DRUG,Bright Minds Biosciences,NASDAQ,opend_us,True,
DRVN,Driven Brands,NASDAQ,opend_us,True,
DSAC,Daedalus Special Acquisition,NASDAQ,opend_us,True,
DSACU,Daedalus Special Acquisition Corp,NASDAQ,opend_us,True,
DSGN,Design Therapeutics,NASDAQ,opend_us,True,
DSGR,Distribution Solutions Group,NASDAQ,opend_us,True,
DSGX,笛卡尔物流系统集团,NASDAQ,opend_us,True,
DSP,Viant Technology,NASDAQ,opend_us,True,
DSS,DSS Inc,AMEX,opend_us,True,
DSWL,德斯维尔工业,NASDAQ,opend_us,True,
DSX,黛安娜船舶,NYSE,opend_us,True,
DSY,大树云,NASDAQ,opend_us,True,
DT,Dynatrace,NYSE,opend_us,True,
DTB,DTE ENERGY CO 4.375% JR SUB DEB 2020 SER G (15/10/80),NYSE,opend_us,True,
DTCX,Datacentrex,NASDAQ,opend_us,True,
DTDT,DT House,NASDAQ,opend_us,True,
DTE,DTE能源,NYSE,opend_us,True,
DTG,DTE ENERGY CO 4.375% JR SUB NTS 01/12/81 USD1000,NYSE,opend_us,True,
DTI,Drilling Tools International,NASDAQ,opend_us,True,
DTIL,Precision BioSciences,NASDAQ,opend_us,True,
DTK,DTE ENERGY CO 6.25% 2025 JR SUB DEB SER H 01/10/2085,NYSE,opend_us,True,
DTM,DT Midstream,NYSE,opend_us,True,
DTP,DTE ENERGY CO,NYSE,opend_us,True,
DTSQ,DT Cloud Star Acquisition Corp,NASDAQ,opend_us,True,
DTSQR,DT CLOUD STAR ACQUISITION CORP COM USD0.0001 (SUB/RIGHTS),NASDAQ,opend_us,True,
DTSQU,DT CLOUD STAR ACQUISITION CORP UNIT 1 ORD SH & RT CONSISTING 1/9 ORD SH,NASDAQ,opend_us,True,
DTSS,数海信息,NASDAQ,opend_us,True,
DTST,Data Storage,NASDAQ,opend_us,True,
DTW,DTE ENERGY CO 5.25% JR SUB DEBNTRS SR E 01/12/77 USD25,NYSE,opend_us,True,
DUK,杜克能源,NYSE,opend_us,True,
DUKB,DUKE ENERGY CORP 5.625%JNR SUBORD DEB DUE15/09/2078 USD25,NYSE,opend_us,True,
DUKR,Duke Robotics,NASDAQ,opend_us,True,
DUO,房多多,NASDAQ,opend_us,True,
DUOL,多邻国,NASDAQ,opend_us,True,
DUOT,Duos Technologies,NASDAQ,opend_us,True,
DV,DoubleVerify,NYSE,opend_us,True,
DVA,德维特,NYSE,opend_us,True,
DVLT,Datavault AI,NASDAQ,opend_us,True,
DVN,戴文能源,NYSE,opend_us,True,
DWSN,道森地探,NASDAQ,opend_us,True,
DWTX,Dogwood Therapeutics,NASDAQ,opend_us,True,
DXC,DXC Technology,NYSE,opend_us,True,
DXCM,德康医疗,NASDAQ,opend_us,True,
DXF,益生科技,AMEX,opend_us,True,
DXG,DeepGreenX (Direct Listing – NASDAQ),NASDAQ,opend_us,True,
DXLG,Destination XL Group,NASDAQ,opend_us,True,
DXPE,DXP Enterprises,NASDAQ,opend_us,True,
DXR,Daxor,NASDAQ,opend_us,True,
DXST,鼎信控股,NASDAQ,opend_us,True,
DXYZ,Destiny Tech100,NYSE,opend_us,True,
DY,戴康工业,NYSE,opend_us,True,
DYAI,Dyadic,NASDAQ,opend_us,True,
DYCQ,DT Cloud Acquisition Corporation(已退市),NASDAQ,opend_us,True,
DYCQR,DT CLOUD ACQUISITION CORPORATION COM USD0.0001(S/R 14/02/2029)(已退市),NASDAQ,opend_us,True,
DYCU,Dynacure,NASDAQ,opend_us,True,
DYN,戴纳基,NASDAQ,opend_us,True,
DYNC,Dynamix,NASDAQ,opend_us,True,
DYNCU,DYNAMIX CORP UNITS (25/10/2029)1 CLASS A & 1/2 RED WT,NASDAQ,opend_us,True,
DYOR,INSIGHT DIGITAL PARTNERS II,NASDAQ,opend_us,True,
DYORU,INSIGHT DIGITAL PARTNERS II UNIT (1 SHS CL A & 1/2 RED WT)28/10/2030,NASDAQ,opend_us,True,
E,埃尼石油,NYSE,opend_us,True,
EA,艺电,NASDAQ,opend_us,True,
EAF,GrafTech,NYSE,opend_us,True,
EAI,ENTERGY ARKANSAS LLC 4.875% NTS 01/09/66 USD25,NYSE,opend_us,True,
EAT,布林克国际,NYSE,opend_us,True,
EBAY,eBay,NASDAQ,opend_us,True,
EBC,Eastern Bankshares,NASDAQ,opend_us,True,
EBF,恩尼斯,NYSE,opend_us,True,
EBMT,Eagle Bancorp Montana,NASDAQ,opend_us,True,
EBON,亿邦国际,NASDAQ,opend_us,True,
EBS,Emergent BioSolutions,NYSE,opend_us,True,
EC,哥伦比亚国家石油,NYSE,opend_us,True,
ECBK,ECB Bancorp,NASDAQ,opend_us,True,
ECCB,Eagle Point Credit Company Inc. 7.75% Series B Term Preferred Stock due 2026,NYSE,opend_us,True,
ECCC,EAGLE POINT CREDIT CO 6.50% SERIES C TERM PREF SHS DUE 2031,NYSE,opend_us,True,
ECCU,EAGLE POINT CREDIT CO 7.75% NOTES DUE 2030,NYSE,opend_us,True,
ECCV,EAGLE POINT CREDIT CO 5.375% NOTES DUE 31/01/2029 USD25,NYSE,opend_us,True,
ECG,Everus Construction,NYSE,opend_us,True,
ECL,艺康集团,NYSE,opend_us,True,
ECO,Okeanis Eco Tankers,NYSE,opend_us,True,
ECOR,electroCore,NASDAQ,opend_us,True,
ECPG,安可资本,NASDAQ,opend_us,True,
ECVT,Ecovyst,NYSE,opend_us,True,
ECX,亿咖通,NASDAQ,opend_us,True,
ED,爱迪生联合电气,NYSE,opend_us,True,
EDBL,Edible Garden,NASDAQ,opend_us,True,
EDHL,Everbright Digital,NASDAQ,opend_us,True,
EDIT,Editas Medicine,NASDAQ,opend_us,True,
EDN,阿根廷北方电力公司,NYSE,opend_us,True,
EDRY,EuroDry,NASDAQ,opend_us,True,
EDSA,Edesa Biotech,NASDAQ,opend_us,True,
EDTK,王道科技,NASDAQ,opend_us,True,
EDU,新东方,NYSE,opend_us,True,
EDUC,EDC Publishing,NASDAQ,opend_us,True,
EE,Excelerate Energy,NYSE,opend_us,True,
EEFT,嘉银通,NASDAQ,opend_us,True,
EEIQ,EpicQuest Education,NASDAQ,opend_us,True,
EEX,Emerald,NYSE,opend_us,True,
EFOI,Energy Focus,NASDAQ,opend_us,True,
EFOR,Everforth,NYSE,opend_us,True,
EFSC,Enterprise Financial Services,NASDAQ,opend_us,True,
EFSCP,ENTERPRISE FINANCIAL SERVICES CORP 5% DEP SH REP NON CUM PERP PFD SER A,NASDAQ,opend_us,True,
EFSH,1847 Holdings,AMEX,opend_us,True,
EFSI,Eagle Financial Services,NASDAQ,opend_us,True,
EFTY,ETOILES CAPITAL GROUP CO LTD,NASDAQ,opend_us,True,
EFX,艾可菲,NYSE,opend_us,True,
EFXT,Enerflex,NYSE,opend_us,True,
EG,Everest Group,NYSE,opend_us,True,
EGAN,eGain,NASDAQ,opend_us,True,
EGBN,伊格尔合众银行,NASDAQ,opend_us,True,
EGG,Enigmatig Ltd,AMEX,opend_us,True,
EGHA,EGH ACQUISITION CORP,NASDAQ,opend_us,True,
EGHAR,EGH ACQUISITION CORP COM USD0.0001(S/R),NASDAQ,opend_us,True,
EGHAU,EGH ACQUISITION CORP UNITS 1 CL A ORD SH & 1 RT,NASDAQ,opend_us,True,
EGHT,8x8,NASDAQ,opend_us,True,
EGO,埃氏金业,NYSE,opend_us,True,
EGY,瓦可能源,NYSE,opend_us,True,
EH,亿航智能,NASDAQ,opend_us,True,
EHAB,Enhabit(已退市),NYSE,opend_us,True,
EHC,Encompass Health,NYSE,opend_us,True,
EHGO,君长数码,NASDAQ,opend_us,True,
EHLD,Euroholdings,NASDAQ,opend_us,True,
EHTH,易康,NASDAQ,opend_us,True,
EICA,EAGLE POINT INCOME COMPANY INC 5% SER A TERM PREFERRED STK DUE OCT 2026,NYSE,opend_us,True,
EIG,Employers,NYSE,opend_us,True,
EIIA,EAGLE POINT INSTITUTIONAL INCOME FD 8.125% SERIES A TERM PREFERRED SHARES,NYSE,opend_us,True,
EIKN,Eikon Therapeutics,NASDAQ,opend_us,True,
EIX,爱迪生国际,NYSE,opend_us,True,
EJH,e家快服,NASDAQ,opend_us,True,
EL,雅诗兰黛,NYSE,opend_us,True,
ELA,Envela,AMEX,opend_us,True,
ELAB,PMGC Holdings,NASDAQ,opend_us,True,
ELAN,Elanco Animal Health,NYSE,opend_us,True,
ELBM,Electra Battery Materials,NASDAQ,opend_us,True,
ELC,ENTERGY LOUISIANA LLC 4.875% BDS 01/09/66 USD25,NYSE,opend_us,True,
ELCG,ELC Group,NASDAQ,opend_us,True,
ELDN,Eledon Pharmaceuticals,NASDAQ,opend_us,True,
ELE,Elemental Royalty,NASDAQ,opend_us,True,
ELEP,Elephant Oil,NASDAQ,opend_us,True,
ELF,e.l.f. Beauty,NYSE,opend_us,True,
ELGP,Elate Group,NASDAQ,opend_us,True,
ELLA,ELLINGTON CREDIT COMPANY 8.5% BDS 30/03/31 USD25,NYSE,opend_us,True,
ELLO,Ellomay Capital,AMEX,opend_us,True,
ELMD,Electromed,AMEX,opend_us,True,
ELMT,Elmet Group,NASDAQ,opend_us,True,
ELOG,东源全球股份,NASDAQ,opend_us,True,
ELPC,Energy Company of Paraná - Common,NYSE,opend_us,True,
ELPW,Elong Power,NASDAQ,opend_us,True,
ELSE,伊莱克森,NASDAQ,opend_us,True,
ELTK,Eltek,NASDAQ,opend_us,True,
ELTX,Elicio Therapeutics,NASDAQ,opend_us,True,
ELUT,Elutia,NASDAQ,opend_us,True,
ELV,Elevance Health,NYSE,opend_us,True,
ELVA,Electrovaya,NASDAQ,opend_us,True,
ELVN,Enliven Therapeutics,NASDAQ,opend_us,True,
ELVR,Elevra Lithium,NASDAQ,opend_us,True,
ELWT,Elauwit Connection,NASDAQ,opend_us,True,
EMA,Emera,NYSE,opend_us,True,
EMAT,Evolution Metals & Technologie,NASDAQ,opend_us,True,
EMBC,Embecta,NASDAQ,opend_us,True,
EMBJ,巴西航空工业,NYSE,opend_us,True,
EME,EMCOR Group,NYSE,opend_us,True,
EMI,"Encore Medical, Inc.",NYSE,opend_us,True,
EMIS,Emmis Acquisition Corp,NASDAQ,opend_us,True,
EMISR,EMMIS ACQUISITION CORP. ORD USD0.0001 (S/R 12/09/2030),NASDAQ,opend_us,True,
EML,The Eastern,NASDAQ,opend_us,True,
EMN,伊士曼化工,NYSE,opend_us,True,
EMP,ENTERGY MISSISSIPPI LLC 4.9% SER FIRST MRTG BDS 01/10/2066 USD25,NYSE,opend_us,True,
EMPD,Empery Digital,NASDAQ,opend_us,True,
EMPG,Empro,NASDAQ,opend_us,True,
EMR,艾默生电气,NYSE,opend_us,True,
ENB,恩桥,NYSE,opend_us,True,
ENBA,Enbridge Inc.,NYSE,opend_us,True,
ENGN,enGene Therapeutics,NASDAQ,opend_us,True,
ENGS,Energys Group,NASDAQ,opend_us,True,
ENHA,Enhanced Group,NYSE,opend_us,True,
ENIC,Enel Chile,NYSE,opend_us,True,
ENJ,ENTERGY NEW ORLEANS LLC 5% SR DUE 1ST MTG BD 01/12/2052 USD25,NYSE,opend_us,True,
ENLT,Enlight Renewable Energy,NASDAQ,opend_us,True,
ENLV,Enlivex,NASDAQ,opend_us,True,
ENO,ENTERGY NEW ORLEANS LLC 5.5% 1ST MTG BDS 01/04/2066 USD25,NYSE,opend_us,True,
ENOV,Enovis Corp,NYSE,opend_us,True,
ENPH,Enphase Energy,NASDAQ,opend_us,True,
ENR,劲量控股,NYSE,opend_us,True,
ENS,艾诺斯,NYSE,opend_us,True,
ENSB,Ensemble Health Partners,NASDAQ,opend_us,True,
ENSC,Ensysce Biosciences,NASDAQ,opend_us,True,
ENSG,恩赛因,NASDAQ,opend_us,True,
ENTA,Enanta Pharmaceuticals,NASDAQ,opend_us,True,
ENTG,英特格,NASDAQ,opend_us,True,
ENTX,Entera Bio,NASDAQ,opend_us,True,
ENVA,易诺华,NYSE,opend_us,True,
ENVB,Enveric Biosciences,NASDAQ,opend_us,True,
ENVX,Enovix,NASDAQ,opend_us,True,
EOG,EOG能源,NYSE,opend_us,True,
EOLS,Evolus,NASDAQ,opend_us,True,
EONR,EON Resources,AMEX,opend_us,True,
EOSE,Eos Energy,NASDAQ,opend_us,True,
EP,Empire Petroleum,AMEX,opend_us,True,
EPAC,Enerpac Tool,NYSE,opend_us,True,
EPAM,EPAM Systems,NYSE,opend_us,True,
EPC,Edgewell Personal Care,NYSE,opend_us,True,
EPD,Enterprise Products,NYSE,opend_us,True,
EPM,Evolution Petroleum,AMEX,opend_us,True,
EPOW,晖阳新能源,NASDAQ,opend_us,True,
EPRX,Eupraxia Pharmaceuticals,NASDAQ,opend_us,True,
EPSM,Epsium Enterprise,NASDAQ,opend_us,True,
EPSN,Epsilon Energy,NASDAQ,opend_us,True,
EQ,Equillium,NASDAQ,opend_us,True,
EQBK,Equity Bancshares,NYSE,opend_us,True,
EQH,Equitable,NYSE,opend_us,True,
EQNR,Equinor,NYSE,opend_us,True,
EQPT,EquipmentShare.com,NASDAQ,opend_us,True,
EQS,Equus Total Return,NYSE,opend_us,True,
EQT,EQT能源,NYSE,opend_us,True,
EQVU,EQV Ventures Acquisition Corp,NYSE,opend_us,True,
EQX,Equinox Gold,AMEX,opend_us,True,
ERAS,Erasca,NASDAQ,opend_us,True,
ERIC,爱立信,NASDAQ,opend_us,True,
ERIE,伊瑞保险,NASDAQ,opend_us,True,
ERII,Energy Recovery,NASDAQ,opend_us,True,
ERNA,Eterna Therapeutics,NASDAQ,opend_us,True,
ERO,Ero Copper,NYSE,opend_us,True,
EROC,"ERock, Inc.",NYSE,opend_us,True,
EROK,EAGLEROCK LAND LLC,NYSE,opend_us,True,
ES,Eversource Energy,NYSE,opend_us,True,
ESAB,ESAB Corp,NYSE,opend_us,True,
ESBA,Empire State Realty OP-ES,AMEX,opend_us,True,
ESCA,Escalade,NASDAQ,opend_us,True,
ESE,ESCO科技,NYSE,opend_us,True,
ESEA,Euroseas,NASDAQ,opend_us,True,
ESGRO,ENSTAR GROUP LIMITED 7% DEP SHS ECH RP 1/1000 NONCUM PRF SR E,NASDAQ,opend_us,True,
ESGRP,ENSTAR GROUP LIMITED PERPTUL NON CUM PFD SHARES SERIES D,NASDAQ,opend_us,True,
ESHU,ESH Acquisition Corp.,NASDAQ,opend_us,True,
ESI,Element Solutions,NYSE,opend_us,True,
ESLA,Estrella Immunopharma,NASDAQ,opend_us,True,
ESLT,埃尔比特系统,NASDAQ,opend_us,True,
ESNT,Essent,NYSE,opend_us,True,
ESOA,Energy Services of America,NASDAQ,opend_us,True,
ESP,Espey Manufacturing & Electronics,AMEX,opend_us,True,
ESPR,Esperion Therapeutics,NASDAQ,opend_us,True,
ESQ,Esquire Financial,NASDAQ,opend_us,True,
ESTA,Establishment Labs,NASDAQ,opend_us,True,
ESTC,Elastic,NYSE,opend_us,True,
ET,Energy Transfer,NYSE,opend_us,True,
ETD,伊森艾伦,NYSE,opend_us,True,
ETN,伊顿,NYSE,opend_us,True,
ETON,Eton Pharmaceutical,NASDAQ,opend_us,True,
ETOR,eToro Group,NASDAQ,opend_us,True,
ETR,安特吉,NYSE,opend_us,True,
ETS,Elite Express Holding,NASDAQ,opend_us,True,
ETSS,ENERGY TRANSITION SPECIAL OPPORTUNI,NYSE,opend_us,True,
ETSY,Etsy Inc,NYSE,opend_us,True,
EU,Encore Energy,NASDAQ,opend_us,True,
EUDA,EUDA Health,NASDAQ,opend_us,True,
EURK,EUREKA ACQUISITION CORP,NASDAQ,opend_us,True,
EURKR,EUREKA ACQUISITION CORP COM USD0.0001 A (SUBS/RTS 03/07/2026),NASDAQ,opend_us,True,
EURKU,EUREKA ACQUISITION CORP UNIT 1 ORD SHS & 1 RT,NASDAQ,opend_us,True,
EVAC,EQV VENTURES ACQUISITION CORP. II,NYSE,opend_us,True,
EVACU,EQV Ventures Acquisition Corp. II,NYSE,opend_us,True,
EVAX,Evaxion A/S,NASDAQ,opend_us,True,
EVC,超视野传播,NYSE,opend_us,True,
EVCM,EverCommerce,NASDAQ,opend_us,True,
EVER,EverQuote,NASDAQ,opend_us,True,
EVEX,Eve Holding,NYSE,opend_us,True,
EVGN,Evogene,NASDAQ,opend_us,True,
EVGO,EVgo Inc,NASDAQ,opend_us,True,
EVH,Evolent Health,NYSE,opend_us,True,
EVI,EVI Industries,AMEX,opend_us,True,
EVLV,Evolv Technologies,NASDAQ,opend_us,True,
EVMN,Evommune,NYSE,opend_us,True,
EVO,Evotec,NASDAQ,opend_us,True,
EVOX,EVOLUTION GLOBAL ACQUISITION CORP,NASDAQ,opend_us,True,
EVOXU,EVOLUTION GLOBAL ACQUISITION CORP UNIT (1 CL A ORD & 1/2 RED WAR)22/10/30,NASDAQ,opend_us,True,
EVR,Evercore,NYSE,opend_us,True,
EVRG,西星能源,NASDAQ,opend_us,True,
EVTC,Evertec,NYSE,opend_us,True,
EVTL,Vertical Aerospace,NYSE,opend_us,True,
EVTV,Envirotech Vehicles,NASDAQ,opend_us,True,
EW,爱德华生命科学,NYSE,opend_us,True,
EWBC,华美银行,NASDAQ,opend_us,True,
EWTX,Edgewise Therapeutics,NASDAQ,opend_us,True,
EXAS,精密科学,NASDAQ,opend_us,True,
EXC,爱克斯龙电力,NASDAQ,opend_us,True,
EXE,Expand Energy,NASDAQ,opend_us,True,
EXEL,伊克力西斯,NASDAQ,opend_us,True,
EXFY,Expensify,NASDAQ,opend_us,True,
EXK,Endeavour Silver,NYSE,opend_us,True,
EXLS,伊克赛尔服务,NASDAQ,opend_us,True,
EXOD,Exodus Movement,AMEX,opend_us,True,
EXOZ,eXoZymes,NASDAQ,opend_us,True,
EXP,Eagle Materials,NYSE,opend_us,True,
EXPD,康捷国际物流,NYSE,opend_us,True,
EXPE,Expedia,NASDAQ,opend_us,True,
EXPO,毅博科技咨询,NASDAQ,opend_us,True,
EXTO.WI,ALMACENES EXITO SA SPON ADS EACH REPR 8 COM SH WI,NYSE,opend_us,True,
EXTR,极速网络,NASDAQ,opend_us,True,
EXYN,Exyn Technologies,NASDAQ,opend_us,True,
EYE,National Vision,NASDAQ,opend_us,True,
EYPT,EyePoint,NASDAQ,opend_us,True,
EZGO,易电行,NASDAQ,opend_us,True,
EZPW,艾茨克普,NASDAQ,opend_us,True,
EZRA,Reliance Global,NASDAQ,opend_us,True,
F,福特汽车,NYSE,opend_us,True,
FA,First Advantage,NASDAQ,opend_us,True,
FABC,Fabric.AI,NASDAQ,opend_us,True,
FACT,FACT II Acquisition Corp,NASDAQ,opend_us,True,
FACTU,FACT II ACQUISITION CORP UNIT 1 ORD SHS CL A & 1/2 WT EXP,NASDAQ,opend_us,True,
FAF,First American Financial,NYSE,opend_us,True,
FAMI,农米良品,NASDAQ,opend_us,True,
FANG,Diamondback Energy,NASDAQ,opend_us,True,
FAST,快扣,NASDAQ,opend_us,True,
FATE,Fate Therapeutics,NASDAQ,opend_us,True,
FATN,FatPipe,NASDAQ,opend_us,True,
FBGL,FBS Global,NASDAQ,opend_us,True,
FBIN,Fortune Brands Innovations,NYSE,opend_us,True,
FBIO,Fortress Biotech,NASDAQ,opend_us,True,
FBIOP,FORTRESS BIOTECH INC 9.375% CUM RED PER PREF SER A USD25.00,NASDAQ,opend_us,True,
FBIZ,第一商业金融服务,NASDAQ,opend_us,True,
FBK,FB Financial,NYSE,opend_us,True,
FBLA,FB Bancorp,NASDAQ,opend_us,True,
FBLG,FibroBiologics,NASDAQ,opend_us,True,
FBNC,第一银行(北卡),NASDAQ,opend_us,True,
FBP,第一银行,NYSE,opend_us,True,
FBRX,Forte Biosciences,NASDAQ,opend_us,True,
FBYD,Falcon's Beyond Global,NASDAQ,opend_us,True,
FBYDP,FALCONS BEYOND GLOBAL INC CUM CONV PFD STK 11% SER B,NASDAQ,opend_us,True,
FC,富兰克林柯维,NYSE,opend_us,True,
FCAP,First Capital,NASDAQ,opend_us,True,
FCBC,第一社区银行股份,NASDAQ,opend_us,True,
FCCO,第一社区,NASDAQ,opend_us,True,
FCEL,燃料电池能源,NASDAQ,opend_us,True,
FCF,第一联邦金融,NYSE,opend_us,True,
FCFS,第一富金融服务,NASDAQ,opend_us,True,
FCHL,Fitness Champs,NASDAQ,opend_us,True,
FCN,FTI咨询,NYSE,opend_us,True,
FCNCA,第一公民银行股份,NASDAQ,opend_us,True,
FCNCN,FIRST CITIZENS BANCSHARES INC DEL DEP SH REPSTG 1/40TH NON CUM PFD E,NASDAQ,opend_us,True,
FCNCO,FIRST CITIZENS BANCSHARES INC DEL 5.625% NON-CUM PERPETUAL PFD STK SER C,NASDAQ,opend_us,True,
FCNCP,FIRST CITIZENS BANCSHARES INC DEL 5.375 DEP REP 1/40TH PFD SER A,NASDAQ,opend_us,True,
FCRS,FUTURECREST ACQUISITION CORP,NYSE,opend_us,True,
FCRSU,FutureCrest Acquisition Corp.,NASDAQ,opend_us,True,
FCRW,FIRST EAGLE ALTERNATIVE CAP BDC INC 6.125% NOTES DUE 30/10/2023,NYSE,opend_us,True,
FCRX,CRESCENT CAPITAL BDC INC 5.00% NOTES DUE 2026,NYSE,opend_us,True,
FCUV,Focus Universal,NASDAQ,opend_us,True,
FCX,麦克莫兰铜金,NYSE,opend_us,True,
FDBC,Fidelity D & D Bancorp,NASDAQ,opend_us,True,
FDMT,4D Molecular Therapeutics,NASDAQ,opend_us,True,
FDP,戴尔蒙特新鲜制造,NYSE,opend_us,True,
FDS,慧甚,NYSE,opend_us,True,
FDSB,Fifth District Bancorp,NASDAQ,opend_us,True,
FDUS,Fidus Investment,NASDAQ,opend_us,True,
FDUSG,FIDUS INVESTMENT CORPORATION 5.375% NOTES DUE 2024 USD25,NASDAQ,opend_us,True,
FDUSZ,Fidus Investment Corporation 6% Notes Due 15/02/2024,NASDAQ,opend_us,True,
FDX,联邦快递,NYSE,opend_us,True,
FDX.WI,FEDEX CORP,NYSE,opend_us,True,
FDXF,FEDEX FREIGHT HOLDING CO INC,NYSE,opend_us,True,
FDXF.WI,FEDEX FREIGHT HOLDING CO INC,NYSE,opend_us,True,
FE,第一能源,NYSE,opend_us,True,
FEAM,5E Advanced,NASDAQ,opend_us,True,
FEBO,晖宝控股,NASDAQ,opend_us,True,
FEDU,四季教育,NYSE,opend_us,True,
FEED,ENvue Medical,NASDAQ,opend_us,True,
FEIM,高频电子,NASDAQ,opend_us,True,
FELE,富兰克林电子,NASDAQ,opend_us,True,
FEMY,Femasys,NASDAQ,opend_us,True,
FENC,Fennec Pharmaceuticals,NASDAQ,opend_us,True,
FENG,凤凰新媒体,NYSE,opend_us,True,
FER,Ferrovial SE,NASDAQ,opend_us,True,
FERA,FIFTH ERA ACQUISITION CORPORATION I,NASDAQ,opend_us,True,
FERAR,FIFTH ERA ACQUISITION CORPORATION I ORD USD0.0001 CL A (SUB/RT)21/02/2030,NASDAQ,opend_us,True,
FERAU,FIFTH ERA ACQUISITION CORPORATION I UNIT 1 CLASS A & 1 RIGHT,NASDAQ,opend_us,True,
FERG,Ferguson,NYSE,opend_us,True,
FET,Forum Energy Technologies,NYSE,opend_us,True,
FF,FutureFuel,NYSE,opend_us,True,
FFAI,Faraday Future Intelligent Electric Inc.,NASDAQ,opend_us,True,
FFBC,第一金融银行,NASDAQ,opend_us,True,
FFIC,法拉盛金融(已退市),NASDAQ,opend_us,True,
FFIN,First Financial Bankshares,NASDAQ,opend_us,True,
FFIV,F5 Inc,NASDAQ,opend_us,True,
FFLY,Firefly Automatix,NASDAQ,opend_us,True,
FG,F&G Annuities & Life,NYSE,opend_us,True,
FG.WI,F&G ANNUITIES & LIFE INC,NYSE,opend_us,True,
FGBI,First Guaranty Bancshares,NASDAQ,opend_us,True,
FGBIP,FIRST GUARANTY BANCSHARES INC DEP SHS EACH REP 1/40TH SHS SER A USD25,NASDAQ,opend_us,True,
FGI,FGI Industries,NASDAQ,opend_us,True,
FGII,FG IMPERII ACQUISITION CORP,NASDAQ,opend_us,True,
FGIIU,FG IMPERII ACQUISITION CORP UNIT 1 CL A AND 0.5  RED WT(14/10/2030),NASDAQ,opend_us,True,
FGL,FOUNDER GROUP LIMITED,NASDAQ,opend_us,True,
FGMC,FG MERGER II CORP,NASDAQ,opend_us,True,
FGMCR,FG MERGER II CORP COM USD0.0001 11/02/2030 (SUBS/RTS),NASDAQ,opend_us,True,
FGMCU,FG MERGER II CORP UNIT 1 COM & 1 RT (11/02/2030),NASDAQ,opend_us,True,
FGN,F&G ANNUITIES & LIFE INC 7.95% SNR NTS 15/12/2053 USD25,NYSE,opend_us,True,
FGNX,FG Nexus,NASDAQ,opend_us,True,
FGNXP,FG NEXUS INC. 8.00% CUM PRE STK SERIES A,NASDAQ,opend_us,True,
FGSN,F&G ANNUITIES & LIFE INC 7.300% JR SUBORDINATED NOTES DUE 2065,NYSE,opend_us,True,
FHB,First Hawaiian,NASDAQ,opend_us,True,
FHI,Federated Hermes,NYSE,opend_us,True,
FHN,第一地平线国家银行,NYSE,opend_us,True,
FHTX,Foghorn Therapeutics,NASDAQ,opend_us,True,
FIBK,First Interstate BancSystem,NASDAQ,opend_us,True,
FICO,Fair Isaac,NYSE,opend_us,True,
FIEE,FIEE INC,NASDAQ,opend_us,True,
FIG,Figma Inc,NYSE,opend_us,True,
FIGR,Figure Technology Solutions,NASDAQ,opend_us,True,
FIGS,FIGS Inc,NYSE,opend_us,True,
FIGX,FIGX CAPITAL ACQUISITION CORP.,NASDAQ,opend_us,True,
FIGXU,FIGX CAPITAL ACQUISITION CORP. UNITS 1 CL A SHS &1/2 WT(17/06/2030),NASDAQ,opend_us,True,
FINV,信也科技,NYSE,opend_us,True,
FINW,FinWise,NASDAQ,opend_us,True,
FIP,FTAI Infrastructure,NASDAQ,opend_us,True,
FIS,繁德信息技术,NYSE,opend_us,True,
FISI,金融机构,NASDAQ,opend_us,True,
FISK,Empire State Realty OP-250,AMEX,opend_us,True,
FISN,Deep Fission,NASDAQ,opend_us,True,
FISV,费哲金融服务,NASDAQ,opend_us,True,
FITB,五三银行,NASDAQ,opend_us,True,
FITBI,FIFTH THIRD BANCORP DEP SHS REPR 1/1000TH OWNERSHIP INT PFD,NASDAQ,opend_us,True,
FITBM,FIFTH THIRD BANCORP DEP SHS NON CUMV PERP PREF SHS USD25,NASDAQ,opend_us,True,
FITBO,FIFTH THIRD BANCORP 4.95% DEP SHS 1/1000TH NON CUM PFD SR K,NASDAQ,opend_us,True,
FITBP,FIFTH THIRD BANCORP 6% DEP SHS REP 1/40TH NON CUM CL B SER A,NASDAQ,opend_us,True,
FIVE,Five Below,NASDAQ,opend_us,True,
FIVN,Five9,NASDAQ,opend_us,True,
FIX,美国舒适系统,NYSE,opend_us,True,
FIZZ,National Beverage,NASDAQ,opend_us,True,
FJET,Starfighters Space,AMEX,opend_us,True,
FKWL,Franklin Wireless,NASDAQ,opend_us,True,
FLAI,Flewber Global,AMEX,opend_us,True,
FLD,Fold Holdings,NASDAQ,opend_us,True,
FLEX,伟创力,NASDAQ,opend_us,True,
FLG,纽约社区银行,NYSE,opend_us,True,
FLGT,Fulgent Genetics,NASDAQ,opend_us,True,
FLL,Full House Resorts,NASDAQ,opend_us,True,
FLNA,Filana Therapeutics,NASDAQ,opend_us,True,
FLNC,Fluence Energy,NASDAQ,opend_us,True,
FLNG,Flex LNG,NYSE,opend_us,True,
FLNT,Fluent,NASDAQ,opend_us,True,
FLO,花苑食品,NYSE,opend_us,True,
FLOC,Flowco Holdings,NYSE,opend_us,True,
FLR,福陆,NYSE,opend_us,True,
FLS,福斯,NYSE,opend_us,True,
FLUT,Flutter Entertainment,NYSE,opend_us,True,
FLUX,Flux Power,NASDAQ,opend_us,True,
FLWS,1-800-Flowers.com,NASDAQ,opend_us,True,
FLX,闪送,NASDAQ,opend_us,True,
FLXE,FlexEnergy Green Solutions,NASDAQ,opend_us,True,
FLXS,Flexsteel Industries,NASDAQ,opend_us,True,
FLY,Firefly Aerospace,NASDAQ,opend_us,True,
FLYE,Fly-E,NASDAQ,opend_us,True,
FLYW,Flywire,NASDAQ,opend_us,True,
FLYX,flyExclusive,AMEX,opend_us,True,
FMAC,FUTURE MONEY ACQUISITION CORP,NASDAQ,opend_us,True,
FMACR,FUTURE MONEY ACQUISITION CORP ORD USD0.0001 (S/R 16/03/2031),NASDAQ,opend_us,True,
FMACU,FUTURE MONEY ACQUISITION CORP UNITS 1 ORD & 1 RT (16/03/2031),NASDAQ,opend_us,True,
FMAO,Farmers & Merchants,NASDAQ,opend_us,True,
FMBH,First Mid Bancshares,NASDAQ,opend_us,True,
FMBIO,FIRST MIDWEST BANCORP INC,NASDAQ,opend_us,True,
FMBIP,FIRST MIDWEST BANCORP INC DEP SHS EA REP 1/40 NON CUM PER PF SR A,NASDAQ,opend_us,True,
FMC,FMC公司,NYSE,opend_us,True,
FMFC,Kandal M Venture,NASDAQ,opend_us,True,
FMNB,Farmers National,NASDAQ,opend_us,True,
FMS,费森尤斯医疗,NYSE,opend_us,True,
FMST,Foremost Clean Energy,NASDAQ,opend_us,True,
FMX,FEMSA,NYSE,opend_us,True,
FN,Fabrinet,NYSE,opend_us,True,
FNB,F.N.B. Corp,NYSE,opend_us,True,
FND,Floor & Decor,NYSE,opend_us,True,
FNF,富达国民金融,NYSE,opend_us,True,
FNGR,FingerMotion,NASDAQ,opend_us,True,
FNKO,Funko,NASDAQ,opend_us,True,
FNLC,第一万通金控,NASDAQ,opend_us,True,
FNRN,FIRST NORTHERN COMMUNITY BANCORP,NASDAQ,opend_us,True,
FNUC,Frontier Nuclear and Minerals,NASDAQ,opend_us,True,
FNV,Franco-Nevada,NYSE,opend_us,True,
FNWB,First Northwest,NASDAQ,opend_us,True,
FNWD,Finward Bancorp,NASDAQ,opend_us,True,
FOA,Finance of America,NYSE,opend_us,True,
FOCL,EDAP TMS,NASDAQ,opend_us,True,
FOFO,恒峰科技创新,NASDAQ,opend_us,True,
FONR,福纳(已退市),NASDAQ,opend_us,True,
FOR,福里斯特,NYSE,opend_us,True,
FORM,FormFactor,NASDAQ,opend_us,True,
FORR,佛罗斯特研究,NASDAQ,opend_us,True,
FORTY,配方系统,NASDAQ,opend_us,True,
FOSL,福斯尔集团,NASDAQ,opend_us,True,
FOUR,Shift4 Payments,NYSE,opend_us,True,
FOX,福克斯公司-B,NASDAQ,opend_us,True,
FOXA,福克斯公司-A,NASDAQ,opend_us,True,
FOXF,Fox Factory,NASDAQ,opend_us,True,
FOXX,Foxx Development Holdings,NASDAQ,opend_us,True,
FP,First Person,NASDAQ,opend_us,True,
FPH,五点控股,NYSE,opend_us,True,
FPS,Forgent Power Solutions,NYSE,opend_us,True,
FRAF,富兰克林金融服务,NASDAQ,opend_us,True,
FRBA,First Bank,NASDAQ,opend_us,True,
FRBT,"Forbright, Inc.",NASDAQ,opend_us,True,
FRD,Friedman Industries,NASDAQ,opend_us,True,
FRF,The Fortegra,NYSE,opend_us,True,
FRGAP,FRANCHISE GROUP INC 7.50% CUM PERPETUAL PFD STK SER A,NASDAQ,opend_us,True,
FRGT,Freight Technologies,NASDAQ,opend_us,True,
FRHC,Freedom Holding,NASDAQ,opend_us,True,
FRME,第一招商股份,NASDAQ,opend_us,True,
FRMEP,FIRST MERCHANTS CORP 7.50% DEP SHS REP 1/100TH PR PFD SER A,NASDAQ,opend_us,True,
FRMI,Fermi,NASDAQ,opend_us,True,
FRMM,Forum Markets Inc,NASDAQ,opend_us,True,
FRO,Frontline,NYSE,opend_us,True,
FROG,JFrog,NASDAQ,opend_us,True,
FRPH,FRP Holdings,NASDAQ,opend_us,True,
FRPT,Freshpet,NASDAQ,opend_us,True,
FRSH,Freshworks,NASDAQ,opend_us,True,
FRST,Primis Financial,NASDAQ,opend_us,True,
FRSX,Foresight Autonomous,NASDAQ,opend_us,True,
FRVO,FERVO ENERGY COMPANY,NASDAQ,opend_us,True,
FSBC,Five Star Bancorp,NASDAQ,opend_us,True,
FSBW,FS Bancorp,NASDAQ,opend_us,True,
FSEA,First Seacoast,NASDAQ,opend_us,True,
FSHP,Flag Ship Acquisition Corp,NASDAQ,opend_us,True,
FSHPR,FLAG SHIP ACQUISITION CORPORATION COM USD0.001 (SUB/RIGHT 31/03/2026),NASDAQ,opend_us,True,
FSHPU,FLAG SHIP ACQUISITION CORPORATION UNITS 1 ORD SHS & 1 WT EXP,NASDAQ,opend_us,True,
FSI,Flexible Solutions,AMEX,opend_us,True,
FSK,FS KKR Capital,NYSE,opend_us,True,
FSLR,第一太阳能,NASDAQ,opend_us,True,
FSLY,Fastly,NASDAQ,opend_us,True,
FSM,Fortuna Silver Mines,NYSE,opend_us,True,
FSPR,Four Springs Capital Trust,NYSE,opend_us,True,
FSS,联邦信号,NYSE,opend_us,True,
FSTR,LB福斯特,NASDAQ,opend_us,True,
FSUN,FirstSun Capital Bancorp,NASDAQ,opend_us,True,
FSV,Firstservice,NASDAQ,opend_us,True,
FTAI,FTAI Aviation,NASDAQ,opend_us,True,
FTAIM,FTAI AVIATION LTD 9.500% FXD RT RST CUM PERP RED PFD SER D,NASDAQ,opend_us,True,
FTAIN,FTAI AVIATION LTD 8.25% FIX-RATE RESET SER C CUM PER RED P,NASDAQ,opend_us,True,
FTAIO,FORTRESS TRANSN & INFRAS INVS LLC 8% CUM PERP RED PREF SHS SER B USD25.00,NASDAQ,opend_us,True,
FTAIP,FORTRESS TRANSN & INFRAS INVS LLC 8.25% FIX TO FLTNG CUM RED PRF SHS SR A,NASDAQ,opend_us,True,
FTCI,FTC Solar,NASDAQ,opend_us,True,
FTDR,Frontdoor,NASDAQ,opend_us,True,
FTEK,燃料技术,NASDAQ,opend_us,True,
FTFT,富册金融科技,NASDAQ,opend_us,True,
FTG,Fortegra Group (The),NYSE,opend_us,True,
FTHAU,FOREFRONT TECH HOLDINGS ACQUISITION CORP UNIT 1 CL A & 1/2 WT,NASDAQ,opend_us,True,
FTHM,Fathom,NASDAQ,opend_us,True,
FTI,德希尼布FMC,NYSE,opend_us,True,
FTK,Flotek工业,NYSE,opend_us,True,
FTLF,FitLife Brands,NASDAQ,opend_us,True,
FTNT,飞塔信息,NASDAQ,opend_us,True,
FTRAU,FutureCorp Space Acquisition I,NYSE,opend_us,True,
FTRE,Fortrea Holdings,NASDAQ,opend_us,True,
FTRK,Fast Track Group,NASDAQ,opend_us,True,
FTS,Fortis,NYSE,opend_us,True,
FTV,Fortive,NYSE,opend_us,True,
FTW,Presidio Production,NYSE,opend_us,True,
FUBO,FuboTV,NYSE,opend_us,True,
FUFU,BitFuFu,NASDAQ,opend_us,True,
FUL,富乐,NYSE,opend_us,True,
FULC,Fulcrum Therapeutics,NASDAQ,opend_us,True,
FULT,富尔顿金融,NASDAQ,opend_us,True,
FULTP,FULTON FINANCIAL CORP DEP SHS REP 1/40TH INT PERP NCUM PFD A,NASDAQ,opend_us,True,
FUN,六旗娱乐,NYSE,opend_us,True,
FUNC,马里兰第一联合,NASDAQ,opend_us,True,
FURY,Fury Gold Mines,AMEX,opend_us,True,
FUSB,First US Bancshares,NASDAQ,opend_us,True,
FUSE,Fusemachines,NASDAQ,opend_us,True,
FUTU,富途控股,NASDAQ,opend_us,True,
FVAV,Fortress Value Acquisition Corp V,NASDAQ,opend_us,True,
FVCB,FVCBankcorp,NASDAQ,opend_us,True,
FVIV,Fortress Value Acquisition Corp. V (STOCK-Only),NASDAQ,opend_us,True,
FVN,FUTURE VISION II ACQUISITION CORPORATION,NASDAQ,opend_us,True,
FVNNR,FUTURE VISION II ACQUISITION CORP COM USD0.0001(SUB/RIGHTS 29/06/29),NASDAQ,opend_us,True,
FVNNU,FUTURE VISION II ACQUISITION CORP UNITS(1 ORD & 1/10 RT ORD),NASDAQ,opend_us,True,
FVR,FrontView REIT,NYSE,opend_us,True,
FVRR,Fiverr International,NYSE,opend_us,True,
FWDI,福沃德工业,NASDAQ,opend_us,True,
FWONA,Liberty Formula One-A,NASDAQ,opend_us,True,
FWONK,Liberty Formula One-C,NASDAQ,opend_us,True,
FWRD,福沃运输,NASDAQ,opend_us,True,
FWRG,First Watch Restaurant,NASDAQ,opend_us,True,
FXACU,FORTUNEX ACQUISITION CORPORATION UNITS CONS 1 ORD & 1/2 RED WT (19/05/31),NASDAQ,opend_us,True,
FXNC,First National,NASDAQ,opend_us,True,
G,简伯特,NYSE,opend_us,True,
GABC,德美银行,NASDAQ,opend_us,True,
GAIA,Gaia Inc,NASDAQ,opend_us,True,
GAIN,格拉德斯通投资,NASDAQ,opend_us,True,
GAING,GLADSTONE INVESTMENT CORPORATION 7.125% NTS 01/05/31 USD25,NASDAQ,opend_us,True,
GAINI,GLADSTONE INVESTMENT CORPORATION 7.875% NTS 01/02/2030 USD25,NASDAQ,opend_us,True,
GAINZ,GLADSTONE INVESTMENT CORPORATION 4.875% NTS 01/11/2028 USD25,NASDAQ,opend_us,True,
GALT,Galectin Therapeutics,NASDAQ,opend_us,True,
GAMB,Gambling.com,NASDAQ,opend_us,True,
GAME,GameSquare,NASDAQ,opend_us,True,
GANX,Gain Therapeutics,NASDAQ,opend_us,True,
GAP,Gap Inc,NYSE,opend_us,True,
GASS,斯蒂加斯海运,NASDAQ,opend_us,True,
GATX,GATX Corp,NYSE,opend_us,True,
GAU,Galiano Gold,AMEX,opend_us,True,
GAUZ,Gauzy,NASDAQ,opend_us,True,
GBCI,冰川万通金控,NYSE,opend_us,True,
GBDC,Golub Capital BDC,NASDAQ,opend_us,True,
GBFH,GBank Financial Holding,NASDAQ,opend_us,True,
GBH,Gigabit,NASDAQ,opend_us,True,
GBLI,Global Indemnity,NASDAQ,opend_us,True,
GBLL,GLOBAL INDEMNITY GROUP LLC 7.875% SUB NTS 15/04/2047 USD25,NYSE,opend_us,True,
GBR,新概念能源,AMEX,opend_us,True,
GBTG,Global Business Travel Group,NYSE,opend_us,True,
GBX,格林布赖尔,NYSE,opend_us,True,
GCBC,格林县万通金控,NASDAQ,opend_us,True,
GCDT,宝加国际,AMEX,opend_us,True,
GCGRU,GENERAL CATALYST GBL RESILIENCE MRG UNIT 1 CL A & 1/4 WT EXP (13/04/2031),NASDAQ,opend_us,True,
GCL,GCL Global,NASDAQ,opend_us,True,
GCMG,GCM Grosvenor,NASDAQ,opend_us,True,
GCO,格涅斯科,NYSE,opend_us,True,
GCT,大健云仓,NASDAQ,opend_us,True,
GCTK,Glucotrack,NASDAQ,opend_us,True,
GCTS,GCT Semiconductor Holding,NYSE,opend_us,True,
GD,通用动力,NYSE,opend_us,True,
GDC,GD Culture Group,NASDAQ,opend_us,True,
GDD,点点绿,NYSE,opend_us,True,
GDDY,GoDaddy,NYSE,opend_us,True,
GDEV,GDEV Inc,NASDAQ,opend_us,True,
GDHG,金生游乐,NASDAQ,opend_us,True,
GDNT,Guident,NASDAQ,opend_us,True,
GDOT,Green Dot,NYSE,opend_us,True,
GDRX,GoodRx,NASDAQ,opend_us,True,
GDS,万国数据,NASDAQ,opend_us,True,
GDTC,新细胞医学,NASDAQ,opend_us,True,
GDYN,Grid Dynamics,NASDAQ,opend_us,True,
GE,GE航天航空,NYSE,opend_us,True,
GE.WI,General Electric,NYSE,opend_us,True,
GECC,Great Elm Capital,NASDAQ,opend_us,True,
GECCG,GREAT ELM CAPITAL CORP 7.75% NOTES DUE 31/12/2030,NASDAQ,opend_us,True,
GECCH,GREAT ELM CAPITAL CORP 8.125% NTS 31/12/29 USD25,NASDAQ,opend_us,True,
GECCI,GREAT ELM CAPITAL CORP 8.5% NTS 30/04/29 USD25,NASDAQ,opend_us,True,
GECCM,Great Elm Capital Corp.,NASDAQ,opend_us,True,
GECCN,GREAT ELM CAPITAL CORP 6.50% NOTES DUE 2024,NASDAQ,opend_us,True,
GECCO,GREAT ELM CAPITAL CORP 5.875% SR NOTES 30/06/2026,NASDAQ,opend_us,True,
GEF,格瑞夫,NYSE,opend_us,True,
GEF.B,格瑞夫-B,NYSE,opend_us,True,
GEG,Great Elm,NASDAQ,opend_us,True,
GEGGL,GREAT ELM GROUP INC 7.25% NTS 30/06/2027 USD25,NASDAQ,opend_us,True,
GEHC,GE HealthCare Technologies,NASDAQ,opend_us,True,
GEL,Genesis Energy,NYSE,opend_us,True,
GELS,Gelteq,NASDAQ,opend_us,True,
GEMI,Gemini Space Station,NASDAQ,opend_us,True,
GEN,Gen Digital,NASDAQ,opend_us,True,
GENB,Generate Biomedicines,NASDAQ,opend_us,True,
GENC,范科工业,AMEX,opend_us,True,
GENE,基因技术,NASDAQ,opend_us,True,
GENI,Genius Sports,NYSE,opend_us,True,
GENK,GEN Restaurant Group,NASDAQ,opend_us,True,
GENVR,GEN DIGITAL INC COM USD0.01 CVR (S/RS),NASDAQ,opend_us,True,
GEOS,Geospace Technologies,NASDAQ,opend_us,True,
GERN,杰龙,NASDAQ,opend_us,True,
GETY,Getty Images,NYSE,opend_us,True,
GEV,GE Vernova,NYSE,opend_us,True,
GEVO,Gevo Inc,NASDAQ,opend_us,True,
GFAI,Guardforce AI,NASDAQ,opend_us,True,
GFF,格里丰,NYSE,opend_us,True,
GFI,金田,NYSE,opend_us,True,
GFL,GFL Environmental,NYSE,opend_us,True,
GFLU,GFL ENVIRONMENTAL INC TANGIBLE EQUITY UNITS,NYSE,opend_us,True,
GFNCP,General Finance Corp Series C P,NASDAQ,opend_us,True,
GFNSZ,GENERAL FINANCE CORPORATION 7.875% SENIOR NOTES DUE 2025,NASDAQ,opend_us,True,
GFR,Greenfire Resources,NYSE,opend_us,True,
GFS,GlobalFoundries,NASDAQ,opend_us,True,
GGAL,加利西亚金融,NASDAQ,opend_us,True,
GGB,盖尔道钢铁,NYSE,opend_us,True,
GGG,固瑞克,NYSE,opend_us,True,
GGL,Games Global,NYSE,opend_us,True,
GGR,Gogoro,NASDAQ,opend_us,True,
GGRP,The Glimpse,NASDAQ,opend_us,True,
GH,Guardant Health,NASDAQ,opend_us,True,
GHC,格雷厄姆控股,NYSE,opend_us,True,
GHG,格林酒店,NYSE,opend_us,True,
GHI,Greystone Housing Impact Investors,NYSE,opend_us,True,
GHM,Graham,NYSE,opend_us,True,
GHRS,GH Research,NASDAQ,opend_us,True,
GIB,CGI Inc,NYSE,opend_us,True,
GIBO,GIBO Holdings,NASDAQ,opend_us,True,
GIC,Global Industrial,NYSE,opend_us,True,
GIFT,Giftify,NASDAQ,opend_us,True,
GIGGU,GIGCAPITAL7 CORP. UNIT 1 ORD SHS CL A & 1 WT EXP,NASDAQ,opend_us,True,
GIGM,和信超媒体,NASDAQ,opend_us,True,
GIII,G-III服装集团,NASDAQ,opend_us,True,
GIL,吉登运动服,NYSE,opend_us,True,
GILD,吉利德科学,NASDAQ,opend_us,True,
GILT,吉来特卫星网络,NASDAQ,opend_us,True,
GIPR,Generation Income Properties,NASDAQ,opend_us,True,
GIS,通用磨坊,NYSE,opend_us,True,
GITS,Global Interactive Technologies,NASDAQ,opend_us,True,
GIW,GIGCAPITAL8 CORP,NASDAQ,opend_us,True,
GIWWR,GIGCAPITAL8 CORP COM USD0.0001 CL A(SUB/RIGHT) 30/09/2030,NASDAQ,opend_us,True,
GIWWU,GIGCAPITAL8 CORP UNIT 1 CLASS A & 1 RIGHT (30/09/2030),NASDAQ,opend_us,True,
GIX,GIGCAPITAL9 CORPORATION,NASDAQ,opend_us,True,
GIXXR,GIGCAPITAL9 CORPORATION ORD NPV(S/R 01/12/2030),NASDAQ,opend_us,True,
GIXXU,GIGCAPITAL9 CORPORATION UNIT CL A & RT PUR 1/5TH CL A,NASDAQ,opend_us,True,
GJH,STRATS TRUST US CELLULAR 6.375% PRF 15/12/2033 USD25 CL A-1,NYSE,opend_us,True,
GJO,STRATS TRUST FOR WAL-MART STORES PRF STRATS CTF SER 2005-4 USD25 15/02/30,NYSE,opend_us,True,
GJP,STRATS TR FOR DOMINION RES INC PRF USD15 15/06/35 2005-6 FLTG RATE,NYSE,opend_us,True,
GJR,STRATS TRUST FOR PROCTER & GAM PRF 15/08/2034 USD25 STRATS P&G SER 06-1,NYSE,opend_us,True,
GJS,STRATS TR GOLDMAN SACHS GROUP SECS PRF 15/02/2033 2006-2 STRATS CTF FLTG,NYSE,opend_us,True,
GJT,STRATS TR ALLSTATE CORP 2006-3 ASSET BKD TR SECS 01/04/2036,NYSE,opend_us,True,
GKOS,Glaukos,NYSE,opend_us,True,
GL,Globe Life,NYSE,opend_us,True,
GLAD,格拉德斯通资本,NASDAQ,opend_us,True,
GLADL,GLADSTONE CAPITAL CORP 5.375% NOTES DUE 30/10/2024 USD25,NASDAQ,opend_us,True,
GLBE,Global-E Online,NASDAQ,opend_us,True,
GLBS,Globus Maritime,NASDAQ,opend_us,True,
GLDG,GoldMining,AMEX,opend_us,True,
GLE,Global Engine Group,NASDAQ,opend_us,True,
GLED,GALAXYEDGE ACQUISITION CORPORATION,NYSE,opend_us,True,
GLIBA,Liberty Capital-A,NASDAQ,opend_us,True,
GLIBK,GCI Liberty-C,NASDAQ,opend_us,True,
GLMD,Galmed Pharmaceuticals,NASDAQ,opend_us,True,
GLND,Greenland Energy Company,NASDAQ,opend_us,True,
GLNG,Golar LNG,NASDAQ,opend_us,True,
GLOB,Globant,NYSE,opend_us,True,
GLOO,Gloo Holdings,NASDAQ,opend_us,True,
GLP,Global Partners,NYSE,opend_us,True,
GLRE,绿光资本再保公司,NASDAQ,opend_us,True,
GLSI,Greenwich LifeSciences,NASDAQ,opend_us,True,
GLUE,Monte Rosa Therapeutics,NASDAQ,opend_us,True,
GLW,康宁,NYSE,opend_us,True,
GLXG,迦里仕人才,NASDAQ,opend_us,True,
GLXY,Galaxy Digital,NASDAQ,opend_us,True,
GM,通用汽车,NYSE,opend_us,True,
GMAB,Genmab,NASDAQ,opend_us,True,
GME,游戏驿站,NYSE,opend_us,True,
GMED,Globus Medical,NYSE,opend_us,True,
GMEX,GMEX Robotics,NASDAQ,opend_us,True,
GMFI,Aetherium Acquisition,NASDAQ,opend_us,True,
GMFIU,Aetherium Acquisition Corp.,NASDAQ,opend_us,True,
GMHS,Gamehaus Holdings,NASDAQ,opend_us,True,
GMLPP,Golar LNG Partners LP 8.75% CUM PFD A,NASDAQ,opend_us,True,
GMM,环球墨非AI,NASDAQ,opend_us,True,
GMRS,GMR Solutions,NYSE,opend_us,True,
GMTL,Guardian Metal Resources,AMEX,opend_us,True,
GNE,Genie Energy,NYSE,opend_us,True,
GNK,根科船务贸易,NYSE,opend_us,True,
GNLN,Greenlane,NASDAQ,opend_us,True,
GNLX,Genelux,NASDAQ,opend_us,True,
GNPX,Genprex,NASDAQ,opend_us,True,
GNRC,Generac,NYSE,opend_us,True,
GNS,Genius Group,AMEX,opend_us,True,
GNSS,Genasys,NASDAQ,opend_us,True,
GNTA,Genenta Science,NASDAQ,opend_us,True,
GNTX,真泰克,NASDAQ,opend_us,True,
GNW,通用金融,NYSE,opend_us,True,
GO,Grocery Outlet,NASDAQ,opend_us,True,
GOAI,Eva Live,NASDAQ,opend_us,True,
GOCO,GoHealth,NASDAQ,opend_us,True,
GOGO,Gogo Inc,NASDAQ,opend_us,True,
GOLD,Gold.com,NYSE,opend_us,True,
GOLF,高尔史密斯国际控股,NYSE,opend_us,True,
GOODM,Gladstone Commercial Corporation Series D Cumulative Redeemable Preferred Stock,NASDAQ,opend_us,True,
GOODN,GLADSTONE COMMERCIAL CORP 6.625% CUM RED PREF STOCK SERIES E,NASDAQ,opend_us,True,
GOODO,GLADSTONE COMMERCIAL CORP 6.00% SERIES G CUMULATIVE RED PFD USD25,NASDAQ,opend_us,True,
GOOG,谷歌-C,NASDAQ,opend_us,True,
GOOGL,谷歌-A,NASDAQ,opend_us,True,
GOOS,加拿大鹅,NYSE,opend_us,True,
GORO,黄金资源,AMEX,opend_us,True,
GOSS,Gossamer Bio,NASDAQ,opend_us,True,
GOTU,高途,NYSE,opend_us,True,
GOVX,GeoVax Labs,NASDAQ,opend_us,True,
GP,GreenPower Motor,NASDAQ,opend_us,True,
GPAC,General Purpose Acquisition Corp,NASDAQ,opend_us,True,
GPACU,GENERAL PURP ACQUISITION CORP UNIT (1 CLASS A & 1/2 WAR)03/12/2030,NASDAQ,opend_us,True,
GPAT,GP-ACT III ACQUISITION CORP,NASDAQ,opend_us,True,
GPATU,GP-ACT III ACQUISITION CORP UNIT 1 CLASS A & 1/2 RED WT,NASDAQ,opend_us,True,
GPC,Genuine Parts,NYSE,opend_us,True,
GPCR,硕迪生物,NASDAQ,opend_us,True,
GPGI,GPGI Inc,NYSE,opend_us,True,
GPI,汽车一组,NYSE,opend_us,True,
GPJA,GEORGIA POWER CO 5% JR SUB NTS DUE SR 2017A 1/10/77 USD25,NYSE,opend_us,True,
GPK,Graphic Packaging,NYSE,opend_us,True,
GPN,环汇有限公司,NYSE,opend_us,True,
GPOR,格尔夫波特能源,NYSE,opend_us,True,
GPRE,绿色平原能源,NASDAQ,opend_us,True,
GPRK,GeoPark,NYSE,opend_us,True,
GPRO,GoPro,NASDAQ,opend_us,True,
GPUS,Hyperscale Data,AMEX,opend_us,True,
GRAB,Grab Holdings,NASDAQ,opend_us,True,
GRAF,Graf Global Corp,AMEX,opend_us,True,
GRAL,Grail,NASDAQ,opend_us,True,
GRAN,均富资本,NASDAQ,opend_us,True,
GRBK,Green Brick Partners,NYSE,opend_us,True,
GRC,Gorman-Rupp,NYSE,opend_us,True,
GRCE,Grace Therapeutics,NASDAQ,opend_us,True,
GRDN,Guardian Pharmacy Services,NYSE,opend_us,True,
GRDX,GridAI Technologies,NASDAQ,opend_us,True,
GREE,Greenidge Generation,NASDAQ,opend_us,True,
GREEL,GREENIDGE GENERATION HLDGS INC 8.50% SENIOR NOTES 31/10/2026,NASDAQ,opend_us,True,
GRFS,基立福,NASDAQ,opend_us,True,
GRI,GRI Bio,NASDAQ,opend_us,True,
GRML,Greenland Mines,NASDAQ,opend_us,True,
GRMN,佳明,NYSE,opend_us,True,
GRND,Grindr,NYSE,opend_us,True,
GRNQ,Greenpro Capital,NASDAQ,opend_us,True,
GRNT,Granite Ridge Resources,NYSE,opend_us,True,
GRO,Brazil Potash,AMEX,opend_us,True,
GROV,Grove Collaborative,NYSE,opend_us,True,
GROW,美国全球投资者,NASDAQ,opend_us,True,
GROY,Gold Royalty,AMEX,opend_us,True,
GRPN,GroupOn,NASDAQ,opend_us,True,
GRRR,Gorilla Technology,NASDAQ,opend_us,True,
GRVY,重力社,NASDAQ,opend_us,True,
GRWG,GrowGeneration,NASDAQ,opend_us,True,
GS,高盛,NYSE,opend_us,True,
GSAT,全球星,NASDAQ,opend_us,True,
GSBC,南方万通金控,NASDAQ,opend_us,True,
GSBD,高盛BDC,NYSE,opend_us,True,
GSHD,Goosehead Insurance,NASDAQ,opend_us,True,
GSHR,Gesher Acquisition Corp. II,NASDAQ,opend_us,True,
GSHRU,GESHER ACQUISITION CORPORATION II UNITS(1 CL A ORD & 1/2 RED WT)11/03/2030,NASDAQ,opend_us,True,
GSIT,GSI Technology,NASDAQ,opend_us,True,
GSIW,一盈证券,NASDAQ,opend_us,True,
GSK,葛兰素史克,NYSE,opend_us,True,
GSK.WI,葛兰素史克,NYSE,opend_us,True,
GSL,环球租船,NYSE,opend_us,True,
GSLD,GLOBAL SHIP LEASE INC 8% SR NOTES 31/12/2024 USD25.00,NYSE,opend_us,True,
GSM,Ferroglobe,NASDAQ,opend_us,True,
GSRF,GSR IV Acquisition Corp,NASDAQ,opend_us,True,
GSRFR,GSR IV ACQUISITION CORP COM USD0.0001(S/R 22/08/2030),NASDAQ,opend_us,True,
GSRFU,GSR IV ACQUISITION CORP UNIT 1 CLASS A & 1/14 RT(22/08/2030),NASDAQ,opend_us,True,
GSRVU,GSR V ACQUISITION CORPORATION UNIT 1 COM & 1/7 RT EXP,NASDAQ,opend_us,True,
GSUN,金太阳科技,NASDAQ,opend_us,True,
GT,固特异轮胎橡胶,NASDAQ,opend_us,True,
GTBP,GT Biopharma,NASDAQ,opend_us,True,
GTE,Gran Tierra Energy,AMEX,opend_us,True,
GTEC,格陵兰科技,NASDAQ,opend_us,True,
GTEN,Gores Holdings X,NASDAQ,opend_us,True,
GTENU,GORES HLDGS X INC UNIT 1 CL A ORD SH & 1/4 WT,NASDAQ,opend_us,True,
GTERA,Globa Terra Acquisition Corporation,NASDAQ,opend_us,True,
GTERR,GLOBA TERRA ACQUISITION CORPORATION COM USD0.0001 CL A (SUB/RTS)17/06/2030,NASDAQ,opend_us,True,
GTERU,GLOBA TERRA ACQUISITION CORPORATION UNIT (1 ORD CL A & 3/4 WT)17/06/2030,NASDAQ,opend_us,True,
GTES,Gates Industrial,NYSE,opend_us,True,
GTIM,恋上餐厅,NASDAQ,opend_us,True,
GTLB,Gitlab,NASDAQ,opend_us,True,
GTLS,查特工业,NYSE,opend_us,True,
GTM,ZoomInfo,NASDAQ,opend_us,True,
GTN,格雷电视,NYSE,opend_us,True,
GTN.A,格雷电视-A,NYSE,opend_us,True,
GTSG,Gates Group Inc.,NASDAQ,opend_us,True,
GTX,Garrett Motion,NASDAQ,opend_us,True,
GTXAP,GARRETT MOTION INC SERIES A CUMULATIVE CONVERTIBLE PFD STK,NASDAQ,opend_us,True,
GUACU,BERTO ACQUISITION CORP UNITS CONS 1 SHS & 1/3 WT(06/03/2031),NASDAQ,opend_us,True,
GURE,海湾资源,NASDAQ,opend_us,True,
GUTS,Fractyl Health,NASDAQ,opend_us,True,
GV,Visionary Holdings,NASDAQ,opend_us,True,
GVA,花岗岩建筑,NYSE,opend_us,True,
GVH,Globavend Holdings,NASDAQ,opend_us,True,
GWAV,Greenwave Technology Solutions,NASDAQ,opend_us,True,
GWH,ESS Tech,NYSE,opend_us,True,
GWRE,Guidewire Software,NYSE,opend_us,True,
GWRS,Global Water Resources,NASDAQ,opend_us,True,
GWW,美国固安捷,NYSE,opend_us,True,
GXAI,Gaxos.ai,NASDAQ,opend_us,True,
GXO,GXO Logistics,NYSE,opend_us,True,
GYRE,Gyre Therapeutics,NASDAQ,opend_us,True,
GYRO,旋翼物业,NASDAQ,opend_us,True,
H,凯悦酒店,NYSE,opend_us,True,
HACQ,HCM IV Acquisition Corp,NASDAQ,opend_us,True,
HACQU,HCM IV ACQUISITION CORPORATION UNIT 1 CLASS A & 1/4 RIGHT,NASDAQ,opend_us,True,
HAE,美国血液技术,NYSE,opend_us,True,
HAFC,韩美金融,NASDAQ,opend_us,True,
HAFN,Hafnia,NYSE,opend_us,True,
HAHA,Harden Technologies,AMEX,opend_us,True,
HAIN,海恩时富,NASDAQ,opend_us,True,
HAL,哈里伯顿,NYSE,opend_us,True,
HALO,奥洛兹美医疗,NASDAQ,opend_us,True,
HAO,浩希健康科技,NASDAQ,opend_us,True,
HAS,孩之宝,NASDAQ,opend_us,True,
HASI,HA Sustainable Infrastructure,NYSE,opend_us,True,
HAVA,HARVARD AVE ACQUISITION CORP,NASDAQ,opend_us,True,
HAVAR,HARVARD AVE ACQUISITION CORP ORD USD0.0001 CL A (S/R),NASDAQ,opend_us,True,
HAVAU,HARVARD AVE ACQUISITION CORP UNITS 1 CL A & 1 RT (03/10/2030),NASDAQ,opend_us,True,
HAWK,HawkEye 360,NYSE,opend_us,True,
HAYW,Hayward Holdings,NYSE,opend_us,True,
HBAN,亨廷顿银行,NASDAQ,opend_us,True,
HBANL,HUNTINGTON BANCSHARES INC DEP SHS REPSTG 1/40TH INT NON CUM PERP J,NASDAQ,opend_us,True,
HBANM,HUNTINGTON BANCSHARES INC 5.7%DEP SHS RTG 1/1000TH NON CUM PERP I,NASDAQ,opend_us,True,
HBANN,Huntington Bancshares Incorporated Depositary Shares,NASDAQ,opend_us,True,
HBANP,HUNTINGTON BANCSHARES INC DEP SH REP 1/40TH PERP PFD SER H USD25.0,NASDAQ,opend_us,True,
HBANZ,HUNTINGTON BANCSHARES INC 5.5 DEP NON CUM SR L,NASDAQ,opend_us,True,
HBB,Hamilton Beach Brands,NYSE,opend_us,True,
HBCP,Home Bancorp,NASDAQ,opend_us,True,
HBIO,哈佛生物科学,NASDAQ,opend_us,True,
HBM,Hudbay Minerals,NYSE,opend_us,True,
HBNB,Hotel101 Global,NASDAQ,opend_us,True,
HBNC,哈里逊合众银行,NASDAQ,opend_us,True,
HBT,HBT Financial,NASDAQ,opend_us,True,
HCA,HCA医疗,NYSE,opend_us,True,
HCAC,HALL CHADWICK ACQUISITION COR,NASDAQ,opend_us,True,
HCACR,HALL CHADWICK ACQUISITION COR ORD USD0.0001 CL A (S/R 20/11/2030),NASDAQ,opend_us,True,
HCACU,HALL CHADWICK ACQUISITION COR UNIT 1 CLASS A & 1 RIGHT(20/11/2030),NASDAQ,opend_us,True,
HCAI,华谌科技,NASDAQ,opend_us,True,
HCAT,Health Catalyst,NASDAQ,opend_us,True,
HCC,Warrior Met Coal,NYSE,opend_us,True,
HCDIP,HARBOR CUSTOM DEVELOPMENT INC CUM CONV PFD SER A 8.0 %,NASDAQ,opend_us,True,
HCG,hear.com,NASDAQ,opend_us,True,
HCHL,Happy City,NASDAQ,opend_us,True,
HCI,HCI集团,NYSE,opend_us,True,
HCIC,HENNESSY CAP INVT CORP VIII,NASDAQ,opend_us,True,
HCICR,HENNESSY CAP INVT CORP VIII ORD USD0.0001 CL A (S/R 02/02/2031),NASDAQ,opend_us,True,
HCICU,HENNESSY CAP INVT CORP VIII UNIT 1 COM CL A & 1 RIGHT,NASDAQ,opend_us,True,
HCKT,哈克特服务,NASDAQ,opend_us,True,
HCM,和黄医药,NASDAQ,opend_us,True,
HCMA,HCM III Acquisition,NASDAQ,opend_us,True,
HCMAU,HCM III ACQUISITION CORP UNIT 1 CL A & 1/3 RED WT EXP 23/07/2030,NASDAQ,opend_us,True,
HCRX,"Healthcare Royalty, Inc.",NASDAQ,opend_us,True,
HCSG,Healthcare Services Group,NASDAQ,opend_us,True,
HCTI,Healthcare Triangle,NASDAQ,opend_us,True,
HCWB,HCW Biologics,NASDAQ,opend_us,True,
HCWC,Healthy Choice Wellness,AMEX,opend_us,True,
HCXY,HERCULES CAPITAL INC 6.25% NOTES DUE 2033 USD25,NYSE,opend_us,True,
HD,家得宝,NYSE,opend_us,True,
HDB,HDFC银行,NYSE,opend_us,True,
HDL,特海国际,NASDAQ,opend_us,True,
HDRN,Hadron Energy,NASDAQ,opend_us,True,
HDSN,哈德森科技,NASDAQ,opend_us,True,
HE,夏威夷电力实业,NYSE,opend_us,True,
HEI,海科航空,NYSE,opend_us,True,
HEI.A,海科航空-A,NYSE,opend_us,True,
HELE,海伦特洛伊家电,NASDAQ,opend_us,True,
HELP,Cybin,NASDAQ,opend_us,True,
HEPS,D-MARKET Electronic Services & Trading,NASDAQ,opend_us,True,
HERE,奇梦岛,NASDAQ,opend_us,True,
HERZ,Herzfeld Credit Income Fund Inc,NASDAQ,opend_us,True,
HESM,Hess Midstream,NYSE,opend_us,True,
HFBL,Home Federal Bancorp,NASDAQ,opend_us,True,
HFFG,HF Foods,NASDAQ,opend_us,True,
HFWA,Heritage Financial,NASDAQ,opend_us,True,
HG,Hamilton Insurance,NYSE,opend_us,True,
HGBL,Heritage Global,NASDAQ,opend_us,True,
HGH,The Hartford Financial Services Group,NYSE,opend_us,True,
HGIA,恒光控股,NASDAQ,opend_us,True,
HGTY,Hagerty,NYSE,opend_us,True,
HGV,Hilton Grand Vacations,NYSE,opend_us,True,
HHGCR,HHG CAPITAL CORP COM USD0.0001 (SUB/RGT 25/02/2026),NASDAQ,opend_us,True,
HHH,Howard Hughes Holding,NYSE,opend_us,True,
HHS,Harte Hanks,NASDAQ,opend_us,True,
HIFI,Hillhouse Frontier Holdings,NASDAQ,opend_us,True,
HIFS,欣厄姆银行,NASDAQ,opend_us,True,
HIG,哈特福德金融,NYSE,opend_us,True,
HIHO,骇维金属加工,NASDAQ,opend_us,True,
HII,亨廷顿英格尔斯工业,NYSE,opend_us,True,
HIMS,Hims & Hers Health,NYSE,opend_us,True,
HIMX,奇景光电,NASDAQ,opend_us,True,
HIND,Vyome Holdings,NASDAQ,opend_us,True,
HIPO,Hippo Holdings,NYSE,opend_us,True,
HIT,Health in Tech,NASDAQ,opend_us,True,
HITI,High Tide,NASDAQ,opend_us,True,
HIVE,HIVE Digital Technologies,NASDAQ,opend_us,True,
HKD,尚乘数科,NYSE,opend_us,True,
HKIT,海天网络,NASDAQ,opend_us,True,
HKPD,生研生物,NASDAQ,opend_us,True,
HL,赫克拉矿业,NYSE,opend_us,True,
HLF,康宝莱,NYSE,opend_us,True,
HLI,华利安,NYSE,opend_us,True,
HLIO,Helios Technologies,NYSE,opend_us,True,
HLIT,谐波,NASDAQ,opend_us,True,
HLLY,Holley,NYSE,opend_us,True,
HLMN,Hillman Solutions,NASDAQ,opend_us,True,
HLN,Haleon,NYSE,opend_us,True,
HLN.WI,Haleon,NYSE,opend_us,True,
HLNE,Hamilton Lane,NASDAQ,opend_us,True,
HLP,宏力,NASDAQ,opend_us,True,
HLT,希尔顿酒店,NYSE,opend_us,True,
HLX,螺旋能源,NYSE,opend_us,True,
HLXC,HELIX ACQUISITION CORP. III,NASDAQ,opend_us,True,
HMC,本田汽车,NYSE,opend_us,True,
HMH,HMH Holding,NASDAQ,opend_us,True,
HMN,霍勒斯曼恩,NYSE,opend_us,True,
HMR,Heidmar Maritime Holdings,NASDAQ,opend_us,True,
HMY,哈莫尼黄金,NYSE,opend_us,True,
HNGE,Hinge Health,NYSE,opend_us,True,
HNI,HNI Corp,NYSE,opend_us,True,
HNNA,Hennessy Advisors,NASDAQ,opend_us,True,
HNNAZ,HENNESSY ADVISORS INC 4.875% SENIOR NOTES DUE 31/12/2026,NASDAQ,opend_us,True,
HNRG,Hallador Energy,NASDAQ,opend_us,True,
HNST,The Honest,NASDAQ,opend_us,True,
HNVR,Hanover Bancorp,NASDAQ,opend_us,True,
HOFT,胡克家具,NASDAQ,opend_us,True,
HOG,哈雷戴维森,NYSE,opend_us,True,
HOLO,盟云全息,NASDAQ,opend_us,True,
HOMB,Home BancShares,NYSE,opend_us,True,
HON,霍尼韦尔,NASDAQ,opend_us,True,
HOOD,Robinhood,NASDAQ,opend_us,True,
HOPE,Hope Bancorp,NASDAQ,opend_us,True,
HOUR,Hour Loop,NASDAQ,opend_us,True,
HOV,霍夫纳尼安,NYSE,opend_us,True,
HOVNP,HOVNANIAN ENTERPRISES INC PRF STK SERIES 'A' USD25.00,NASDAQ,opend_us,True,
HOVR,New Horizon Aircraft,NASDAQ,opend_us,True,
HOWL,Werewolf Therapeutics,NASDAQ,opend_us,True,
HP,赫尔默里奇和佩恩材料,NYSE,opend_us,True,
HPAI,Helport AI,NASDAQ,opend_us,True,
HPE,慧与科技,NYSE,opend_us,True,
HPK,HighPeak Energy,NASDAQ,opend_us,True,
HPOT,一品鸡煲火锅,NASDAQ,opend_us,True,
HPP,Hudson Pacific Properties,NYSE,opend_us,True,
HPQ,惠普,NYSE,opend_us,True,
HQ,Horizon Quantum Holdings,NASDAQ,opend_us,True,
HQI,HireQuest,NASDAQ,opend_us,True,
HQY,HealthEquity,NASDAQ,opend_us,True,
HRB,H&R布洛克税务,NYSE,opend_us,True,
HRI,Herc Holdings,NYSE,opend_us,True,
HRL,荷美尔食品,NYSE,opend_us,True,
HRMY,Harmony Biosciences,NASDAQ,opend_us,True,
HROW,Harrow,NASDAQ,opend_us,True,
HRTG,Heritage Insurance,NYSE,opend_us,True,
HRTX,Heron Therapeutics,NASDAQ,opend_us,True,
HRZN,Horizon Technology Finance,NASDAQ,opend_us,True,
HSAI,禾赛,NASDAQ,opend_us,True,
HSBC,汇丰控股,NYSE,opend_us,True,
HSCS,HeartSciences,NASDAQ,opend_us,True,
HSDT,Solana,NASDAQ,opend_us,True,
HSHP,喜玛拉雅航运,NYSE,opend_us,True,
HSIC,汉瑞祥,NASDAQ,opend_us,True,
HSLV,Highlander Silver,AMEX,opend_us,True,
HSPT,Horizon Space Acquisition II Corp,NASDAQ,opend_us,True,
HSPTR,HORIZON SPACE ACQUISITION II CORP COM USD0.0001 30/03/2026(SUB/RIGHTS),NASDAQ,opend_us,True,
HSPTU,HORIZON SPACE ACQUISITION II CORP UNITS EXP 04/11/2029 (1 ORD & 1 RT),NASDAQ,opend_us,True,
HSTM,健康流科技,NASDAQ,opend_us,True,
HSY,好时,NYSE,opend_us,True,
HTB,HomeTrust Bancshares,NYSE,opend_us,True,
HTCO,海纳天成国际,NASDAQ,opend_us,True,
HTCR,HeartCore Enterprises,NASDAQ,opend_us,True,
HTFC,HORIZON TECHNOLOGY FINANCE CORP 6.25% NOTES DUE 15/06/2027 USD25,NYSE,opend_us,True,
HTFL,Heartflow,NASDAQ,opend_us,True,
HTGC,海格投资,NYSE,opend_us,True,
HTH,希尔托普控股,NYSE,opend_us,True,
HTHT,华住,NASDAQ,opend_us,True,
HTLD,哈特兰快递,NASDAQ,opend_us,True,
HTLFP,HEARTLAND FINANCIAL USA INC 7% DEP SHS REP 1/40 NON CUM PR PRF SR E,NASDAQ,opend_us,True,
HTLM,Homestolife,NASDAQ,opend_us,True,
HTO,H2O America,NASDAQ,opend_us,True,
HTOO,Fusion Fuel Green,NASDAQ,opend_us,True,
HTT,High Templar Tech,NYSE,opend_us,True,
HTZ,赫兹租车,NASDAQ,opend_us,True,
HUAK,HUAKE HOLDING BIOLOGY CO LTD,NASDAQ,opend_us,True,
HUBB,哈勃集团,NYSE,opend_us,True,
HUBC,HUB Cyber Security,NASDAQ,opend_us,True,
HUBG,Hub Group,NASDAQ,opend_us,True,
HUBS,HubSpot,NYSE,opend_us,True,
HUDA,Hudson Acquisition I Corp,NASDAQ,opend_us,True,
HUDAR,HUDSON ACQUISITION I CORP COM USD0.0001 (SUB/RGT),NASDAQ,opend_us,True,
HUDI,华迪国际,NASDAQ,opend_us,True,
HUHU,虎虎科技,NASDAQ,opend_us,True,
HUIZ,慧择,NASDAQ,opend_us,True,
HUM,哈门那,NYSE,opend_us,True,
HUMA,Humacyte,NASDAQ,opend_us,True,
HUN,亨斯迈,NYSE,opend_us,True,
HURA,TuHURA Biosciences,NASDAQ,opend_us,True,
HURC,赫克,NASDAQ,opend_us,True,
HURN,休伦咨询,NASDAQ,opend_us,True,
HUT,Hut 8,NASDAQ,opend_us,True,
HUYA,虎牙,NYSE,opend_us,True,
HVII,Hennessy Capital Investment Corp. VII,NASDAQ,opend_us,True,
HVIIR,HENNESSY CAPITAL INVESTMNT CORP VII COM USD0.0001 CL A(SUBS/RTS)17/01/2030,NASDAQ,opend_us,True,
HVIIU,HENNESSY CAPITAL INVESTMNT CORP VII UNIT 1 CL A ORD SHS & 1 RT,NASDAQ,opend_us,True,
HVMC,HIGHVIEW MERGER CORP,NASDAQ,opend_us,True,
HVMCU,HIGHVIEW MERGER CORP UNITS(1 ORD A & 1/2 WTS),NASDAQ,opend_us,True,
HVT,哈弗蒂家具,NYSE,opend_us,True,
HVT.A,哈弗蒂家具-A,NYSE,opend_us,True,
HWBK,Hawthorn Bancshares,NASDAQ,opend_us,True,
HWC,汉考克惠特尼,NASDAQ,opend_us,True,
HWCPZ,HANCOCK WHITNEY CORPORATION 6.25% SUBORDINATED NOTES DUE 15/06/2060,NASDAQ,opend_us,True,
HWEP,HW Electro,NASDAQ,opend_us,True,
HWH,HWH International,NASDAQ,opend_us,True,
HWKN,霍金斯材料,NASDAQ,opend_us,True,
HWM,Howmet Aerospace,NYSE,opend_us,True,
HXHX,昊鑫控股,NASDAQ,opend_us,True,
HXL,赫氏,NYSE,opend_us,True,
HY,Hyster-Yale,NYSE,opend_us,True,
HYFM,Hydrofarm,NASDAQ,opend_us,True,
HYFT,MindWalk,NASDAQ,opend_us,True,
HYGO,Hygo Energy Transition Ltd.,NASDAQ,opend_us,True,
HYLN,Hyliion,AMEX,opend_us,True,
HYMC,Hycroft Mining,NASDAQ,opend_us,True,
HYNE,Hoyne Bancorp,NASDAQ,opend_us,True,
HYPD,Hyperion DeFi,NASDAQ,opend_us,True,
HYPR,Hyperfine,NASDAQ,opend_us,True,
HZO,海上麦斯服务,NYSE,opend_us,True,
IACO,Idea Acquisition Corp,NASDAQ,opend_us,True,
IACOU,IDEA ACQUISITION CORPORATION UNIT CONST CL A ORD & 1/3 WT(06/01/2031),NASDAQ,opend_us,True,
IACQU,IRENIC ACQUISITION CORPORATION UNIT 1 ORD CL A & 1/3 WT(10/04/2031),NASDAQ,opend_us,True,
IAG,Iamgold,NYSE,opend_us,True,
IART,英特格拉生命科学,NASDAQ,opend_us,True,
IAUX,I-80 Gold,AMEX,opend_us,True,
IBAC,IB Acquisition Corp,NASDAQ,opend_us,True,
IBACR,IB ACQUISITION CORP. COM USD0.0001(S/R 28/09/2026),NASDAQ,opend_us,True,
IBCP,独立银行,NASDAQ,opend_us,True,
IBEX,IBEX Ltd,NASDAQ,opend_us,True,
IBG,Innovation Beverage Group,NASDAQ,opend_us,True,
IBIO,iBio Inc,NASDAQ,opend_us,True,
IBKR,盈透证券,NASDAQ,opend_us,True,
IBLUU,Blue Room Acquisition Corp.,NASDAQ,opend_us,True,
IBM,IBM Corp,NYSE,opend_us,True,
IBN,印度工业信贷投资银行,NYSE,opend_us,True,
IBO,Impact BioMedical,AMEX,opend_us,True,
IBOC,International Bancshares,NASDAQ,opend_us,True,
IBP,Installed Building Products,NYSE,opend_us,True,
IBRX,ImmunityBio,NASDAQ,opend_us,True,
IBTA,Ibotta,NYSE,opend_us,True,
ICCC,伊芙美尔医疗,NASDAQ,opend_us,True,
ICCM,Icecure Medical,NASDAQ,opend_us,True,
ICE,洲际交易所,NYSE,opend_us,True,
ICFI,ICF国际,NASDAQ,opend_us,True,
ICG,聪链集团,NASDAQ,opend_us,True,
ICHR,Ichor Holdings,NASDAQ,opend_us,True,
ICL,以色列化学,NYSE,opend_us,True,
ICLR,Icon PLC,NASDAQ,opend_us,True,
ICMB,Investcorp Credit Management BDC,NASDAQ,opend_us,True,
ICON,Icon Energy,NASDAQ,opend_us,True,
ICU,SeaStar Medical,NASDAQ,opend_us,True,
ICUI,ICU医疗,NASDAQ,opend_us,True,
IDA,Idacorp,NYSE,opend_us,True,
IDACU,IRON DOME ACQUISITION I CORPORATION UNIT 1 CL A & 1/2 WT(27/02/2031),NASDAQ,opend_us,True,
IDAI,T Stamp,NASDAQ,opend_us,True,
IDCC,InterDigital,NASDAQ,opend_us,True,
IDIAU,Innovative Digital Investors Acquisition Corp.,NASDAQ,opend_us,True,
IDN,Intellicheck,NASDAQ,opend_us,True,
IDR,Idaho Strategic Resources,AMEX,opend_us,True,
IDT,万威,NYSE,opend_us,True,
IDXX,爱德士,NASDAQ,opend_us,True,
IDYA,IDEAYA生物科学,NASDAQ,opend_us,True,
IE,Ivanhoe Electric,AMEX,opend_us,True,
IEAG,Infinite Eagle Acquisition Corp,NASDAQ,opend_us,True,
IEAGR,INFINITE EAGLE ACQUISITION CORP ORD USD0.0001 CL A(SUB/RTS 13/01/2031),NASDAQ,opend_us,True,
IEAGU,INFINITE EAGLE ACQUISITION CORP UNIT 1 CL A ORD & 1 RT(13/01/2031),NASDAQ,opend_us,True,
IEP,伊坎企业,NASDAQ,opend_us,True,
IESC,IES Holdings,NASDAQ,opend_us,True,
IEX,IDEX Corp,NYSE,opend_us,True,
IFBD,讯鸟软件,NASDAQ,opend_us,True,
IFF,国际香料香精,NYSE,opend_us,True,
IFFT,International Flav & Frag 6.00% Tangible Eqt Units,NYSE,opend_us,True,
IFIT,iFIT Health & Fitness,NASDAQ,opend_us,True,
IFRX,InflaRx,NASDAQ,opend_us,True,
IFS,Intercorp Financial Services,NYSE,opend_us,True,
IGAC,INVEST GREEN ACQUISITION CORPORATIO,NASDAQ,opend_us,True,
IGACR,INVEST GREEN ACQUISITION CORPORATIO ORD USD0.0001 (S/R)17/11/2030,NASDAQ,opend_us,True,
IGACU,INVEST GREEN ACQUISITION CORPORATIO UNIT (1 SHS CL A & 1 RT)04/11/2030,NASDAQ,opend_us,True,
IGC,IGC Pharma,AMEX,opend_us,True,
IGIC,International General Insurance,NASDAQ,opend_us,True,
IH,洪恩,NYSE,opend_us,True,
IHG,洲际酒店,NYSE,opend_us,True,
IHRT,iHeartMedia,NASDAQ,opend_us,True,
IHS,IHS Holding,NYSE,opend_us,True,
III,信息服务集团,NASDAQ,opend_us,True,
IIIN,Insteel Industries,NYSE,opend_us,True,
IIIV,i3 Verticals,NASDAQ,opend_us,True,
IKT,Inhibikase Therapeutics,NASDAQ,opend_us,True,
ILAG,Intelligent Living Application,NASDAQ,opend_us,True,
ILLR,Triller Group,NASDAQ,opend_us,True,
ILLU,ILLUMINATION ACQUISITION CORP I,NASDAQ,opend_us,True,
ILLUU,ILLUMINATION ACQUISITION CORP I UNIT 1 CL A & 1/3 WT(23/12/2031),NASDAQ,opend_us,True,
ILMN,Illumina,NASDAQ,opend_us,True,
IMA,ImageneBio,NASDAQ,opend_us,True,
IMAX,IMAX Corp,NYSE,opend_us,True,
IMBIL,IMEDIA BRANDS INC 8.5% SENIOR NOTES DUE 2026,NASDAQ,opend_us,True,
IMCC,IM Cannabis,NASDAQ,opend_us,True,
IMCR,Immunocore,NASDAQ,opend_us,True,
IMDX,Insight Molecular Diagnostics,NASDAQ,opend_us,True,
IMHC.W,IMPERALIS HOLDING CORP WARRANTS DIS,NYSE,opend_us,True,
IMKTA,安格莱斯市场,NASDAQ,opend_us,True,
IMMP,Immutep,NASDAQ,opend_us,True,
IMMR,浸入科技,NASDAQ,opend_us,True,
IMMX,Immix Biopharma,NASDAQ,opend_us,True,
IMNM,Immunome,NASDAQ,opend_us,True,
IMNN,Imunon,NASDAQ,opend_us,True,
IMO,帝国石油,AMEX,opend_us,True,
IMOS,南茂科技,NASDAQ,opend_us,True,
IMPP,Imperial Petroleum,NASDAQ,opend_us,True,
IMPPP,IMPERIAL PETROLEUM INC (MARSHALL IS 8.75% CUM RED PERP PFD A,NASDAQ,opend_us,True,
IMPTV,IMPERIAL PETROLEUM INC 8.75% CUM RED PERP PFD A (WI),NASDAQ,opend_us,True,
IMRN,Immuron,NASDAQ,opend_us,True,
IMRX,Immuneering,NASDAQ,opend_us,True,
IMSR,Terrestrial Energy,NASDAQ,opend_us,True,
IMTE,Integrated Media Technology,NASDAQ,opend_us,True,
IMTX,Immatics,NASDAQ,opend_us,True,
IMUX,Immunic,NASDAQ,opend_us,True,
IMVT,Immunovant,NASDAQ,opend_us,True,
IMXI,国际货币快递,NASDAQ,opend_us,True,
INAB,In8bio,NASDAQ,opend_us,True,
INAC,Indigo Acquisition,NASDAQ,opend_us,True,
INACR,INDIGO ACQUISITION CORP ORD USD0.0001 (SUBS/RTS)02/04/2027,NASDAQ,opend_us,True,
INACU,INDIGO ACQUISITION CORP UNIT (1 SHS & 1 RIGHT(01/07/2030,NASDAQ,opend_us,True,
INBK,First Internet Bancorp,NASDAQ,opend_us,True,
INBKL,First Internet Bancorp 6.0% Fixed-to-Floating Rate Subordinated Notes due 2026,NASDAQ,opend_us,True,
INBKZ,FIRST INTERNET BANCORP 6.0% SUB NT FXD FLTG DUE 30/06/2029,NASDAQ,opend_us,True,
INBS,Intelligent Bio Solutions,NASDAQ,opend_us,True,
INBX,Inhibrx Biosciences,NASDAQ,opend_us,True,
INCR,InterCure,NASDAQ,opend_us,True,
INCY,因塞特,NASDAQ,opend_us,True,
INDB,美国独立银行,NASDAQ,opend_us,True,
INDI,indie Semiconductor,NASDAQ,opend_us,True,
INDO,Indonesia Energy,AMEX,opend_us,True,
INDP,Indaptus Therapeutics,NASDAQ,opend_us,True,
INDV,Indivior,NASDAQ,opend_us,True,
INEO,INNEOVA Holdings,NASDAQ,opend_us,True,
INFQ,Infleqtion,NYSE,opend_us,True,
INFU,InfuSystems,AMEX,opend_us,True,
INFY,印孚瑟斯,NYSE,opend_us,True,
ING,荷兰国际集团,NYSE,opend_us,True,
INGM,英迈科技,NYSE,opend_us,True,
INGN,Inogen,NASDAQ,opend_us,True,
INGR,宜瑞安,NYSE,opend_us,True,
INHD,INNO Holdings,NASDAQ,opend_us,True,
INIO,INNIO N.V,NASDAQ,opend_us,True,
INKT,MiNK Therapeutics,NASDAQ,opend_us,True,
INLF,因立夫,NASDAQ,opend_us,True,
INLX,Intellinetics,AMEX,opend_us,True,
INM,InMed Pharmaceuticals,NASDAQ,opend_us,True,
INMB,INmune Bio,NASDAQ,opend_us,True,
INMD,InMode,NASDAQ,opend_us,True,
INNV,InnovAge Holding,NASDAQ,opend_us,True,
INO,伊诺维奥制药,NASDAQ,opend_us,True,
INOD,Innodata,NASDAQ,opend_us,True,
INR,Infinity Natural Resources,NYSE,opend_us,True,
INRX,Intrinsic Medicine,NASDAQ,opend_us,True,
INSE,Inspired Entertainment,NASDAQ,opend_us,True,
INSG,Inseego,NASDAQ,opend_us,True,
INSM,Insmed,NASDAQ,opend_us,True,
INSP,Inspire Medical Systems,NYSE,opend_us,True,
INSW,International Seaways,NYSE,opend_us,True,
INTA,Intapp,NASDAQ,opend_us,True,
INTC,英特尔,NASDAQ,opend_us,True,
INTG,The Intergroup,NASDAQ,opend_us,True,
INTJ,慧悦财经,NASDAQ,opend_us,True,
INTR,Inter & Co,NASDAQ,opend_us,True,
INTS,Intensity Therapeutics,NASDAQ,opend_us,True,
INTT,inTEST,AMEX,opend_us,True,
INTU,财捷,NASDAQ,opend_us,True,
INTZ,Intrusion,NASDAQ,opend_us,True,
INUV,Inuvo,AMEX,opend_us,True,
INV,Innventure,NASDAQ,opend_us,True,
INVA,Innoviva,NASDAQ,opend_us,True,
INVE,单片机微系统,NASDAQ,opend_us,True,
INVX,Innovex International,NYSE,opend_us,True,
INVZ,Innoviz Technologies,NASDAQ,opend_us,True,
IONQ,IonQ Inc,NYSE,opend_us,True,
IONR,ioneer,NASDAQ,opend_us,True,
IONS,Ionis Pharmaceuticals,NASDAQ,opend_us,True,
IOSP,英诺斯派材料,NASDAQ,opend_us,True,
IOT,Samsara,NYSE,opend_us,True,
IOTR,iOThree,NASDAQ,opend_us,True,
IOVA,Iovance Biotherapeutics,NASDAQ,opend_us,True,
IP,国际纸业,NYSE,opend_us,True,
IPAR,依特香水,NASDAQ,opend_us,True,
IPB,MERRILL LYNCH DEPOSITOR INC 6.0518% PRF 15/5/33 USD25,NYSE,opend_us,True,
IPCX,Inflection Point Acquisition Corp. III,NASDAQ,opend_us,True,
IPCXR,INFLECTION POINT ACQUISITION CORP COM USD0.0001(S/R 25/04/2030),NASDAQ,opend_us,True,
IPCXU,INFLECTION POINT ACQUISITION CORP UNITS (1 CL A &1/10 RT) 01/03/2027,NASDAQ,opend_us,True,
IPDN,Professional Diversity Network,NASDAQ,opend_us,True,
IPEX,Inflection Point Acquisition Corp. V,NASDAQ,opend_us,True,
IPEXR,INFLECTION POINT ACQUISITION CORP V COM USD0.0001 CL A (SUB/RIGHST),NASDAQ,opend_us,True,
IPEXU,INFLECTION POINT ACQUISITION CORP V UNIT 1 ORD SH CL A & 1 RT (23/01/2030),NASDAQ,opend_us,True,
IPFX,INFLECTION POINT ACQUIS CORP,NASDAQ,opend_us,True,
IPFXU,NFLECTION PT ACQUISITION CORP VI UNIT 1 CL A & 1/3 WT(03/03/2031),NASDAQ,opend_us,True,
IPGP,IPG光电,NASDAQ,opend_us,True,
IPHA,Innate Pharma,NASDAQ,opend_us,True,
IPI,Intrepid Potash,NYSE,opend_us,True,
IPLDP,Interstate Power & Light Company Perp Prd Ser D,NASDAQ,opend_us,True,
IPM,Intelligent Protection Managem,NASDAQ,opend_us,True,
IPSC,Century Therapeutics,NASDAQ,opend_us,True,
IPST,IP Strategy,NASDAQ,opend_us,True,
IPVU,InterPrivate Investment Partners V,NASDAQ,opend_us,True,
IPVVU,INTERPRIVATE INVESTMENT PARTNERS V UNIT EACH 1 ORD CL A & WT(27/05/2031),NASDAQ,opend_us,True,
IPW,iPower,NASDAQ,opend_us,True,
IPWR,Ideal Power,NASDAQ,opend_us,True,
IPX,IperionX,NASDAQ,opend_us,True,
IQ,爱奇艺,NASDAQ,opend_us,True,
IQST,iQSTEL,NASDAQ,opend_us,True,
IQV,艾昆纬,NYSE,opend_us,True,
IR,英格索兰,NYSE,opend_us,True,
IRAB,IRIS ACQUISITION CORP II,NYSE,opend_us,True,
IRABU,Iris Acquisition Corp. II,NYSE,opend_us,True,
IRD,Opus Genetics,NASDAQ,opend_us,True,
IRDM,铱星通讯,NASDAQ,opend_us,True,
IREN,IREN Ltd,NASDAQ,opend_us,True,
IRHO,IRON HORSE ACQUISITIONS II CORP,NASDAQ,opend_us,True,
IRHOR,IRON HORSE ACQUISITIONS II CORP COM USD.0001 (S/R 11/07/2030),NASDAQ,opend_us,True,
IRHOU,IRON HORSE ACQUISITIONS II CORP UNIT CONST 1 COM &1 RIGHT 11/07/2030,NASDAQ,opend_us,True,
IRIX,艾里德克斯,NASDAQ,opend_us,True,
IRMD,IRadimed,NASDAQ,opend_us,True,
IRON,Disc Medicine,NASDAQ,opend_us,True,
IRS,IRSA Inversiones y Representaciones,NYSE,opend_us,True,
IRTC,iRhythm Technologies,NASDAQ,opend_us,True,
IRWD,Ironwood医药,NASDAQ,opend_us,True,
ISBA,Isabella Bank,NASDAQ,opend_us,True,
ISOU,IsoEnergy,AMEX,opend_us,True,
ISPC,iSpecimen,NASDAQ,opend_us,True,
ISPR,雾麻科技,NASDAQ,opend_us,True,
ISRG,直觉外科公司,NASDAQ,opend_us,True,
ISSC,创新软件,NASDAQ,opend_us,True,
ISTR,Investar Holding,NASDAQ,opend_us,True,
IT,加特纳,NYSE,opend_us,True,
ITGR,Integer Holdings,NYSE,opend_us,True,
ITHA,ITHAX ACQUISITION CORP III,NASDAQ,opend_us,True,
ITHAU,ITHAX ACQUISITION CORP III UNIT (CONS SHS CL A & 1/2 WT(17/11/2030),NASDAQ,opend_us,True,
ITIC,投资者不动产,NASDAQ,opend_us,True,
ITOC,iTonic,NASDAQ,opend_us,True,
ITP,互联网科技包装,AMEX,opend_us,True,
ITRG,Integra Resources,AMEX,opend_us,True,
ITRI,伊管,NASDAQ,opend_us,True,
ITRN,Ituran定位和控制,NASDAQ,opend_us,True,
ITT,ITT Inc,NYSE,opend_us,True,
ITUB,Itaú巴西联合银行,NYSE,opend_us,True,
ITW,伊利诺伊机械,NYSE,opend_us,True,
IVA,Inventiva,NASDAQ,opend_us,True,
IVDA,Iveda Solutions,NASDAQ,opend_us,True,
IVF,INVO Fertility,NASDAQ,opend_us,True,
IVVD,Invivyd,NASDAQ,opend_us,True,
IVZ,景顺,NYSE,opend_us,True,
IX,欧力士,NYSE,opend_us,True,
IXHL,Incannex Healthcare,NASDAQ,opend_us,True,
IZEA,IZEA Worldwide,NASDAQ,opend_us,True,
IZM,拍明芯城,NASDAQ,opend_us,True,
J,雅各布工程,NYSE,opend_us,True,
JAAC,Just Another Acquisition Corp,NASDAQ,opend_us,True,
JACK,Jack in the Box,NASDAQ,opend_us,True,
JACS,Jackson Acquisition Company II,NYSE,opend_us,True,
JAGU,Jaguar Uranium,AMEX,opend_us,True,
JAGX,Jaguar Health,NASDAQ,opend_us,True,
JAKK,杰克仕太平洋,NASDAQ,opend_us,True,
JAN,Janus Living,NYSE,opend_us,True,
JANX,Janux Therapeutics,NASDAQ,opend_us,True,
JATT,JATT II ACQUISITION CORPORATION,NASDAQ,opend_us,True,
JAZZ,爵士制药,NASDAQ,opend_us,True,
JBDI,JBDI Holdings,NASDAQ,opend_us,True,
JBHT,JB亨特运输服务,NASDAQ,opend_us,True,
JBI,Janus International,NYSE,opend_us,True,
JBIO,Jade Biosciences,NASDAQ,opend_us,True,
JBK,CORPORATE BACKED TRUST CERTIFICATES 3.5% PRF 15/02/34 USD25 CL'A-1''2004-6',NYSE,opend_us,True,
JBL,捷普科技,NYSE,opend_us,True,
JBLU,捷蓝航空,NASDAQ,opend_us,True,
JBS,JBS N.V,NYSE,opend_us,True,
JBSS,John B. Sanfilippo & Son,NASDAQ,opend_us,True,
JBTM,约翰宾技术,NYSE,opend_us,True,
JCAP,Jefferson Capital Inc,NASDAQ,opend_us,True,
JCI,江森自控,NYSE,opend_us,True,
JCSE,佳益净科控股,NASDAQ,opend_us,True,
JCTC,朱伊特卡梅伦贸易,NASDAQ,opend_us,True,
JD,京东,NASDAQ,opend_us,True,
JDZG,课标科技,NASDAQ,opend_us,True,
JEF,杰富瑞,NYSE,opend_us,True,
JELD,JELD-WEN Holding,NYSE,opend_us,True,
JEM,707 Cayman Holdings,NASDAQ,opend_us,True,
JENA,Jena Acquisition Corporation II,NYSE,opend_us,True,
JENAU,Jena Acquisition Corp. II,NYSE,opend_us,True,
JF,J and Friends Holdings,NASDAQ,opend_us,True,
JFB,JFB Construction Holdings,NASDAQ,opend_us,True,
JFIN,嘉银科技,NASDAQ,opend_us,True,
JFU,玖富,NASDAQ,opend_us,True,
JG,极光,NASDAQ,opend_us,True,
JHG,骏利亨德森集团,NYSE,opend_us,True,
JHX,詹姆斯哈迪,NYSE,opend_us,True,
JIA,天鹅到家,NYSE,opend_us,True,
JILL,J.Jill,NYSE,opend_us,True,
JJSF,JJSF食品,NASDAQ,opend_us,True,
JKHY,杰克亨利,NASDAQ,opend_us,True,
JKS,晶科能源,NYSE,opend_us,True,
JL,即亮集团,NASDAQ,opend_us,True,
JLHL,巨龙在线,NASDAQ,opend_us,True,
JLL,仲量联行,NYSE,opend_us,True,
JMG,JM Group Ltd,AMEX,opend_us,True,
JMIA,Jumia Technologies,NYSE,opend_us,True,
JMPNL,JMP GROUP INC 7.25% SR NOTES 15/11/2027 USD25,NASDAQ,opend_us,True,
JMPNZ,JMP GROUP LLC 6.875% SENIOR NOTES DUE 30/09/2029 USD25,NASDAQ,opend_us,True,
JMSB,John Marshall Bancorp,NASDAQ,opend_us,True,
JNJ,强生,NYSE,opend_us,True,
JOB,GEE Group,AMEX,opend_us,True,
JOBY,Joby Aviation,NYSE,opend_us,True,
JOE,圣乔,NYSE,opend_us,True,
JOUT,约翰逊户外,NASDAQ,opend_us,True,
JOYY,欢聚,NASDAQ,opend_us,True,
JPM,摩根大通,NYSE,opend_us,True,
JRSH,Jerash Holdings,NASDAQ,opend_us,True,
JRVR,James River,NASDAQ,opend_us,True,
JSM,NAVIENT CORP 6% SNR NTS 15/12/43 USD25,NASDAQ,opend_us,True,
JSPR,Jasper Therapeutics,NASDAQ,opend_us,True,
JTAI,Jet.AI,NASDAQ,opend_us,True,
JUNS,Jupiter Neurosciences,NASDAQ,opend_us,True,
JVA,Coffee Holding,NASDAQ,opend_us,True,
JW,Justworks,NASDAQ,opend_us,True,
JWEL,聚好商城,NASDAQ,opend_us,True,
JXG,金铉集团,NASDAQ,opend_us,True,
JXN,Jackson Financial,NYSE,opend_us,True,
JXNFL,JACKSON FINANCIAL INC DEP SHS EACH RP 1/1000 INT NON CUM PFD A,NYSE,opend_us,True,
JYD,佳裕达物流,NASDAQ,opend_us,True,
JYNT,The Joint,NASDAQ,opend_us,True,
JZ,见知教育,NASDAQ,opend_us,True,
JZXN,九紫新能,NASDAQ,opend_us,True,
KAI,凯登纸业,NYSE,opend_us,True,
KALA,KALA BIO,NASDAQ,opend_us,True,
KALU,凯撒铝业,NASDAQ,opend_us,True,
KALV,KalVista Pharmaceuticals,NASDAQ,opend_us,True,
KAPA,Kairos Pharma,AMEX,opend_us,True,
KARO,Karooooo,NASDAQ,opend_us,True,
KB,韩国国民银行,NYSE,opend_us,True,
KBAL,Kimball International,NASDAQ,opend_us,True,
KBH,KB Home,NYSE,opend_us,True,
KBON,Karbon Capital Partners Corp,NASDAQ,opend_us,True,
KBONU,KARBON CAP PTNRS CORP UNIT( 1 CL A SHS & 1/4 WT EXP(11/12/2030,NASDAQ,opend_us,True,
KBR,KBR科技,NYSE,opend_us,True,
KBSX,FST Corp,NASDAQ,opend_us,True,
KC,金山云,NASDAQ,opend_us,True,
KCAPL,Portman Ridge Finance Corporation 6.125% Notes Due 30/09/2022,NASDAQ,opend_us,True,
KCHV,Kochav Defense Acquisition Corp,NASDAQ,opend_us,True,
KCHVR,KOCHAV DEFENSE ACQUISITION CORP. COM USD0.0001(S/R 21/05/2030),NASDAQ,opend_us,True,
KCHVU,KOCHAV DEFENSE ACQUISITION CORP. UNITS 1 ORD A & 1 RT(21/05/2030),NASDAQ,opend_us,True,
KD,Kyndryl,NYSE,opend_us,True,
KDC,Knowlton Development,NYSE,opend_us,True,
KDK,Kodiak AI,NASDAQ,opend_us,True,
KDP,Keurig Dr Pepper,NASDAQ,opend_us,True,
KE,Kimball Electronics,NASDAQ,opend_us,True,
KEEL,Keel Infrastructure,NASDAQ,opend_us,True,
KELYA,凯利服务-A,NASDAQ,opend_us,True,
KELYB,凯利服务-B,NASDAQ,opend_us,True,
KEN,Kenon,NYSE,opend_us,True,
KEP,韩国电力,NYSE,opend_us,True,
KEQU,基瓦尼科技,NASDAQ,opend_us,True,
KEX,卡比海运,NYSE,opend_us,True,
KEY,KeyCorp,NYSE,opend_us,True,
KEYS,Keysight Technologies,NYSE,opend_us,True,
KEYYU,KEYSTONE ACQUISITION CORP UNIT 1 ORD SH & 1/2 WT EXP(28/05/2031),NASDAQ,opend_us,True,
KFFB,肯塔基第一银行,NASDAQ,opend_us,True,
KFII,K&F Growth Acquisition Corp. II,NASDAQ,opend_us,True,
KFIIR,K&F GROWTH ACQUISITION CORP II COM USD0.0001 CL A 29/08/2031 (SUBS/RTS),NASDAQ,opend_us,True,
KFIIU,K&F GROWTH ACQUISITION CORP II UNIT 1 ORD SHS CL A & 1 RT,NASDAQ,opend_us,True,
KFRC,K力,NYSE,opend_us,True,
KFY,光辉国际咨询顾问,NYSE,opend_us,True,
KG,Kestrel,NASDAQ,opend_us,True,
KGC,金罗斯黄金,NYSE,opend_us,True,
KGEI,Kolibri Global Energy,NASDAQ,opend_us,True,
KGS,Kodiak Gas Services,NYSE,opend_us,True,
KHC,卡夫亨氏,NASDAQ,opend_us,True,
KIDS,OrthoPediatrics,NASDAQ,opend_us,True,
KIDZ,KIDZ AI,NASDAQ,opend_us,True,
KINS,金石保险,NASDAQ,opend_us,True,
KITT,Nauticus Robotics,NASDAQ,opend_us,True,
KKR,KKR & Co,NYSE,opend_us,True,
KKRS,KKR GROUP FIN CO IX LLC 4.625% SUB NOTES DUE 01/04/2061,NYSE,opend_us,True,
KKRT,KKR & CO INC 6.875% NOTES DUE 01/06/2065 USD25,NYSE,opend_us,True,
KLAC,科磊,NASDAQ,opend_us,True,
KLAR,Klarna Group,NYSE,opend_us,True,
KLC,KinderCare Learning Companies,NYSE,opend_us,True,
KLIC,库力索法半导体,NASDAQ,opend_us,True,
KLRA,Kailera Therapeutics,NASDAQ,opend_us,True,
KLRS,Kalaris Therapeutics,NASDAQ,opend_us,True,
KLTR,Kaltura,NASDAQ,opend_us,True,
KLXE,Klx Energy Services,NASDAQ,opend_us,True,
KMB,金佰利,NASDAQ,opend_us,True,
KMCM,Key Mining,AMEX,opend_us,True,
KMDA,Kamada,NASDAQ,opend_us,True,
KMI,金德尔摩根,NYSE,opend_us,True,
KMPB,KEMPER CORP 5.875%FXD RATE REST JUNR SUBORD DEB 2062,NYSE,opend_us,True,
KMPR,Kemper,NYSE,opend_us,True,
KMRK,K-Tech Solutions,NASDAQ,opend_us,True,
KMT,肯纳金属,NYSE,opend_us,True,
KMTS,Kestra Medical Technologies,NASDAQ,opend_us,True,
KMX,车美仕,NYSE,opend_us,True,
KN,Knowles,NYSE,opend_us,True,
KNDI,康迪科技,NASDAQ,opend_us,True,
KNF,Knife River,NYSE,opend_us,True,
KNOP,KNOT Offshore,NYSE,opend_us,True,
KNRX,Knorex,AMEX,opend_us,True,
KNSA,Kiniksa Pharmaceuticals International,NASDAQ,opend_us,True,
KNSL,Kinsale Capital,NYSE,opend_us,True,
KNTK,Kinetik Holdings,NYSE,opend_us,True,
KNX,Knight-Swift Transportation,NYSE,opend_us,True,
KO,可口可乐,NYSE,opend_us,True,
KOD,Kodiak Sciences,NASDAQ,opend_us,True,
KODK,柯达,NYSE,opend_us,True,
KOF,可口可乐凡萨瓶装,NYSE,opend_us,True,
KOKO,Kokobots,NASDAQ,opend_us,True,
KOP,科佩斯控股,NYSE,opend_us,True,
KOPN,高平电子,NASDAQ,opend_us,True,
KORE,KORE Group,NYSE,opend_us,True,
KOS,Kosmos Energy,NYSE,opend_us,True,
KOSS,高斯电子,NASDAQ,opend_us,True,
KOXXU,Kochav Defense Acquisition Corp.,NASDAQ,opend_us,True,
KOYN,"CSLM Digital Asset Acquisition Corp III, Ltd",NASDAQ,opend_us,True,
KOYNU,CSLM DIGITAL ASSET ACQUISITION CORP UNIT 1 CL A  & 1/2 RED WT(12/08/2030),NASDAQ,opend_us,True,
KPET,KPET Ultra Paceline Corporation,NYSE,opend_us,True,
KPETU,KPET Ultra Paceline Corp,NYSE,opend_us,True,
KPLT,Katapult,NASDAQ,opend_us,True,
KPRX,Kiora Pharmaceuticals,NASDAQ,opend_us,True,
KPTI,Karyopharm Therapeutics,NASDAQ,opend_us,True,
KR,克罗格,NYSE,opend_us,True,
KRAQ,KRAKacquisition Corp,NASDAQ,opend_us,True,
KRAQU,KRAKACQUISITION CORPORATION UNITS CONS 1 SHS A & 1/4 WT(23/12/2030),NASDAQ,opend_us,True,
KRKR,36氪,NASDAQ,opend_us,True,
KRMD,KORU Medical Systems,NASDAQ,opend_us,True,
KRMN,Karman Holdings,NYSE,opend_us,True,
KRNT,Kornit Digital,NASDAQ,opend_us,True,
KRNY,卡尼金融储蓄,NASDAQ,opend_us,True,
KRO,康诺斯全球,NYSE,opend_us,True,
KROS,Keros Therapeutics,NASDAQ,opend_us,True,
KRP,Kimbell Royalty,NYSE,opend_us,True,
KRRO,Korro Bio,NASDAQ,opend_us,True,
KRSP,Rice Acquisition Corporation 3,NYSE,opend_us,True,
KRT,Karat Packaging,NASDAQ,opend_us,True,
KRUS,Kura Sushi USA,NASDAQ,opend_us,True,
KRYS,Krystal Biotech,NASDAQ,opend_us,True,
KSCP,Knightscope,NASDAQ,opend_us,True,
KSPI,Kaspi.kz,NASDAQ,opend_us,True,
KSS,柯尔百货,NYSE,opend_us,True,
KT,韩国电信,NYSE,opend_us,True,
KTB,Kontoor Brands,NYSE,opend_us,True,
KTCC,Key Tronic,NASDAQ,opend_us,True,
KTH,CORTS TR PECO ENERGY CAP TR III 8% PRF 6/4/2028 USD25,NYSE,opend_us,True,
KTN,CREDIT ENHANCED CORTS TRUST 8.2050% PREF PERPETUAL USD25,NYSE,opend_us,True,
KTOS,克瑞拓斯安全防卫,NASDAQ,opend_us,True,
KTTA,Pasithea Therapeutics,NASDAQ,opend_us,True,
KTWO,K2 Capital Acquisition Corporation,NASDAQ,opend_us,True,
KTWOR,K2 CAP ACQUISITION CORP COM USD0.0001(S/R 30/07/2027),NASDAQ,opend_us,True,
KTWOU,K2 Capital Acquisition Corp,NASDAQ,opend_us,True,
KULR,KULR Technology,AMEX,opend_us,True,
KURA,Kura Oncology,NASDAQ,opend_us,True,
KUST,Kustom Entertainment,NASDAQ,opend_us,True,
KVAC,Keen Vision Acquisition Corporation,NASDAQ,opend_us,True,
KVACU,KEEN VISION ACQUISITION CORPORATION UNIT 1 ORD & 1 WT EXP,NASDAQ,opend_us,True,
KVHI,KVH通信,NASDAQ,opend_us,True,
KVSD,Khosla Ventures Acquisition Co IV,NASDAQ,opend_us,True,
KVUE,Kenvue,NYSE,opend_us,True,
KVYO,Klaviyo,NYSE,opend_us,True,
KW,Kennedy-Wilson,NYSE,opend_us,True,
KWM,K Wave Media,NASDAQ,opend_us,True,
KWR,Quaker Houghton,NYSE,opend_us,True,
KWY,汇富金融服务,NYSE,opend_us,True,
KXIN,开心汽车,NASDAQ,opend_us,True,
KYIV,Kyivstar Group,NASDAQ,opend_us,True,
KYMR,Kymera Therapeutics,NASDAQ,opend_us,True,
KYNB,Kyntra Bio,NASDAQ,opend_us,True,
KYTX,Kyverna Therapeutics,NASDAQ,opend_us,True,
KZIA,Kazia Therapeutics,NASDAQ,opend_us,True,
KZR.CVR,CONTRA: KEZAR LIFE SCIENCES INC- CVR,NYSE,opend_us,True,
L,洛斯公司,NYSE,opend_us,True,
LAAC.WI,LITHIUM AMERICAS ARGENTINA CORP,NYSE,opend_us,True,
LAB,Standard BioTools,NASDAQ,opend_us,True,
LABT,Lakewood-Amedex Biotherapeutics,NASDAQ,opend_us,True,
LAC,Lithium Americas,NYSE,opend_us,True,
LAC.WI,LITHIUM AMERICAS CORP,NYSE,opend_us,True,
LAD,利西亚车行,NYSE,opend_us,True,
LAES,SEALSQ Corp,NASDAQ,opend_us,True,
LAFA,LaFayette Acquisition Corp,NASDAQ,opend_us,True,
LAFAR,LAFAYETTE ACQUISITION CORP ORD USD0.0001(S/R)24/10/2030,NASDAQ,opend_us,True,
LAFAU,LaFayette Acquisition Corp,NASDAQ,opend_us,True,
LAKE,雷克兰医疗工业,NASDAQ,opend_us,True,
LANDO,GLADSTONE LAND CORP 6.00% CUM REDEEMABLE PFD STK SER B,NASDAQ,opend_us,True,
LANDP,GLADSTONE LAND CORP 6% CUM RED PFD SER C,NASDAQ,opend_us,True,
LANV,复朗集团,NYSE,opend_us,True,
LAR,Lithium Argentina AG,NYSE,opend_us,True,
LARK,兰德马克银行,NASDAQ,opend_us,True,
LASE,Laser Photonics,NASDAQ,opend_us,True,
LASR,nLIGHT,NASDAQ,opend_us,True,
LATA,GALATA ACQUISITION CORP II,NASDAQ,opend_us,True,
LATAU,GALATA ACQUISITION CORP II UNITS 1 ORD CL A & 1/3 WT EXP 12/09/2030,NASDAQ,opend_us,True,
LAUR,Laureate Education,NASDAQ,opend_us,True,
LAW,CS Disco,NYSE,opend_us,True,
LAWR,Robot Consulting,NASDAQ,opend_us,True,
LAZ,Lazard,NYSE,opend_us,True,
LB,LandBridge,NYSE,opend_us,True,
LBGJ,利邦厨具,NASDAQ,opend_us,True,
LBRDA,Liberty Broadband-A,NASDAQ,opend_us,True,
LBRDK,Liberty Broadband-C,NASDAQ,opend_us,True,
LBRDP,LIBERTY BROADBAND CORP CUMULATIVE REDEEMABLE PFD SER A,NASDAQ,opend_us,True,
LBRJ,Libera Gaming Operations,NASDAQ,opend_us,True,
LBRT,Liberty Energy,NYSE,opend_us,True,
LBRX,LB Pharmaceuticals,NASDAQ,opend_us,True,
LBTYA,自由全球-A,NASDAQ,opend_us,True,
LBTYB,自由全球-B,NASDAQ,opend_us,True,
LBTYK,自由全球-C,NASDAQ,opend_us,True,
LC,LendingClub,NYSE,opend_us,True,
LCCC,Lakeshore Acquisition III Corp,NASDAQ,opend_us,True,
LCCCR,LAKESHORE ACQUISITION III CORP. COM USD0.0001(S/R 01/08/26),NASDAQ,opend_us,True,
LCCCU,LAKESHORE ACQUISITION III CORP. UNIT 1 ORD SHS & 1 RIGHT,NASDAQ,opend_us,True,
LCFY,Locafy,NASDAQ,opend_us,True,
LCID,Lucid Group,NASDAQ,opend_us,True,
LCII,LCI Industries,NYSE,opend_us,True,
LCLN,Lincoln International,NYSE,opend_us,True,
LCNB,LCNB Corp.,NASDAQ,opend_us,True,
LCTX,Lineage Cell Therapeutics,AMEX,opend_us,True,
LCUT,生活时光品牌家具,NASDAQ,opend_us,True,
LDI,loanDepot,NYSE,opend_us,True,
LDOC,零氪科技,NASDAQ,opend_us,True,
LDOS,Leidos,NYSE,opend_us,True,
LE,Lands'End,NASDAQ,opend_us,True,
LEA,李尔,NYSE,opend_us,True,
LEC,Lafayette Energy,NASDAQ,opend_us,True,
LECO,林肯电气,NASDAQ,opend_us,True,
LEDS,旭明光电,NASDAQ,opend_us,True,
LEE,李氏企业,NASDAQ,opend_us,True,
LEG,礼恩派,NYSE,opend_us,True,
LEGH,Legacy Housing,NASDAQ,opend_us,True,
LEGN,传奇生物,NASDAQ,opend_us,True,
LEGO,LEGATO MRG CORP IV,AMEX,opend_us,True,
LEGOU,Legato Merger Corp. IV,NYSE,opend_us,True,
LEGT,Legato Merger Corp. III,AMEX,opend_us,True,
LEN,莱纳建筑,NYSE,opend_us,True,
LEN.B,莱纳建筑-B,NYSE,opend_us,True,
LENZ,LENZ Therapeutics,NASDAQ,opend_us,True,
LESL,Leslie's,NASDAQ,opend_us,True,
LEU,Centrus Energy,NYSE,opend_us,True,
LEVI,李维斯,NYSE,opend_us,True,
LEVLP,LEVEL ONE BANCORP INC 7.50% DEP SHS REP 1/100TH PR PFD SER B,NASDAQ,opend_us,True,
LEWY,LeeWay Services,NASDAQ,opend_us,True,
LEXX,Lexaria Bioscience,NASDAQ,opend_us,True,
LFAC,Leapfrog Acquisition Corp,NASDAQ,opend_us,True,
LFACU,LEAPFROG ACQUISITION CORP. UNIT(1 CL A  SHS & 1/2 RED WT)10/11/2030,NASDAQ,opend_us,True,
LFCR,Lifecore Biomedical,NASDAQ,opend_us,True,
LFMD,LifeMD,NASDAQ,opend_us,True,
LFMDP,LIFEMD INC PFD SER A 8.875%,NASDAQ,opend_us,True,
LFS,LEIFRAS Co,NASDAQ,opend_us,True,
LFST,LifeStance Health,NASDAQ,opend_us,True,
LFTO,Liftoff Mobile,NASDAQ,opend_us,True,
LFUS,美国力特保险丝,NASDAQ,opend_us,True,
LFVN,Lifevantage,NASDAQ,opend_us,True,
LFWD,Lifeward,NASDAQ,opend_us,True,
LGCL,罗科仕,NASDAQ,opend_us,True,
LGCY,Legacy Education,AMEX,opend_us,True,
LGHL,狮子集团控股,NASDAQ,opend_us,True,
LGIH,LGI Homes,NASDAQ,opend_us,True,
LGL,LGL Group,AMEX,opend_us,True,
LGN,Legence,NASDAQ,opend_us,True,
LGND,Ligand Pharmaceuticals,NASDAQ,opend_us,True,
LGO,Largo Resources,NASDAQ,opend_us,True,
LGPS,LogProStyle,AMEX,opend_us,True,
LGVN,Longeveron,NASDAQ,opend_us,True,
LH,徕博科,NYSE,opend_us,True,
LHAI,Linkhome,NASDAQ,opend_us,True,
LHSW,Lianhe Sowell International,NASDAQ,opend_us,True,
LHX,L3Harris Technologies,NYSE,opend_us,True,
LI,理想汽车,NASDAQ,opend_us,True,
LICN,Lichen International,NASDAQ,opend_us,True,
LIDR,AEye,NASDAQ,opend_us,True,
LIEN,Chicago Atlantic BDC,NASDAQ,opend_us,True,
LIF,Life360,NASDAQ,opend_us,True,
LIFE,Ethos Technologies,NASDAQ,opend_us,True,
LII,雷诺士,NYSE,opend_us,True,
LILA,Liberty Latin America-A,NASDAQ,opend_us,True,
LILAK,Liberty Latin America-C,NASDAQ,opend_us,True,
LILAV,LIBERTY LATIN AMERICA LTD,NASDAQ,opend_us,True,
LILKV,LIBERTY LATIN AMERICA LTD,NASDAQ,opend_us,True,
LILPV,LIBERTY LATIN AMERICA LTD 9.0% CUM PERP RED SER A PREF SHS WI,NASDAQ,opend_us,True,
LIMN,Liminatus Pharma,NASDAQ,opend_us,True,
LIN,林德气体,NASDAQ,opend_us,True,
LINC,林肯教育服务,NASDAQ,opend_us,True,
LIND,Lindblad Expeditions,NASDAQ,opend_us,True,
LINE,Lineage,NASDAQ,opend_us,True,
LINK,Interlink Electronics,NASDAQ,opend_us,True,
LION,Lionsgate Studios,NYSE,opend_us,True,
LIQT,LiqTech International,NASDAQ,opend_us,True,
LITB,兰亭集势,NYSE,opend_us,True,
LITE,Lumentum,NASDAQ,opend_us,True,
LITS,Lite Strategy,NASDAQ,opend_us,True,
LIVE,Live Ventures,NASDAQ,opend_us,True,
LIVN,LivaNova,NASDAQ,opend_us,True,
LIXT,Lixte Biotechnology,NASDAQ,opend_us,True,
LKFN,莱克兰金融,NASDAQ,opend_us,True,
LKFT,Lakefront Biotherapeutics,NASDAQ,opend_us,True,
LKQ,LKQ Corp,NASDAQ,opend_us,True,
LKSP,Lake Superior Acquisition Corp,NASDAQ,opend_us,True,
LKSPR,LAKE SUPERIOR ACQUISITION CORP COM NPV(S/R 19/09/2030),NASDAQ,opend_us,True,
LKSPU,LAKE SUPERIOR ACQUISITION CORP UNITS 1 CL A & 1/7 RT 19/09/2030,NASDAQ,opend_us,True,
LLY,礼来,NYSE,opend_us,True,
LLYVA,Liberty Live-A,NASDAQ,opend_us,True,
LLYVK,Liberty Live-C,NASDAQ,opend_us,True,
LMAT,勒梅特微管医疗,NASDAQ,opend_us,True,
LMB,Limbach,NASDAQ,opend_us,True,
LMFA,Lm Funding America,NASDAQ,opend_us,True,
LMND,Lemonade,NYSE,opend_us,True,
LMNR,Limoneira,NASDAQ,opend_us,True,
LMRI,Lumexa Imaging,NASDAQ,opend_us,True,
LMRKN,Landmark Infrastructure SR C Preferred Units,NASDAQ,opend_us,True,
LMRKO,Landmark Infrastructure 7.90% SR B Preferred Units,NASDAQ,opend_us,True,
LMRKP,Landmark Infrastructure Partners LP 8.00% Series A Cumulative Redeemable Perpetual Preferred Units,NASDAQ,opend_us,True,
LMT,洛克希德马丁,NYSE,opend_us,True,
LNAI,Lunai Bioworks,NASDAQ,opend_us,True,
LNC,林肯国民,NYSE,opend_us,True,
LND,BrasilAgro,NYSE,opend_us,True,
LNG,Cheniere Energy,NYSE,opend_us,True,
LNKS,Linkers Industries,NASDAQ,opend_us,True,
LNN,Lindsay,NYSE,opend_us,True,
LNSR,LENSAR,NASDAQ,opend_us,True,
LNT,美国联合能源,NASDAQ,opend_us,True,
LNTH,Lantheus,NASDAQ,opend_us,True,
LNZA,LanzaTech Global,NASDAQ,opend_us,True,
LOAR,Loar Holdings,NYSE,opend_us,True,
LOB,Live Oak Bancshares,NYSE,opend_us,True,
LOBO,萝贝科技,NASDAQ,opend_us,True,
LOCL,Local Bounti,NYSE,opend_us,True,
LOCO,El Pollo Loco,NASDAQ,opend_us,True,
LODE,Comstock Inc,AMEX,opend_us,True,
LOGI,罗技,NASDAQ,opend_us,True,
LOKV,Live Oak Acquisition Corp. V,NASDAQ,opend_us,True,
LOKVU,Live Oak Acquisition Corp. V,NASDAQ,opend_us,True,
LOMA,Loma Negra,NYSE,opend_us,True,
LONA,LeonaBio,NASDAQ,opend_us,True,
LOOP,Loop Industries,NASDAQ,opend_us,True,
LOPE,大峡谷教育,NASDAQ,opend_us,True,
LOT,路特斯,NASDAQ,opend_us,True,
LOVE,The Lovesac,NASDAQ,opend_us,True,
LOW,劳氏,NYSE,opend_us,True,
LPA,Logistic Properties Of The Americas,AMEX,opend_us,True,
LPAA,Launch One Acquisition Corp,NASDAQ,opend_us,True,
LPAAU,LAUNCH ONE ACQUISITION CORP UNIT (1 CL A ORD SHS & 1/2 RED WT),NASDAQ,opend_us,True,
LPAUU,Launch One Acquisition Corp.,NASDAQ,opend_us,True,
LPBB,Launch Two Acquisition Corp,NASDAQ,opend_us,True,
LPBBU,LAUNCH TWO ACQUISITION CORP UNITS(1 CL A ORD SHS & 1/2 WT),NASDAQ,opend_us,True,
LPCN,Lipocine,NASDAQ,opend_us,True,
LPCV,LAUNCHPAD CADENZA ACQUISITION CORP,NASDAQ,opend_us,True,
LPCVU,LAUNCHPAD CADENZA ACQUISITION CORP UNIT( 1 CL A ORD SHS & 1/3 WT)15/12/2030,NASDAQ,opend_us,True,
LPG,Dorian LPG,NYSE,opend_us,True,
LPL,LG Display,NYSE,opend_us,True,
LPLA,LPL Financial,NASDAQ,opend_us,True,
LPRO,Open Lending,NASDAQ,opend_us,True,
LPSN,LivePerson,NASDAQ,opend_us,True,
LPTH,LightPath Technologies,NASDAQ,opend_us,True,
LPX,Louisiana-Pacific,NYSE,opend_us,True,
LQDA,Liquidia,NASDAQ,opend_us,True,
LQDT,Liquidity Services,NASDAQ,opend_us,True,
LRCX,泛林集团,NASDAQ,opend_us,True,
LRE,Lead Real Estate,NASDAQ,opend_us,True,
LRHC,La Rosa Holdings,NASDAQ,opend_us,True,
LRMR,Larimar Therapeutics,NASDAQ,opend_us,True,
LRN,Stride,NYSE,opend_us,True,
LRTX,Lirum Therapeutics,NASDAQ,opend_us,True,
LSAK,Lesaka Technologies,NASDAQ,opend_us,True,
LSBK,莱克肖尔万通金控,NASDAQ,opend_us,True,
LSCC,莱迪思半导体,NASDAQ,opend_us,True,
LSE,Leishen Energy,NASDAQ,opend_us,True,
LSF,Laird Superfood,AMEX,opend_us,True,
LSH,Lakeside Holding,NASDAQ,opend_us,True,
LSPD,Lightspeed POS,NYSE,opend_us,True,
LSTA,Lisata Therapeutics,NASDAQ,opend_us,True,
LSTR,莱帝运输,NASDAQ,opend_us,True,
LTBR,Lightbridge,NASDAQ,opend_us,True,
LTGRU,Long Table Growth Corp,NASDAQ,opend_us,True,
LTH,Life Time,NYSE,opend_us,True,
LTM,南美航空集团,NYSE,opend_us,True,
LTRN,Lantern Pharma,NASDAQ,opend_us,True,
LTRX,创力,NASDAQ,opend_us,True,
LU,陆金所控股,NYSE,opend_us,True,
LUCD,Lucid Diagnostics,NASDAQ,opend_us,True,
LUCK,Lucky Strike Entertainment,NYSE,opend_us,True,
LUCY,Innovative Eyewear,NASDAQ,opend_us,True,
LUD,禄达技术,AMEX,opend_us,True,
LULU,Lululemon Athletica,NASDAQ,opend_us,True,
LUMN,Lumen Technologies,NYSE,opend_us,True,
LUNG,Pulmonx,NASDAQ,opend_us,True,
LUNR,Intuitive Machines,NASDAQ,opend_us,True,
LUV,西南航空,NYSE,opend_us,True,
LUXE,LuxExperience BV,NYSE,opend_us,True,
LVLU,Lulus Fashion Lounge,NASDAQ,opend_us,True,
LVO,LiveOne,NASDAQ,opend_us,True,
LVOPP,LIVEONE INC 9.0% CUM PERP PFD SERIES A,NASDAQ,opend_us,True,
LVS,金沙集团,NYSE,opend_us,True,
LVWR,LiveWire Group,NYSE,opend_us,True,
LW,Lamb Weston,NYSE,opend_us,True,
LWAC,LightWave Acquisition Corp,NASDAQ,opend_us,True,
LWACU,LIGHTWAVE ACQUISITION CORP. UNITS 1 CL A SHS & 1/2 WT(06/06/2030),NASDAQ,opend_us,True,
LWAY,来福威食品,NASDAQ,opend_us,True,
LWLG,Lightwave Logic,NASDAQ,opend_us,True,
LX,乐信,NASDAQ,opend_us,True,
LXEH,丽翔教育,NASDAQ,opend_us,True,
LXEO,Lexeo Therapeutics,NASDAQ,opend_us,True,
LXFR,Luxfer,NYSE,opend_us,True,
LXRX,莱斯康制药,NASDAQ,opend_us,True,
LXU,LSB Industries,NYSE,opend_us,True,
LYB,利安德巴塞尔,NYSE,opend_us,True,
LYEL,Lyell Immunopharma,NASDAQ,opend_us,True,
LYFT,Lyft Inc,NASDAQ,opend_us,True,
LYG,劳埃德,NYSE,opend_us,True,
LYTS,LSI设备,NASDAQ,opend_us,True,
LYV,Live Nation Entertainment,NYSE,opend_us,True,
LZ,LegalZoom,NASDAQ,opend_us,True,
LZB,La-Z-Boy,NYSE,opend_us,True,
LZM,Lifezone Metals,NYSE,opend_us,True,
LZMH,联掌科技控股,NASDAQ,opend_us,True,
M,梅西百货,NYSE,opend_us,True,
MA,万事达,NYSE,opend_us,True,
MAAS,麦思智能,NASDAQ,opend_us,True,
MACI,Melar Acquisition Corp,NASDAQ,opend_us,True,
MACIU,MELAR ACQUISITION CORP. I ONE CL A ORD SH & ONE-HALF OF ONE RED WT,NASDAQ,opend_us,True,
MAGH,Magnitude International,NASDAQ,opend_us,True,
MAGN,Magnera,NYSE,opend_us,True,
MAIA,MAIA Biotechnology,AMEX,opend_us,True,
MAIN,Main Street Capital,NYSE,opend_us,True,
MAIR,Madison Air Solutions Corp,NYSE,opend_us,True,
MAKO,Mako Mining,NASDAQ,opend_us,True,
MAMA,Mama's Creations,NASDAQ,opend_us,True,
MAMK,好定多,NASDAQ,opend_us,True,
MAMO,Massimo,NASDAQ,opend_us,True,
MAN,万宝盛华,NYSE,opend_us,True,
MANE,Veradermics,NYSE,opend_us,True,
MANH,Manhattan Associates,NASDAQ,opend_us,True,
MANU,曼联,NYSE,opend_us,True,
MAR,万豪酒店,NASDAQ,opend_us,True,
MARA,MARA Holdings,NASDAQ,opend_us,True,
MARPS,Marine Petroleum Trust,NASDAQ,opend_us,True,
MAS,马斯科,NYSE,opend_us,True,
MASI,麦斯莫医疗,NASDAQ,opend_us,True,
MASK,3 E Network Technology,NASDAQ,opend_us,True,
MASS,908 Devices,NASDAQ,opend_us,True,
MAT,美泰,NASDAQ,opend_us,True,
MATH,Metalpha Technology,NASDAQ,opend_us,True,
MATV,Mativ,NYSE,opend_us,True,
MATW,马修国际,NASDAQ,opend_us,True,
MATX,Matson,NYSE,opend_us,True,
MAX,MediaAlpha,NYSE,opend_us,True,
MAYS,梅斯物业,NASDAQ,opend_us,True,
MAZE,Maze Therapeutics,NASDAQ,opend_us,True,
MB,牛大人,NASDAQ,opend_us,True,
MBAI,Check-Cap,NASDAQ,opend_us,True,
MBAV,M3-Brigade Acquisition V Corp,NASDAQ,opend_us,True,
MBAVU,M3-BRIGADE ACQUISITION V CORP UNIT 1 COM & 1/2 WT EXP,NASDAQ,opend_us,True,
MBBC,Marathon Bancorp,NASDAQ,opend_us,True,
MBC,MasterBrand,NYSE,opend_us,True,
MBI,MBIA,NYSE,opend_us,True,
MBIN,Merchants Bancorp,NASDAQ,opend_us,True,
MBINL,MERCHANTS BANCORP DEP SHS REPSTG 1/40TH INT PFD SER E,NASDAQ,opend_us,True,
MBINM,MERCHANTS BANCORP 8.25% DEP SHS REPSTG 1/40TH PERP PFD D,NASDAQ,opend_us,True,
MBINN,MERCHANTS BANCORP 6% DEP SHS REPSTG 1/40TH PERP PFD SER C,NASDAQ,opend_us,True,
MBINO,MERCHANTS BANCORP DEP SHS REP 1/40TH PERP PFD SER B,NASDAQ,opend_us,True,
MBINP,MERCHANTS BANCORP 7.00% NON CUM PER PREF STK SER A,NASDAQ,opend_us,True,
MBIO,Mustang Bio,NASDAQ,opend_us,True,
MBLY,Mobileye Global,NASDAQ,opend_us,True,
MBNKO,MEDALLION BK UTAH NON-CUMULATIVE PERPETUAL PFD SER G,NASDAQ,opend_us,True,
MBNKP,MEDALLION BK UTAH 8% NON CUM PERP PREF STK SER F USD25,NASDAQ,opend_us,True,
MBOT,Microbot Medical,NASDAQ,opend_us,True,
MBRX,Moleculin Biotech,NASDAQ,opend_us,True,
MBUU,Malibu Boats,NASDAQ,opend_us,True,
MBVI,M3-Brigade Acquisition VI Corp,NASDAQ,opend_us,True,
MBVIU,M3-BRIGADE ACQUISITION VI CORP. UNIT (1 CL A & 1/3 WT EXP)18/08/2030,NASDAQ,opend_us,True,
MBWM,莫肯特尔银行,NASDAQ,opend_us,True,
MBX,MBX Biosciences,NASDAQ,opend_us,True,
MC,Moelis & Co,NYSE,opend_us,True,
MCAHU,MOUNTAIN CREST ACQUISITION 6 CORP UNITS CONS 1 ORD SHS & 1 RT (03/04/31),NASDAQ,opend_us,True,
MCB,Metropolitan Bank,NYSE,opend_us,True,
MCBS,MetroCity Bankshares,NASDAQ,opend_us,True,
MCD,麦当劳,NYSE,opend_us,True,
MCFT,MasterCraft Boat,NASDAQ,opend_us,True,
MCGA,Yorkville Acquisition Corp,NASDAQ,opend_us,True,
MCGAU,YORKVILLE ACQUISITION CORP. UNIT 1CL A ORD SH & 1/3 WT(06/06/2030),NASDAQ,opend_us,True,
MCHB,Mechanics Bancorp,NASDAQ,opend_us,True,
MCHP,微芯科技,NASDAQ,opend_us,True,
MCHPP,MICROCHIP TECHNOLOGY DEP SHS REPSTG 1/20TH PFD CONV SER A,NASDAQ,opend_us,True,
MCHX,Marchex,NASDAQ,opend_us,True,
MCK,麦克森,NYSE,opend_us,True,
MCLDP,MCLOUD TECHNOLOGIES CORPORATION 9.0% CUM PERP PFD SER A,NASDAQ,opend_us,True,
MCO,穆迪,NYSE,opend_us,True,
MCRB,Seres Therapeutics,NASDAQ,opend_us,True,
MCRI,Monarch Casino & Resort,NASDAQ,opend_us,True,
MCRP,Micropolis AI Robotics,AMEX,opend_us,True,
MCS,马库斯,NYSE,opend_us,True,
MCTA,美妍堂,NASDAQ,opend_us,True,
MCW,Mister Car Wash(已退市),NASDAQ,opend_us,True,
MCY,默邱利通用,NYSE,opend_us,True,
MD,Pediatrix Medical,NYSE,opend_us,True,
MDA,MDA Space,NYSE,opend_us,True,
MDAI,Spectral AI,NASDAQ,opend_us,True,
MDB,MongoDB,NASDAQ,opend_us,True,
MDBH,MDB Capital Holdings,NASDAQ,opend_us,True,
MDCX,Medicus Pharma,NASDAQ,opend_us,True,
MDGL,Madrigal Pharmaceuticals,NASDAQ,opend_us,True,
MDIA,MediaCo,NASDAQ,opend_us,True,
MDLN,Medline,NASDAQ,opend_us,True,
MDLS,MDNA Life Sciences,NASDAQ,opend_us,True,
MDLZ,亿滋,NASDAQ,opend_us,True,
MDRR,MEDALIST DIVERSIFIED INC,NASDAQ,opend_us,True,
MDRRP,MEDALIST DIVERSIFIED REIT INC CUM RED PFD SER A,NASDAQ,opend_us,True,
MDT,美敦力,NYSE,opend_us,True,
MDU,MDU Resources,NYSE,opend_us,True,
MDWD,MediWound,NASDAQ,opend_us,True,
MDXG,MiMedx,NASDAQ,opend_us,True,
MDXH,MDxHealth,NASDAQ,opend_us,True,
MEC,Mayville Engineering,NYSE,opend_us,True,
MED,快验保,NYSE,opend_us,True,
MEDP,Medpace,NASDAQ,opend_us,True,
MEGL,智富融资,NASDAQ,opend_us,True,
MEHA,Functional Brands,NASDAQ,opend_us,True,
MEI,Methode Electronics,NYSE,opend_us,True,
MELI,MercadoLibre,NASDAQ,opend_us,True,
MENS,健永生技,NASDAQ,opend_us,True,
MEOH,梅思恩,NASDAQ,opend_us,True,
MERC,美世国际,NASDAQ,opend_us,True,
MESH,Meshflow Acquisition Corp,NASDAQ,opend_us,True,
MESHU,MESHFLOW ACQUISITION CORP UNITS (1 CL A ORD & 1/3 WT)19/11/30,NASDAQ,opend_us,True,
MESO,Mesoblast,NASDAQ,opend_us,True,
MET,大都会人寿,NYSE,opend_us,True,
META,Meta Platforms,NASDAQ,opend_us,True,
METC,Ramaco Resources-A,NASDAQ,opend_us,True,
METCB,Ramaco Resources-B,NASDAQ,opend_us,True,
METCI,RAMACO RESOURCES INC 8.25% NTS 31/07/2030 USD25,NASDAQ,opend_us,True,
METCZ,RAMACO RESOURCES INC 8.375% SENIR FXD NT DUE 30/11/2029 USD25,NASDAQ,opend_us,True,
MEVO,M EVO GBL ACQUISITION CORP II,NASDAQ,opend_us,True,
MEVOU,M EVO GBL ACQUISITION CORP II UNIT 1 CL A & 1/2 WT(23/01/2031),NASDAQ,opend_us,True,
MFAN,MFA FINANCIAL INC 8.875% NTS 15/02/29 USD25,NYSE,opend_us,True,
MFAO,MFA FINANCIAL INC 9.000% NTS DUE 15/08/29,NYSE,opend_us,True,
MFB,General Enterprise Ventures,NYSE,opend_us,True,
MFC,宏利金融,NYSE,opend_us,True,
MFG,瑞穗金融,NYSE,opend_us,True,
MFI,移动财经,NASDAQ,opend_us,True,
MFIC,MidCap Financial Investment Corporation,NASDAQ,opend_us,True,
MFICL,MIDCAP FINANCIAL INVESTMENT CORP 8% NTS 15/12/28 USD25,NASDAQ,opend_us,True,
MFIN,Medallion Financial,NASDAQ,opend_us,True,
MG,Mistras Group,NYSE,opend_us,True,
MGA,曼格纳国际,NYSE,opend_us,True,
MGEE,MGE Energy,NASDAQ,opend_us,True,
MGIH,禧图集团,NASDAQ,opend_us,True,
MGLD,The Marygold Companies,AMEX,opend_us,True,
MGM,美高梅,NYSE,opend_us,True,
MGN,Megan,NASDAQ,opend_us,True,
MGNI,Magnite,NASDAQ,opend_us,True,
MGNX,Macrogenics,NASDAQ,opend_us,True,
MGPI,MGP Ingredients,NASDAQ,opend_us,True,
MGR,AFFILIATED MANAGERS GROUP 5.875% JR SUBORD NTS DUE 30/03/59 USD25,NYSE,opend_us,True,
MGRB,AFFILIATED MANAGERS GROUP 4.750% JUNIOR SUB NOTES DUE 30/09/2060,NYSE,opend_us,True,
MGRC,McGrath RentCorp,NASDAQ,opend_us,True,
MGRD,AFFILIATED MANAGERS GROUP 4.200% JUNIOR SUB NOTES DUE 30/09/2061,NYSE,opend_us,True,
MGRE,AFFILIATED MANAGERS GROUP 6.75% SENIOR NOTES DUE 30/03/2064,NYSE,opend_us,True,
MGRT,美华创富,NASDAQ,opend_us,True,
MGRX,Mangoceuticals,NASDAQ,opend_us,True,
MGTX,MeiraGTx Holdings,NASDAQ,opend_us,True,
MGX,Metagenomi Therapeutics,NASDAQ,opend_us,True,
MGY,Magnolia Oil & Gas,NYSE,opend_us,True,
MGYR,Magyar Bancorp,NASDAQ,opend_us,True,
MH,McGraw Hill,NYSE,opend_us,True,
MHH,Mastech Digital,AMEX,opend_us,True,
MHK,莫霍克工业公司,NYSE,opend_us,True,
MHLA,MAIDEN HOLDINGS LTD 6.625% NTS 14/06/46 USD25,NYSE,opend_us,True,
MHNC,MAIDEN HOLDINGS NORTH AMERICA LTD 7.75% PFD 01/12/2043,NYSE,opend_us,True,
MHO,MI 家居,NYSE,opend_us,True,
MI,NFT Ltd,AMEX,opend_us,True,
MIAX,迈阿密国际控股,NYSE,opend_us,True,
MICC,梦龙,NYSE,opend_us,True,
MIDD,The Middleby,NASDAQ,opend_us,True,
MIMI,Mint,NASDAQ,opend_us,True,
MIND,米奇汗姆租赁,NASDAQ,opend_us,True,
MINDP,"MIND Technology, Inc.",NASDAQ,opend_us,True,
MINE,Mayfair Gold,AMEX,opend_us,True,
MIR,Mirion,NYSE,opend_us,True,
MIRA,MIRA Pharmaceuticals,NASDAQ,opend_us,True,
MIRM,Mirum Pharmaceuticals,NASDAQ,opend_us,True,
MIST,Milestone Pharmaceuticals,NASDAQ,opend_us,True,
MITK,Mitek Systems,NASDAQ,opend_us,True,
MITN,TPG MTG IT INC 9.500% SENIOR NOTES DUE 15/02/2029,NYSE,opend_us,True,
MITP,TPG MTG IT INC 9.500% SENIOR NOTES DUE 15/05/2029,NYSE,opend_us,True,
MITQ,Moving iMage Technologies,AMEX,opend_us,True,
MKC,味好美,NYSE,opend_us,True,
MKC.V,味好美-V,NYSE,opend_us,True,
MKDW,MKDWELL Tech,NASDAQ,opend_us,True,
MKFG,Markforged(已退市),NYSE,opend_us,True,
MKL,Markel Group,NYSE,opend_us,True,
MKLY,McKinley Acquisition Corp,NASDAQ,opend_us,True,
MKLYR,MCKINLEY ACQUISITION CORPORATION ORD USD0.0001 CL A (SUBS/RTS 25/07/2030,NASDAQ,opend_us,True,
MKLYU,MCKINLEY ACQUISITION CORPORATION UNIT 1 SHS CL A & 1 RT(25/07/2030),NASDAQ,opend_us,True,
MKSI,MKS仪器,NASDAQ,opend_us,True,
MKTR,Monkey Tree Investment,NASDAQ,opend_us,True,
MKTW,MarketWise,NASDAQ,opend_us,True,
MKTX,MarketAxess,NASDAQ,opend_us,True,
MKZR,Mackenzie Realty Capital,NASDAQ,opend_us,True,
MLAA,Mountain Lake Acquisition Corp,NASDAQ,opend_us,True,
MLAAU,MOUNTAIN LAKE ACQUISITION CORP II UNIT 1 CL A & 1/2 WAR (21/11/2031),NASDAQ,opend_us,True,
MLAB,Mesa Laboratories,NASDAQ,opend_us,True,
MLAC,Mountain Lake Acquisition Corp,NASDAQ,opend_us,True,
MLACR,MOUNTAIN LAKE ACQUISITION CORP COM USD0.0001 CL A (SUB/RIGHTS) 15/11/28,NASDAQ,opend_us,True,
MLACU,MOUNTAIN LAKE ACQUISITION CORP UNITS 15/11/2028 (1 CL A/1 RT),NASDAQ,opend_us,True,
MLCI,Mount Logan Capital,NASDAQ,opend_us,True,
MLCIL,MOUNT LOGAN CAPITAL INC 8.00% NOTES DUE 26/01/2031,NASDAQ,opend_us,True,
MLCO,新濠博亚娱乐,NASDAQ,opend_us,True,
MLEC,Moolec Science,NASDAQ,opend_us,True,
MLGO,MicroAlgo,NASDAQ,opend_us,True,
MLI,木勒工业,NYSE,opend_us,True,
MLKN,MillerKnoll,NASDAQ,opend_us,True,
MLM,马丁-玛丽埃塔材料,NYSE,opend_us,True,
MLP,毛伊岛菠萝食品,NYSE,opend_us,True,
MLR,Miller Industries,NYSE,opend_us,True,
MLSS,Milestone Scientific,AMEX,opend_us,True,
MLTX,MoonLake Immunotherapeutics,NASDAQ,opend_us,True,
MLYS,Mineralys Therapeutics,NASDAQ,opend_us,True,
MMA,MMA.inc,AMEX,opend_us,True,
MMED,MiniMed Group,NASDAQ,opend_us,True,
MMI,Marcus & Millichap,NYSE,opend_us,True,
MMLP,Martin Midstream,NASDAQ,opend_us,True,
MMM,3M,NYSE,opend_us,True,
MMM.WI,3M COMPANY,NYSE,opend_us,True,
MMS,马克西姆斯服务,NYSE,opend_us,True,
MMSI,Merit Medical Systems,NASDAQ,opend_us,True,
MMTX,Miluna Acquisition Corp,NASDAQ,opend_us,True,
MMTXU,MILUNA ACQUISITION CORP UNITS (1 ORD SHS & 1 RED WT)29/09/2030,NASDAQ,opend_us,True,
MMYT,MakeMyTrip,NASDAQ,opend_us,True,
MNDO,思维终端科技,NASDAQ,opend_us,True,
MNDR,Mobile-health Network Solutions,NASDAQ,opend_us,True,
MNDY,monday.com,NASDAQ,opend_us,True,
MNKD,曼恩凯德生物医疗,NASDAQ,opend_us,True,
MNOV,美第奇新星生物技术,NASDAQ,opend_us,True,
MNPR,Monopar Therapeutics,NASDAQ,opend_us,True,
MNR,Mach Natural Resources,NYSE,opend_us,True,
MNRO,Monro,NASDAQ,opend_us,True,
MNSB,MainStreet Bancshares,NASDAQ,opend_us,True,
MNSBP,MAINSTREET BANCSHARES INC 7.50% DEP SHS REP NON CUM PFD SER A,NASDAQ,opend_us,True,
MNSO,名创优品,NYSE,opend_us,True,
MNST,怪物饮料,NASDAQ,opend_us,True,
MNTK,Montauk Renewables,NASDAQ,opend_us,True,
MNTN,MNTN Inc,NYSE,opend_us,True,
MNTS,Momentus,NASDAQ,opend_us,True,
MNY,MoneyHero,NASDAQ,opend_us,True,
MO,奥驰亚,NYSE,opend_us,True,
MOB,Mobilicom,NASDAQ,opend_us,True,
MOBI,Mobia Medical,NASDAQ,opend_us,True,
MOBX,Mobix Labs,NASDAQ,opend_us,True,
MOD,摩丁制造,NYSE,opend_us,True,
MODD,Modular Medical,NASDAQ,opend_us,True,
MOG.A,Moog-A,NYSE,opend_us,True,
MOG.B,Moog-B,NYSE,opend_us,True,
MOGU,蘑菇街,NYSE,opend_us,True,
MOH,Molina Healthcare,NYSE,opend_us,True,
MOLN,Molecular,NASDAQ,opend_us,True,
MOMO,挚文集团,NASDAQ,opend_us,True,
MOOV,Moove Lubricants,NYSE,opend_us,True,
MORN,晨星,NASDAQ,opend_us,True,
MOS,美国美盛,NYSE,opend_us,True,
MOT,MetaOptics,NASDAQ,opend_us,True,
MOV,摩凡陀,NYSE,opend_us,True,
MOVE,Corvex,NASDAQ,opend_us,True,
MP,MP Materials,NYSE,opend_us,True,
MPAA,Motorcar Parts of America,NASDAQ,opend_us,True,
MPB,宾州中部银行,NASDAQ,opend_us,True,
MPC,马拉松原油,NYSE,opend_us,True,
MPLT,MapLight Therapeutics,NASDAQ,opend_us,True,
MPLX,MPLX LP,NYSE,opend_us,True,
MPT,Medical Properties Trust,NYSE,opend_us,True,
MPTI,M-tron Industries,AMEX,opend_us,True,
MPU,Mega Matrix,AMEX,opend_us,True,
MPWR,Monolithic Power Systems,NASDAQ,opend_us,True,
MQ,Marqeta,NASDAQ,opend_us,True,
MRAM,Everspin Technologies,NASDAQ,opend_us,True,
MRBK,Meridian,NASDAQ,opend_us,True,
MRCOU,Mercator Acquisition Corp.,NASDAQ,opend_us,True,
MRCY,Mercury Systems,NASDAQ,opend_us,True,
MRDN,Meridian Holdings,NASDAQ,opend_us,True,
MREO,Mereo BioPharma,NASDAQ,opend_us,True,
MRK,默沙东,NYSE,opend_us,True,
MRKR,Marker Therapeutics,NASDAQ,opend_us,True,
MRLN,Merlin Inc,NASDAQ,opend_us,True,
MRM,MEDIROM Healthcare Technologies,NASDAQ,opend_us,True,
MRNA,Moderna,NASDAQ,opend_us,True,
MRNO,Murano Global Investments,NASDAQ,opend_us,True,
MRP,Millrose Properties,NYSE,opend_us,True,
MRSH,达信,NYSE,opend_us,True,
MRT,Marti Technologies,AMEX,opend_us,True,
MRTN,马尔登运输,NASDAQ,opend_us,True,
MRVI,Maravai LifeSciences,NASDAQ,opend_us,True,
MRVL,迈威尔科技,NASDAQ,opend_us,True,
MRX,Marex Group,NASDAQ,opend_us,True,
MS,摩根士丹利,NYSE,opend_us,True,
MSA,MSA Safety,NYSE,opend_us,True,
MSAI,MultiSensor AI,NASDAQ,opend_us,True,
MSBI,Midland States,NASDAQ,opend_us,True,
MSBIP,MIDLAND STS BANCORP INC 7.75% DEP SHS REP 1/40TH PERP PFD SER A,NASDAQ,opend_us,True,
MSC,新濠影汇,NYSE,opend_us,True,
MSCI,MSCI Inc,NYSE,opend_us,True,
MSEX,米德尔赛克斯水务公司,NASDAQ,opend_us,True,
MSFT,微软,NASDAQ,opend_us,True,
MSGE,Madison Square Garden Entertainment,NYSE,opend_us,True,
MSGE.WI,MADISON SQUARE GARDEN ENTMT CORP,NYSE,opend_us,True,
MSGM,Motorsport Games,NASDAQ,opend_us,True,
MSGS,麦迪逊运动,NYSE,opend_us,True,
MSGY,Masonglory,NASDAQ,opend_us,True,
MSI,摩托罗拉解决方案,NYSE,opend_us,True,
MSIF,MSC Income Fund,NYSE,opend_us,True,
MSLE,Satellos Bioscience,NASDAQ,opend_us,True,
MSM,MSC Industrial Direct,NYSE,opend_us,True,
MSN,Emerson Radio,AMEX,opend_us,True,
MSS,Maison Solutions,NASDAQ,opend_us,True,
MSTR,Strategy,NASDAQ,opend_us,True,
MSW,明成集团,NASDAQ,opend_us,True,
MT,安赛乐米塔尔,NYSE,opend_us,True,
MTA,Metalla Royalty & Streaming,AMEX,opend_us,True,
MTAL,METALS ACQUISITION CORPORATION II,NYSE,opend_us,True,
MTB,美国制商银行,NYSE,opend_us,True,
MTC,海川证券,NASDAQ,opend_us,True,
MTCH,Match group,NASDAQ,opend_us,True,
MTCN,ARCELORMITTAL 5.50% MAN CON SUB NOTES DUE 18/05/2023,NYSE,opend_us,True,
MTD,梅特勒-托利多,NYSE,opend_us,True,
MTDR,Matador Resources,NYSE,opend_us,True,
MTEK,Maris-Tech,NASDAQ,opend_us,True,
MTEN,铭腾国际,NASDAQ,opend_us,True,
MTEST,,AMEX,opend_us,True,
MTEX,寰泰生技,NASDAQ,opend_us,True,
MTG,MGIC Investment,NYSE,opend_us,True,
MTH,Meritage Homes,NYSE,opend_us,True,
MTLS,Materialise,NASDAQ,opend_us,True,
MTN,Vail Resorts,NYSE,opend_us,True,
MTNB,Matinas BioPharma,AMEX,opend_us,True,
MTNE,C4 Natural Solutions,NYSE,opend_us,True,
MTNEU,CH4 Natural Solutions Corp,NYSE,opend_us,True,
MTRN,Materion,NYSE,opend_us,True,
MTRS,Metros Development,NASDAQ,opend_us,True,
MTRX,Matrix Service,NASDAQ,opend_us,True,
MTSI,MACOM Technology Solutions,NASDAQ,opend_us,True,
MTUS,Metallus,NYSE,opend_us,True,
MTVA,MetaVia,NASDAQ,opend_us,True,
MTW,马尼托沃克,NYSE,opend_us,True,
MTX,Minerals Technologies,NYSE,opend_us,True,
MTZ,MasTec,NYSE,opend_us,True,
MU,美光科技,NASDAQ,opend_us,True,
MUFG,三菱日联金融,NYSE,opend_us,True,
MUR,墨菲石油,NYSE,opend_us,True,
MUSA,Murphy USA,NYSE,opend_us,True,
MUX,McEwen,NYSE,opend_us,True,
MUZE,Muzero Acquisition Corp,NASDAQ,opend_us,True,
MUZEU,MUZERO ACQUISITION CORPORATION UNITS 1 ORD SHS A & 1/2 WT(30/01/2031),NASDAQ,opend_us,True,
MVBF,MVB Financial,NASDAQ,opend_us,True,
MVIS,维视图像,NASDAQ,opend_us,True,
MVNR,Mavenir,NASDAQ,opend_us,True,
MVRK,Maverick Lifestyle,NASDAQ,opend_us,True,
MVST,Microvast,NASDAQ,opend_us,True,
MWA,Mueller Water Products,NYSE,opend_us,True,
MWAXU,Maywood Acquisition Corp. 2,NASDAQ,opend_us,True,
MWC,Micware,NASDAQ,opend_us,True,
MWG,Multi Ways,AMEX,opend_us,True,
MWH,SOLV Energy,NASDAQ,opend_us,True,
MWYN,Marwynn,NASDAQ,opend_us,True,
MX,MagnaChip Semiconductor,NYSE,opend_us,True,
MXC,Mexco Energy,AMEX,opend_us,True,
MXCT,MaxCyte,NASDAQ,opend_us,True,
MXL,MaxLinear,NASDAQ,opend_us,True,
MXRX,Med-X,NASDAQ,opend_us,True,
MYE,Myers Industries,NYSE,opend_us,True,
MYFW,First Western Financial,NASDAQ,opend_us,True,
MYGN,万基遗传,NASDAQ,opend_us,True,
MYND,Mynd AI,AMEX,opend_us,True,
MYO,Myomo,AMEX,opend_us,True,
MYPS,playstudios,NASDAQ,opend_us,True,
MYRG,MYR Group,NASDAQ,opend_us,True,
MYSE,MYSEUM.AI INC,NASDAQ,opend_us,True,
MYSZ,My Size,NASDAQ,opend_us,True,
MYX,MAYWOOD ACQUISITION CORPORATION 2,NASDAQ,opend_us,True,
MYXXR,MAYWOOD ACQUISITION CORPORATION 2 ORD USD0.0001 CL A (S/R 24/02/2031),NASDAQ,opend_us,True,
MYXXU,MAYWOOD ACQUISITION CORPORATION 2 UNIT 1 CL A 1 RT & 1 WT (06/03/2031),NASDAQ,opend_us,True,
MZTI,Marzetti,NASDAQ,opend_us,True,
MZYX,MOZAYYX ACQUISITION CORP,NYSE,opend_us,True,
MZYXU,MOZAYYX Acquisition Corp.,NYSE,opend_us,True,
NA,纳比特,NASDAQ,opend_us,True,
NAAS,能链智电,NASDAQ,opend_us,True,
NABL,N-able,NYSE,opend_us,True,
NAGE,Niagen Bioscience,NASDAQ,opend_us,True,
NAII,Natural Alternatives International,NASDAQ,opend_us,True,
NAK,Northern Dynasty Minerals,AMEX,opend_us,True,
NAKA,Nakamoto,NASDAQ,opend_us,True,
NAMI,进馨科技,NASDAQ,opend_us,True,
NAMM,Namib Minerals,NASDAQ,opend_us,True,
NAMS,NewAmsterdam Pharma,NASDAQ,opend_us,True,
NAT,Nordic American Tankers,NYSE,opend_us,True,
NATH,Nathan's Famous,NASDAQ,opend_us,True,
NATL,NCR Atleos,NYSE,opend_us,True,
NATR,天然阳光产品,NASDAQ,opend_us,True,
NAUT,Nautilus Biotechnology,NASDAQ,opend_us,True,
NAVA,Nava Health MD,NASDAQ,opend_us,True,
NAVI,Navient,NASDAQ,opend_us,True,
NAVN,Navan,NASDAQ,opend_us,True,
NB,NioCorp Developments,NASDAQ,opend_us,True,
NBBK,NB Bancorp,NASDAQ,opend_us,True,
NBHC,National Bank,NYSE,opend_us,True,
NBIS,NEBIUS,NASDAQ,opend_us,True,
NBIX,神经分泌生物科学,NASDAQ,opend_us,True,
NBN,东北银行,NASDAQ,opend_us,True,
NBP,新桥生物,NASDAQ,opend_us,True,
NBR,纳伯斯实业,NYSE,opend_us,True,
NBRG,NEWBRIDGE ACQUISITION LTD,NASDAQ,opend_us,True,
NBRGR,NEWBRIDGE ACQUISITION LTD ORD NPV CL A (S/R 25/09/2030),NASDAQ,opend_us,True,
NBRGU,NEWBRIDGE ACQUISITION LTD UNIT 1 CL A ORD SH & 1 RT 18/11/2030,NASDAQ,opend_us,True,
NBTB,NBT Bancorp,NASDAQ,opend_us,True,
NBTX,Nanobiotix,NASDAQ,opend_us,True,
NC,NACCO Industries,NYSE,opend_us,True,
NCDL,Nuveen Churchill Direct Lending Corp,NYSE,opend_us,True,
NCEL,NewcelX,NASDAQ,opend_us,True,
NCEW,新世纪储运,NASDAQ,opend_us,True,
NCI,思宏国际,NASDAQ,opend_us,True,
NCL,Northann,AMEX,opend_us,True,
NCLH,挪威邮轮,NYSE,opend_us,True,
NCMI,National CineMedia,NASDAQ,opend_us,True,
NCNA,NuCana,NASDAQ,opend_us,True,
NCNO,nCino,NASDAQ,opend_us,True,
NCPL,Netcapital,NASDAQ,opend_us,True,
NCRA,Nocera,NASDAQ,opend_us,True,
NCSM,NCS Multistage,NASDAQ,opend_us,True,
NCT,Intercont,NASDAQ,opend_us,True,
NCTY,第九城市,NASDAQ,opend_us,True,
NDAQ,纳斯达克,NASDAQ,opend_us,True,
NDLS,Noodles & Co,NASDAQ,opend_us,True,
NDRA,ENDRA Life Sciences,NASDAQ,opend_us,True,
NDSN,Nordson,NASDAQ,opend_us,True,
NE,Noble,NYSE,opend_us,True,
NECB,NorthEast Community Bancorp,NASDAQ,opend_us,True,
NEE,新纪元能源,NYSE,opend_us,True,
NEGG,Newegg Commerce,NASDAQ,opend_us,True,
NEM,纽曼矿业,NYSE,opend_us,True,
NEN,New England Realty Associates,AMEX,opend_us,True,
NEO,NeoGenomics,NASDAQ,opend_us,True,
NEOG,纽尔真检测,NASDAQ,opend_us,True,
NEON,Neonode,NASDAQ,opend_us,True,
NEOV,NeoVolta,NASDAQ,opend_us,True,
NEPH,Nephros,NASDAQ,opend_us,True,
NERV,Minerva Neurosciences,NASDAQ,opend_us,True,
NESR,National Energy Services Reunited,NASDAQ,opend_us,True,
NET,Cloudflare,NYSE,opend_us,True,
NEU,NewMarket,NYSE,opend_us,True,
NEUP,Neuphoria Therapeutics,NASDAQ,opend_us,True,
NEWP,New Pacific Metals,AMEX,opend_us,True,
NEWT,NewtekOne,NASDAQ,opend_us,True,
NEWTG,NEWTEKONE INC 8.5% NTS 06/01/29 USD25,NASDAQ,opend_us,True,
NEWTH,NEWTEKONE INC 8.625% SENIOR NOTES FIXED 15/10/29 USD25,NASDAQ,opend_us,True,
NEWTI,NEWTEKONE INC 8% NOTES 01/09/28 USD25,NASDAQ,opend_us,True,
NEWTL,Newtek Business Services Corp.,NASDAQ,opend_us,True,
NEWTO,NEWTEKONE INC 8.5% NTS 01/02/2031 USD25,NASDAQ,opend_us,True,
NEWTP,NEWTEKONE INC DEP SHS REP 1/40 8.5% NON CUM PRF B,NASDAQ,opend_us,True,
NEXA,Nexa Resources,NYSE,opend_us,True,
NEXM,NexMetals Mining,NASDAQ,opend_us,True,
NEXN,Nexxen International,NASDAQ,opend_us,True,
NEXR,Nexera Technologies,NASDAQ,opend_us,True,
NEXT,NextDecade,NASDAQ,opend_us,True,
NFBK,Northfield Bancorp,NASDAQ,opend_us,True,
NFE,New Fortress Energy,NASDAQ,opend_us,True,
NFG,National Fuel Gas,NYSE,opend_us,True,
NFGC,New Found Gold,AMEX,opend_us,True,
NFLX,奈飞,NASDAQ,opend_us,True,
NFTU,Ultimax Digital,NASDAQ,opend_us,True,
NG,NovaGold Resources,AMEX,opend_us,True,
NGEN,NervGen Pharma,NASDAQ,opend_us,True,
NGG,英国国家电网公司,NYSE,opend_us,True,
NGL,NGL Energy,NYSE,opend_us,True,
NGNE,Neurogene,NASDAQ,opend_us,True,
NGS,Natural Gas Services,NYSE,opend_us,True,
NGVC,Natural Grocers by Vitamin Cottage,NYSE,opend_us,True,
NGVT,Ingevity,NYSE,opend_us,True,
NHC,National HealthCare,AMEX,opend_us,True,
NHIC,NewHold Investment Corp. III,NASDAQ,opend_us,True,
NHICU,NewHold Investment Corp. III,NASDAQ,opend_us,True,
NHIVU,NEWHOLD INVESTMENT CORPORATION IV UNIT CONS 1 CL A & 1/3 OF 1 WT(14/04/31),NASDAQ,opend_us,True,
NHP,National Healthcare Properties,NASDAQ,opend_us,True,
NHPAP,NATIONAL HEALTHCARE PROPERTIES INC 7.375% CUM RED REP PFD STK SER A,NASDAQ,opend_us,True,
NHPBP,NATIONAL HEALTHCARE PROPERTIES INC 7.125% CUM RED REP PFD STK SER B,NASDAQ,opend_us,True,
NHTC,Natural Health Trends,NASDAQ,opend_us,True,
NI,印北瓦电,NYSE,opend_us,True,
NIC,Nicolet Bankshares,NYSE,opend_us,True,
NICE,NICE Ltd,NASDAQ,opend_us,True,
NICM,NICOLA MNG INC SPON ADS EACH REP 12 ORD SH,NASDAQ,opend_us,True,
NIMC,NISOURCE INC CORP UNIT SERIES A,NYSE,opend_us,True,
NINE,NINE ENERGY SERVICE INC,AMEX,opend_us,True,
NIO,蔚来,NYSE,opend_us,True,
NIPG,NIP Group,NASDAQ,opend_us,True,
NIQ,NIQ Global Intelligence,NYSE,opend_us,True,
NIU,小牛电动,NASDAQ,opend_us,True,
NIVF,NewGenIvf,NASDAQ,opend_us,True,
NIXX,Nixxy,NASDAQ,opend_us,True,
NJR,新泽西能源,NYSE,opend_us,True,
NKE,耐克,NYSE,opend_us,True,
NKLR,Terra Innovatum Global,NASDAQ,opend_us,True,
NKSH,National Bankshares,NASDAQ,opend_us,True,
NKTR,内克塔治疗,NASDAQ,opend_us,True,
NKTX,Nkarta,NASDAQ,opend_us,True,
NL,NLI Holdings,NYSE,opend_us,True,
NLOP,Net Lease Office Properties,NYSE,opend_us,True,
NMAX,Newsmax,NYSE,opend_us,True,
NMFC,New Mountain Finance Corp.,NASDAQ,opend_us,True,
NMFCZ,NEW MOUNTAIN FINANCE CORPORATION 8.25% NT 15/11/28 USD25,NASDAQ,opend_us,True,
NMG,Nouveau Monde Graphite,NYSE,opend_us,True,
NMIH,NMI Holdings,NASDAQ,opend_us,True,
NMM,Navios Maritime,NYSE,opend_us,True,
NMP,NMP Acquisition Corp,NASDAQ,opend_us,True,
NMPAR,NMP ACQUISITION,NASDAQ,opend_us,True,
NMPAU,NMP ACQUISITION CORP. UNIT (1 CL A & 1 RT(27/06/2030),NASDAQ,opend_us,True,
NMR,野村控股,NYSE,opend_us,True,
NMRA,Neumora Therapeutic,NASDAQ,opend_us,True,
NMRK,Newmark Group,NASDAQ,opend_us,True,
NMTC,NeuroOne Medical,NASDAQ,opend_us,True,
NN,NextNav,NASDAQ,opend_us,True,
NNBR,NN Inc,NASDAQ,opend_us,True,
NNDM,Nano Dimension,NASDAQ,opend_us,True,
NNE,NANO Nuclear Energy,NASDAQ,opend_us,True,
NNI,Nelnet,NYSE,opend_us,True,
NNNN,Anbio Biotechnology,NASDAQ,opend_us,True,
NNOX,Nano X Imaging,NASDAQ,opend_us,True,
NNVC,NanoViricides,AMEX,opend_us,True,
NOA,North American Construction,NYSE,opend_us,True,
NOAH,诺亚控股,NYSE,opend_us,True,
NOC,诺斯罗普格鲁曼,NYSE,opend_us,True,
NODK,NI Holdings,NASDAQ,opend_us,True,
NOEM,CO2 Energy Transition,NASDAQ,opend_us,True,
NOEMR,CO2 ENERGY TRANSITION CORP. COM USD0.0001 15/10/2028 (SUB/RIGHTS),NASDAQ,opend_us,True,
NOEMU,CO2 ENERGY TRANSITION CORP. UNIT 1 COM & 1 WT & 1 RT,NASDAQ,opend_us,True,
NOG,Northern Oil & Gas,NYSE,opend_us,True,
NOGN,Nogin,NASDAQ,opend_us,True,
NOK,诺基亚,NYSE,opend_us,True,
NOMA,Nomadar,NASDAQ,opend_us,True,
NOMD,Nomad Foods,NYSE,opend_us,True,
NOTV,Inotiv,NASDAQ,opend_us,True,
NOV,华高,NYSE,opend_us,True,
NOVT,Novanta,NASDAQ,opend_us,True,
NOVTU,NOVANTA INC TANGIBLE EQUITY UNIT(01/11/2028),NASDAQ,opend_us,True,
NOW,ServiceNow,NYSE,opend_us,True,
NP,Neptune Insurance,NYSE,opend_us,True,
NPAC,New Providence Acquisition Corp,NASDAQ,opend_us,True,
NPACU,NEW PROVIDENCE ACQUISITION CORP III UNIT 1 SHS CL A  & 1/3 WT,NASDAQ,opend_us,True,
NPB,Northpointe Bancshares,NYSE,opend_us,True,
NPCE,NeuroPace,NASDAQ,opend_us,True,
NPK,National Presto Industries,NYSE,opend_us,True,
NPKI,NPK International,NYSE,opend_us,True,
NPO,Enpro,NYSE,opend_us,True,
NPT,网塑科技,NASDAQ,opend_us,True,
NPWR,NET Power,NYSE,opend_us,True,
NRC,NRC Health,NASDAQ,opend_us,True,
NRDS,NerdWallet,NASDAQ,opend_us,True,
NRDY,Nerdy,NYSE,opend_us,True,
NRG,NRG Energy,NYSE,opend_us,True,
NRGV,Energy Vault,NYSE,opend_us,True,
NRIM,Northrim BanCorp,NASDAQ,opend_us,True,
NRIX,Nurix Therapeutics,NASDAQ,opend_us,True,
NRP,Natural Resource,NYSE,opend_us,True,
NRSN,NeuroSense Therapeutics,NASDAQ,opend_us,True,
NRUC,NATIONAL RURAL UTILITIES COOP FIN 5.5% SUBORD NOTES DUE 15/05/2064 USD25,NYSE,opend_us,True,
NRXP,NRX Pharmaceuticals,NASDAQ,opend_us,True,
NRXS,Neuraxis,AMEX,opend_us,True,
NSC,诺福克南方,NYSE,opend_us,True,
NSIT,Insight Enterprises,NASDAQ,opend_us,True,
NSP,Insperity,NYSE,opend_us,True,
NSPR,InspireMD,NASDAQ,opend_us,True,
NSRX,Nasus Pharma,AMEX,opend_us,True,
NSS,NuStar Logistics LP,NYSE,opend_us,True,
NSSC,Napco Security Technologies,NASDAQ,opend_us,True,
NSTS,NSTS Bancorp,NASDAQ,opend_us,True,
NSYS,Nortech Systems,NASDAQ,opend_us,True,
NTAP,美国网存,NASDAQ,opend_us,True,
NTB,毕达菲尔特银行,NYSE,opend_us,True,
NTCL,网班科技,NASDAQ,opend_us,True,
NTCT,网侦系统,NASDAQ,opend_us,True,
NTES,网易,NASDAQ,opend_us,True,
NTEST,NYSE TICK PILOT TEST SYM-CONTROL,NYSE,opend_us,True,
NTGR,Netgear,NASDAQ,opend_us,True,
NTHI,NeOnc Technologies,NASDAQ,opend_us,True,
NTIC,北方科技国际,NASDAQ,opend_us,True,
NTIP,Network-1 Technologies,AMEX,opend_us,True,
NTLA,Intellia Therapeutics,NASDAQ,opend_us,True,
NTNX,Nutanix,NASDAQ,opend_us,True,
NTR,Nutrien,NYSE,opend_us,True,
NTRA,Natera,NASDAQ,opend_us,True,
NTRB,Nutriband,NASDAQ,opend_us,True,
NTRP,NextTrip,NASDAQ,opend_us,True,
NTRS,北方信托,NASDAQ,opend_us,True,
NTRSO,NORTHERN TRUST CORP 4.7 DEP SHS REP 1/1000TH NON CUM PFD E,NASDAQ,opend_us,True,
NTSK,Netskope,NASDAQ,opend_us,True,
NTV,网映文化,NASDAQ,opend_us,True,
NTWK,奈特阳科技,NASDAQ,opend_us,True,
NTWO,Newbury Street II Acquisition Corp,NASDAQ,opend_us,True,
NTWOU,NEWBURY STR II ACQUISITION CORP UNIT 1 CL A ORD SHS & 1/2 RED WT,NASDAQ,opend_us,True,
NTZ,纳图兹家具,NYSE,opend_us,True,
NU,Nu Holdings,NYSE,opend_us,True,
NUAI,New Era Energy & Digital,NASDAQ,opend_us,True,
NUCL,Eagle Nuclear Energy,NASDAQ,opend_us,True,
NUE,纽柯钢铁,NYSE,opend_us,True,
NUS,如新集团,NYSE,opend_us,True,
NUTR,NusaTrip,NASDAQ,opend_us,True,
NUTX,Nutex Health,NASDAQ,opend_us,True,
NUVB,Nuvation Bio,NYSE,opend_us,True,
NUVL,Nuvalent,NASDAQ,opend_us,True,
NUWE,Nuwellis,NASDAQ,opend_us,True,
NVA,Nova Minerals(已退市),NASDAQ,opend_us,True,
NVAX,诺瓦瓦克斯医药,NASDAQ,opend_us,True,
NVCR,Novocure,NASDAQ,opend_us,True,
NVCT,Nuvectis Pharma,NASDAQ,opend_us,True,
NVDA,英伟达,NASDAQ,opend_us,True,
NVEC,NVE Corp,NASDAQ,opend_us,True,
NVGS,Navigator,NYSE,opend_us,True,
NVL,Novelis,NYSE,opend_us,True,
NVMI,Nova,NASDAQ,opend_us,True,
NVNI,Nvni Group,NASDAQ,opend_us,True,
NVNO,enVVeno Medical,NASDAQ,opend_us,True,
NVO,诺和诺德,NYSE,opend_us,True,
NVR,NVR Inc,NYSE,opend_us,True,
NVRI,Enviri Corporation,NYSE,opend_us,True,
NVRI.WI,Enviri II Corporation,NYSE,opend_us,True,
NVS,诺华制药,NYSE,opend_us,True,
NVST,Envista Holdings,NYSE,opend_us,True,
NVT,nVent Electric,NYSE,opend_us,True,
NVTR,Nuvectra,NASDAQ,opend_us,True,
NVTS,纳微半导体,NASDAQ,opend_us,True,
NVVE,Nuvve,NASDAQ,opend_us,True,
NVX,NOVONIX,NASDAQ,opend_us,True,
NWAX,NEW AMERICA ACQUISITION I CORP.,NYSE,opend_us,True,
NWAXU,New America Acquisition I Corp.,NYSE,opend_us,True,
NWBI,Northwest Bancshares,NASDAQ,opend_us,True,
NWE,NorthWestern,NASDAQ,opend_us,True,
NWFL,Norwood Financial,NASDAQ,opend_us,True,
NWG,NatWest,NYSE,opend_us,True,
NWGL,大自然林业,NASDAQ,opend_us,True,
NWL,纽威,NASDAQ,opend_us,True,
NWN,西北天然气,NYSE,opend_us,True,
NWPX,NWPX 基础设施,NASDAQ,opend_us,True,
NWS,新闻集团-B,NASDAQ,opend_us,True,
NWSA,新闻集团-A,NASDAQ,opend_us,True,
NWTG,Newton Golf,NASDAQ,opend_us,True,
NX,Quanex Building Products,NYSE,opend_us,True,
NXB,NextBoat Inc,AMEX,opend_us,True,
NXDR,Nextdoor Holdings,NYSE,opend_us,True,
NXE,NexGen Energy,NYSE,opend_us,True,
NXGL,NexGel,NASDAQ,opend_us,True,
NXL,Nexalin Technology,NASDAQ,opend_us,True,
NXPI,恩智浦,NASDAQ,opend_us,True,
NXPL,NextPlat,NASDAQ,opend_us,True,
NXST,Nexstar Media Group,NASDAQ,opend_us,True,
NXT,Nextpower,NASDAQ,opend_us,True,
NXTC,NextCure,NASDAQ,opend_us,True,
NXTS,Nexentis Technologies,NASDAQ,opend_us,True,
NXTT,Next Technology,NASDAQ,opend_us,True,
NXXT,NextNRG,NASDAQ,opend_us,True,
NYAX,Nayax,NASDAQ,opend_us,True,
NYMTO,New York Mortgage Trust 7.875% Series C Preferred Stock,NASDAQ,opend_us,True,
NYMTP,New York Mortgage Trust,NASDAQ,opend_us,True,
NYT,纽约时报,NYSE,opend_us,True,
NYX,Nyiax,NASDAQ,opend_us,True,
NYXH,Nyxoah SA,NASDAQ,opend_us,True,
OABI,OmniAb,NASDAQ,opend_us,True,
OACC,Oaktree Acquisition Corp. III,NASDAQ,opend_us,True,
OACCU,OAKTREE ACQUISITION CORP III LIFE S UNIT 4/10/2029 (1 SHS CL A & 1/5 WT EXP),NASDAQ,opend_us,True,
OBA,OXLEY BRIDGE ACQUISITION LTD,NASDAQ,opend_us,True,
OBAI,Our Bond Inc,NASDAQ,opend_us,True,
OBAU,Oxley Bridge Acquisition,NASDAQ,opend_us,True,
OBAWU,OXLEY BRIDGE ACQUISITION LTD UNITS 1 CL A SHS & 1/2 WT,NASDAQ,opend_us,True,
OBDC,Blue Owl Capital,NYSE,opend_us,True,
OBE,Obsidian Energy,AMEX,opend_us,True,
OBIO,Orchestra BioMed,NASDAQ,opend_us,True,
OBK,Origin Bancorp,NYSE,opend_us,True,
OBT,Orange County Bancorp,NASDAQ,opend_us,True,
OC,欧文斯科宁,NYSE,opend_us,True,
OCC,Optical Cable,NASDAQ,opend_us,True,
OCCIM,OFS CREDIT COMPANY INC 7.875% PREFERRD STCK SERIES F USD25.0,NASDAQ,opend_us,True,
OCCIN,OFS CREDIT COMPANY INC 5.25% SER E TERM PREFERRED STK DUE 2026,NASDAQ,opend_us,True,
OCCIP,OFS CREDIT COMPANY INC 6.875% PREFERRED STOCK SERIES A,NASDAQ,opend_us,True,
OCFC,OceanFirst Financial,NASDAQ,opend_us,True,
OCFCP,OCEANFIRST FINANCIAL CORP 7% DEP SHS REP 1/40TH PFD SER A,NASDAQ,opend_us,True,
OCG,东方文化,NASDAQ,opend_us,True,
OCGN,Ocugen,NASDAQ,opend_us,True,
OCS,Oculis,NASDAQ,opend_us,True,
OCSL,Oaktree Specialty Lending,NASDAQ,opend_us,True,
OCTV,Octave Intelligence,NASDAQ,opend_us,True,
OCUL,Ocular Therapeutix,NASDAQ,opend_us,True,
ODC,美国石油勘探,NYSE,opend_us,True,
ODD,ODDITY Tech,NASDAQ,opend_us,True,
ODFL,Old Dominion Freight Line,NASDAQ,opend_us,True,
ODTX,Odyssey Therapeutics,NASDAQ,opend_us,True,
ODV,Osisko Development,NYSE,opend_us,True,
ODYS,Odysight.ai,NASDAQ,opend_us,True,
OEC,Orion SA,NYSE,opend_us,True,
OESX,Orion Energy Systems,NASDAQ,opend_us,True,
OFAL,至一建筑,NASDAQ,opend_us,True,
OFG,OFG Bancorp,NYSE,opend_us,True,
OFIX,Orthofix Medical,NASDAQ,opend_us,True,
OFLX,欧美佳福莱克斯,NASDAQ,opend_us,True,
OFRM,Once Upon a Farm,NYSE,opend_us,True,
OFS,OFS Capital,NASDAQ,opend_us,True,
OFSSG,OFS CAPITAL CORPORATION 6.25% NOTES 30/09/2023 USD25,NASDAQ,opend_us,True,
OFSSH,OFS CAPITAL CORPORATION 4.95% NOTES DUE 31/10/2028,NASDAQ,opend_us,True,
OFSSI,OFS CAPITAL CORPORATION 5.95% NOTES DUE 31/10/2026 USD25,NASDAQ,opend_us,True,
OFSSO,OFS CAPITAL CORPORATION 7.50% NOTES DUE 31/07/2028,NASDAQ,opend_us,True,
OGC,OceanaGold,NYSE,opend_us,True,
OGCP,Empire State Realty,AMEX,opend_us,True,
OGE,OGE Energy,NYSE,opend_us,True,
OGEN,Oragenics,AMEX,opend_us,True,
OGI,OrganiGram,NASDAQ,opend_us,True,
OGN,Organon & Co,NYSE,opend_us,True,
OGS,ONE Gas,NYSE,opend_us,True,
OHAC,Oceanhawk Acquisition Corp,NASDAQ,opend_us,True,
OHACR,OCEANHAWK ACQUISITION CORPORATION ORD USD0.0001 CL A (S/R),NASDAQ,opend_us,True,
OHACU,OCEANHAWK ACQUISITION CORPORATION UNITS CONS 1 CL A & 1 RT (19/05/31),NASDAQ,opend_us,True,
OI,欧伊诺,NYSE,opend_us,True,
OII,国际海洋工程,NYSE,opend_us,True,
OIM,ONEIM ACQUISITION CORP,NASDAQ,opend_us,True,
OIMAU,ONEIM ACQUISITION CORP UNITS CONS 1 CL A & 1/6 OF 1 WT 07/01/31,NASDAQ,opend_us,True,
OIO,OIO GROUP,NASDAQ,opend_us,True,
OIS,Oil States International,NYSE,opend_us,True,
OKE,欧尼克(万欧卡),NYSE,opend_us,True,
OKLO,Oklo Inc,NYSE,opend_us,True,
OKTA,Okta,NASDAQ,opend_us,True,
OKUR,OnKure Therapeutics,NASDAQ,opend_us,True,
OKYO,OKYO Pharma,NASDAQ,opend_us,True,
OLB,The OLB Group,NASDAQ,opend_us,True,
OLED,Universal Display,NASDAQ,opend_us,True,
OLLI,Ollie's Bargain Outlet,NASDAQ,opend_us,True,
OLMA,Olema Pharmaceuticals,NASDAQ,opend_us,True,
OLN,欧林,NYSE,opend_us,True,
OLOX,Olenox Industries,NASDAQ,opend_us,True,
OLPX,Olaplex,NASDAQ,opend_us,True,
OM,Outset Medical,NASDAQ,opend_us,True,
OMAB,墨西哥中北部机场,NASDAQ,opend_us,True,
OMC,宏盟集团,NYSE,opend_us,True,
OMCL,Omnicell,NASDAQ,opend_us,True,
OMDA,Omada Health,NASDAQ,opend_us,True,
OMER,奥麦罗制药,NASDAQ,opend_us,True,
OMEX,奥德赛海洋探索,NASDAQ,opend_us,True,
OMF,OneMain,NYSE,opend_us,True,
OMH,Ohmyhome,NASDAQ,opend_us,True,
OMSE,OMS Energy Technologies,NASDAQ,opend_us,True,
ON,安森美半导体,NASDAQ,opend_us,True,
ONB,Old National Bancorp,NASDAQ,opend_us,True,
ONBPO,OLD NATIONAL BANCORP(INDIANA) DEP SHS EACH REP 1/40TH NON-CUM PFD C,NASDAQ,opend_us,True,
ONBPP,OLD NATIONAL BANCORP(INDIANA) DEP SHS EACH REP 1/40TH NON-CUM PFD A,NASDAQ,opend_us,True,
ONC,百济神州,NASDAQ,opend_us,True,
ONCH,1RT Acquisition Corp,NASDAQ,opend_us,True,
ONCHU,1RT ACQUISITION CORP. UNITS 1 CL A SHS & 1/2 WT(26/06/2030),NASDAQ,opend_us,True,
ONCO,Onconetix,NASDAQ,opend_us,True,
ONCY,Oncolytics Biotech,NASDAQ,opend_us,True,
ONDR,银座小野寺寿司,AMEX,opend_us,True,
ONDS,Ondas,NASDAQ,opend_us,True,
ONEG,一建筑集团,NASDAQ,opend_us,True,
ONEW,OneWater Marine,NASDAQ,opend_us,True,
ONFO,Onfolio,NASDAQ,opend_us,True,
ONIT,Onity Group,NYSE,opend_us,True,
ONL,Orion Properties,NYSE,opend_us,True,
ONMD,OneMedNet,NASDAQ,opend_us,True,
ONON,昂跑,NYSE,opend_us,True,
ONT,Onterris,NYSE,opend_us,True,
ONTO,Onto Innovation,NYSE,opend_us,True,
OOMA,Ooma,NYSE,opend_us,True,
OPAD,Offerpad Solutions,NYSE,opend_us,True,
OPAL,OPAL Fuels,NASDAQ,opend_us,True,
OPBK,OP Bancorp,NASDAQ,opend_us,True,
OPCH,Option Care Health,NASDAQ,opend_us,True,
OPEN,Opendoor Technologies,NASDAQ,opend_us,True,
OPFI,OppFi,NYSE,opend_us,True,
OPHC,合宜银行控股,AMEX,opend_us,True,
OPHV,Opti-Harvest,NASDAQ,opend_us,True,
OPINI,Office Properties Income Trust,NASDAQ,opend_us,True,
OPK,Opko健康,NASDAQ,opend_us,True,
OPLN,OPENLANE,NYSE,opend_us,True,
OPRA,欧朋公司,NASDAQ,opend_us,True,
OPRT,Oportun Financial,NASDAQ,opend_us,True,
OPRX,OptimizeRx,NASDAQ,opend_us,True,
OPTH,Optimi Health,NASDAQ,opend_us,True,
OPTT,Ocean Power Technologies,AMEX,opend_us,True,
OPTU,Optimum Communications,NYSE,opend_us,True,
OPTX,Syntec Optics Holdings,NASDAQ,opend_us,True,
OPXS,Optex Systems Holdings,NASDAQ,opend_us,True,
OPY,奥本海默控股,NYSE,opend_us,True,
OR,Osisko Gold Royalties,NYSE,opend_us,True,
ORA,奥玛特科技,NYSE,opend_us,True,
ORBS,Eightco Holdings,NASDAQ,opend_us,True,
ORCL,甲骨文,NYSE,opend_us,True,
ORGN,Origin  Materials,NASDAQ,opend_us,True,
ORGO,Organogenesis,NASDAQ,opend_us,True,
ORI,Old Republic International,NYSE,opend_us,True,
ORIC,Oric Pharmaceuticals,NASDAQ,opend_us,True,
ORIO,Orion Digital,NASDAQ,opend_us,True,
ORIQ,Origin Investment Corp I,NASDAQ,opend_us,True,
ORIQU,ORIGIN INVESTMENT CORP I UNITS 1 SHS & 1/2 WT(27/06/2030),NASDAQ,opend_us,True,
ORIS,闽东红,NASDAQ,opend_us,True,
ORKA,Oruka Therapeutics,NASDAQ,opend_us,True,
ORKT,OrangeKloud Technology,NASDAQ,opend_us,True,
ORLA,Orla Mining,AMEX,opend_us,True,
ORLY,奥莱利,NASDAQ,opend_us,True,
ORMP,Oramed Pharmaceuticals,NASDAQ,opend_us,True,
ORN,Orion Group,NYSE,opend_us,True,
ORRF,Orrstown Financial Services,NASDAQ,opend_us,True,
OSBC,Old Second Bancorp,NASDAQ,opend_us,True,
OSCR,Oscar Health,NYSE,opend_us,True,
OSG,Octave Specialty,NYSE,opend_us,True,
OSIS,OSI Systems,NASDAQ,opend_us,True,
OSK,Oshkosh,NYSE,opend_us,True,
OSPN,OneSpan,NASDAQ,opend_us,True,
OSRH,OSR Holdings,NASDAQ,opend_us,True,
OSS,One Stop Systems,NASDAQ,opend_us,True,
OST,奥斯汀科技集团,NASDAQ,opend_us,True,
OSTX,OS Therapies,AMEX,opend_us,True,
OSUR,奥瑞许科技,NASDAQ,opend_us,True,
OSW,OneSpaWorld,NASDAQ,opend_us,True,
OTEX,Open Text,NASDAQ,opend_us,True,
OTF,Blue Owl Technology Finance,NYSE,opend_us,True,
OTGA,OTG Acquisition Corp I,NASDAQ,opend_us,True,
OTGAU,OTG ACQUISITION CORP. I UNITS (1 CL A & 1/2 WT)05/09/2030,NASDAQ,opend_us,True,
OTIS,奥的斯,NYSE,opend_us,True,
OTLK,Outlook Therapeutics,NASDAQ,opend_us,True,
OTLY,Oatly Group AB,NASDAQ,opend_us,True,
OTSA,Otsaw,NASDAQ,opend_us,True,
OTTR,奥特泰尔,NASDAQ,opend_us,True,
OUST,Ouster,NASDAQ,opend_us,True,
OVBC,俄亥俄河谷银行,NASDAQ,opend_us,True,
OVID,Ovid Therapeutics,NASDAQ,opend_us,True,
OVLY,橡木谷银行,NASDAQ,opend_us,True,
OVV,Ovintiv,NYSE,opend_us,True,
OWL,Blue Owl Capital,NYSE,opend_us,True,
OWLS,OBOOK Holdings,NASDAQ,opend_us,True,
OWLT,Owlet inc,NYSE,opend_us,True,
OXBR,Oxbridge Re Holdings,NASDAQ,opend_us,True,
OXLCG,OXFORD LANE CAPITAL CORP 7.95% PREF 29/02/2032 USD 25,NASDAQ,opend_us,True,
OXLCI,OXFORD LANE CAPITAL CORP 8.75% NTS 30/06/30 USD25,NASDAQ,opend_us,True,
OXLCL,OXFORD LANE CAPITAL CORP 6.75% NOTES DUE 31/03/2031 USD25,NASDAQ,opend_us,True,
OXLCM,OXFORD LANE CAPITAL CORP 8.25% TERM PREF STK DUE 20/03/31 USD25,NASDAQ,opend_us,True,
OXLCN,OXFORD LANE CAPITAL CORP 7.125% PREFERRED SERIES 2029,NASDAQ,opend_us,True,
OXLCO,OXFORD LANE CAPITAL CORP 6% TERM PREFERRED SER 2029,NASDAQ,opend_us,True,
OXLCP,OXFORD LANE CAPITAL CORP 6.25% SER 2027 PREFERRD STOCK,NASDAQ,opend_us,True,
OXLCZ,OXFORD LANE CAPITAL CORP 5% NOTES DUE 31/01/2027,NASDAQ,opend_us,True,
OXM,牛津工业,NYSE,opend_us,True,
OXSQ,Oxford Square Capital Corp,NASDAQ,opend_us,True,
OXSQG,OXFORD SQUARE CAPITAL CORP 5.50% SR NOTES DUE 31/07/2028,NASDAQ,opend_us,True,
OXSQH,OXFORD SQUARE CAPITAL CORP 7.75%  NOTES DUE 31/07/2030,NASDAQ,opend_us,True,
OXSQL,Oxford Square Capital Corp.,NASDAQ,opend_us,True,
OXY,西方石油,NYSE,opend_us,True,
OYEAU,Oyster Enterprises II Acquisition Corp.,NASDAQ,opend_us,True,
OYSE,Oyster Enterprises II Acquisition Corp,NASDAQ,opend_us,True,
OYSER,OYSTER ENTERPRISES II ACQUISITION C COM USD0.0001(S/R 22/05/2030),NASDAQ,opend_us,True,
OYSEU,OYSTER ENTERPRISES II ACQUISITION C UNITS 1 CL A  SH & 1 RT(22/05/2030),NASDAQ,opend_us,True,
OZ,Belpointe PREP,AMEX,opend_us,True,
OZK,欧扎克银行,NASDAQ,opend_us,True,
OZKAP,BANK OZK 4.625% SERIES A NON-CUM PERP PFD STOCK,NASDAQ,opend_us,True,
P,Everpure,NYSE,opend_us,True,
PAA,Plains All American Pipeline,NASDAQ,opend_us,True,
PAAC,Proem Acquisition Corp I,NASDAQ,opend_us,True,
PAACU,PROEM ACQUISITION CORPORATION I UNIT 1 COM & 1/2 WT,NASDAQ,opend_us,True,
PAAS,泛美白银,NYSE,opend_us,True,
PAC,Pacific Airport,NYSE,opend_us,True,
PACB,Pacific Biosciences of California,NASDAQ,opend_us,True,
PACH,Pioneer Acquisition I Corp,NASDAQ,opend_us,True,
PACHU,PIONEER ACQUISITION I CORP UNIT 1 CL A & 1/2 WT EXP(16/06/2030),NASDAQ,opend_us,True,
PACK,Ranpak Holdings,NYSE,opend_us,True,
PACS,PACS Group,NYSE,opend_us,True,
PACWP,PacWest Bancorp ADR,NASDAQ,opend_us,True,
PAG,潘世奇汽车,NYSE,opend_us,True,
PAGP,Plains GP Holdings,NASDAQ,opend_us,True,
PAGS,PagSeguro Digital,NYSE,opend_us,True,
PAHC,Phibro Animal Health,NASDAQ,opend_us,True,
PAII,Pyrophyte Acquisition Corp. II,NYSE,opend_us,True,
PAL,Proficient Auto Logistics,NASDAQ,opend_us,True,
PALI,Palisade Bio,NASDAQ,opend_us,True,
PALO,PALOMA ACQUISITION CORPORATION I,NASDAQ,opend_us,True,
PALOU,PALOMA ACQUISITION CORPORATION I UNIT 1 CL A & 1/2 WT(12/02/2031),NASDAQ,opend_us,True,
PAM,Pampa Energia,NYSE,opend_us,True,
PAMT,PAMT CORP,NASDAQ,opend_us,True,
PANL,Pangaea Logistics Solutions,NASDAQ,opend_us,True,
PANW,Palo Alto Networks,NASDAQ,opend_us,True,
PAPA,Papa Medical,NASDAQ,opend_us,True,
PAPL,Pineapple Financial Inc,AMEX,opend_us,True,
PAR,PAR Technology,NYSE,opend_us,True,
PARAP,PARAMOUNT GLOBAL 5.75% PRF CONV 01/04/24,NASDAQ,opend_us,True,
PARK,Park Dental Partners,NASDAQ,opend_us,True,
PARR,Par Pacific,NYSE,opend_us,True,
PASG,Passage BIO,NASDAQ,opend_us,True,
PASW,平安生物医药,NASDAQ,opend_us,True,
PATH,UiPath,NYSE,opend_us,True,
PATK,Patrick Industries,NASDAQ,opend_us,True,
PATR,Patriot Acquisition Corp./CI,NASDAQ,opend_us,True,
PAVM,PAVmed,NASDAQ,opend_us,True,
PAVS,幸福来,NASDAQ,opend_us,True,
PAX,Patria Investments,NASDAQ,opend_us,True,
PAY,Paymentus Holdings,NYSE,opend_us,True,
PAYC,Paycom Software,NYSE,opend_us,True,
PAYO,Payoneer Global,NASDAQ,opend_us,True,
PAYP,PayPay,NASDAQ,opend_us,True,
PAYS,PaySign,NASDAQ,opend_us,True,
PAYX,沛齐,NASDAQ,opend_us,True,
PB,Prosperity Bancshares,NYSE,opend_us,True,
PBA,Pembina Pipeline,NYSE,opend_us,True,
PBC,poration 6.875% Notes Due 15/06/2029,NYSE,opend_us,True,
PBCTP,"People's United Financial, Inc. - Perpetual Preferred Series A Fixed-to-floating Rate",NASDAQ,opend_us,True,
PBF,PBF Energy,NYSE,opend_us,True,
PBFS,Pioneer Bancorp,NASDAQ,opend_us,True,
PBH,普雷斯蒂奇,NYSE,opend_us,True,
PBHC,Pathfinder Bancorp,NASDAQ,opend_us,True,
PBI,必能宝,NYSE,opend_us,True,
PBK,SolarBank,NASDAQ,opend_us,True,
PBLS,"Parabilis Medicines, Inc.",NASDAQ,opend_us,True,
PBM,Psyence Biomedical,NASDAQ,opend_us,True,
PBR,巴西石油公司,NYSE,opend_us,True,
PBR.A,巴西石油公司-Prefer,NYSE,opend_us,True,
PBYI,Puma Biotechnology,NASDAQ,opend_us,True,
PC,Premium Catering,NASDAQ,opend_us,True,
PCAP,ProCap Acquisition Corp,NASDAQ,opend_us,True,
PCAPU,PROCAP ACQUISITION CORP UNITS 1 ORD A & 1/3 RED (16/05/2030),NASDAQ,opend_us,True,
PCAR,帕卡,NASDAQ,opend_us,True,
PCB,PCB Bancorp,NASDAQ,opend_us,True,
PCG,太平洋煤电,NYSE,opend_us,True,
PCGU,PG&E CORP EQUITY UNIT,NYSE,opend_us,True,
PCLA,PicoCELA,NASDAQ,opend_us,True,
PCOR,Procore Technologies,NYSE,opend_us,True,
PCRX,Pacira BioSciences,NASDAQ,opend_us,True,
PCSA,Processa Pharmaceuticals,NASDAQ,opend_us,True,
PCSC,Perceptive Capital Solutions,NASDAQ,opend_us,True,
PCT,PureCycle Technologies,NASDAQ,opend_us,True,
PCTTU,PURECYCLE TECHNOLOGIES INC UNIT 1 COM & 3/4 WT EXP(17/06/2026),NASDAQ,opend_us,True,
PCTY,Paylocity,NASDAQ,opend_us,True,
PCVX,Vaxcyte,NASDAQ,opend_us,True,
PCYO,Pure Cycle,NASDAQ,opend_us,True,
PD,PagerDuty,NYSE,opend_us,True,
PDC,Perpetuals.com,NASDAQ,opend_us,True,
PDCC,Pearl Diver Credit Company,NYSE,opend_us,True,
PDD,拼多多,NASDAQ,opend_us,True,
PDEX,Pro-Dex,NASDAQ,opend_us,True,
PDFS,PDF Solutions,NASDAQ,opend_us,True,
PDLB,PDL Community Bancorp,NASDAQ,opend_us,True,
PDM,PIEDMONT REALTY TRUST INC.,NYSE,opend_us,True,
PDPA,PEARL DIVER CREDIT COMPANY  INC 8.00% SER A TERM PREF STK DUE 2029,NYSE,opend_us,True,
PDS,Precision Drilling,NYSE,opend_us,True,
PDSB,PDS Biotechnology,NASDAQ,opend_us,True,
PDYN,Palladyne AI,NASDAQ,opend_us,True,
PEBK,北加利福尼亚国民银行,NASDAQ,opend_us,True,
PEBO,Peoples Bancorp,NASDAQ,opend_us,True,
PECE,Peace Acquisition Corp,NASDAQ,opend_us,True,
PECER,PEACE ACQUISITION CORPORATION ORD USD0.0001 (S/R 19/05/2031),NASDAQ,opend_us,True,
PECEU,PEACE ACQUISITION CORPORATION UNITS CONS OF 1 ORD SHS & 1 RT 19/05/31,NASDAQ,opend_us,True,
PECO,Phillips Edison,NASDAQ,opend_us,True,
PED,Pedevco,AMEX,opend_us,True,
PEG,公务集团,NYSE,opend_us,True,
PEGA,Pegasystems,NASDAQ,opend_us,True,
PEN,Penumbra,NYSE,opend_us,True,
PENG,Penguin Solutions,NASDAQ,opend_us,True,
PENN,佩恩国民博彩,NASDAQ,opend_us,True,
PEP,百事可乐,NASDAQ,opend_us,True,
PEPG,PepGen,NASDAQ,opend_us,True,
PERF,Perfect,NYSE,opend_us,True,
PERI,Perion Network,NASDAQ,opend_us,True,
PESI,佩尔马福克斯环境服务,NASDAQ,opend_us,True,
PETS,PetMed Express,NASDAQ,opend_us,True,
PETZ,天地荟,NASDAQ,opend_us,True,
PEW,GrabAGun Digital Holdings,NYSE,opend_us,True,
PFAI,Pinnacle Food Group,NASDAQ,opend_us,True,
PFBC,保富银行,NASDAQ,opend_us,True,
PFE,辉瑞,NYSE,opend_us,True,
PFG,信安金融,NASDAQ,opend_us,True,
PFGC,Performance Food,NYSE,opend_us,True,
PFH,PRUDENTIAL FINANCIAL INC 4.125% JUNIOR SUB NOTES DUE (01/09/2060),NYSE,opend_us,True,
PFIS,人民金服,NASDAQ,opend_us,True,
PFLA,PENNANTPARK FLOATING RATE CAP LTD 7.375% NTS 15/06/2031 USD25,NYSE,opend_us,True,
PFLT,PennantPark,NYSE,opend_us,True,
PFS,Provident Financial Services,NYSE,opend_us,True,
PFSA,Profusa,NASDAQ,opend_us,True,
PFSI,PennyMac Financial Services,NYSE,opend_us,True,
PFX,PhenixFIN,NASDAQ,opend_us,True,
PFXNL,PHENIXFIN CORPORATION 6.125% NTS 13/03/23 USD25,NASDAQ,opend_us,True,
PFXNZ,PHENIXFIN CORPORATION 5.25% NOTES DUE 01/11/2028,NASDAQ,opend_us,True,
PG,宝洁,NYSE,opend_us,True,
PGAC,Pantages Capital Acquisition,NASDAQ,opend_us,True,
PGACR,PANTAGES CAPITAL ACQUISITION CORP. COM USD0.0001 A (SUBS/RTS) 15/11/2029,NASDAQ,opend_us,True,
PGACU,PANTAGES CAPITAL ACQUISITION CORP. UNITS 15/11/2029 (1 ORD A & 1 RT),NASDAQ,opend_us,True,
PGC,皮帕克格拉德斯通金融,NASDAQ,opend_us,True,
PGEN,Precigen,NASDAQ,opend_us,True,
PGNY,Progyny,NASDAQ,opend_us,True,
PGR,前进保险,NYSE,opend_us,True,
PGY,Pagaya Technologies,NASDAQ,opend_us,True,
PH,派克汉尼汾,NYSE,opend_us,True,
PHAR,Pharming Group,NASDAQ,opend_us,True,
PHAT,Phathom Pharmaceuticals,NASDAQ,opend_us,True,
PHCC,Preston Hollow Community Capital,NYSE,opend_us,True,
PHG,飞利浦,NYSE,opend_us,True,
PHGE,BiomX,AMEX,opend_us,True,
PHI,菲律宾长途电话,NYSE,opend_us,True,
PHIN,Phinia,NYSE,opend_us,True,
PHIO,Phio Pharmaceuticals,NASDAQ,opend_us,True,
PHM,普得集团,NYSE,opend_us,True,
PHOE,Phoenix Asia,NASDAQ,opend_us,True,
PHR,Phreesia,NYSE,opend_us,True,
PHUN,Phunware,NASDAQ,opend_us,True,
PHVS,Pharvaris,NASDAQ,opend_us,True,
PI,Impinj,NASDAQ,opend_us,True,
PICS,PicS NV,NASDAQ,opend_us,True,
PII,北极星,NYSE,opend_us,True,
PIII,P3 Health Partners,NASDAQ,opend_us,True,
PINS,Pinterest,NYSE,opend_us,True,
PIPR,派杰投资,NYSE,opend_us,True,
PIXY,ShiftPixy(已退市),NASDAQ,opend_us,True,
PJT,PJT Partners,NYSE,opend_us,True,
PKBK,帕克合众银行,NASDAQ,opend_us,True,
PKE,帕克航空航天,NYSE,opend_us,True,
PKG,美国包装公司,NYSE,opend_us,True,
PKOH,帕克俄亥俄控股,NASDAQ,opend_us,True,
PKX,浦项钢铁,NYSE,opend_us,True,
PL,Planet Labs PBC,NYSE,opend_us,True,
PLAB,福尼克斯,NASDAQ,opend_us,True,
PLAG,美国绿星球,AMEX,opend_us,True,
PLAI,PressLogic,NASDAQ,opend_us,True,
PLAO,Patria Latin American Opportunity Acquisition Corp,NASDAQ,opend_us,True,
PLAY,Dave & Buster's Entertainment,NASDAQ,opend_us,True,
PLBC,Plumas Bancorp,NASDAQ,opend_us,True,
PLBL,Polibeli,NASDAQ,opend_us,True,
PLBY,Playboy Inc,NASDAQ,opend_us,True,
PLCE,儿童之家,NASDAQ,opend_us,True,
PLG,Platinum Group Metals,AMEX,opend_us,True,
PLGO,Pelagos Insurance,NYSE,opend_us,True,
PLMK,PLUM ACQUISITION CORP IV,NASDAQ,opend_us,True,
PLMKU,PLUM ACQUISITION CORP IV UNITS 19/08/2029 (1 ORD CL A & 1/2 WT),NASDAQ,opend_us,True,
PLMR,Palomar Holdings,NASDAQ,opend_us,True,
PLNT,Planet Fitness,NYSE,opend_us,True,
PLOW,Douglas Dynamics,NYSE,opend_us,True,
PLPC,Preformed Line Products,NASDAQ,opend_us,True,
PLRX,Pliant Therapeutics,NASDAQ,opend_us,True,
PLRZ,Polyrizon,NASDAQ,opend_us,True,
PLSE,Pulse Biosciences,NASDAQ,opend_us,True,
PLSM,Pulsenmore,NASDAQ,opend_us,True,
PLTK,Playtika Holding,NASDAQ,opend_us,True,
PLTR,Palantir,NASDAQ,opend_us,True,
PLTS,Platinum Analytics Cayman Ltd,NASDAQ,opend_us,True,
PLUG,普拉格能源,NASDAQ,opend_us,True,
PLUNU,Plutonian Acquisition Corp. II,NYSE,opend_us,True,
PLUR,Pluri Inc,NASDAQ,opend_us,True,
PLUS,正羽科技,NASDAQ,opend_us,True,
PLUT,贝德斯金融,NASDAQ,opend_us,True,
PLX,Protalix Biotherapeutics,AMEX,opend_us,True,
PLXS,普雷克萨斯,NASDAQ,opend_us,True,
PLYX,Polaryx Therapeutics,NASDAQ,opend_us,True,
PM,菲利普莫里斯,NYSE,opend_us,True,
PMAX,安林财经印刷,NASDAQ,opend_us,True,
PMCB,PharmaCyte Biotech,NASDAQ,opend_us,True,
PMEC,Primech Holdings,NASDAQ,opend_us,True,
PMI,Picard Medical,AMEX,opend_us,True,
PMN,ProMIS Neurosciences,NASDAQ,opend_us,True,
PMNT,Perfect Moment,AMEX,opend_us,True,
PMTR,Perimeter Acquisition Corp. I,NASDAQ,opend_us,True,
PMTRU,PERIMETER ACQUISITION CORP I UNIT 1 CL A & 1/2 WT EXP (13/05/2030),NASDAQ,opend_us,True,
PMTS,CPI Card Group,NASDAQ,opend_us,True,
PMTU,PENNYMAC MORTGAGE INVESTMENT TRUST 8.50% SENIOR NOTES DUE 30/09/2028,NYSE,opend_us,True,
PMTV,PENNYMAC MORTGAGE INVESTMENT TRUST 9.00% SENIOR NOTES DUE 15/02/2030,NYSE,opend_us,True,
PMTW,PENNYMAC MORTGAGE INVESTMENT TRUST 9.00% SR NTS DUE 15/06/2030 USD25,NYSE,opend_us,True,
PMVP,PMV Pharmaceuticals,NASDAQ,opend_us,True,
PN,斯凯蒙太阳能集团,NASDAQ,opend_us,True,
PNBK,Pacific Mercantile Bancorp,NASDAQ,opend_us,True,
PNC,PNC金融服务集团,NYSE,opend_us,True,
PNFP,Pinnacle Financial Partners,NYSE,opend_us,True,
PNNT,PennantPark Investment,NYSE,opend_us,True,
PNNTG,PENNANTPARK INVESTMENT CORPORATION 5.50% SENIOR NOTES 2024 USD25,NASDAQ,opend_us,True,
PNR,滨特尔,NYSE,opend_us,True,
PNRG,PrimeEnergy Resources,NASDAQ,opend_us,True,
PNTG,Pennant Group,NASDAQ,opend_us,True,
PNW,西帕纳卡资本,NYSE,opend_us,True,
POAS,Phaos Technology (Cayman),AMEX,opend_us,True,
POCI,Precision Optics,NASDAQ,opend_us,True,
PODC,PodcastOne,NASDAQ,opend_us,True,
PODD,银休特,NASDAQ,opend_us,True,
POET,POET Technologies,NASDAQ,opend_us,True,
POLA,Polar Power,NASDAQ,opend_us,True,
POLE,Andretti Acquisition Corp II,NASDAQ,opend_us,True,
POLEU,ANDRETTI ACQUISITION CORP. II UNITS(1 ORD CLASS A & 1/2 WT),NASDAQ,opend_us,True,
POM,石榴云医,NASDAQ,opend_us,True,
PONO,Pono Capital Four,NASDAQ,opend_us,True,
PONOR,PONO CAPITAL FOUR INC ORD USD0.0001 CL A (SUB/RT) 20/02/31,NASDAQ,opend_us,True,
PONOU,PONO CAPITAL FOUR INC UNIT CONS 1 ORD CL A & 1 RT (11/03/2031),NASDAQ,opend_us,True,
PONY,小马智行,NASDAQ,opend_us,True,
POOL,Pool Corp,NASDAQ,opend_us,True,
POR,波特兰通用电气,NYSE,opend_us,True,
POST,Post Holdings,NYSE,opend_us,True,
POWI,帕沃英蒂格盛,NASDAQ,opend_us,True,
POWL,Powell Industries,NASDAQ,opend_us,True,
POWW,Outdoor Holding,NASDAQ,opend_us,True,
POWWP,OUTDOOR HOLDING COMPANY 8.75% CUM RED PFD SHS SER A,NASDAQ,opend_us,True,
PPBT,Purple Biotech,NASDAQ,opend_us,True,
PPC,Pilgrim's Pride,NASDAQ,opend_us,True,
PPCB,Propanc Biopharma,NASDAQ,opend_us,True,
PPG,PPG工业,NYSE,opend_us,True,
PPHC,Public Policy,NASDAQ,opend_us,True,
PPHPR,PHP VENTURES ACQUISITION CORP COM USD0.0001 CL A (SUB/RGT 01/01/2023),NASDAQ,opend_us,True,
PPIH,Perma-Pipe International Holdings,NASDAQ,opend_us,True,
PPL,宾州电力,NYSE,opend_us,True,
PPLC,PPL CORP CORPORATE UNIT,NYSE,opend_us,True,
PPLI,People,NASDAQ,opend_us,True,
PPSI,先驱电气,NASDAQ,opend_us,True,
PPTA,Perpetua Resources,NASDAQ,opend_us,True,
PPX,PPL Capital Funding,NYSE,opend_us,True,
PR,Permian Resources,NYSE,opend_us,True,
PRA,Proassurance,NYSE,opend_us,True,
PRAA,PRA Group,NASDAQ,opend_us,True,
PRAX,Praxis Precision Medicines,NASDAQ,opend_us,True,
PRB,Peak Resources,AMEX,opend_us,True,
PRCH,Porch Group,NASDAQ,opend_us,True,
PRCT,PROCEPT BioRobotics,NASDAQ,opend_us,True,
PRDO,Perdoceo Education,NASDAQ,opend_us,True,
PRE,Prenetics Global,NASDAQ,opend_us,True,
PRFX,PRF Technologies,NASDAQ,opend_us,True,
PRG,PROG Holdings,NYSE,opend_us,True,
PRGO,百利高,NYSE,opend_us,True,
PRGS,Progress Software,NASDAQ,opend_us,True,
PRH,PRUDENTIAL FINANCIAL INC 5.950%JUNIOR SUBORD NOTES DUE 2062 USD25,NYSE,opend_us,True,
PRHI,Presurance Holdings,NASDAQ,opend_us,True,
PRHIZ,PRESURANCE HOLDINGS INC. 9.75% NTS 30/09/28 USD25,NASDAQ,opend_us,True,
PRI,Primerica,NYSE,opend_us,True,
PRIM,Primoris Services,NYSE,opend_us,True,
PRK,Park National,AMEX,opend_us,True,
PRKS,United Parks & Resorts,NYSE,opend_us,True,
PRLB,Proto Labs,NYSE,opend_us,True,
PRLD,Prelude Therapeutics,NASDAQ,opend_us,True,
PRLH,Pearl Holdings Acquisition Corp,NASDAQ,opend_us,True,
PRM,Perimeter Solutions,NYSE,opend_us,True,
PRMB,Primo Brands,NYSE,opend_us,True,
PRME,Prime Medicine,NASDAQ,opend_us,True,
PROF,Profound Medical,NASDAQ,opend_us,True,
PROK,ProKidney,NASDAQ,opend_us,True,
PROP,Prairie Operating,NASDAQ,opend_us,True,
PROV,Provident Financial,NASDAQ,opend_us,True,
PRPL,Purple Innovation,NASDAQ,opend_us,True,
PRPO,Precipio,NASDAQ,opend_us,True,
PRQR,ProQR Therapeutics,NASDAQ,opend_us,True,
PRS,PRUDENTIAL FINANCIAL INC 5.625%JUNIOR SUBORDINATED NOTES DUE 2058,NYSE,opend_us,True,
PRSO,Peraso,NASDAQ,opend_us,True,
PRSR,PROSPECTOR CAP CORP,NASDAQ,opend_us,True,
PRSU,Pursuit Attractions and Hospitality,NYSE,opend_us,True,
PRTA,Prothena,NASDAQ,opend_us,True,
PRTH,Priority Technology,NASDAQ,opend_us,True,
PRTS,CarParts.com,NASDAQ,opend_us,True,
PRU,保德信金融,NYSE,opend_us,True,
PRVA,Privia Health,NASDAQ,opend_us,True,
PRZO,ParaZero Technologies,NASDAQ,opend_us,True,
PS,Pershing Square,NYSE,opend_us,True,
PSAC.FTOLD,Property Solutions Acquisition,NASDAQ,opend_us,True,
PSBD,Palmer Square Capital BDC,NYSE,opend_us,True,
PSEC,普罗斯佩克特资本,NASDAQ,opend_us,True,
PSFE,Paysafe,NYSE,opend_us,True,
PSHG,Performance Shipping,NASDAQ,opend_us,True,
PSIG,PS International Group,NASDAQ,opend_us,True,
PSIX,Power Solutions International,NASDAQ,opend_us,True,
PSKY,Paramount Skydance,NASDAQ,opend_us,True,
PSMT,普尔斯玛特,NASDAQ,opend_us,True,
PSN,Parsons,NYSE,opend_us,True,
PSNL,Personalis,NASDAQ,opend_us,True,
PSNY,极星汽车,NASDAQ,opend_us,True,
PSNYW,POLESTAR AUTOMOTIVE HOLDING UK PLC SPON ADS C-1 EACH RP 30 CL C ORD (R/S),NASDAQ,opend_us,True,
PSO,培生,NYSE,opend_us,True,
PSQH,PSQ Holdings,NYSE,opend_us,True,
PSTV,Plus Therapeutics,NASDAQ,opend_us,True,
PSX,Phillips 66,NYSE,opend_us,True,
PTACU,PATRIOT ACQUISITION BIDCO LTD UNIT 1 ORD SHS CL A & 1/2 WT EXP,NASDAQ,opend_us,True,
PTC,PTC Inc,NASDAQ,opend_us,True,
PTCT,PTC Therapeutics,NASDAQ,opend_us,True,
PTEN,Patterson-UTI Energy,NASDAQ,opend_us,True,
PTEST,NYSE AMERICAN TEST SYMBOL,AMEX,opend_us,True,
PTGX,Protagonist Therapeutics,NASDAQ,opend_us,True,
PTHS,Pelthos Therapeutics,AMEX,opend_us,True,
PTLE,长安能源,NASDAQ,opend_us,True,
PTLO,Portillo,NASDAQ,opend_us,True,
PTN,Palatin Technologies,NASDAQ,opend_us,True,
PTNM,Pitanium,NASDAQ,opend_us,True,
PTON,Peloton Interactive,NASDAQ,opend_us,True,
PTOR,PRAETORIAN ACQUISITION CORP,NASDAQ,opend_us,True,
PTORU,PRAETORIAN ACQUISITION CORP UNITS 1 ORD A & 1/3 RED WT (16/01/2031),NASDAQ,opend_us,True,
PTRN,Pattern Group,NASDAQ,opend_us,True,
PUBM,Pubmatic,NASDAQ,opend_us,True,
PUK,英国保诚,NYSE,opend_us,True,
PULM,Pulmatrix,NASDAQ,opend_us,True,
PUMP,ProPetro Holding,NYSE,opend_us,True,
PURR,HYPERLIQUID STRATEGIES INC,NASDAQ,opend_us,True,
PUSA,Aureus Greenway,NASDAQ,opend_us,True,
PVH,PVH Corp,NYSE,opend_us,True,
PVLA,Palvella Therapeutics,NASDAQ,opend_us,True,
PW,Power REIT,AMEX,opend_us,True,
PWP,温伯格合伙公司,NASDAQ,opend_us,True,
PWR,广达服务,NYSE,opend_us,True,
PWRL,Powerlaw Corp,NASDAQ,opend_us,True,
PXED,Phoenix Education Partners,NYSE,opend_us,True,
PXLW,美国像素,NASDAQ,opend_us,True,
PXS,Pyxis Tankers,NASDAQ,opend_us,True,
PXSAP,PYXIS TANKERS INC,NASDAQ,opend_us,True,
PYPD,PolyPid,NASDAQ,opend_us,True,
PYPL,PayPal,NASDAQ,opend_us,True,
PYT,PPLUS TRUST CERTIFICATE 6.345% PRF 15/02/34 SER GSC-2 USD25,NYSE,opend_us,True,
PYXS,Pyxis Oncology,NASDAQ,opend_us,True,
PZG,Paramount Gold Nevada,AMEX,opend_us,True,
PZZA,棒约翰,NASDAQ,opend_us,True,
Q,Qnity Electronics,NYSE,opend_us,True,
QADR,QDRO Acquisition Corp,NASDAQ,opend_us,True,
QADRO,QDRO Acquisition Corp.,NASDAQ,opend_us,True,
QADRU,QDRO ACQUISITION CORP UNITS 1 CL A ORD & 1/2 WT (28/01/2031),NASDAQ,opend_us,True,
QBTS,D-Wave Quantum,NYSE,opend_us,True,
QCLS,Q/C Technologies,NASDAQ,opend_us,True,
QCOM,高通,NASDAQ,opend_us,True,
QCRH,QCR Holdings,NASDAQ,opend_us,True,
QDEL,窥得儿医药,NASDAQ,opend_us,True,
QETA,Quetta Acquisition Corporation,NASDAQ,opend_us,True,
QETAU,QUETTA ACQUISITION CORPORATION UNIT 1 COM &  1/10 RT 30/11/2024,NASDAQ,opend_us,True,
QFIN,奇富科技,NASDAQ,opend_us,True,
QGEN,快而精医药,NYSE,opend_us,True,
QH,趣活,NASDAQ,opend_us,True,
QIWI,Qiwi,NASDAQ,opend_us,True,
QLEPU,Quantum Leap Acquisition Corp.,NYSE,opend_us,True,
QLYS,科力斯,NASDAQ,opend_us,True,
QMCO,昆腾,NASDAQ,opend_us,True,
QMMM,QMMM Holdings,NASDAQ,opend_us,True,
QNC,Quantum eMotion,AMEX,opend_us,True,
QNCX,Quince Therapeutics,NASDAQ,opend_us,True,
QNRX,Quoin Pharmaceuticals,NASDAQ,opend_us,True,
QNST,QuinStreet,NASDAQ,opend_us,True,
QNT,QUANTINUUM INC,NASDAQ,opend_us,True,
QNTM,Quantum BioPharma,NASDAQ,opend_us,True,
QRED,QUASAREDGE ACQUISITION CORP,NYSE,opend_us,True,
QREDU,QuasarEdge Acquisition Corp.,NASDAQ,opend_us,True,
QRHC,Quest Resource Holding,NASDAQ,opend_us,True,
QRVO,Qorvo,NASDAQ,opend_us,True,
QS,QuantumScape,NASDAQ,opend_us,True,
QSEA,QUARTZSEA ACQUISITION CORP,NASDAQ,opend_us,True,
QSEAR,QUARTZSEA ACQUISITION CORP ORD USD0.0001 (18/02/2030) (S/R),NASDAQ,opend_us,True,
QSEAU,Quartzsea Acquisition Corp,NASDAQ,opend_us,True,
QSI,Quantum-Si,NASDAQ,opend_us,True,
QSR,餐饮品牌国际,NYSE,opend_us,True,
QTEX,Qtrex Quantum,NASDAQ,opend_us,True,
QTI,QT Imaging,NASDAQ,opend_us,True,
QTRX,Quanterix,NASDAQ,opend_us,True,
QTTB,Q32 Bio,NASDAQ,opend_us,True,
QTWO,Q2 Holdings,NYSE,opend_us,True,
QUAD,Quad/Graphics,NYSE,opend_us,True,
QUBT,Quantum Computing,NASDAQ,opend_us,True,
QUCY,Quantum Cyber,NASDAQ,opend_us,True,
QUIK,快辑半导体,NASDAQ,opend_us,True,
QUMS,QUANTUMSPHERE ACQUISITION CORP.,NASDAQ,opend_us,True,
QUMSR,QUANTUMSPHERE ACQUISITION CORP. ORD USD0.0001 (S/R 06/08/2030),NASDAQ,opend_us,True,
QUMSU,QUANTUMSPHERE ACQUISITION CORP. UNIT 1 SH & 1 RT (30/07/2030),NASDAQ,opend_us,True,
QURE,uniQure NV,NASDAQ,opend_us,True,
QXL,Quantum X Labs,NASDAQ,opend_us,True,
QXO,QXO Inc,NYSE,opend_us,True,
R,莱德系统,NYSE,opend_us,True,
RAAQ,REAL ASSET ACQUISITION CORP,NASDAQ,opend_us,True,
RAAQU,REAL ASSET ACQUISITION CORP UNIT 1 SHS CL A & 1/2 WT,NASDAQ,opend_us,True,
RAC,Rithm Acquisition Corp.,NYSE,opend_us,True,
RACC,Research Alliance Corp III,NASDAQ,opend_us,True,
RACE,法拉利,NYSE,opend_us,True,
RACY,Relativity Acquisition Corp,NASDAQ,opend_us,True,
RADX,Radiopharm Theranostics,NASDAQ,opend_us,True,
RAIL,FreightCar America,NASDAQ,opend_us,True,
RAIN,Rain Enhancement Technologies,NASDAQ,opend_us,True,
RAL,Ralliant,NYSE,opend_us,True,
RAMP,LiveRamp,NYSE,opend_us,True,
RAN,RanMarine Technology,NASDAQ,opend_us,True,
RAND,兰德资本,NASDAQ,opend_us,True,
RANG,RANGE CAPITAL ACQUISITION CORP,NASDAQ,opend_us,True,
RANGR,RANGE CAP ACQUISITION CORP COM USD0.0001 (SUBS/RTS),NASDAQ,opend_us,True,
RANGU,RANGE CAP ACQUISITION CORP UNIT 1 COM & 1 RT,NASDAQ,opend_us,True,
RANI,Rani Therapeutics,NASDAQ,opend_us,True,
RAPP,Rapport Therapeutics,NASDAQ,opend_us,True,
RARE,Ultragenyx Pharmaceutical,NASDAQ,opend_us,True,
RAVE,Rave Restaurant Group,NASDAQ,opend_us,True,
RAY,雷特控股,NASDAQ,opend_us,True,
RAYA,雷亚电子,NASDAQ,opend_us,True,
RBA,里奇兄弟拍卖,NYSE,opend_us,True,
RBB,RBB Bancorp,NASDAQ,opend_us,True,
RBBN,Ribbon Communications,NASDAQ,opend_us,True,
RBC,RBC轴承,NYSE,opend_us,True,
RBCAA,Republic Bancorp,NASDAQ,opend_us,True,
RBCP,RBC BEARINGS INC. 5.00% PFD CONV SER A,NYSE,opend_us,True,
RBKB,Rhinebeck Bancorp,NASDAQ,opend_us,True,
RBLX,Roblox,NYSE,opend_us,True,
RBNE,Robin Energy,NASDAQ,opend_us,True,
RBRK,Rubrik,NYSE,opend_us,True,
RCA,Ready Capital Corp.,NYSE,opend_us,True,
RCAT,Red Cat Holdings,NASDAQ,opend_us,True,
RCD,READY CAPITAL CORPORATION 9.00% SENIOR NOTES DUE 2029,NYSE,opend_us,True,
RCEL,Avita Medical,NASDAQ,opend_us,True,
RCI,罗杰斯通信,NYSE,opend_us,True,
RCKT,Rocket Pharmaceuticals,NASDAQ,opend_us,True,
RCKY,Rocky Brands,NASDAQ,opend_us,True,
RCL,皇家加勒比邮轮,NYSE,opend_us,True,
RCMT,RCM Technologies,NASDAQ,opend_us,True,
RCON,研控科技,NASDAQ,opend_us,True,
RCT,RedCloud,NASDAQ,opend_us,True,
RCUS,Arcus Biosciences,NYSE,opend_us,True,
RDAC,RISING DRAGON ACQUISITION CORP,NASDAQ,opend_us,True,
RDACR,RISING DRAGON ACQUISITION CORP COM USD0.0001 15/11/2028 (SUBS/RT),NASDAQ,opend_us,True,
RDACU,Rising Dragon Acquisition Corp,NASDAQ,opend_us,True,
RDAG,Republic Digital Acquisition,NASDAQ,opend_us,True,
RDAGU,REPUBLIC DIGITAL ACQUISITION CO UNITS 1 CL A SHS &1/2 WT,NASDAQ,opend_us,True,
RDCM,Radcom,NASDAQ,opend_us,True,
RDDT,Reddit,NYSE,opend_us,True,
RDGT,Ridgetech,NASDAQ,opend_us,True,
RDHL,Redhill Biopharma,NASDAQ,opend_us,True,
RDI,Reading International-A,NASDAQ,opend_us,True,
RDIB,Reading International-B,NASDAQ,opend_us,True,
RDN,Radian Group,NYSE,opend_us,True,
RDNT,RadNet,NASDAQ,opend_us,True,
RDNW,RideNow Group,NASDAQ,opend_us,True,
RDTXU,Roman DBDR Tech Acquisition Corp. II,NASDAQ,opend_us,True,
RDVT,Red Violet,NASDAQ,opend_us,True,
RDW,Redwire,NYSE,opend_us,True,
RDWR,Radware,NASDAQ,opend_us,True,
RDY,如瑞迪博士,NYSE,opend_us,True,
RDZN,Roadzen,NASDAQ,opend_us,True,
REA,Rare Earths Americas,AMEX,opend_us,True,
REAL,TheRealReal,NASDAQ,opend_us,True,
REAX,The Real Brokerage,NASDAQ,opend_us,True,
REBN,Reborn Coffee,NASDAQ,opend_us,True,
RECT,Rectitude Holdings,NASDAQ,opend_us,True,
REE,REE Automotive,NASDAQ,opend_us,True,
REED,Reed's Inc,AMEX,opend_us,True,
REFI,Chicago Atlantic Real Estate Finance,NASDAQ,opend_us,True,
REFR,Research Frontiers,NASDAQ,opend_us,True,
REGCO,REGENCY CENTERS CORP 5.875% CUM RED SER B PFD SHS,NASDAQ,opend_us,True,
REGCP,REGENCY CENTERS CORP 6.25% CUM RED SER A PFD SHS,NASDAQ,opend_us,True,
REGN,再生元制药公司,NASDAQ,opend_us,True,
REI,Ring Energy,AMEX,opend_us,True,
REKR,Rekor Systems,NASDAQ,opend_us,True,
RELL,理查森电子,NASDAQ,opend_us,True,
RELX,RELX PLC,NYSE,opend_us,True,
RELY,Remitly Global,NASDAQ,opend_us,True,
RENT,Rent the Runway,NASDAQ,opend_us,True,
RENX,RenX Enterprises,NASDAQ,opend_us,True,
REPL,Replimune,NASDAQ,opend_us,True,
REPX,Riley Exploration Permian,AMEX,opend_us,True,
RERE,爱回收,NYSE,opend_us,True,
RES,RPC Inc,NYSE,opend_us,True,
RETO,瑞图生态,NASDAQ,opend_us,True,
REVB,Revelation Biosciences,NASDAQ,opend_us,True,
REX,REX American Resources,NYSE,opend_us,True,
REYN,Reynolds Consumer Products,NASDAQ,opend_us,True,
REZI,Resideo Technologies,NYSE,opend_us,True,
RF,地区金融,NYSE,opend_us,True,
RFAI,RF ACQUISITION CORP II,NASDAQ,opend_us,True,
RFAIR,RF ACQUISITION CORP II COM USD0.0001 (S/R 01/05/2026),NASDAQ,opend_us,True,
RFAIU,RF ACQUISITION CORP II UNIT (1 ORD SHS & 1 RT),NASDAQ,opend_us,True,
RFAM,RF ACQUISITION CORP III,NASDAQ,opend_us,True,
RFAMR,RF ACQUISITION CORP III COM USD0.0001 (S/R 28/01/2031),NASDAQ,opend_us,True,
RFAMU,RF ACQUISITION CORP III UNIT 1 COM & 1 RT TO RECEIVE 1/10 ORD,NASDAQ,opend_us,True,
RFIL,RF Industries,NASDAQ,opend_us,True,
RFL,Rafael Holdings,NYSE,opend_us,True,
RGA,美国再保险集团,NYSE,opend_us,True,
RGC,脑再生科技,NASDAQ,opend_us,True,
RGCO,RGC Resources,NASDAQ,opend_us,True,
RGEN,Repligen,NASDAQ,opend_us,True,
RGLD,皇家黄金,NASDAQ,opend_us,True,
RGNT,Regentis Biomaterials,AMEX,opend_us,True,
RGNX,Regenxbio,NASDAQ,opend_us,True,
RGP,Resources Connection,NASDAQ,opend_us,True,
RGR,斯特姆-鲁格,NYSE,opend_us,True,
RGS,Regis,NASDAQ,opend_us,True,
RGTI,Rigetti Computing,NASDAQ,opend_us,True,
RH,RH,NYSE,opend_us,True,
RHDM,Rhodium Enterprises,NASDAQ,opend_us,True,
RHI,罗致恒富,NYSE,opend_us,True,
RHLD,Resolute Holdings Management,NYSE,opend_us,True,
RIBB,Ribbon Acquisition Corp,NASDAQ,opend_us,True,
RIBBR,RIBBON ACQUISITION CORP COM USD0.0001 CL A 31/12/2026(SUB/RIGHT),NASDAQ,opend_us,True,
RIBBU,RIBBON ACQUISITION CORP UNITS CONSISTNG 1 CL A ORD SHS & 1 RT,NASDAQ,opend_us,True,
RICK,RCI Hospitality Holdings,NASDAQ,opend_us,True,
RIG,Transocean,NYSE,opend_us,True,
RIGL,Rigel Pharmaceuticals,NASDAQ,opend_us,True,
RIKU,Riku Dining,NASDAQ,opend_us,True,
RILY,BRC Group Holdings Inc,NASDAQ,opend_us,True,
RILYG,BRC GP HLDGS INC 5.00% SENIOR NOTES DUE (31/12/2026),NASDAQ,opend_us,True,
RILYL,BRC GP HLDGS INC 7.375% DEP SHS EACH REP 1/1000 PFD SER B,NASDAQ,opend_us,True,
RILYM,B RILEY FINANCIAL INC 6.375% SENIOR NOTES DUE 2025,NASDAQ,opend_us,True,
RILYN,BRC GP HLDGS INC 6.5% SR NOTES DUE 30/09/2026 USD25,NASDAQ,opend_us,True,
RILYO,B RILEY FINANCIAL INC 6.75% SENIOR NOTES DUE 31/05/2024,NASDAQ,opend_us,True,
RILYP,BRC GP HLDGS INC 6.875% DEP SHS REP 1/1000 CUM PFD SER A,NASDAQ,opend_us,True,
RILYT,BRC GP HLDGS INC 6.00% SENIOR NOTES DUE 2028,NASDAQ,opend_us,True,
RILYZ,BRC GP HLDGS INC 5.25% SENIOR NOTES DUE 31/08/2028,NASDAQ,opend_us,True,
RIME,Algorhythm,NASDAQ,opend_us,True,
RIO,力拓,NYSE,opend_us,True,
RIOT,Riot Platforms,NASDAQ,opend_us,True,
RITR,域塔物流科技,NASDAQ,opend_us,True,
RIVN,Rivian Automotive,NASDAQ,opend_us,True,
RJET,Republic Airways Holdings,NASDAQ,opend_us,True,
RJF,瑞杰金融,NYSE,opend_us,True,
RKDA,阿凯迪亚生物科学,NASDAQ,opend_us,True,
RKLB,Rocket Lab,NASDAQ,opend_us,True,
RKT,Rocket,NYSE,opend_us,True,
RKTO,Rocket One,NASDAQ,opend_us,True,
RL,拉夫劳伦,NYSE,opend_us,True,
RLAY,Relay Therapeutics,NASDAQ,opend_us,True,
RLGT,Radiant Logistics,AMEX,opend_us,True,
RLI,RLI保险,NYSE,opend_us,True,
RLMD,Relmada Therapeutics,NASDAQ,opend_us,True,
RLX,雾芯科技,NYSE,opend_us,True,
RLYB,Rallybio,NASDAQ,opend_us,True,
RM,Regional Management,NYSE,opend_us,True,
RMAX,RE/MAX Holdings,NYSE,opend_us,True,
RMBI,Richmond Mutual Bancorp,NASDAQ,opend_us,True,
RMBS,Rambus,NASDAQ,opend_us,True,
RMCF,洛矶山巧克力工厂,NASDAQ,opend_us,True,
RMCO,Royalty Management,NASDAQ,opend_us,True,
RMD,瑞思迈,NYSE,opend_us,True,
RMGDU,RMG ACQUISITION CORP IV UNIT 1 CL A SHS & 1/5 WT EXP,NASDAQ,opend_us,True,
RMIX,Suncrete,NASDAQ,opend_us,True,
RMNI,Rimini Street,NASDAQ,opend_us,True,
RMR,The RMR Group,NASDAQ,opend_us,True,
RMSG,Real Messenger,NASDAQ,opend_us,True,
RMTI,Rockwell Medical,NASDAQ,opend_us,True,
RNA,Atrium Therapeutics,NASDAQ,opend_us,True,
RNAC,Cartesian Therapeutics,NASDAQ,opend_us,True,
RNAZ,Transcode Therapeutics,NASDAQ,opend_us,True,
RNG,RingCentral,NYSE,opend_us,True,
RNGR,Ranger Energy Services,NYSE,opend_us,True,
RNGT,Range Capital Acquisition Corp II,NASDAQ,opend_us,True,
RNGTU,RANGE CAP ACQUISITION CORP II UNIT 1 CL A & 1/2 WT 29/09/2030,NASDAQ,opend_us,True,
RNR,RenaissanceRe Holdings,NYSE,opend_us,True,
RNST,Renasant,NYSE,opend_us,True,
RNTX,Rein Therapeutics,NASDAQ,opend_us,True,
RNW,ReNew Energy Global,NASDAQ,opend_us,True,
RNXT,RenovoRx,NASDAQ,opend_us,True,
ROAD,Construction Partners,NASDAQ,opend_us,True,
ROC,Rank One Computing,NASDAQ,opend_us,True,
ROCK,Gibraltar Industries,NASDAQ,opend_us,True,
ROG,罗杰斯,NYSE,opend_us,True,
ROIV,Roivant Sciences,NASDAQ,opend_us,True,
ROK,罗克韦尔自动化,NYSE,opend_us,True,
ROKU,Roku Inc,NASDAQ,opend_us,True,
ROL,Rollins,NYSE,opend_us,True,
ROLR,High Roller Technologies,AMEX,opend_us,True,
ROMA,罗马绿色金融,NASDAQ,opend_us,True,
ROOT,Root Inc,NASDAQ,opend_us,True,
ROP,儒博实业,NASDAQ,opend_us,True,
ROST,罗斯百货,NASDAQ,opend_us,True,
ROXA,ROX Financial,AMEX,opend_us,True,
RPAY,Repay Holdings,NASDAQ,opend_us,True,
RPC,Ridgepost Capital,NYSE,opend_us,True,
RPD,Rapid7,NASDAQ,opend_us,True,
RPET,新瑞鹏,NASDAQ,opend_us,True,
RPGL,Republic Power,NASDAQ,opend_us,True,
RPID,Rapid Micro Biosystems,NASDAQ,opend_us,True,
RPM,RPM International,NYSE,opend_us,True,
RPRX,Royalty Pharma,NASDAQ,opend_us,True,
RPT,Rithm Property Trust Inc,NYSE,opend_us,True,
RR,Richtech Robotics,NASDAQ,opend_us,True,
RRBI,Red River Bancshares,NASDAQ,opend_us,True,
RRC,山脉资源,NYSE,opend_us,True,
RREV,RRE Ventures Acquisition Corp,NASDAQ,opend_us,True,
RREVU,RRE VENTURES ACQUISITION CORP UNIT 1 CL A & 1/3 WT (22/04/2031),NASDAQ,opend_us,True,
RRGB,红罗宾,NASDAQ,opend_us,True,
RRR,Red Rock Resorts,NASDAQ,opend_us,True,
RRX,Regal Rexnord,NYSE,opend_us,True,
RS,Reliance,NYSE,opend_us,True,
RSG,共和废品处理,NYSE,opend_us,True,
RSHL,廸昇海外升学中心,NASDAQ,opend_us,True,
RSI,Rush Street Interactive,NYSE,opend_us,True,
RSKD,Riskified,NYSE,opend_us,True,
RSSS,Research Solutions,NASDAQ,opend_us,True,
RSVR,Reservoir Media,NASDAQ,opend_us,True,
RTAC,Renatus Tactical Acquisition Corp I,NASDAQ,opend_us,True,
RTACU,RENATUS TACTICAL ACQUISTION CORP I UNIT 1 CL A ORD SH & 1/2 WT(15/05/2030),NASDAQ,opend_us,True,
RTB,RTB Digital,NASDAQ,opend_us,True,
RTLPO,THE NECESSITY RETAIL REIT INC 7.375% CUM REDEM PFD SER C USD25.00,NASDAQ,opend_us,True,
RTLPP,THE NECESSITY RETAIL REIT INC 7.50% CUM RED PER PREF STK SERIES A,NASDAQ,opend_us,True,
RTO,Rentokil Initial PLC,NYSE,opend_us,True,
RTX,雷神技术,NYSE,opend_us,True,
RUBI,Rubico,NASDAQ,opend_us,True,
RUM,Rumble,NASDAQ,opend_us,True,
RUN,Sunrun,NASDAQ,opend_us,True,
RUSHA,Rush Enterprises-A,NASDAQ,opend_us,True,
RUSHB,Rush Enterprises-B,NASDAQ,opend_us,True,
RVLV,Revolve Group,NYSE,opend_us,True,
RVMD,Revolution Medicines,NASDAQ,opend_us,True,
RVP,Retractable Technologies,AMEX,opend_us,True,
RVSB,Riverview Bancorp,NASDAQ,opend_us,True,
RVSN,Rail Vision,NASDAQ,opend_us,True,
RVTY,Revvity,NYSE,opend_us,True,
RWAY,Runway Growth Finance,NASDAQ,opend_us,True,
RWAYI,RUNWAY GROWTH FINANCE CORP 7.25% NTS 03/02/2031 USD25,NASDAQ,opend_us,True,
RWAYL,RUNWAY GROWTH FINANCE CORP 7.50%  NOTES DUE 28/07/2027,NASDAQ,opend_us,True,
RWTN,REDWOOD TRUST INC 9.125% SENIOR NOTES DUE 01/03/2029,NYSE,opend_us,True,
RWTO,REDWOOD TRUST INC 9.00% SENIOR NOTES DUE 01/09/2029,NYSE,opend_us,True,
RWTP,REDWOOD TRUST INC 9.125% SENIOR NOTES DUE 01/03/2030,NYSE,opend_us,True,
RWTQ,REDWOOD TRUST INC 9.5% SR NTS DUE 01/12/2030 USD25,NYSE,opend_us,True,
RWTS,REDWOOD TRUST INC 9.75 SR NTS DUE 01/06/2031 US25,NYSE,opend_us,True,
RXO,RXO Inc,NYSE,opend_us,True,
RXRX,Recursion Pharmaceuticals,NASDAQ,opend_us,True,
RXST,RxSight,NASDAQ,opend_us,True,
RXT,Rackspace Technology,NASDAQ,opend_us,True,
RY,加拿大皇家银行,NYSE,opend_us,True,
RYAAY,Ryanair,NASDAQ,opend_us,True,
RYAM,Rayonier Advanced Materials,NYSE,opend_us,True,
RYAN,Ryan Specialty Holdings,NYSE,opend_us,True,
RYDE,Ryde Group,AMEX,opend_us,True,
RYET,软云科技,NASDAQ,opend_us,True,
RYM,RYTHM,NASDAQ,opend_us,True,
RYOJ,rYojbaba,NASDAQ,opend_us,True,
RYTM,Rhythm Pharmaceuticals,NASDAQ,opend_us,True,
RYZ,Ryerson Holding,NYSE,opend_us,True,
RZA,Reinsurance Group of America,NYSE,opend_us,True,
RZB,REINSURANCE GROUP OF AMERICA 5.75% FXD TO FLTNG SUB ORD 15/6/56 USD25,NYSE,opend_us,True,
RZC,REINSURANCE GROUP OF AMERICA 7.125%FXD RATE RESET SUBORD DEB 2052,NYSE,opend_us,True,
RZLT,Rezolute,NASDAQ,opend_us,True,
RZLV,Rezolve AI,NASDAQ,opend_us,True,
S,SentinelOne,NYSE,opend_us,True,
SA,Seabridge Gold,NYSE,opend_us,True,
SAAQ,Space Asset Acquisition Corp,NASDAQ,opend_us,True,
SAAQU,SPACE ASSET ACQUISITION CORPORATION UNITS 1 CL A & 1/3 WT(13/01/2031),NASDAQ,opend_us,True,
SABR,Sabre,NASDAQ,opend_us,True,
SABRP,SABRE CORP 6.50% MANDATORY CON PFD STK SER A,NASDAQ,opend_us,True,
SABS,SAB Biotherapeutics,NASDAQ,opend_us,True,
SAC,SAFEGUARD ACQUISITION CORP,NYSE,opend_us,True,
SAF,Saratoga Investment Corp.,NYSE,opend_us,True,
SAFE,Safehold,NYSE,opend_us,True,
SAFT,Safety Insurance,NASDAQ,opend_us,True,
SAFX,XCF Global,NASDAQ,opend_us,True,
SAGT,Sagtec Global,NASDAQ,opend_us,True,
SAGU,SHREYA ACQUISITION GROUP,NYSE,opend_us,True,
SAH,索尼克汽车,NYSE,opend_us,True,
SAIA,Saia,NASDAQ,opend_us,True,
SAIC,Science Applications International,NASDAQ,opend_us,True,
SAIH,SAIHEAT,NASDAQ,opend_us,True,
SAIL,SailPoint,NASDAQ,opend_us,True,
SAJ,SARATOGA INVESTMENT CORP 8% NOTES 31/10/27 USD25,NYSE,opend_us,True,
SAK,SARATOGA INVESTMENT CORP 7.25% NOTES DUE (30/06/2025) USD25,NYSE,opend_us,True,
SAM,波斯顿啤酒,NYSE,opend_us,True,
SAMG,Silvercrest Asset Management,NASDAQ,opend_us,True,
SAN,桑坦德银行,NYSE,opend_us,True,
SANA,Sana Biotechnology,NASDAQ,opend_us,True,
SANG,Sangoma Technologies,NASDAQ,opend_us,True,
SANM,新美亚电子,NASDAQ,opend_us,True,
SAP,SAP SE,NYSE,opend_us,True,
SAR,Saratoga Investment,NYSE,opend_us,True,
SARO,StandardAero,NYSE,opend_us,True,
SAT,SARATOGA INVESTMENT CORP 6% NTS 30/04/27 USD25,NYSE,opend_us,True,
SATA,STRIVE INC PERP PFD SER A VAR RATE,NASDAQ,opend_us,True,
SATL,Satellogic,NASDAQ,opend_us,True,
SATS,回声星通信,NASDAQ,opend_us,True,
SATX,SatixFy Communications,AMEX,opend_us,True,
SAV,SARATOGA INVESTMENT CORP 7.50% NOTES DUE 06/02/2031,NYSE,opend_us,True,
SAY,SARATOGA INVESTMENT CORP 8.125% NTS 31/12/2027 USD,NYSE,opend_us,True,
SAZ,SARATOGA INVESTMENT CORP 8.50% NOTES 15/04/28 USD25,NYSE,opend_us,True,
SB,Safe Bulkers,NYSE,opend_us,True,
SBBA,SCORPIO TANKERS INC 7.00% SENIOR NOTES DUE 30/06/2025,NYSE,opend_us,True,
SBC,SBC Medical Group,NASDAQ,opend_us,True,
SBCF,Seacoast Bank,NASDAQ,opend_us,True,
SBET,SharpLink,NASDAQ,opend_us,True,
SBEV,Splash Beverage,AMEX,opend_us,True,
SBFG,SB Financial Group,NASDAQ,opend_us,True,
SBFM,Sunshine Biopharma,NASDAQ,opend_us,True,
SBGI,辛克莱广播集团,NASDAQ,opend_us,True,
SBH,莎莉美容控股公司,NYSE,opend_us,True,
SBLK,Star Bulk Carriers,NASDAQ,opend_us,True,
SBMT,Silver Bow Mining,AMEX,opend_us,True,
SBS,Sabesp,NYSE,opend_us,True,
SBSI,Southside Bancshares,NYSE,opend_us,True,
SBSW,Sibanye Stillwater,NYSE,opend_us,True,
SBUX,星巴克,NASDAQ,opend_us,True,
SBXD,SilverBox Corp IV,NYSE,opend_us,True,
SBXE,SILVERBOX CORP V,NYSE,opend_us,True,
SCAG,Scage Future,NASDAQ,opend_us,True,
SCAN,Perspectum Group,NASDAQ,opend_us,True,
SCCD,SACHEM CAPITAL CORP 6% NOTES 30/12/2026 USD25,AMEX,opend_us,True,
SCCE,SACHEM CAPITAL CORP 6% NOTES 30/03/2027 USD25,AMEX,opend_us,True,
SCCF,SACHEM CAPITAL CORP 7.125% NTS 30/06/2027 USD25,AMEX,opend_us,True,
SCCG,SACHEM CAPITAL CORP 8% NOTES DUE 30/09/2027 USD25.00,AMEX,opend_us,True,
SCCO,南方铜业,NYSE,opend_us,True,
SCHL,学乐集团,NASDAQ,opend_us,True,
SCHW,嘉信理财,NYSE,opend_us,True,
SCI,Service Corporation International,NYSE,opend_us,True,
SCII,SC II ACQUISITION CORP,NASDAQ,opend_us,True,
SCIIR,SC II ACQUISITION CORP ORD USD0.0001 CL A (S/R) 26/11/2030,NASDAQ,opend_us,True,
SCIIU,SC II ACQUISITION CORP UNIT (1 CLASS A & 1 RIGHT)06/11/2030,NASDAQ,opend_us,True,
SCKT,Socket Mobile,NASDAQ,opend_us,True,
SCL,史提宾,NYSE,opend_us,True,
SCLX,Scilex Holding,NASDAQ,opend_us,True,
SCLX.CNT,Scilex Holding Restriction,NYSE,opend_us,True,
SCM,Stellus Capital Investment,NYSE,opend_us,True,
SCNI,Scinai Immunotherapeutics,NASDAQ,opend_us,True,
SCNX,Scienture Holdings,NASDAQ,opend_us,True,
SCOR,康姆斯克,NASDAQ,opend_us,True,
SCPQ,SOCIAL COMMERCE PARTNERS CORP,NASDAQ,opend_us,True,
SCPQU,SOCIAL COMMERCE PARTNERS CORP UNITS(1 ORD A & 1/2 WT)24/11/2030,NASDAQ,opend_us,True,
SCRP,Scripps Safe,NASDAQ,opend_us,True,
SCSC,ScanSource,NASDAQ,opend_us,True,
SCVL,Shoe Carnival,NASDAQ,opend_us,True,
SCWO,374Water,NASDAQ,opend_us,True,
SCYX,Scynexis,NASDAQ,opend_us,True,
SCZM,Santacruz Silver Mining,NASDAQ,opend_us,True,
SD,SandRidge Energy,NYSE,opend_us,True,
SDA,盛大科技,NASDAQ,opend_us,True,
SDEV,Stablecoin Development,AMEX,opend_us,True,
SDGR,Schrodinger,NASDAQ,opend_us,True,
SDHC,Smith Douglas Homes,NYSE,opend_us,True,
SDHI,SIDDHI ACQUISITION CORP,NASDAQ,opend_us,True,
SDHIR,SIDDHI ACQUISITION CORP COM USD0.0001(S/R 15/09/2029),NASDAQ,opend_us,True,
SDHIU,SIDDHI ACQUISITION CORP UNIT 1 CL A ORD SH & 1 RT,NASDAQ,opend_us,True,
SDM,Smart Digital Group,NASDAQ,opend_us,True,
SDOT,Sadot,NASDAQ,opend_us,True,
SDRL,Seadrill,NYSE,opend_us,True,
SDST,Stardust Power,NASDAQ,opend_us,True,
SE,Sea,NYSE,opend_us,True,
SEAH,Seahawk Recycling Holdings,NASDAQ,opend_us,True,
SEAT,Vivid Seats,NASDAQ,opend_us,True,
SEB,Seaboard,AMEX,opend_us,True,
SEDG,SolarEdge Technologies,NASDAQ,opend_us,True,
SEED,奥瑞金种业,NASDAQ,opend_us,True,
SEER,Seer Inc,NASDAQ,opend_us,True,
SEG,Seaport Entertainment Group,NYSE,opend_us,True,
SEGG,Sports Entertainment Gaming Gl,NASDAQ,opend_us,True,
SEI,Solaris Energy Infrastructure,NYSE,opend_us,True,
SEIC,SEI Investments,NASDAQ,opend_us,True,
SELX,Semilux,NASDAQ,opend_us,True,
SEM,Select Medical Holdings,NYSE,opend_us,True,
SENEA,Seneca Foods-A,NASDAQ,opend_us,True,
SENEB,Seneca Foods-B,NASDAQ,opend_us,True,
SENS,Senseonics,NASDAQ,opend_us,True,
SEPN,Septerna,NASDAQ,opend_us,True,
SER,Serina Therapeutics,AMEX,opend_us,True,
SERA,Sera Prognostics,NASDAQ,opend_us,True,
SERV,Serve Robotics,NASDAQ,opend_us,True,
SES,SES AI Corp,NYSE,opend_us,True,
SEV,Aptera Motors,NASDAQ,opend_us,True,
SEZL,Sezzle,NASDAQ,opend_us,True,
SF,Stifel Financial,NYSE,opend_us,True,
SFB,STIFEL FINANCIAL CORP 5.2% SR NOTES DUE 15/10/2047 USD25,NYSE,opend_us,True,
SFBC,Sound Financial Bancorp,NASDAQ,opend_us,True,
SFBS,ServisFirst Bancshares,NYSE,opend_us,True,
SFD,Smithfield Foods,NASDAQ,opend_us,True,
SFDX,SFIDA X,NASDAQ,opend_us,True,
SFHG,星辉新发展,NASDAQ,opend_us,True,
SFIX,Stitch Fix,NASDAQ,opend_us,True,
SFL,SFL Corp,NYSE,opend_us,True,
SFM,Sprouts Farmers Market,NASDAQ,opend_us,True,
SFNC,Simmons First National,NASDAQ,opend_us,True,
SFPT,Safepoint Holdings,NYSE,opend_us,True,
SFST,Southern First Bancshares,NASDAQ,opend_us,True,
SFWL,盛丰物流,NASDAQ,opend_us,True,
SG,Sweetgreen,NYSE,opend_us,True,
SGA,Saga Communications,NASDAQ,opend_us,True,
SGC,Superior,NASDAQ,opend_us,True,
SGHC,Super Group,NYSE,opend_us,True,
SGHT,Sight Sciences,NASDAQ,opend_us,True,
SGI,泰浦陛迪国际公司,NYSE,opend_us,True,
SGLY,Singularity Future Technology,NASDAQ,opend_us,True,
SGML,Sigma Lithium,NASDAQ,opend_us,True,
SGMT,Sagimet Biosciences,NASDAQ,opend_us,True,
SGP,SpyGlass Pharma,NASDAQ,opend_us,True,
SGRP,SPAR Group,NASDAQ,opend_us,True,
SGRY,Surgery Partners,NASDAQ,opend_us,True,
SGU,Star Group LP,NYSE,opend_us,True,
SHAK,Shake Shack,NYSE,opend_us,True,
SHAP,Spree Acquisition Corp. 1 Ltd,NYSE,opend_us,True,
SHAZ,SharonAI Holdings,NASDAQ,opend_us,True,
SHBI,Shore Bancshares,NASDAQ,opend_us,True,
SHC,Sotera Health Company,NASDAQ,opend_us,True,
SHEL,壳牌,NYSE,opend_us,True,
SHEL.WI,SHELL PLC SPON ADS EACH REPR 2 ORD SHS WI,NYSE,opend_us,True,
SHEN,Shenandoah Telecommunications Co,NASDAQ,opend_us,True,
SHFS,SHF Holdings,NASDAQ,opend_us,True,
SHG,新韩金融,NYSE,opend_us,True,
SHIM,Shimmick,NASDAQ,opend_us,True,
SHIP,Seanergy Maritime,NASDAQ,opend_us,True,
SHLS,Shoals Technologies,NASDAQ,opend_us,True,
SHMD,SCHMID Group,NASDAQ,opend_us,True,
SHOO,史蒂夫·马登,NASDAQ,opend_us,True,
SHOP,Shopify,NASDAQ,opend_us,True,
SHPH,Shuttle Pharmaceuticals,NASDAQ,opend_us,True,
SHW,宣伟公司,NYSE,opend_us,True,
SI,Shoulder Innovations,NYSE,opend_us,True,
SIBN,Si-Bone,NASDAQ,opend_us,True,
SID,巴西国民钢铁公司,NYSE,opend_us,True,
SIDU,Sidus Space,NASDAQ,opend_us,True,
SIEB,Siebert Financial,NASDAQ,opend_us,True,
SIF,SIFCO Industries,AMEX,opend_us,True,
SIFY,Sify Technologies,NASDAQ,opend_us,True,
SIG,西格内特珠宝,NYSE,opend_us,True,
SIGA,SIGA Technologies,NASDAQ,opend_us,True,
SIGI,Selective Insurance,NASDAQ,opend_us,True,
SIGIP,SELECTIVE INSURANCE GROUP DEP SHS 1/1000 INT SHS NON CUM PFD SER B,NASDAQ,opend_us,True,
SII,Sprott,NYSE,opend_us,True,
SILA,Sila Realty Trust,NYSE,opend_us,True,
SILC,Silicom电信,NASDAQ,opend_us,True,
SILO,Silo Pharma,NASDAQ,opend_us,True,
SIM,Grupo Simec,AMEX,opend_us,True,
SIMA,SIM Acquisition Corp. I,NASDAQ,opend_us,True,
SIMAU,SIM ACQUISITION CORP. I UNITS(1 ORD CL A SHS & 1/2 RED WT EXP),NASDAQ,opend_us,True,
SIMO,慧荣科技,NASDAQ,opend_us,True,
SINT,Sintx Technologies,NASDAQ,opend_us,True,
SION,Sionna Therapeutics,NASDAQ,opend_us,True,
SIRI,Sirius XM,NASDAQ,opend_us,True,
SITC,SITE Centers,NYSE,opend_us,True,
SITC.WI,SITE CENTERS CORP,NYSE,opend_us,True,
SITE,SiteOne Landscape Supply,NYSE,opend_us,True,
SITM,SiTime,NASDAQ,opend_us,True,
SJ,思享无限,NASDAQ,opend_us,True,
SJA,SolarJuice,NASDAQ,opend_us,True,
SJIJ,SOUTH JERSEY INDUSTRIES INC 5.625% JR SUB NTS 16/09/2079 USD25,NYSE,opend_us,True,
SJIV,SOUTH JERSEY INDUSTRIES INC CORP UNIT 01/04/2024,NYSE,opend_us,True,
SJM,斯马克,NYSE,opend_us,True,
SKBL,天际线建筑集团,NASDAQ,opend_us,True,
SKE,Skeena Resources,NYSE,opend_us,True,
SKIL,Skillsoft,NYSE,opend_us,True,
SKIN,SkinHealth Systems,NASDAQ,opend_us,True,
SKK,SKK Holdings,NASDAQ,opend_us,True,
SKLZ,Skillz,NYSE,opend_us,True,
SKM,韩国SK电信,NYSE,opend_us,True,
SKWD,Skyward Specialty Insurance,NASDAQ,opend_us,True,
SKY,Champion Homes,NYSE,opend_us,True,
SKYA,SkyAI Inc,NASDAQ,opend_us,True,
SKYE,SKYE BIOSCIENCE INC,NASDAQ,opend_us,True,
SKYH,Sky Harbour Group,NYSE,opend_us,True,
SKYQ,Sky Quarry,NASDAQ,opend_us,True,
SKYT,SkyWater Technology,NASDAQ,opend_us,True,
SKYW,西空航空,NASDAQ,opend_us,True,
SKYX,SKYX Platforms,NASDAQ,opend_us,True,
SLAB,芯科实验室,NASDAQ,opend_us,True,
SLAI,SOLAI Ltd,NYSE,opend_us,True,
SLB,斯伦贝谢,NYSE,opend_us,True,
SLDB,Solid Biosciences,NASDAQ,opend_us,True,
SLDE,Slide Insurance Holdings,NASDAQ,opend_us,True,
SLDP,Solid Power,NASDAQ,opend_us,True,
SLE,Super League Enterprise,NASDAQ,opend_us,True,
SLF,永明金融,NYSE,opend_us,True,
SLGB,智慧物流,NASDAQ,opend_us,True,
SLGL,Sol-Gel Technologies,NASDAQ,opend_us,True,
SLGN,西尔格控股公司,NYSE,opend_us,True,
SLI,Standard Lithium,AMEX,opend_us,True,
SLM,学贷美,NASDAQ,opend_us,True,
SLMBP,SLM CORP PRF SERIES 'B' USD100,NASDAQ,opend_us,True,
SLMT,Brera Holdings,NASDAQ,opend_us,True,
SLN,Silence Therapeutics,NASDAQ,opend_us,True,
SLND,Southland Holdings,AMEX,opend_us,True,
SLNG,Stabilis Solutions,NASDAQ,opend_us,True,
SLNH,Soluna Holdings,NASDAQ,opend_us,True,
SLNHP,SOLUNA HOLDINGS INC 9% PERP PFD SHS SER A,NASDAQ,opend_us,True,
SLNO,Soleno Therapeutics(已退市),NASDAQ,opend_us,True,
SLP,Simulations Plus,NASDAQ,opend_us,True,
SLQT,SelectQuote,NYSE,opend_us,True,
SLRC,SLR Investment Corp,NASDAQ,opend_us,True,
SLS,Sellas Life Sciences,NASDAQ,opend_us,True,
SLSN,Solesence,NASDAQ,opend_us,True,
SLSR,Solaris Resources,AMEX,opend_us,True,
SLVM,Sylvamo,NYSE,opend_us,True,
SLXN,Silexion Therapeutics,NASDAQ,opend_us,True,
SM,SM Energy,NYSE,opend_us,True,
SMA,SmartStop Self Storage REIT,NYSE,opend_us,True,
SMBC,Southern Missouri Bancorp,NASDAQ,opend_us,True,
SMBK,SmartFinancial,NYSE,opend_us,True,
SMC,Summit Midstream,NYSE,opend_us,True,
SMCI,超微电脑,NASDAQ,opend_us,True,
SMFG,三井住友金融,NYSE,opend_us,True,
SMG,The Scotts Miracle,NYSE,opend_us,True,
SMHI,Seacor Marine,NYSE,opend_us,True,
SMID,Smith-Midland,NASDAQ,opend_us,True,
SMIP,Spectral IP,NASDAQ,opend_us,True,
SMJF,SMJ International Holdings,AMEX,opend_us,True,
SMMT,Summit Therapeutics,NASDAQ,opend_us,True,
SMP,Standard Motor Products,NYSE,opend_us,True,
SMPL,The Simply Good Foods,NASDAQ,opend_us,True,
SMR,NuScale Power,NYSE,opend_us,True,
SMRT,SmartRent,NYSE,opend_us,True,
SMSA,Samsara Vision,NASDAQ,opend_us,True,
SMSI,Smith Micro Software,NASDAQ,opend_us,True,
SMTC,先科电子,NASDAQ,opend_us,True,
SMTI,Sanara MedTech,NASDAQ,opend_us,True,
SMTK,SmartKem,NASDAQ,opend_us,True,
SMWB,Similarweb,NYSE,opend_us,True,
SMX,SMX (Security Matters),NASDAQ,opend_us,True,
SMXT,SolarMax Technology,NASDAQ,opend_us,True,
SN,SharkNinja,NYSE,opend_us,True,
SNA,实耐宝,NYSE,opend_us,True,
SNAL,Snail,NASDAQ,opend_us,True,
SNAP,Snap Inc,NYSE,opend_us,True,
SNBR,Sleep Number,NASDAQ,opend_us,True,
SNCRL,SYNCHRONOSS TECHNOLOGIES INC 8.375% SENIOR NOTES DUE 30/06/2026,NASDAQ,opend_us,True,
SND,Smart Sand,NASDAQ,opend_us,True,
SNDA,Sonida Senior Living,NYSE,opend_us,True,
SNDK,闪迪,NASDAQ,opend_us,True,
SNDL,SNDL Inc,NASDAQ,opend_us,True,
SNDR,Schneider National,NYSE,opend_us,True,
SNDX,Syndax Pharmaceuticals,NASDAQ,opend_us,True,
SNES,SenesTech,NASDAQ,opend_us,True,
SNEX,StoneX,NASDAQ,opend_us,True,
SNFCA,Security National Financial,NASDAQ,opend_us,True,
SNGX,Soligenix,NASDAQ,opend_us,True,
SNN,Smith & Nephew,NYSE,opend_us,True,
SNOA,Sonoma Pharmaceuticals,NASDAQ,opend_us,True,
SNOW,Snowflake,NYSE,opend_us,True,
SNPS,新思科技,NASDAQ,opend_us,True,
SNSE,Sensei Biotherapeutics,NASDAQ,opend_us,True,
SNT,Senstar Technologies,NASDAQ,opend_us,True,
SNTG,Sentage,NASDAQ,opend_us,True,
SNTI,Senti Biosciences,NASDAQ,opend_us,True,
SNWV,SANUWAVE Health,NASDAQ,opend_us,True,
SNX,新聚思,NYSE,opend_us,True,
SNY,赛诺菲安万特,NASDAQ,opend_us,True,
SNYR,Synergy CHC,NASDAQ,opend_us,True,
SO,美国南方公司,NYSE,opend_us,True,
SOAR,Volato Group,AMEX,opend_us,True,
SOBO,South Bow,NYSE,opend_us,True,
SOBR,SOBR Safe,NASDAQ,opend_us,True,
SOC,Sable Offshore,NYSE,opend_us,True,
SOCA,Solarius Capital Acquisition,NASDAQ,opend_us,True,
SOCAU,SOLARIUS CAPITAL ACQUISITION CORP UNIT 1 COM & 1/2 WT EXP)10/07/2030,NASDAQ,opend_us,True,
SODR,Sondors,NASDAQ,opend_us,True,
SOFI,SoFi Technologies,NASDAQ,opend_us,True,
SOGP,Sound Group,NASDAQ,opend_us,True,
SOHU,搜狐,NASDAQ,opend_us,True,
SOJC,SOUTHERN CO. 5.25% JR SUB NTS SR 2017B 01/12/77 USD25,NYSE,opend_us,True,
SOJD,SOUTHERN CO. 4.95%JR SUB NOTES SER 2020A 30/01/2080,NYSE,opend_us,True,
SOJE,SOUTHERN CO. JUNIOR SUB NTS DUE 15/10/2060 SER 2020C,NYSE,opend_us,True,
SOJF,SOUTHERN CO. SER 2025A 6.50% JR SUB NT DUE 15/03/2085,NYSE,opend_us,True,
SOL,Emeren Group(已退市),NYSE,opend_us,True,
SOLN,SOUTHERN CO. CORPORATE UNITS 2019 SERIES A 01/08/2022,NYSE,opend_us,True,
SOLS,Solstice Advanced Materials,NASDAQ,opend_us,True,
SOLV,Solventum,NYSE,opend_us,True,
SOMN,SOUTHERN CO. 2025 SERIES A CORPORATE UNITS,NYSE,opend_us,True,
SON,Sonoco Products,NYSE,opend_us,True,
SONM,DNA X,NASDAQ,opend_us,True,
SONO,搜诺思公司,NASDAQ,opend_us,True,
SONY,索尼,NYSE,opend_us,True,
SOPH,Sophia Genetics,NASDAQ,opend_us,True,
SOR,Source Capital,NYSE,opend_us,True,
SORA,AsiaStrategy,NASDAQ,opend_us,True,
SORN,SOREN ACQUISITION CORP,NASDAQ,opend_us,True,
SORNU,SOREN ACQUISITION CORP UNIT (1 CL A ORD SH & 1/3 RD WT)19/12/30,NASDAQ,opend_us,True,
SOS,SOS Ltd,NYSE,opend_us,True,
SOSH,SOS Hydration,NASDAQ,opend_us,True,
SOTK,Sono-Tek,NASDAQ,opend_us,True,
SOUL,Soulpower Acquisition Corporation,NYSE,opend_us,True,
SOULU,Soulpower Acquisition Corp.,NYSE,opend_us,True,
SOUN,SoundHound AI,NASDAQ,opend_us,True,
SOWG,Sow Good,NASDAQ,opend_us,True,
SPAI,Safe Pro Group,NASDAQ,opend_us,True,
SPB,Spectrum Brands,NYSE,opend_us,True,
SPCB,SuperCom,NASDAQ,opend_us,True,
SPCE,维珍银河,NYSE,opend_us,True,
SPCX,SPACE EXPLORATION TECHNOLOGIES CORP,NASDAQ,opend_us,True,
SPEG,SILVER PEGASUS ACQUISITION CORP,NASDAQ,opend_us,True,
SPEGR,SILVER PEGASUS ACQUISITION CORP COM USD0.0001 CL A (SUB/RTS) 26/06/2030,NASDAQ,opend_us,True,
SPEGU,SILVER PEGASUS ACQUISITION CORP UNIT (1 SHS CL A & 1 RT)26/06/2030,NASDAQ,opend_us,True,
SPFI,South Plains Financial,NASDAQ,opend_us,True,
SPGI,标普全球,NYSE,opend_us,True,
SPH,Suburban Propane,NYSE,opend_us,True,
SPHL,Springview Holdings,NASDAQ,opend_us,True,
SPHR,Sphere Entertainment,NYSE,opend_us,True,
SPIR,Spire Global,NYSE,opend_us,True,
SPKL,Spark I Acquisition Corporation,NASDAQ,opend_us,True,
SPKLU,SPARK I ACQUISITION CORP UNIT ORD CL A & 1/2 WT 28/09/2028,NASDAQ,opend_us,True,
SPKU,SPK ACQUISITION CORP UNIT 1 COM & 1 RT,NASDAQ,opend_us,True,
SPMA,SOUND POINT MERIDIAN CAPITAL INC 8% SERIES A PREFERRED SHARES DUE 2029,NYSE,opend_us,True,
SPME,SOUND POINT MERIDIAN CAPITAL INC 7.875% CUM PREF SHS SER B 31/07/2030,NYSE,opend_us,True,
SPNS,Sapiens International (已退市),NASDAQ,opend_us,True,
SPNT,SiriusPoint,NYSE,opend_us,True,
SPOK,Spok Holdings,NASDAQ,opend_us,True,
SPOT,Spotify Technology,NYSE,opend_us,True,
SPPL,Simpple,NASDAQ,opend_us,True,
SPRB,Spruce Biosciences,NASDAQ,opend_us,True,
SPRC,SciSparc,NASDAQ,opend_us,True,
SPRO,Spero Therapeutics,NASDAQ,opend_us,True,
SPRU,Spruce Power,NYSE,opend_us,True,
SPRY,ARS Pharmaceuticals,NASDAQ,opend_us,True,
SPSC,SPS Commerce,NASDAQ,opend_us,True,
SPT,Sprout Social,NASDAQ,opend_us,True,
SPTX,Seaport Therapeutics,NASDAQ,opend_us,True,
SPWH,Sportsman's Warehouse,NASDAQ,opend_us,True,
SPWR,SunPower Inc,NASDAQ,opend_us,True,
SPXC,SPX Technologies,NYSE,opend_us,True,
SQFT,Presidio Property Trust,NASDAQ,opend_us,True,
SQFTP,PRESIDIO PPTY TR INC CUM RED PERP PFD SER D 9.375%,NASDAQ,opend_us,True,
SQM,智利矿业化工,NYSE,opend_us,True,
SQNS,Sequans Communications,NYSE,opend_us,True,
SR,Spire,NYSE,opend_us,True,
SRAD,Sportradar Group AG,NASDAQ,opend_us,True,
SRBK,SR Bancorp,NASDAQ,opend_us,True,
SRCE,1st Source Corp.,NASDAQ,opend_us,True,
SRE,桑普拉能源,NYSE,opend_us,True,
SREA,SEMPRA 5.750% JUNIOR SUBORDINATED NTS DUE 2079,NYSE,opend_us,True,
SRFM,Surf Air Mobility,NYSE,opend_us,True,
SRI,Stoneridge,NYSE,opend_us,True,
SRJN,SPIRE INC 6.375% NTS 01/03/86 USD25,NYSE,opend_us,True,
SRL,Scully Royalty,NYSE,opend_us,True,
SRPT,Sarepta Therapeutics,NASDAQ,opend_us,True,
SRRK,Scholar Rock,NASDAQ,opend_us,True,
SRTA,Strata Critical Medical,NASDAQ,opend_us,True,
SRTS,Sensus Healthcare,NASDAQ,opend_us,True,
SRXH,SRx Health Solutions,AMEX,opend_us,True,
SRZN,Surrozen,NASDAQ,opend_us,True,
SSAC,SPACSPHERE ACQUISITION CORP,NASDAQ,opend_us,True,
SSACR,SPACSPHERE ACQUISITION CORP ORD USD0.0001 CL A (S/R 06/02/2031),NASDAQ,opend_us,True,
SSACU,SPACSPHERE ACQUISITION CORP UNIT 1 SHS A & 1/2 WT & 1 RT(06/02/2031),NASDAQ,opend_us,True,
SSAQU,SPACSphere Acquisition Corp.,NASDAQ,opend_us,True,
SSB,SouthState Bank,NYSE,opend_us,True,
SSBI,Summit State Bank,NASDAQ,opend_us,True,
SSD,Simpson Manufacturing,NYSE,opend_us,True,
SSEA,STARRY SEA ACQUISITION CORP,NASDAQ,opend_us,True,
SSEAR,STARRY SEA ACQUISITION CORP COM USD0.0001 (S/R 07/07/2030),NASDAQ,opend_us,True,
SSEAU,STARRY SEA ACQUISITION CORP UNIT 1 ORD & 1 RT(07/07/2030),NASDAQ,opend_us,True,
SSII,SS Innovations International,NASDAQ,opend_us,True,
SSL,南非萨索尔,NYSE,opend_us,True,
SSM,SONO Group,NASDAQ,opend_us,True,
SSMR,Sunshine Silver Mining & Refining,NYSE,opend_us,True,
SSNC,SS&C Technologies,NASDAQ,opend_us,True,
SSP,The E.W. Scripps,NASDAQ,opend_us,True,
SSRM,SSR Mining,NASDAQ,opend_us,True,
SSSS,SuRo Capital,NASDAQ,opend_us,True,
SSSSL,SURO CAPITAL CORP 6.00% NOTES DUE 30/12/2026,NASDAQ,opend_us,True,
SST,System1,NYSE,opend_us,True,
SSTI,SoundThinking,NASDAQ,opend_us,True,
SSTK,Shutterstock,NYSE,opend_us,True,
SSYS,Stratasys,NASDAQ,opend_us,True,
ST,Sensata Technologies,NYSE,opend_us,True,
STAA,STAAR Surgical,NASDAQ,opend_us,True,
STAF,Staffing 360 Solutions,NASDAQ,opend_us,True,
STAFQ,STAFQ,NYSE,opend_us,True,
STAK,斯塔克工业,NASDAQ,opend_us,True,
STBA,S&T Bancorp,NASDAQ,opend_us,True,
STC,Stewart Information Services,NYSE,opend_us,True,
STE,思泰瑞医疗,NYSE,opend_us,True,
STEL,Stellar Bancorp,NYSE,opend_us,True,
STEM,Stem Inc,NYSE,opend_us,True,
STEP,StepStone Group,NASDAQ,opend_us,True,
STEX,Streamex,NASDAQ,opend_us,True,
STFS,星际时尚,NASDAQ,opend_us,True,
STG,尚德机构,NYSE,opend_us,True,
STGW,Stagwell,NASDAQ,opend_us,True,
STHO,Star Holdings,NASDAQ,opend_us,True,
STI,Solidion Technology,NASDAQ,opend_us,True,
STIM,Neuronetics,NASDAQ,opend_us,True,
STKE,SOL Strategies,NASDAQ,opend_us,True,
STKH,Steakholder Foods,NASDAQ,opend_us,True,
STKS,The One Group Hospitality,NASDAQ,opend_us,True,
STLA,Stellantis NV,NYSE,opend_us,True,
STLD,Steel Dynamics,NASDAQ,opend_us,True,
STM,意法半导体,NYSE,opend_us,True,
STN,斯坦泰克,NYSE,opend_us,True,
STNE,StoneCo,NASDAQ,opend_us,True,
STNG,Scorpio Tankers,NYSE,opend_us,True,
STOK,Stoke Therapeutics,NASDAQ,opend_us,True,
STRA,Strategic Education,NASDAQ,opend_us,True,
STRC,STRATEGY INC VAR RT SER A PERP STRETCH PREFERRED STK,NASDAQ,opend_us,True,
STRD,STRATEGY INC 10% NON CUM PREF SER A PERP STRIDE WI,NASDAQ,opend_us,True,
STRF,STRATEGY INC 10.00% SER A PERPETUAL STRIFE PFD STK,NASDAQ,opend_us,True,
STRK,STRATEGY INC 8.00% SERIES A PERPETUAL STRIKE PFD,NASDAQ,opend_us,True,
STRL,Sterling Infrastructure,NASDAQ,opend_us,True,
STRO,Sutro Biopharma,NASDAQ,opend_us,True,
STRR,Star Equity,NASDAQ,opend_us,True,
STRRP,STAR EQUITY HOLDINGS INC. PFD PERPETUAL SER A 10.0%,NASDAQ,opend_us,True,
STRS,Stratus Properties,NASDAQ,opend_us,True,
STRT,Strattec Security,NASDAQ,opend_us,True,
STRW,Strawberry Fields REIT,AMEX,opend_us,True,
STRZ,Starz Entertainment,NASDAQ,opend_us,True,
STT,道富银行,NYSE,opend_us,True,
STTK,Shattuck Labs,NASDAQ,opend_us,True,
STUB,Stubhub Holdings,NYSE,opend_us,True,
STVN,Stevanato Group,NYSE,opend_us,True,
STX,希捷科技,NASDAQ,opend_us,True,
STXS,Stereotaxis,AMEX,opend_us,True,
STZ,星座品牌,NYSE,opend_us,True,
SU,森科能源,NYSE,opend_us,True,
SUBL,BioLingus,NASDAQ,opend_us,True,
SUGP,荣志集团,NASDAQ,opend_us,True,
SUIG,Sui Group Holdings,NASDAQ,opend_us,True,
SUJA,Suja Life,NASDAQ,opend_us,True,
SUMA,SUMA Acquisition Corporation,NASDAQ,opend_us,True,
SUMAR,SUMA ACQUISITION CORPORATION ORD USD0.0001 CL A (S/R 05/03/2031),NASDAQ,opend_us,True,
SUMAU,SUMA ACQUISITION CORPORATION UNIT 1 CL A ORD & 1 RT 05/03/2031,NASDAQ,opend_us,True,
SUN,太阳石油,NYSE,opend_us,True,
SUNB,Sunbelt Rentals Holdings,NYSE,opend_us,True,
SUNC,SunocoCorp,NYSE,opend_us,True,
SUNE,SUNation Energy,NASDAQ,opend_us,True,
SUNFU,Sunfire Acquisition Corp. Limited,NASDAQ,opend_us,True,
SUNH,旭航控股,NASDAQ,opend_us,True,
SUNS,Sunrise Realty Trust,NASDAQ,opend_us,True,
SUPN,Supernus Pharmaceuticals,NASDAQ,opend_us,True,
SUPV,Grupo Supervielle,NYSE,opend_us,True,
SUPX,SuperX AI Technology,NASDAQ,opend_us,True,
SURG,SurgePays,NASDAQ,opend_us,True,
SUZ,Suzano,NYSE,opend_us,True,
SVA,科兴生物,NASDAQ,opend_us,True,
SVAC,Spring Valley Acquisition,NASDAQ,opend_us,True,
SVACU,SPRING VALLEY ACQUISITION CORP III UNIT REP (1 SHS CL A & 1/3 WT)04/09/2030,NASDAQ,opend_us,True,
SVAQ,SILICON VALLEY ACQUISITION CORP,NASDAQ,opend_us,True,
SVAQU,SILICON VALLEY ACQUISITION CORP UNIT 1 CL A & 1/2 WT EXP (08/12/2025),NASDAQ,opend_us,True,
SVCC,Stellar V Capital Corp,NASDAQ,opend_us,True,
SVCCU,Stellar V Capital,NASDAQ,opend_us,True,
SVCO,Silvaco,NASDAQ,opend_us,True,
SVIV,SPRING VY ACQUISITION CORP IV,NASDAQ,opend_us,True,
SVIVU,SPRING VY ACQUISITION CORP IV UNIT 1 CL A SHS & 1/4 WT EXP(22/01/2031),NASDAQ,opend_us,True,
SVM,Silvercorp Metals,AMEX,opend_us,True,
SVNIU,SEVEN ISLANDS INC UNIT 1 COM & 1/4 RED WT EXP,NASDAQ,opend_us,True,
SVRA,Savara,NASDAQ,opend_us,True,
SVRE,SaverOne 2014,NASDAQ,opend_us,True,
SVRN,OceanPal,NASDAQ,opend_us,True,
SVV,Savers Value Village,NYSE,opend_us,True,
SW,Smurfit WestRock,NYSE,opend_us,True,
SWAG,Stran & Company,NASDAQ,opend_us,True,
SWBI,Smith & Wesson Brands,NASDAQ,opend_us,True,
SWIM,Latham Group,NASDAQ,opend_us,True,
SWK,美国史丹利公司,NYSE,opend_us,True,
SWKHL,SWK HOLDINGS CORPORATION 9% NTS 31/01/27 USD25,NASDAQ,opend_us,True,
SWKS,思佳讯,NASDAQ,opend_us,True,
SWMR,Swarmer,NASDAQ,opend_us,True,
SWSSU,Springwater Special Situations,NASDAQ,opend_us,True,
SWT,STANLEY BLACK & DECKER INC CORPORATE UNIT 2019,NYSE,opend_us,True,
SWVL,Swvl Holdings,NASDAQ,opend_us,True,
SWX,Southwest Gas Holdings,NYSE,opend_us,True,
SXC,SunCoke Energy,NYSE,opend_us,True,
SXI,Standex International,NYSE,opend_us,True,
SXT,Sensient Technologies,NYSE,opend_us,True,
SXTC,苏轩堂,NASDAQ,opend_us,True,
SXTP,60 Degrees Pharmaceuticals,NASDAQ,opend_us,True,
SY,新氧,NASDAQ,opend_us,True,
SYBT,Stock Yards Bancorp,NASDAQ,opend_us,True,
SYF,Synchrony Financial,NYSE,opend_us,True,
SYK,史赛克,NYSE,opend_us,True,
SYM,Symbotic,NASDAQ,opend_us,True,
SYNA,Synaptics,NASDAQ,opend_us,True,
SYNX,Silynxcom,AMEX,opend_us,True,
SYPR,Sypris Solutions,NASDAQ,opend_us,True,
SYRE,Spyre Therapeutics,NASDAQ,opend_us,True,
SYY,西思科公司,NYSE,opend_us,True,
SZZL,Sizzle Acquisition Corp II,NASDAQ,opend_us,True,
SZZLR,SIZZLE ACQUISITION CORP II COM USD0.0001 CL A (S/R) 02/04/2030,NASDAQ,opend_us,True,
SZZLU,SIZZLE ACQUISITION CORP II UNIT 1 CL A & 1 RT,NASDAQ,opend_us,True,
T,AT&T,NYSE,opend_us,True,
T.WD,AT&T INC,NYSE,opend_us,True,
TAC,TransAlta,NYSE,opend_us,True,
TACH,Titan Acquisition Corp,NASDAQ,opend_us,True,
TACHU,TITAN ACQUISITION CORP UNIT 1 COM CL A & 1/2 WT EXP 09/04/2030,NASDAQ,opend_us,True,
TACO,Berto Acquisition Corp,NASDAQ,opend_us,True,
TACOU,BERTO ACQUISITION CORP UNIT 1 SHS & 1/2 WT,NASDAQ,opend_us,True,
TACT,TransAct Technologies,NASDAQ,opend_us,True,
TAK,武田制药,NYSE,opend_us,True,
TAL,好未来,NYSE,opend_us,True,
TALK,Talkspace,NASDAQ,opend_us,True,
TALO,Talos Energy,NYSE,opend_us,True,
TANH,碳博士控股,NASDAQ,opend_us,True,
TANNI,TravelCenters of America LLC - 8.25% Senior Notes due 2028,NASDAQ,opend_us,True,
TANNL,TravelCenters of America LLC - 8.00% Senior Notes due 2029,NASDAQ,opend_us,True,
TANNZ,TravelCenters of America LLC- 8.00% Senior Notes due 2030,NASDAQ,opend_us,True,
TAOP,淘屏,NASDAQ,opend_us,True,
TAOX,Tao Synergies,NASDAQ,opend_us,True,
TAP,莫库酒业,NYSE,opend_us,True,
TAP.A,莫库酒业-A,NYSE,opend_us,True,
TARA,Protara Therapeutics,NASDAQ,opend_us,True,
TARS,Tarsus Pharmaceuticals,NASDAQ,opend_us,True,
TASK,TaskUs,NASDAQ,opend_us,True,
TATT,TAT Technologies,NASDAQ,opend_us,True,
TAVI,Tavia Acquisition Corp,NASDAQ,opend_us,True,
TAVIR,TAVIA ACQUISITION CORP COM USD0.0001 (SUBS/RIGHTS),NASDAQ,opend_us,True,
TAVIU,TAVIA ACQUISITION CORP UNIT 1 ORD SH & 1 RT 1/10TH ORD SHS,NASDAQ,opend_us,True,
TAYD,Taylor Devices,NASDAQ,opend_us,True,
TBA,AmperCap Acquisition Co.,NASDAQ,opend_us,True,
TBB,AT&T INC 5.35% GLOBAL NOTES DUE 01/11/2066 USD25,NYSE,opend_us,True,
TBBB,BBB Foods,NYSE,opend_us,True,
TBBK,The Bancorp,NASDAQ,opend_us,True,
TBC,AT&T Inc. 5.625% Global Notes Due 2067 Usd25,NYSE,opend_us,True,
TBCH,乌龟海岸,NASDAQ,opend_us,True,
TBH,Brag House,NASDAQ,opend_us,True,
TBI,TrueBlue,NYSE,opend_us,True,
TBLA,Taboola Com,NASDAQ,opend_us,True,
TBN,Tamboran Resources,NYSE,opend_us,True,
TBPH,Theravance Biopharma,NASDAQ,opend_us,True,
TBRG,TruBridge,NASDAQ,opend_us,True,
TC,Token Cat,NASDAQ,opend_us,True,
TCBI,Texas Capital Bancshares,NASDAQ,opend_us,True,
TCBIL,Texas Capital Bancshares,NASDAQ,opend_us,True,
TCBIO,TEXAS CAPITAL BANCSHARES INC DEP SHS REP 1/40TH FXD RT NCUM PFD SER B,NASDAQ,opend_us,True,
TCBK,TriCo Bancshares,NASDAQ,opend_us,True,
TCBS,Texas Community Bancshares,NASDAQ,opend_us,True,
TCBX,Third Coast Bancshares,NYSE,opend_us,True,
TCFCP,TCF FINANCIAL CORPORATION 5.7%DEP SHS RTG 1/1000TH NON CUM PF SR C,NASDAQ,opend_us,True,
TCGL,TechCreate Group,AMEX,opend_us,True,
TCI,洲际地产投资,NYSE,opend_us,True,
TCMD,Tactile Systems Technology,NASDAQ,opend_us,True,
TCOM,携程网,NASDAQ,opend_us,True,
TCPA,TRANSCANADA PIPELINES LTD 6.25% NTS 01/11/2085 USD 25,NYSE,opend_us,True,
TCPC,BlackRock Tcp,NASDAQ,opend_us,True,
TCRT,Alaunos Therapeutics,NASDAQ,opend_us,True,
TCRX,TScan Therapeutics,NASDAQ,opend_us,True,
TCX,Tucows,NASDAQ,opend_us,True,
TD,多伦多道明银行,NYSE,opend_us,True,
TDA,Telephone & Data Systems,NYSE,opend_us,True,
TDAC,TRANSLATIONAL DEVELOPMENT ACQUISITION CORP,NASDAQ,opend_us,True,
TDACU,TRANSLATIONAL DEV ACQUISITION CORP UNIT 1 ORD SH & 1/2 RED WT EXP,NASDAQ,opend_us,True,
TDAY,USA TODAY,NYSE,opend_us,True,
TDC,天睿公司,NYSE,opend_us,True,
TDE,Telephone & Data Systems,NYSE,opend_us,True,
TDG,TransDigm,NYSE,opend_us,True,
TDIC,Dreamland,NASDAQ,opend_us,True,
TDJ,Telephone & Data Systems,NYSE,opend_us,True,
TDOC,Teladoc Health,NYSE,opend_us,True,
TDS,电话和数据系统,NYSE,opend_us,True,
TDSTU,Thunderstone Acquisition Corp.,NASDAQ,opend_us,True,
TDTH,Trident Digital Tech,NASDAQ,opend_us,True,
TDUP,ThredUp,NASDAQ,opend_us,True,
TDW,潮水公司,NYSE,opend_us,True,
TDWD,Tailwind 2.0 Acquisition Corp.,NASDAQ,opend_us,True,
TDWDR,TAILWIND 2.0 ACQUISITION CORP ORD USD0.0001 CL A (S/R)07/11/2030,NASDAQ,opend_us,True,
TDWDU,TAILWIND 2.0 ACQUISITION CORP UNIT 1 ORD SHS CL A & 1 RT (07/11/2030),NASDAQ,opend_us,True,
TDY,Teledyne Technologies,NYSE,opend_us,True,
TE,T1 Energy,NYSE,opend_us,True,
TEAD,Teads Holding,NASDAQ,opend_us,True,
TEAM,Atlassian,NASDAQ,opend_us,True,
TECH,Bio-Techne,NASDAQ,opend_us,True,
TECK,泰克资源有限公司,NYSE,opend_us,True,
TECX,Tectonic Therapeutic,NASDAQ,opend_us,True,
TEL,泰科电子,NYSE,opend_us,True,
TELA,TELA Bio,NASDAQ,opend_us,True,
TELO,Telomir Pharmaceuticals,NASDAQ,opend_us,True,
TELZ,TELLURIAN INC 8.25% SENIOR NOTES DUE 30/11/2028,AMEX,opend_us,True,
TEM,Tempus AI,NASDAQ,opend_us,True,
TEN,Tsakos Energy Navigation,NYSE,opend_us,True,
TENB,Tenable Holdings,NASDAQ,opend_us,True,
TENX,Tenax Therapeutics,NASDAQ,opend_us,True,
TEO,阿根廷电信,NYSE,opend_us,True,
TER,泰瑞达,NASDAQ,opend_us,True,
TEVA,梯瓦制药,NYSE,opend_us,True,
TEX,特雷克斯,NYSE,opend_us,True,
TFC,Truist Financial,NYSE,opend_us,True,
TFFP,TFF Pharmaceuticals,NASDAQ,opend_us,True,
TFG,Fortegra Group,NYSE,opend_us,True,
TFII,TFI International,NYSE,opend_us,True,
TFIN,Triumph Financial,NYSE,opend_us,True,
TFPM,Triple Flag Precious Metals,NYSE,opend_us,True,
TFSL,TFS Financial,NASDAQ,opend_us,True,
TFX,泰利福,NYSE,opend_us,True,
TG,特里迪加,NYSE,opend_us,True,
TGB,Taseko Mines,AMEX,opend_us,True,
TGE,Generation Essential,NYSE,opend_us,True,
TGEN,Tecogen,AMEX,opend_us,True,
TGHL,The Growhub,NASDAQ,opend_us,True,
TGL,Treasure Global,NASDAQ,opend_us,True,
TGLS,Tecnoglass,NYSE,opend_us,True,
TGS,阿根廷南部燃气,NYSE,opend_us,True,
TGT,塔吉特,NYSE,opend_us,True,
TGTX,TG Therapeutics,NASDAQ,opend_us,True,
TH,Target Hospitality,NASDAQ,opend_us,True,
THC,泰尼特,NYSE,opend_us,True,
THCH,TH international,NASDAQ,opend_us,True,
THFF,First Financial,NASDAQ,opend_us,True,
THG,汉诺威保险,NYSE,opend_us,True,
THH,TryHard Holdings,NASDAQ,opend_us,True,
THM,International Tower Hill Mines,AMEX,opend_us,True,
THNK,T1V,NASDAQ,opend_us,True,
THO,索尔工业,NYSE,opend_us,True,
THR,Thermon(已退市),NYSE,opend_us,True,
THRM,Gentherm,NASDAQ,opend_us,True,
THRY,Thryv Holdings,NASDAQ,opend_us,True,
THTX.CVR,THERATECHNOLOGIES INC CVR,NASDAQ,opend_us,True,
TIC,TIC Solutions,NYSE,opend_us,True,
TIGO,Millicom International Cellular,NASDAQ,opend_us,True,
TIGR,向上融科,NASDAQ,opend_us,True,
TII,Titan Mining,AMEX,opend_us,True,
TIL,Instil Bio,NASDAQ,opend_us,True,
TILE,Interface,NASDAQ,opend_us,True,
TIMB,TIM,NYSE,opend_us,True,
TIPT,Tiptree-A,NASDAQ,opend_us,True,
TISI,Team,NYSE,opend_us,True,
TITN,Titan Machinery,NASDAQ,opend_us,True,
TJGC,TJGC Group,NASDAQ,opend_us,True,
TJX,TJX公司,NYSE,opend_us,True,
TK,Teekay,NYSE,opend_us,True,
TKC,土耳其移动通信,NYSE,opend_us,True,
TKLF,Tokyo Lifestyle,NASDAQ,opend_us,True,
TKNO,Alpha Teknova,NASDAQ,opend_us,True,
TKO,TKO Group Holdings,NYSE,opend_us,True,
TKR,铁姆肯,NYSE,opend_us,True,
TKVA,Salspera,NASDAQ,opend_us,True,
TLF,Tandy Leather Factory,NASDAQ,opend_us,True,
TLIH,Ten-League International,NASDAQ,opend_us,True,
TLK,印尼电信,NYSE,opend_us,True,
TLN,Talen Energy,NASDAQ,opend_us,True,
TLNC,Talon Capital Corp,NASDAQ,opend_us,True,
TLNCU,TALON CAPITAL CORP UNIT 1 CL A & 1/3 WT (27/08/2030),NASDAQ,opend_us,True,
TLPH,Talphera,NASDAQ,opend_us,True,
TLRY,Tilray Brands,NASDAQ,opend_us,True,
TLS,Telos,NASDAQ,opend_us,True,
TLSA,Tiziana Life Sciences,NASDAQ,opend_us,True,
TLSI,TriSalus Life Sciences,NASDAQ,opend_us,True,
TLX,Telix Pharmaceuticals,NASDAQ,opend_us,True,
TLYS,Tilly's,NYSE,opend_us,True,
TM,丰田汽车,NYSE,opend_us,True,
TMC,TMC the metals,NASDAQ,opend_us,True,
TMCI,Treace Medical Concepts,NASDAQ,opend_us,True,
TMCR,Metals Royalty,NASDAQ,opend_us,True,
TMDE,TMD Energy,AMEX,opend_us,True,
TMDX,TransMedics,NASDAQ,opend_us,True,
TME,腾讯音乐,NYSE,opend_us,True,
TMHC,Taylor Morrison Home,NYSE,opend_us,True,
TMO,赛默飞世尔,NYSE,opend_us,True,
TMP,Tompkins Financial,AMEX,opend_us,True,
TMQ,Trilogy Metals,AMEX,opend_us,True,
TMRDU,Timber Road Acquisition Corp.,NASDAQ,opend_us,True,
TMTS,SPARTACUS ACQUISITION CORP II,NASDAQ,opend_us,True,
TMTSU,SPARTACUS ACQUISITION CORP II UNITS CONS 1 CL A  & 1/3 WT(30/01/2031),NASDAQ,opend_us,True,
TMUS,T-Mobile US,NASDAQ,opend_us,True,
TMUSI,T MOBILE USA INC 5.500% NOTES DUE 01/06/2070,NASDAQ,opend_us,True,
TMUSL,T MOBILE USA INC 6.250% NOTES DUE 01/09/2069,NASDAQ,opend_us,True,
TMUSZ,T MOBILE USA INC 5.500% NOTES DUE 01/03/2070,NASDAQ,opend_us,True,
TNC,坦能,NYSE,opend_us,True,
TNDM,Tandem Diabetes Care,NASDAQ,opend_us,True,
TNET,TriNet Group,NYSE,opend_us,True,
TNGX,Tango Therapeutics,NASDAQ,opend_us,True,
TNK,Teekay Tankers,NYSE,opend_us,True,
TNL,Travel Plus Leisure,NYSE,opend_us,True,
TNMG,TNL Mediagene,NASDAQ,opend_us,True,
TNON,Tenon Medical,NASDAQ,opend_us,True,
TNXP,Tonix Pharmaceuticals,NASDAQ,opend_us,True,
TNYA,Tenaya Therapeutics,NASDAQ,opend_us,True,
TOI,The Oncology Institute,NASDAQ,opend_us,True,
TOL,托尔兄弟,NYSE,opend_us,True,
TOMZ,TOMI Environmental Solutions,NASDAQ,opend_us,True,
TONX,TON Strategy,NASDAQ,opend_us,True,
TOON,Kartoon Studios,AMEX,opend_us,True,
TOP,中阳金融集团,NASDAQ,opend_us,True,
TOPP,Toppoint Holdings,AMEX,opend_us,True,
TOPS,Top Ships,AMEX,opend_us,True,
TORO,TORO CORP,NASDAQ,opend_us,True,
TOST,Toast,NYSE,opend_us,True,
TOUR,途牛,NASDAQ,opend_us,True,
TOVX,Theriva Biologics,AMEX,opend_us,True,
TOWN,TowneBank,NASDAQ,opend_us,True,
TOYO,TOYO Co,NASDAQ,opend_us,True,
TPB,Turning Point Brands,NYSE,opend_us,True,
TPC,Tutor Perini,NYSE,opend_us,True,
TPCS,TechPrecision,NASDAQ,opend_us,True,
TPET,Trio Petroleum,AMEX,opend_us,True,
TPG,TPG Inc,NASDAQ,opend_us,True,
TPGXL,TPG OPERATING GROUP II LP 6.95% JR NTS 15/03/2064 USD25,NASDAQ,opend_us,True,
TPH,Tri Pointe Homes(已退市),NYSE,opend_us,True,
TPL,Texas Pacific Land,NYSE,opend_us,True,
TPR,Tapestry,NYSE,opend_us,True,
TPST,Tempest Therapeutics,NASDAQ,opend_us,True,
TPTA,TERRA PROPERTY TRUST INC 6.00% NOTES DUE 30/06/2026,NYSE,opend_us,True,
TPVG,TriplePoint Venture Growth BDC,NYSE,opend_us,True,
TR,Tootsie Roll Industries,NYSE,opend_us,True,
TRAD,APEX Tech Acquisition Inc,NYSE,opend_us,True,
TRADU,APEX Tech Acquisition Inc.,NYSE,opend_us,True,
TRAK,ReposiTrak,NYSE,opend_us,True,
TRAW,Traws Pharma,NASDAQ,opend_us,True,
TRAX,First Tracks Biotherapeutics,NASDAQ,opend_us,True,
TRC,Tejon Ranch,NYSE,opend_us,True,
TRDA,Entrada Therapeutics,NASDAQ,opend_us,True,
TREE,LendingTree,NASDAQ,opend_us,True,
TREX,Trex Co.,NYSE,opend_us,True,
TRGP,Targa Resources,NYSE,opend_us,True,
TRGS,TRG LATIN AMERICA ACQUISITIONS CORP,NASDAQ,opend_us,True,
TRGSR,TRG LATIN AMER ACQUISITIONS CORP ORD USD0.0001 CL A S/R (20/02/2031),NASDAQ,opend_us,True,
TRGSU,TRG LATIN AMER ACQUISITIONS CORP UNITS CONS 1 CL A ORD & 1 RT(20/02/2031),NASDAQ,opend_us,True,
TRI,汤森路透,NASDAQ,opend_us,True,
TRIB,Trinity Biotech,NASDAQ,opend_us,True,
TRIN,Trinity Capital,NASDAQ,opend_us,True,
TRINI,TRINITY CAPITAL INC 7.875% NTS 30/09/2029,NASDAQ,opend_us,True,
TRINL,TRINITY CAPITAL INC 7.00% NOTES DUE 16/01/2025,NASDAQ,opend_us,True,
TRINZ,TRINITY CAPITAL INC 7.875% NOTES DUE 2029,NASDAQ,opend_us,True,
TRIP,猫途鹰,NASDAQ,opend_us,True,
TRIT,Triterras,NASDAQ,opend_us,True,
TRMB,天宝导航公司,NASDAQ,opend_us,True,
TRMD,Torm,NASDAQ,opend_us,True,
TRMK,Trustmark,NASDAQ,opend_us,True,
TRN,Trinity Industries,NYSE,opend_us,True,
TRNR,Interactive Strength,NASDAQ,opend_us,True,
TRNS,Transcat,NASDAQ,opend_us,True,
TRON,Tron Inc,NASDAQ,opend_us,True,
TROO,盟军集团,NASDAQ,opend_us,True,
TROW,普信集团,NASDAQ,opend_us,True,
TROX,Tronox,NYSE,opend_us,True,
TRP,TC Energy,NYSE,opend_us,True,
TRS,瑞奇包装系统,NASDAQ,opend_us,True,
TRSG,同日科技,NASDAQ,opend_us,True,
TRST,TrustCo Bank,NASDAQ,opend_us,True,
TRT,Trio-Tech International,AMEX,opend_us,True,
TRU,TransUnion,NYSE,opend_us,True,
TRUG,TruGolf,NASDAQ,opend_us,True,
TRUP,Trupanion,NASDAQ,opend_us,True,
TRV,旅行者财产险集团,NYSE,opend_us,True,
TRVG,Trivago,NASDAQ,opend_us,True,
TRVI,Trevi Therapeutics,NASDAQ,opend_us,True,
TRX,TRX Gold,AMEX,opend_us,True,
TS,泰纳瑞斯钢铁,NYSE,opend_us,True,
TSAT,Telesat,NASDAQ,opend_us,True,
TSBK,Timberland Bancorp,NASDAQ,opend_us,True,
TSCO,拖拉机供应公司,NASDAQ,opend_us,True,
TSEM,Tower半导体,NASDAQ,opend_us,True,
TSHA,Taysha Gene Therapies,NASDAQ,opend_us,True,
TSLA,特斯拉,NASDAQ,opend_us,True,
TSLX,Sixth Street专业贷款,NYSE,opend_us,True,
TSM,台积电,NYSE,opend_us,True,
TSN,泰森食品,NYSE,opend_us,True,
TSQ,Townsquare Media,NYSE,opend_us,True,
TSSI,TSS Inc,NASDAQ,opend_us,True,
TT,Trane技术,NYSE,opend_us,True,
TTAM,Titan America,NYSE,opend_us,True,
TTAN,ServiceTitan,NASDAQ,opend_us,True,
TTC,托罗配件,NYSE,opend_us,True,
TTD,The Trade Desk,NASDAQ,opend_us,True,
TTE,道达尔,NYSE,opend_us,True,
TTEC,TTEC Holdings,NASDAQ,opend_us,True,
TTEK,德照科技,NASDAQ,opend_us,True,
TTGT,TechTarget,NASDAQ,opend_us,True,
TTI,脂鲤技术,NYSE,opend_us,True,
TTMI,TTM科技,NASDAQ,opend_us,True,
TTRX,Turn Therapeutics,NASDAQ,opend_us,True,
TTWO,Take-Two互动软件,NASDAQ,opend_us,True,
TU,泰勒斯,NYSE,opend_us,True,
TULP,Bloomia,NASDAQ,opend_us,True,
TURB,Turbo Energy,NASDAQ,opend_us,True,
TURO,Turo Inc,NYSE,opend_us,True,
TUSK,Mammoth Energy Services,NASDAQ,opend_us,True,
TUYA,涂鸦智能,NYSE,opend_us,True,
TV,墨西哥电视,NYSE,opend_us,True,
TVA,Texas Ventures Acquisition III Corp,NASDAQ,opend_us,True,
TVACU,TEXAS VENTURES ACQUISITION III CORP UNITS(1 ORD A & 1/2 RED WT),NASDAQ,opend_us,True,
TVAI,Thayer Ventures Acquisition Corporation II,NASDAQ,opend_us,True,
TVAIR,THAYER VENTURES ACQUISITION CORP II COM USD0.0001(S/R 15/05/2030),NASDAQ,opend_us,True,
TVAIU,THAYER VENTURES ACQUISITION CORP II UNIT 1 CL A & 1 RT (15/05/2030),NASDAQ,opend_us,True,
TVC,TENNESSEE VALLEY AUTHORITY PRF 01/06/28 USD SER'D'(POWER BONDS 1998,NYSE,opend_us,True,
TVCN,TV Channels Network,NASDAQ,opend_us,True,
TVE,TENNESSEE VALLEY AUTHORITY PREF STK 1/5/2029 USD25 SER'A',NYSE,opend_us,True,
TVGN,Tevogen Bio Holdings,NASDAQ,opend_us,True,
TVRD,Tvardi Therapeutics,NASDAQ,opend_us,True,
TVTX,Travere Therapeutic,NASDAQ,opend_us,True,
TW,Tradeweb Markets,NASDAQ,opend_us,True,
TWAV,TaoWeave,NASDAQ,opend_us,True,
TWCGU,GALLIOT ACQUISITION CORP UNIT 1 COM & 1/6 WT EXP,NASDAQ,opend_us,True,
TWFG,"TWFG, Inc.",NASDAQ,opend_us,True,
TWG,富原集团,NASDAQ,opend_us,True,
TWI,泰坦国际,NYSE,opend_us,True,
TWIN,双环,NASDAQ,opend_us,True,
TWLO,Twilio,NYSE,opend_us,True,
TWLV,TWELVE SEAS INVESTMENT COMPANY III,NASDAQ,opend_us,True,
TWLVR,TWELVE SEAS INVESTMENT COMPANY III ORD USD0.0001 CL A (SUB/RTS)21/11/2030,NASDAQ,opend_us,True,
TWLVU,TWELVE SEAS INVESTMENT COMPANY III UNIT(1  A & 1 RT PR 1/10TH CL A)21/11/30,NASDAQ,opend_us,True,
TWOD,TWO HARBORS INVESTMENT CORP 9.375% SENIOR NOTES DUE 15/08/2030,NYSE,opend_us,True,
TWSCU,Twelve Seas Investment Co. III,NASDAQ,opend_us,True,
TWST,Twist Bioscience,NASDAQ,opend_us,True,
TX,特尔尼翁钢铁,NYSE,opend_us,True,
TXG,10x Genomics,NASDAQ,opend_us,True,
TXMD,TherapeuticsMD,NASDAQ,opend_us,True,
TXN,德州仪器,NASDAQ,opend_us,True,
TXNM,TXNM Energy,NYSE,opend_us,True,
TXO,TXO Partners,NYSE,opend_us,True,
TXRH,德州公路酒吧,NASDAQ,opend_us,True,
TXT,德事隆,NYSE,opend_us,True,
TYGO,Tigo Energy,NASDAQ,opend_us,True,
TYL,泰勒科技,NYSE,opend_us,True,
TYRA,Tyra Biosciences,NASDAQ,opend_us,True,
TZOO,旅游族,NASDAQ,opend_us,True,
U,Unity Software,NYSE,opend_us,True,
UA,安德玛-C,NYSE,opend_us,True,
UAA,安德玛-A,NYSE,opend_us,True,
UAC,UNITED ACQUISITION CORPORATION I,AMEX,opend_us,True,
UACU,United Acquisition Corp. I,NYSE,opend_us,True,
UAL,联合大陆航空,NASDAQ,opend_us,True,
UAMY,United States Antimony,NYSE,opend_us,True,
UAN,CVR Partners,NYSE,opend_us,True,
UAVS,AgEagle天线系统,AMEX,opend_us,True,
UBCP,联合合众银行,NASDAQ,opend_us,True,
UBER,优步,NYSE,opend_us,True,
UBS,瑞银,NYSE,opend_us,True,
UBSI,联合银行,NASDAQ,opend_us,True,
UBXG,有家保险,NASDAQ,opend_us,True,
UCAR,优品车,NASDAQ,opend_us,True,
UCB,美国社区银行,NYSE,opend_us,True,
UCFI,CN Healthy Food Tech Group,NASDAQ,opend_us,True,
UCL,优克联,NASDAQ,opend_us,True,
UCTT,超科林半导体,NASDAQ,opend_us,True,
UEC,Uranium Energy,AMEX,opend_us,True,
UEIC,Universal Electronics,NASDAQ,opend_us,True,
UFCS,联合火险,NASDAQ,opend_us,True,
UFG,Uni-Fuels,NASDAQ,opend_us,True,
UFI,仪化宇辉,NYSE,opend_us,True,
UFPI,UFP Industries,NASDAQ,opend_us,True,
UFPT,UFP技术,NASDAQ,opend_us,True,
UG,守护者联盟,NASDAQ,opend_us,True,
UGI,UGI公用事业,NYSE,opend_us,True,
UGIC,UGI CORP CORP UNIT,NYSE,opend_us,True,
UGP,Ultrapar Participacoes,NYSE,opend_us,True,
UGRO,Urban-gro,NASDAQ,opend_us,True,
UHAL,U-Haul,NYSE,opend_us,True,
UHAL.B,U-Haul,NYSE,opend_us,True,
UHS,Universal Health Services,NYSE,opend_us,True,
UI,厄比奎蒂,NYSE,opend_us,True,
UIS,优利系统,NYSE,opend_us,True,
UK,优客工场,NASDAQ,opend_us,True,
UL,联合利华(英国),NYSE,opend_us,True,
ULBI,Ultralife,NASDAQ,opend_us,True,
ULCC,Frontier Group,NASDAQ,opend_us,True,
ULH,环球物流控股,NASDAQ,opend_us,True,
ULS,UL Solutions,NYSE,opend_us,True,
ULTA,Ulta美容,NASDAQ,opend_us,True,
UMAC,Unusual Machines,AMEX,opend_us,True,
UMBF,UMB金融,NASDAQ,opend_us,True,
UMBFO,UMB FINANCIAL CORP DEP SHS REPSTG 1/400TH PERP PFD SER B WI,NASDAQ,opend_us,True,
UMBFP,UMB FINANCIAL CORP 7% DEP SHS REP 1/400 NON CUM PR PRF,NASDAQ,opend_us,True,
UMC,联电,NYSE,opend_us,True,
UNB,Union Bankshares,NASDAQ,opend_us,True,
UNCY,Unicycive Therapeutics,NASDAQ,opend_us,True,
UNF,第一联合,NYSE,opend_us,True,
UNFI,联合原生态食品,NYSE,opend_us,True,
UNFL,"Unifoil Holdings, Inc.",NYSE,opend_us,True,
UNH,联合健康,NYSE,opend_us,True,
UNM,尤纳姆集团,NYSE,opend_us,True,
UNMA,UNUM GROUP 6.250%JUNIOR SUBORD NOTES DUE 15/06/2058,NYSE,opend_us,True,
UNP,联合太平洋,NYSE,opend_us,True,
UNTY,Unity Bancorp,NASDAQ,opend_us,True,
UONE,Urban One,NASDAQ,opend_us,True,
UONEK,Urban One-D,NASDAQ,opend_us,True,
UP,Wheels Up Experience,NYSE,opend_us,True,
UPB,UpStream Bio,NASDAQ,opend_us,True,
UPBD,Upbound Group,NASDAQ,opend_us,True,
UPC,大自然药业,NASDAQ,opend_us,True,
UPLD,Upland Software,NASDAQ,opend_us,True,
UPS,联合包裹,NYSE,opend_us,True,
UPST,Upstart,NASDAQ,opend_us,True,
UPWK,Upwork,NASDAQ,opend_us,True,
UPX,Uptrend,NASDAQ,opend_us,True,
UPXI,Upexi,NASDAQ,opend_us,True,
URBN,都市服饰,NASDAQ,opend_us,True,
URG,Ur-能源,AMEX,opend_us,True,
URGN,乌龙制药,NASDAQ,opend_us,True,
URI,联合租赁,NYSE,opend_us,True,
UROY,Uranium Royalty,NASDAQ,opend_us,True,
USAC,USA Compression,NYSE,opend_us,True,
USAR,USA Rare Earth,NASDAQ,opend_us,True,
USAS,美洲白银公司,AMEX,opend_us,True,
USAU,美国黄金公司,NASDAQ,opend_us,True,
USB,美国合众银行,NYSE,opend_us,True,
USBC,USBC Inc,AMEX,opend_us,True,
USCB,美国世纪银行,NASDAQ,opend_us,True,
USEA,United Maritime,NASDAQ,opend_us,True,
USEG,美国能源,NASDAQ,opend_us,True,
USFD,美国食品控股,NYSE,opend_us,True,
USGO,U.S. Goldmining,NASDAQ,opend_us,True,
USIO,Usio,NASDAQ,opend_us,True,
USLM,美国灰矿建材,NASDAQ,opend_us,True,
USNA,优莎娜,NYSE,opend_us,True,
USPH,美国理疗保健,NYSE,opend_us,True,
UTHR,美国联合医疗,NASDAQ,opend_us,True,
UTI,环球技术学院,NYSE,opend_us,True,
UTL,Unitil,NYSE,opend_us,True,
UTMD,犹他医疗产品,NASDAQ,opend_us,True,
UTSI,UT斯达康,NASDAQ,opend_us,True,
UTX,Ultratrex,NASDAQ,opend_us,True,
UTZ,Utz Brands,NYSE,opend_us,True,
UUU,通用安全仪器,AMEX,opend_us,True,
UUUU,Energy Fuels,AMEX,opend_us,True,
UVE,万全保险,NYSE,opend_us,True,
UVSP,宾夕法尼亚裕益银行,NASDAQ,opend_us,True,
UVV,环球烟草,NYSE,opend_us,True,
UWMC,UWM Holdings,NYSE,opend_us,True,
UXIN,优信,NASDAQ,opend_us,True,
UYSC,UY SCUTI ACQUISITION CORP,NASDAQ,opend_us,True,
UYSCR,UY SCUTI ACQUISITION CORP COM USD0.0001(S/R) 03/03/2030,NASDAQ,opend_us,True,
UYSCU,UY SCUTI ACQUISITION CORP UNIT 1 ORD & 1 RT,NASDAQ,opend_us,True,
UZA,United States Cellular Corp.,NYSE,opend_us,True,
UZC,United States Cellular Corp.,NYSE,opend_us,True,
UZD,ARRAY DIGITAL INFRASTRUCTURE I 6.250% SENIOR NOTES DUE (01/09/2069),NYSE,opend_us,True,
UZE,ARRAY DIGITAL INFRASTRUCTURE I 5.500% SENIOR NOTES DUE(01/03/2070),NYSE,opend_us,True,
UZF,ARRAY DIGITAL INFRASTRUCTURE I 5.500% SENIOR NOTES DUE (01/06/2070),NYSE,opend_us,True,
UZX,传丞环球,NASDAQ,opend_us,True,
V,Visa,NYSE,opend_us,True,
VABK,Virginia National Bankshares,NASDAQ,opend_us,True,
VAC,万豪度假环球,NYSE,opend_us,True,
VACH,Voyager Acquisition Corp,NASDAQ,opend_us,True,
VACHU,VOYAGER ACQUISITION CORP. UNIT 1 COM & 1/2 WT EXP,NASDAQ,opend_us,True,
VACI,Viking Acquisition Corp. I,NYSE,opend_us,True,
VACIU,Viking Acquisition Corp. I,NYSE,opend_us,True,
VAL,华仕伯,NYSE,opend_us,True,
VALE,淡水河谷,NYSE,opend_us,True,
VALN,Valneva,NASDAQ,opend_us,True,
VALU,Value Line,NASDAQ,opend_us,True,
VANI,Vivani Medical,NASDAQ,opend_us,True,
VATE,Innovate Corp,NYSE,opend_us,True,
VBIO,Valion Bio,NASDAQ,opend_us,True,
VBNK,VersaBank,NASDAQ,opend_us,True,
VC,伟世通,NASDAQ,opend_us,True,
VCEL,Vericel,NASDAQ,opend_us,True,
VCIG,VCI Global,NASDAQ,opend_us,True,
VCTR,Victory Capital,NASDAQ,opend_us,True,
VCYT,Veracyte,NASDAQ,opend_us,True,
VDNT,Verdant Earth Technologies,NASDAQ,opend_us,True,
VECA,VERNAL CAP ACQUISITION CORP.,NYSE,opend_us,True,
VECAU,Vernal Capital Acquisition Corp.,NASDAQ,opend_us,True,
VECO,维易科精密仪器,NASDAQ,opend_us,True,
VEEA,Veea Inc,NASDAQ,opend_us,True,
VEEE,Twin Vee PowerCats,NASDAQ,opend_us,True,
VEEV,Veeva Systems,NYSE,opend_us,True,
VEL,Velocity金融,NYSE,opend_us,True,
VELO,Velo3D,NASDAQ,opend_us,True,
VEMCU,VELOCITY MERGER CORP UNIT 1 ORD SHS CL A & 1/3 W,NASDAQ,opend_us,True,
VENU,Venu Holding,AMEX,opend_us,True,
VEON,VEON Ltd,NASDAQ,opend_us,True,
VERA,Vera Therapeutics,NASDAQ,opend_us,True,
VERI,Veritone,NASDAQ,opend_us,True,
VERU,Veru Inc,NASDAQ,opend_us,True,
VERX,Vertex,NASDAQ,opend_us,True,
VET,朱砂能源,NYSE,opend_us,True,
VFC,威富集团,NYSE,opend_us,True,
VFF,Village Farms国际,NASDAQ,opend_us,True,
VFS,VinFast Auto,NASDAQ,opend_us,True,
VG,Venture Global,NYSE,opend_us,True,
VGAS,Verde Clean Fuels,NASDAQ,opend_us,True,
VGNT,VERSIGENT PLC,NYSE,opend_us,True,
VGZ,Vista黄金,AMEX,opend_us,True,
VHC,Virnetx控股,NASDAQ,opend_us,True,
VHCIU,Vine Hill Capital Investment Corp.,NASDAQ,opend_us,True,
VHCP,VINE HILL CAPITAL INVEST CORP II,NASDAQ,opend_us,True,
VHCPU,VINE HILL CAPITAL INVEST CORP II UNIT 1 CL A & 1/3 WT EXP (25/11/2030),NASDAQ,opend_us,True,
VHI,瓦利化工,NYSE,opend_us,True,
VHUB,VenHub Global,NASDAQ,opend_us,True,
VIA,Via Transportation,NYSE,opend_us,True,
VIASP,VIA RENEWABLES INC 8.75% FIXED FLTG CUM RED PFD SER A,NASDAQ,opend_us,True,
VIAV,Viavi Solutions,NASDAQ,opend_us,True,
VICR,Vicor电子,NASDAQ,opend_us,True,
VIDA,VIDA Global,AMEX,opend_us,True,
VIK,Viking Holdings,NYSE,opend_us,True,
VINO,Gaucho Group,NASDAQ,opend_us,True,
VINP,Vinci Compass Investments,NASDAQ,opend_us,True,
VIOT,云米科技,NASDAQ,opend_us,True,
VIPS,唯品会,NYSE,opend_us,True,
VIR,Vir Biotechnology,NASDAQ,opend_us,True,
VIRC,Virco制造,NASDAQ,opend_us,True,
VIRT,Virtu金融,NYSE,opend_us,True,
VISN,Vistance Networks,NASDAQ,opend_us,True,
VIST,Vista Energy,NYSE,opend_us,True,
VITL,Vital Farms,NASDAQ,opend_us,True,
VIV,巴西电信,NYSE,opend_us,True,
VIVK,Vivakor,NASDAQ,opend_us,True,
VIVO,VivoPower,NASDAQ,opend_us,True,
VIVS,VivoSim Labs,NASDAQ,opend_us,True,
VKTX,Viking Therapeutics,NASDAQ,opend_us,True,
VLGEA,Village Super Market,NASDAQ,opend_us,True,
VLN,Valens Semiconductor,NYSE,opend_us,True,
VLO,瓦莱罗能源,NYSE,opend_us,True,
VLPIX,Virtus Duff & Phelps Select MLP and Energy Fund Class I,NASDAQ,opend_us,True,
VLRS,Volaris航空,NYSE,opend_us,True,
VLTO,Veralto Corp,NYSE,opend_us,True,
VLY,硅谷国家银行,NASDAQ,opend_us,True,
VLYPN,VALLEY NATIONAL BANCORP FIXED RATE RESET PERP PFD SER C,NASDAQ,opend_us,True,
VLYPO,VALLEY NATIONAL BANCORP 5.50% NON CUM PERP PREF SER B USD25,NASDAQ,opend_us,True,
VLYPP,VALLEY NATIONAL BANCORP 6.25% NON CUM PERP PREF SER A USD25.00,NASDAQ,opend_us,True,
VMAR,Vision Marine Technologies,NASDAQ,opend_us,True,
VMC,火神材料,NYSE,opend_us,True,
VMD,Viemed Healthcare,NASDAQ,opend_us,True,
VMET,Versamet Royalties,NASDAQ,opend_us,True,
VMI,维蒙特工业,NYSE,opend_us,True,
VNCE,文斯控股,NASDAQ,opend_us,True,
VNDA,万达生物制药,NASDAQ,opend_us,True,
VNET,世纪互联,NASDAQ,opend_us,True,
VNHB,VenHub Global Inc. (Direct Listing),NASDAQ,opend_us,True,
VNME,VENDOME ACQUISITION CORPORATION I,NASDAQ,opend_us,True,
VNMEU,VENDOME ACQUISITION CORPORATION I UNIT 1 CL A SHS & 1/2 WT(20/06/2030),NASDAQ,opend_us,True,
VNOM,Viper Energy,NASDAQ,opend_us,True,
VNRX,VolitionRX,AMEX,opend_us,True,
VNT,Vontier,NYSE,opend_us,True,
VNTG,Vantage,AMEX,opend_us,True,
VOC,VOC ENERGY TRUST,NYSE,opend_us,True,
VOD,沃达丰,NASDAQ,opend_us,True,
VOR,Vor Biopharma,NASDAQ,opend_us,True,
VOXR,Vox Royalty,NASDAQ,opend_us,True,
VOYA,Voya金融,NYSE,opend_us,True,
VOYG,Voyager Technologies,NYSE,opend_us,True,
VPG,Vishay精密集团,NYSE,opend_us,True,
VRA,Vera Bradley,NASDAQ,opend_us,True,
VRAX,Virax Biolabs,NASDAQ,opend_us,True,
VRCA,Verrica制药,NASDAQ,opend_us,True,
VRDN,Viridian Therapeutics,NASDAQ,opend_us,True,
VREX,Varex Imaging,NASDAQ,opend_us,True,
VRM,Vroom,NASDAQ,opend_us,True,
VRME,VerifyMe,NASDAQ,opend_us,True,
VRN,Veren(已退市),NYSE,opend_us,True,
VRNS,Varonis系统,NASDAQ,opend_us,True,
VRRM,Verra Mobility,NASDAQ,opend_us,True,
VRSK,Verisk分析,NASDAQ,opend_us,True,
VRSN,威瑞信,NASDAQ,opend_us,True,
VRT,Vertiv Holdings,NYSE,opend_us,True,
VRTS,维德思投资,NYSE,opend_us,True,
VRTX,福泰制药,NASDAQ,opend_us,True,
VS,Versus Systems,NASDAQ,opend_us,True,
VSA,童程童美,NASDAQ,opend_us,True,
VSAI,VERSES AI,NASDAQ,opend_us,True,
VSAT,卫讯公司,NASDAQ,opend_us,True,
VSEC,VSE技术服务,NASDAQ,opend_us,True,
VSECU,VSE CORP TANGIBLE EQUITY UNIT (01/02/2029),NASDAQ,opend_us,True,
VSEE,VSee Health,NASDAQ,opend_us,True,
VSH,威世科技,NYSE,opend_us,True,
VSME,VS MEDIA Holdings,NASDAQ,opend_us,True,
VSNT,Versant Media,NASDAQ,opend_us,True,
VST,Vistra Energy,NYSE,opend_us,True,
VSTA,Vasta Platform(已退市),NASDAQ,opend_us,True,
VSTD,Vestand,NASDAQ,opend_us,True,
VSTM,Verastem,NASDAQ,opend_us,True,
VSTS,Vestis,NYSE,opend_us,True,
VSXY,维多利亚的秘密,NYSE,opend_us,True,
VTAK,Catheter Precision,AMEX,opend_us,True,
VTEX,VTEX,NYSE,opend_us,True,
VTGN,VistaGen Therapeutics,NASDAQ,opend_us,True,
VTIX,Virtuix Holdings,NASDAQ,opend_us,True,
VTMX,Vesta Real Estate,NYSE,opend_us,True,
VTOL,Bristow,NYSE,opend_us,True,
VTRO,Vitro Biopharma,AMEX,opend_us,True,
VTRS,Viatris,NASDAQ,opend_us,True,
VTS,Vitesse Energy,NYSE,opend_us,True,
VTSI,VirTra,NASDAQ,opend_us,True,
VTVT,vTv Therapeutics,NASDAQ,opend_us,True,
VTYX,Ventyx Biosciences (已退市),NASDAQ,opend_us,True,
VUZI,Vuzix,NASDAQ,opend_us,True,
VVOS,Vivos Therapeutics,NASDAQ,opend_us,True,
VVV,胜牌,NYSE,opend_us,True,
VVX,V2X,NYSE,opend_us,True,
VWAV,VISIONWAVE HOLDINGS INC,NASDAQ,opend_us,True,
VYGR,Voyager Therapeutics,NASDAQ,opend_us,True,
VYNE,VYNE Therapeutics,NASDAQ,opend_us,True,
VYX,NCR Voyix,NYSE,opend_us,True,
VZ,Verizon,NYSE,opend_us,True,
VZLA,Vizsla Silver,AMEX,opend_us,True,
W,Wayfair,NYSE,opend_us,True,
WAB,美国西屋制动,NYSE,opend_us,True,
WABC,西美银行,NASDAQ,opend_us,True,
WAFD,WaFd,NASDAQ,opend_us,True,
WAFDP,WAFD INC DEP SHS REP 1/40TH PERP PFD SER A USD25.,NASDAQ,opend_us,True,
WAFU,华富教育,NASDAQ,opend_us,True,
WAI,天成科技,NASDAQ,opend_us,True,
WAL,阿莱恩斯西部银行,NYSE,opend_us,True,
WALD,Waldencast,NASDAQ,opend_us,True,
WASH,华盛顿信托银行,NASDAQ,opend_us,True,
WAT,沃特世,NYSE,opend_us,True,
WATT,Energous,NASDAQ,opend_us,True,
WAVE,Eco Wave Power,NASDAQ,opend_us,True,
WAY,Waystar Holding,NASDAQ,opend_us,True,
WB,微博,NASDAQ,opend_us,True,
WBD,Warner Bros Discovery,NASDAQ,opend_us,True,
WBI,WaterBridge Infrastructure,NYSE,opend_us,True,
WBS,韦伯斯特金融,NYSE,opend_us,True,
WBTN,WEBTOON Entertainment,NASDAQ,opend_us,True,
WBUY,Webuy Global,NASDAQ,opend_us,True,
WBX,Wallbox,NYSE,opend_us,True,
WCC,西科国际,NYSE,opend_us,True,
WCGC,WCG Clinical,NASDAQ,opend_us,True,
WCN,Waste Connections,NYSE,opend_us,True,
WCT,惠程科技,NASDAQ,opend_us,True,
WD,Walker & Dunlop,NYSE,opend_us,True,
WDAY,Workday,NASDAQ,opend_us,True,
WDC,西部数据,NASDAQ,opend_us,True,
WDFC,WD-40,NASDAQ,opend_us,True,
WDH,水滴,NYSE,opend_us,True,
WDS,Woodside Energy,NYSE,opend_us,True,
WEAV,Weave Communications,NYSE,opend_us,True,
WEC,威州能源,NYSE,opend_us,True,
WELL,Welltower,NYSE,opend_us,True,
WEN,温蒂汉堡,NASDAQ,opend_us,True,
WENC,WEST ENCLAVE MERGER CORPORATION,NYSE,opend_us,True,
WENN,WEN Acquisition Corp,NASDAQ,opend_us,True,
WENNU,WEN ACQUISITION CORP UNITS 1 CL A  & 1/2 WT(16/05/2030),NASDAQ,opend_us,True,
WERN,沃纳企业,NASDAQ,opend_us,True,
WES,Western Midstream,NYSE,opend_us,True,
WEST,Westrock Coffee,NASDAQ,opend_us,True,
WETH,伟大奇,NASDAQ,opend_us,True,
WETO,Wetour Robotics,NASDAQ,opend_us,True,
WEX,WEX Inc,NYSE,opend_us,True,
WEYS,韦科鞋业,NASDAQ,opend_us,True,
WF,韩国友利金融,NYSE,opend_us,True,
WFC,富国银行,NYSE,opend_us,True,
WFCF,Where Food Comes From,NASDAQ,opend_us,True,
WFF,WF Holding,NASDAQ,opend_us,True,
WFG,西弗雷泽木业,NYSE,opend_us,True,
WFRD,Weatherford国际,NASDAQ,opend_us,True,
WGO,温尼巴格实业,NYSE,opend_us,True,
WGRX,Wellgistics Health,NASDAQ,opend_us,True,
WGS,GeneDx Holdings,NASDAQ,opend_us,True,
WH,Wyndham Hotels & Resorts,NYSE,opend_us,True,
WHD,Cactus,NYSE,opend_us,True,
WHF,WhiteHorse Finance,NASDAQ,opend_us,True,
WHFBZ,Whitehorse Fin Inc 6.50% Notes Due 2025,NASDAQ,opend_us,True,
WHFCL,WHITEHORSE FINANCE INC 7.875% NOTES 15/09/2028 USD 25,NASDAQ,opend_us,True,
WHG,Westwood Holdings,NYSE,opend_us,True,
WHK,WHITEHAWK MINERALS CORP,NYSE,opend_us,True,
WHLR,Wheeler Real Estate Investment Trust,NASDAQ,opend_us,True,
WHLRD,WHEELER REAL ESTATE INVT TR INC 8.75% CUM CONV PFD SER D USD25,NASDAQ,opend_us,True,
WHLRL,WHEELER REAL ESTATE INVT TR INC 7.00% SENIOR NOTES 31/12/2031,NASDAQ,opend_us,True,
WHLRP,WHEELER REAL ESTATE INVT TR INC 9% CUM CONV PFD SER B,NASDAQ,opend_us,True,
WHR,惠而浦,NYSE,opend_us,True,
WHWK,Whitehawk Therapeutics,NASDAQ,opend_us,True,
WILC,G. Will食品国际,NASDAQ,opend_us,True,
WIMI,微美全息,NASDAQ,opend_us,True,
WINA,威玛克工贸,NASDAQ,opend_us,True,
WING,Wingstop,NASDAQ,opend_us,True,
WIT,Wipro,NYSE,opend_us,True,
WIX,Wix.com,NASDAQ,opend_us,True,
WK,Workiva,NYSE,opend_us,True,
WKC,World Kinect,NYSE,opend_us,True,
WKEY,WISeKey,NASDAQ,opend_us,True,
WKHS,Workhorse,NASDAQ,opend_us,True,
WKSP,Worksport,NASDAQ,opend_us,True,
WLDN,Willdan集团,NASDAQ,opend_us,True,
WLDS,Wearable Devices,NASDAQ,opend_us,True,
WLFC,威利斯金融租赁,NASDAQ,opend_us,True,
WLII,Willow Lane Acquisition Corp. II,NASDAQ,opend_us,True,
WLIIU,WILLOW LANE ACQUISITIO CORP II UNIT 1 SHS A & 1/4 RED WT(27/01/2031),NASDAQ,opend_us,True,
WLK,Westlake,NYSE,opend_us,True,
WLKP,Westlake Chemical,NYSE,opend_us,True,
WLTH,Wealthfront,NASDAQ,opend_us,True,
WLY,约翰威立-A,NYSE,opend_us,True,
WLYB,约翰威立-B,NYSE,opend_us,True,
WM,美国废物管理,NYSE,opend_us,True,
WMB,威廉姆斯,NYSE,opend_us,True,
WMG,华纳音乐,NASDAQ,opend_us,True,
WMK,韦斯市场,NYSE,opend_us,True,
WMS,Advanced Drainage,NYSE,opend_us,True,
WMT,沃尔玛,NASDAQ,opend_us,True,
WNC,Wabash国立,NYSE,opend_us,True,
WNEB,Western New England Bancorp,NASDAQ,opend_us,True,
WNW,美物科技,NASDAQ,opend_us,True,
WOK,沃氪医疗,NASDAQ,opend_us,True,
WOLF,Wolfspeed,NYSE,opend_us,True,
WOOF,Petco Health and Wellness,NASDAQ,opend_us,True,
WOR,Worthington Enterprises,NYSE,opend_us,True,
WPAC,White Pearl Acquisition Corp,NYSE,opend_us,True,
WPACU,White Pearl Acquisition Corp.,NASDAQ,opend_us,True,
WPM,Wheaton Precious Metals,NYSE,opend_us,True,
WPP,WPP PLC,NYSE,opend_us,True,
WPRT,西港燃料,NASDAQ,opend_us,True,
WRAP,Wrap Technologies,NASDAQ,opend_us,True,
WRB,WR柏克利,NYSE,opend_us,True,
WRBY,Warby Parker,NYSE,opend_us,True,
WRD,文远知行,NASDAQ,opend_us,True,
WRLD,环球验收,NASDAQ,opend_us,True,
WRN,西方铜金,AMEX,opend_us,True,
WRNT,Warrantee(已退市),NASDAQ,opend_us,True,
WS,Worthington Steel,NYSE,opend_us,True,
WSBC,韦斯银行,NASDAQ,opend_us,True,
WSBCO,WESBANCO INC 7.375 NON-CUM DEP SR B,NASDAQ,opend_us,True,
WSBF,沃特财务,NASDAQ,opend_us,True,
WSBK,Winchester Bancorp,NASDAQ,opend_us,True,
WSC,WillScot Holdings,NASDAQ,opend_us,True,
WSE,WISE GROUP PLC,NASDAQ,opend_us,True,
WSFS,WSFS金融,NASDAQ,opend_us,True,
WSHP,WeShop,NASDAQ,opend_us,True,
WSM,Williams-Sonoma,NYSE,opend_us,True,
WSO,华斯科,NYSE,opend_us,True,
WSO.B,华斯科-B,NYSE,opend_us,True,
WST,West Pharmaceutical Services,NYSE,opend_us,True,
WSTN,Westin Acquisition Corp,NASDAQ,opend_us,True,
WSTNR,WESTIN ACQUISITION CORP ORD 0.0001 CL A (S/R 04/08/2030),NASDAQ,opend_us,True,
WSTNU,WESTIN ACQUISITION CORP UNITS CON(ONE CL A ORD & 1 RT) 17/09/30(已退市),NASDAQ,opend_us,True,
WT,智慧树,NYSE,opend_us,True,
WTBA,West Bancorporation,NASDAQ,opend_us,True,
WTF,华通金融,NASDAQ,opend_us,True,
WTFC,信达金融,NASDAQ,opend_us,True,
WTFCM,WINTRUST FINANCIAL CORP FXD/FLTG NON CUM PERP PFD,NASDAQ,opend_us,True,
WTFCN,WINTRUST FINANCIAL CORP DEP SHS REPSTG 1/1000TH PERP PFD SER F,NASDAQ,opend_us,True,
WTFCP,WINTRUST FINANCIAL CORP 6.875% DEP SHS REP 1/1000 PEP PFD SER E,NASDAQ,opend_us,True,
WTG,Wintergreen Acquisition Corp,NASDAQ,opend_us,True,
WTGU,Wintergreen Acquisition Corp.,NASDAQ,opend_us,True,
WTGUR,WINTERGREEN ACQUISITION CORP. COM USD0.0001(S/R),NASDAQ,opend_us,True,
WTGUU,WINTERGREEN ACQUISITION CORP. UNIT 1 ORD SH & 1 RT(21/05/2030),NASDAQ,opend_us,True,
WTI,W&T海底钻探,NYSE,opend_us,True,
WTM,白山保险集团,NYSE,opend_us,True,
WTO,联代科技,NASDAQ,opend_us,True,
WTREP,WATFORD HOLDINGS LTD 8.5% CUM RED PREF SHS USD25.00,NASDAQ,opend_us,True,
WTRG,Essential Utilities,NYSE,opend_us,True,
WTRU,AQUA AMERICA INC,NYSE,opend_us,True,
WTS,沃茨水工业,NYSE,opend_us,True,
WTTR,Select Water Solutions,NYSE,opend_us,True,
WTW,韦莱韬悦,NASDAQ,opend_us,True,
WU,西联汇款,NYSE,opend_us,True,
WULF,TeraWulf,NASDAQ,opend_us,True,
WVE,Wave Life Sciences,NASDAQ,opend_us,True,
WVVI,维拉美特酒庄,NASDAQ,opend_us,True,
WVVIP,WILLAMETTE VALLEY VINEYARDS RED PFD SER A,NASDAQ,opend_us,True,
WW,WW International,NASDAQ,opend_us,True,
WWD,伍德沃德,NASDAQ,opend_us,True,
WWR,Westwater Resources,AMEX,opend_us,True,
WWW,沃尔弗林集团,NYSE,opend_us,True,
WXM,山友国际,NASDAQ,opend_us,True,
WYFI,WhiteFiber,NASDAQ,opend_us,True,
WYHG,荣业食品,NASDAQ,opend_us,True,
WYNN,永利度假村,NASDAQ,opend_us,True,
WYY,WidePoint,AMEX,opend_us,True,
XAIR,Beyond Air,NASDAQ,opend_us,True,
XBIO,Xenetic Biosciences,NASDAQ,opend_us,True,
XBIT,XBiotech,NASDAQ,opend_us,True,
XBP,XBP Global Holdings,NASDAQ,opend_us,True,
XCBE,X3 Acquisition Corp,NASDAQ,opend_us,True,
XCBEU,X3 ACQUISITION CORP LTD UNIT 1 CL A & 1/2 WT,NASDAQ,opend_us,True,
XCH,智能充电,NASDAQ,opend_us,True,
XCUR,Exicure,NASDAQ,opend_us,True,
XE,X-Energy,NASDAQ,opend_us,True,
XEL,埃克西尔能源,NASDAQ,opend_us,True,
XELB,Xcel Brands,NASDAQ,opend_us,True,
XELLL,XCEL ENERGY INC 6.25% SUB NTS DUE 15/10/2085 USD25,NASDAQ,opend_us,True,
XENE,Xenon制药,NASDAQ,opend_us,True,
XERS,Xeris制药,NASDAQ,opend_us,True,
XFLH,XFLH Capital Corporation,NYSE,opend_us,True,
XFLHU,XFLH Capital Corp,NYSE,opend_us,True,
XFOR,X4制药,NASDAQ,opend_us,True,
XGN,Exagen,NASDAQ,opend_us,True,
XHG,XChange TEC,NASDAQ,opend_us,True,
XHLD,TEN Holdings,NASDAQ,opend_us,True,
XIFR,XPLR Infrastructure LP,NYSE,opend_us,True,
XJET,XJet,NASDAQ,opend_us,True,
XLO,Xilio Therapeutics,NASDAQ,opend_us,True,
XMAX,XMax Inc,NASDAQ,opend_us,True,
XMTR,Xometry,NASDAQ,opend_us,True,
XNCR,Xencor,NASDAQ,opend_us,True,
XNDU,哈纳杜量子技术,NASDAQ,opend_us,True,
XNET,迅雷,NASDAQ,opend_us,True,
XOM,埃克森美孚,NYSE,opend_us,True,
XOMA,标记临床研究,NASDAQ,opend_us,True,
XOMAO,XOMA ROYALTY CORPORATION EFFE DEPOSITARY SH REPR 1/1000TH B CUM PERP P,NASDAQ,opend_us,True,
XOMAP,XOMA ROYALTY CORPORATION EFFE 8.625% CUM PERP PFD SER A,NASDAQ,opend_us,True,
XOS,Xos Inc,NASDAQ,opend_us,True,
XP,XP Inc,NASDAQ,opend_us,True,
XPEL,XPEL Inc,NASDAQ,opend_us,True,
XPER,Xperi,NYSE,opend_us,True,
XPEV,小鹏集团,NYSE,opend_us,True,
XPL,Solitario Resources,AMEX,opend_us,True,
XPO,XPO,NYSE,opend_us,True,
XPOF,Xponential Fitness,NYSE,opend_us,True,
XPON,Expion360,NASDAQ,opend_us,True,
XPRO,Expro Group,NYSE,opend_us,True,
XRAY,登士柏,NASDAQ,opend_us,True,
XRN,Chiron Real Estate,NYSE,opend_us,True,
XRPN,ARMADA ACQUISITION CORP II,NASDAQ,opend_us,True,
XRPNU,ARMADA ACQUISITION CORP II UNIT 1 ORD CL A & 1/2 WT (21/05/2030),NASDAQ,opend_us,True,
XRTX,XORTX Therapeutics,NASDAQ,opend_us,True,
XRX,施乐,NASDAQ,opend_us,True,
XSLL,XSOLLA SPAC 1,NASDAQ,opend_us,True,
XSLLU,XSOLLA SPAC 1 UNITS CONS 1 CL A & 1/2 OF1 WT(12/01/31),NASDAQ,opend_us,True,
XSLU,Xsolla SPAC 1,NASDAQ,opend_us,True,
XTIA,XTI Aerospace,NASDAQ,opend_us,True,
XTKG,X3 Holdings,NASDAQ,opend_us,True,
XTLB,Xtl生物制药,NASDAQ,opend_us,True,
XTNT,Xtant Medical,AMEX,opend_us,True,
XWEL,XWELL Inc,NASDAQ,opend_us,True,
XXI,Twenty One Capital,NYSE,opend_us,True,
XXII,22nd Century,NASDAQ,opend_us,True,
XYF,小赢科技,NYSE,opend_us,True,
XYL,赛莱默,NYSE,opend_us,True,
XYZ,Block,NYSE,opend_us,True,
XZO,Exzeo Group,NYSE,opend_us,True,
YAAS,有信科技,NASDAQ,opend_us,True,
YALA,雅乐科技,NYSE,opend_us,True,
YB,元保,NASDAQ,opend_us,True,
YCBD,cbdMD,AMEX,opend_us,True,
YCY,AA MISSION ACQUISITION CORP II,NYSE,opend_us,True,
YDDL,One and one Green Technologies,NASDAQ,opend_us,True,
YDES,YD Bio,NASDAQ,opend_us,True,
YDKG,Yueda Digital,NASDAQ,opend_us,True,
YELP,Yelp Inc,NYSE,opend_us,True,
YETI,YETI Holdings,NYSE,opend_us,True,
YEXT,Yext Inc,NYSE,opend_us,True,
YHC,LQR House,NASDAQ,opend_us,True,
YHGJ,运鸿CTI,NASDAQ,opend_us,True,
YHNA,YHN ACQUISITION I LIMITED,NASDAQ,opend_us,True,
YHNAR,YHN ACQUISITION I LIMITED COM NPV (SUBS RTS 15/08/2029),NASDAQ,opend_us,True,
YHNAU,YHN ACQUISITION I LIMITED UNIT 1 COM & 1 RT RP 1/10 ORD 15/08/2029,NASDAQ,opend_us,True,
YI,1药网,NASDAQ,opend_us,True,
YIBO,星图国际,NASDAQ,opend_us,True,
YJ,云集,NASDAQ,opend_us,True,
YMAT,J-Star Holding,NASDAQ,opend_us,True,
YMM,满帮,NYSE,opend_us,True,
YMT,一亩田,NASDAQ,opend_us,True,
YOOV,Concorde International GroupTD,NASDAQ,opend_us,True,
YORW,The York Water,NASDAQ,opend_us,True,
YOU,Clear Secure,NYSE,opend_us,True,
YOUL,优蓝国际,NASDAQ,opend_us,True,
YPF,阿根廷YPF,NYSE,opend_us,True,
YQ,一起教育科技,NASDAQ,opend_us,True,
YRD,宜人智科,NYSE,opend_us,True,
YSG,逸仙电商,NYSE,opend_us,True,
YSS,York Space Systems,NYSE,opend_us,True,
YSWY,Yesway,NASDAQ,opend_us,True,
YSXT,益盛鑫科技,NASDAQ,opend_us,True,
YTRA,Yatra Online,NASDAQ,opend_us,True,
YUM,Yum! Brands,NYSE,opend_us,True,
YUMC,百胜中国,NYSE,opend_us,True,
YXT,云学堂,NASDAQ,opend_us,True,
YYAI,AiRWA,NASDAQ,opend_us,True,
YYGH,YY Group,NASDAQ,opend_us,True,
Z,Zillow-C,NASDAQ,opend_us,True,
ZBAO,致保科技,NASDAQ,opend_us,True,
ZBH,齐默巴奥米特控股,NYSE,opend_us,True,
ZBIO,Zenas BioPharma,NASDAQ,opend_us,True,
ZBRA,斑马技术,NASDAQ,opend_us,True,
ZCMD,众巢医学,NASDAQ,opend_us,True,
ZD,Ziff Davis,NASDAQ,opend_us,True,
ZDAI,直订科技,NASDAQ,opend_us,True,
ZDGE,Zedge,AMEX,opend_us,True,
ZENA,ZenaTech,NASDAQ,opend_us,True,
ZEO,Zeo Energy,NASDAQ,opend_us,True,
ZEPP,华米科技,NYSE,opend_us,True,
ZETA,Zeta Global,NYSE,opend_us,True,
ZG,Zillow-A,NASDAQ,opend_us,True,
ZGN,Ermenegildo Zegna NV,NYSE,opend_us,True,
ZH,知乎,NYSE,opend_us,True,
ZHZ,宁波郑和贸易,NASDAQ,opend_us,True,
ZIM,以星航运,NYSE,opend_us,True,
ZION,齐昂银行,NASDAQ,opend_us,True,
ZIONL,ZIONS BANCORPORATION N A. 6.95%FIXED TO FLTG SUBORD NTS 15/09/2028,NASDAQ,opend_us,True,
ZIONN,ZIONS BANCORPORATION N A. DEP REP 1/40 PERP PFD SER H USD25,NASDAQ,opend_us,True,
ZIONO,ZIONS BANCORPORATION N A. DEP REP 1/40 PRF SER G USD25.00,NASDAQ,opend_us,True,
ZIONP,ZIONS BANCORPORATION N A. DEP SHS REP 1/40 INT PRF SHS SER A USD25,NASDAQ,opend_us,True,
ZIP,ZipRecruiter,NYSE,opend_us,True,
ZJK,中金科工业,NASDAQ,opend_us,True,
ZJYL,中进医疗,NASDAQ,opend_us,True,
ZKH,震坤行,NYSE,opend_us,True,
ZKIN,正康国际,NASDAQ,opend_us,True,
ZKP,Lafayette Digital Acquisition Corp. I,NASDAQ,opend_us,True,
ZKPU,LAFAYETTE DIGITAL ACQUISITION I UNIT (1 CL A & 1/4 WT)23/12/2030,NASDAQ,opend_us,True,
ZLAB,再鼎医药,NASDAQ,opend_us,True,
ZM,Zoom通讯,NASDAQ,opend_us,True,
ZNB,Zeta Network,NASDAQ,opend_us,True,
ZNTL,Zentalis Pharmaceuticals,NASDAQ,opend_us,True,
ZONE,CleanCore Solutions,AMEX,opend_us,True,
ZOOZ,Zooz Power,NASDAQ,opend_us,True,
ZRSP,ZEROSPO,NASDAQ,opend_us,True,
ZS,Zscaler,NASDAQ,opend_us,True,
ZSQR,Z Squared,NASDAQ,opend_us,True,
ZSTK,ZeroStack,NASDAQ,opend_us,True,
ZTEK,Zentek,NASDAQ,opend_us,True,
ZTG,道元集团,NASDAQ,opend_us,True,
ZTO,中通快递,NYSE,opend_us,True,
ZTOPU,Zi TopRun Acquisition Corp.,NASDAQ,opend_us,True,
ZTS,Zoetis,NYSE,opend_us,True,
ZUMZ,Zumiez,NASDAQ,opend_us,True,
ZURA,Zura Bio,NASDAQ,opend_us,True,
ZVIA,Zevia,NYSE,opend_us,True,
ZVRA,Zevra Therapeutics,NASDAQ,opend_us,True,
ZWS,Zurn Elkay Water Solutions,NYSE,opend_us,True,
ZYB,中元生物科技,NASDAQ,opend_us,True,
ZYBT,正业生物,NASDAQ,opend_us,True,
ZYME,Zymeworks,NASDAQ,opend_us,True,
